0.8959951931812791,0.8086477310955777,0.40618166081612483,0.531148445717804,-0.9292758502685194,0.9621120850855571,0.8998155655896689,0.1962952574981658,0.22486530139093963,-0.8388130234551634,0.10285050390320238,0.8932013530949439,-0.4589831870298122,-0.91651804590134,-0.9287998304278149,0.015208530802205633,0.30067393705632806,-0.1369688737751158,-0.3931632968553629,0.6996670048899918,0.942931297835039,-0.9571134756319741,-0.8892869051344126,0.5472264853391431,0.6227263390447837,0.06837172222344412,0.7205889430550989,0.3638824326335648,0.47584714022420127,0.10499192002673952,-0.8957191648017648,0.5313630309287876,0.3908810634201376,-0.14056270269546234,-0.1463328369029624,-0.7244591397705198,-0.12409429076325074,0.7942934575029192,0.9650691137246978,-0.26458265853242446,-0.6127087422739621,-0.12695033970372993,-0.8841549867664247,-0.5359331504703939,0.17723494783117832,-0.5457482276400107,0.4949513785923876,0.7766706765850637,0.5863616844448085,0.13609722324877538,0.9818774730230435,-0.970202880006197,0.4396536983538031,0.6252437838447638,-0.8467766485116692,-0.7465682113385814,-0.6388130443901423,-0.9125611437242347,-0.3006650715706347,0.310417903817068,-0.5115113109634994,-0.41517455682581317,0.21224769052592873,-0.04259726915385098,-0.7552472851188439,-0.8463923323694189,-0.4996022889260927,0.08729239114911791,-0.010141496281993678,0.4704372557017926,-0.28608337197243916,0.8302017280274652,-0.559425421900424,0.4262677178191976,0.8828539753993396,0.5604168109805261,-0.41463317172272607,0.30728774136611503,0.05368837554720751,-0.4649295014313022,0.39554337473838275,0.006890805130871591,-0.8920049317682468,0.8008507551377095,0.4110033504748858,0.24374356100272676,-0.4404323089354325,-0.592890129803878,-0.7257370227362909,0.951876811996027,-0.5389281465867282,0.48381731738098943,-0.5784607362337701,-0.255220029876966,0.6327594189038881,-0.7160775358100584,0.9558194016680901,0.3966838783067077,0.299816172781467,-0.09247402916781655
-0.7715227302716725,-0.002185019309443259,-0.9324876327768181,-0.4440653385484197,-0.2316466823158736,0.6543577010198902,-0.8310134103935951,-0.4418150357220436,0.21949545121097946,-0.009285002665989639,0.7255456206588176,-0.23067350023955502,-0.9111688997678691,-0.5885397586326753,-0.6311464062344181,-0.13783007066708897,-0.8954806974470251,-0.38970385445198286,0.0830983335226223,-0.3043909231241959,-0.9480157954982817,0.21747858456489544,0.7863387217554194,0.8453973655128115,0.8148991653700579,0.6204873733716958,0.18191725338316167,0.5145044330856969,-0.31811123004874187,0.658478910051741,-0.13184797963884054,-0.14490162160079678,0.45845226837048636,0.4708289765179263,-0.8857628135771052,-0.7815795905397214,-0.22377887439022093,0.44259405035484867,0.355939049831308,0.7170281855894796,0.8759521474653686,-0.07299492621667669,0.145205106127563,0.13660610868055145,0.037825722397874406,-0.6749022608949988,-0.2374179293612768,0.491267740616397,0.8493222778771357,-0.7362545742435367,-0.9696331727400405,0.5991778475433398,0.9019344638942601,-0.8289262652575062,-0.5001347695091487,0.08560911261774473,-0.32493529362853435,-0.2107975924222738,0.23109449854895292,-0.27661026613790773,0.3184598870651911,0.5648525752578839,0.6205189939076292,0.21599835175781124,-0.7513871743247635,0.13688215107882717,-0.35802121704817136,-0.47096491087089976,-0.6424312078385253,-0.07455146286984271,-0.12018144117488427,-0.06712099854642517,0.9317709857035226,-0.03958418015028409,0.6886506610603393,-0.5643150000481176,-0.8828303280536784,0.8776685160330964,-0.4471086577021439,0.220657043925641,-0.3719469315812993,-0.8719130241805388,-0.6403921804129042,0.5319536594560101,-0.44771131486384874,0.7381107433874745,-0.7455550398317141,0.2606763567700283,-0.7061964292639618,0.2358986088034234,-0.9008406515021257,-0.7711068741291638,-0.9229964437446672,0.36888276795624453,0.7211405551479588,0.15978143091998143,-0.9160888261585278,0.43471539360213907,-0.8783742643638881,0.4290991275306215
-0.48189049996014943,-0.48510985052409517,0.35677563913063537,0.7149806149215596,-0.2933299162918128,0.43663859434028063,0.20115767769063786,-0.30054069892818513,-0.845041714505286,-0.11237463186409236,0.022071034870299933,-0.5260425775640918,-0.3484219078665094,-0.2572812761494838,0.6453858864458837,-0.16806065929840264,0.2837740544449585,0.7517062765819489,-0.7138410355941267,-0.3469189165984581,0.5763289237065157,-0.33002842999847504,-0.18372489664864222,0.30395642481320495,-0.05862993087650037,0.9470024003693913,0.24383273767169422,-0.6793743615105463,-0.9107788459826616,0.860617028922785,0.8237453191165243,-0.9489294274712787,0.21807629185139588,0.6160684274599815,0.02159228497397847,0.5617475024170191,0.016364541403459665,0.1629729973202978,-0.3118945071110155,-0.5702625605636882,0.6614535388750769,-0.9348009428820114,0.4525195233534973,-0.23782067354601888,0.9956417031468761,-0.8431100553992488,-0.8453771180119343,0.8710357396650228,-0.5508379851966743,0.006991773811175772,0.14887849435693568,0.09646606048868955,-0.16383976431239589,0.46609132172528445,0.6951901596558034,0.05551279780574947,-0.8971369921102821,-0.0553416809559204,0.04889614165329914,-0.11796517197878131,-0.4616345585134092,0.6720178809053261,-0.41386938227609527,-0.5119420092003868,-0.5138533145337412,0.5352868285398893,-0.27607008470757766,-0.08835765250300809,0.49637655872697906,-0.7691661612231564,-0.5179070466010649,0.4655966603399595,0.7604535581160456,-0.2762376803205897,-0.2960307812622618,0.011286885685380721,0.8292710239037422,0.3066598547124044,0.21043716714307403,-0.10206395706081195,-0.16229954019541593,0.1386845086190267,0.6535678354910757,-0.7494374822718362,0.07523179419255133,0.5528965429852266,-0.18476512023649927,0.16951067247841722,-0.7237196921475879,-0.47944209283804984,-0.42622962085050653,-0.3723113221233485,-0.8369880853816452,-0.15795481942555423,0.9664955012261653,0.1520235016077791,0.26525953235389643,0.5452899515346319,0.7997449365245655,0.7528113939474395
-0.9689754967872659,-0.7584223088826896,-0.47324775508776984,0.10915755795511406,0.8602503310123124,0.4857079848795438,-0.7472040970704139,-0.9318486625871278,-0.13716027104956718,0.3800931299766246,0.9798669676931904,-0.7352444899842578,0.7337599773602139,0.8372460065501053,0.8085207853072685,-0.2912644575915786,-0.1953649864058391,0.11388156177751574,0.4239670230953676,-0.7619407126783091,0.7948526415931518,0.7967077841854167,0.1829560042732572,0.23325918775456822,0.9882682073441085,-0.9095246035791555,0.477496846329029,-0.2900847353053235,-0.10220931603499928,-0.18225054992985745,-0.1004925706878681,0.6696093445374092,-0.4214177167764297,-0.045787905154918374,-0.730788920321418,-0.6330984424992285,0.531911426627012,0.832683694662244,0.8732428924646076,-0.8324210174045505,0.7911983431545457,0.18710657347810677,-0.2602521825744646,0.2988095202077501,-0.24125083803479574,-0.12282591794845077,0.017334382571774443,0.17616175531297285,0.8895361985714185,-0.806202795620806,-0.4053029344485184,-0.31776557790803994,0.1282626765620356,0.7946032512961869,0.1596564130220992,0.6881308544880682,-0.14662093989167824,-0.35439985418218756,-0.36284339789598863,-0.6431683755887498,-0.7136068784902332,0.6279743603624799,0.4692514968273662,0.9784107466188801,-0.57863862170968,0.03826994118476246,0.15027564584588604,0.2309549944753555,-0.8010669298865556,-0.4304180865646521,-0.7628978447937496,-0.45230299999362655,-0.1221665110642709,0.7706983263689393,-0.42304235787384403,0.8353861310992987,0.9776111484493342,0.5069376097041285,0.8490317051362184,0.3328672241960273,-0.717993749738097,-0.5863137758945907,0.6775799916490639,0.5097294772990408,-0.9452997505904506,0.805082604881302,0.9197134061253731,0.0796594997929918,0.5979840039481619,-0.9866697864477949,0.6650089893102378,-0.9484453891286171,-0.5937181222165002,0.8836119167190755,0.14233032504472964,0.4641788370136122,0.04178779015211309,0.6620756306327786,-0.41011683765060925,-0.780770246442394
0.41264439998840774,0.6894882488241878,-0.1111898736822643,-0.13546810309208124,-0.47388693560862816,0.7290055027129951,0.9861545008190451,0.46326748533123085,-0.7670747195416754,-0.29255767459212123,-0.841865841384567,0.5866405102974439,0.45472318044826876,-0.3457685685645464,0.014120345344203145,-0.44778394023382595,0.26124788426640233,0.02568822610499666,0.5540911417318657,0.4136196030369039,-0.37038014989685264,0.8494599616282708,-0.13324475138725655,0.8647360012695742,0.5883947986557603,-0.36494560256006325,0.6828620815004449,0.3222608542089913,0.7551470641207814,-0.9287276275577763,0.2689943109048165,-0.9840588234973888,-0.7262506546624994,-0.24758188617058385,0.8863247367770901,0.34669526212928137,-0.4694279064220874,-0.6971337872071988,0.627737703727258,0.4671213700879573,-0.43480065268588186,-0.6028540635887873,0.7517278952704622,0.9016655164406631,0.7143135923636494,0.4988919528452913,-0.9936045790565196,-0.8654774652318487,0.11547432260538915,-0.5829060567916855,-0.6437699490962516,-0.16368130314377471,-0.47385237197014374,-0.23941954030057233,0.16779791168445013,0.27542925400590557,-0.03153387411741715,0.3138819330086591,-0.6398713308887236,-0.39979885755938516,-0.5362133253359933,-0.4157681663635999,-0.029880099144250716,0.5934923534099383,-0.215579888256757,-0.2857442566243811,-0.03808189488325686,-0.8069335338632684,-0.7752651577752987,0.7617903783443329,0.5099222028842063,-0.42545729250320763,0.9387242860670821,-0.34920590747302405,0.32483637966014856,-0.7683616403312321,-0.07052813535458569,-0.36218809097092075,-0.7729274131718491,0.3939371615363554,0.40963760209169764,0.5473635626162803,-0.0325225317460176,0.6094426194430771,-0.021651244147736115,-0.17599416245189414,-0.5302799190735439,-0.41813952821606604,0.014974805937799207,0.7796212263552598,0.5656557889134559,-0.8783934777638718,0.5435973155974152,-0.4767894942315065,-0.364763283562227,-0.21724321232690613,-0.11609690747858181,-0.202640976597378,0.8247374602352584,-0.4633655326738151
0.4563736948214201,-0.3203168863614472,0.6370491690282305,-0.382978700881655,-0.18037691382601806,0.14501139336261115,-0.6669297138450578,-0.5875983569092751,0.25057301089637884,0.8957555885353048,0.22660794274138496,-0.34063164697266624,0.2099224111403124,-0.9601601667660691,0.4444574418830527,0.6048257556436676,-0.8194945785338652,0.40946104129088035,0.8244571291312668,0.5336841011943361,0.10578838085330688,0.3098631657543063,0.03729799703454062,-0.2758044967729947,-0.6031203719196128,-0.6860141778268063,0.07139762335309796,0.7194456714066937,-0.5413310633571822,0.6025707894772911,0.8213075604122868,-0.3369957743079175,-0.568769804344309,0.46666869891738494,0.8800275923854244,-0.927850055016846,-0.9599432534706325,0.8807103861355092,-0.794958539284776,-0.20412518394971713,-0.030200108255667102,-0.6861089872853501,-0.3970671292507,-0.5399895216292814,0.5448232693682615,-0.5053825224373041,-0.45508350804574205,-0.7527143387050057,0.5681072231807818,0.3105519175641378,-0.7376136210814732,0.4810514729711657,-0.4600026777091073,-0.8301667410652775,-0.8522195144815794,0.4442257389946167,0.5247719844078842,-0.1692399528599653,-0.9705164321861868,0.6605030378952317,0.2097437220659042,-0.6963048861092827,0.4717467961936561,0.5852400122750385,-0.6114318395931764,0.21138316183243777,-0.37562059186739094,-0.35254653654765034,0.024711262337615336,-0.9531360968626443,-0.4519005200429911,-0.5946666136431811,-0.47146008954551255,0.3121014174252923,-0.0571992937239898,-0.4175226922402595,-0.813875209953592,0.9337726593960927,0.12199251768824304,-0.03330096178616615,0.8153315142226139,0.0664078072695955,-0.5107719245194147,-0.9655749351806351,-0.005930219180025897,-0.2127096362194809,-0.2545246666267458,0.09316283039120932,-0.7833914093334922,-0.5518782797771771,0.9503811899556498,-0.20530276341429676,-0.5357689045803953,-0.2603567469595922,0.12630653543693482,0.2856371300013336,-0.3351290502582305,0.6193615739034686,0.9516348553245446,-0.8092219298946051
-0.6614885746288031,0.729655428858001,-0.020377075770355413,-0.500061883272398,-0.7173388689280291,0.23297694084153164,-0.05297068471602118,0.44606482743695386,0.13327841103943583,-0.5351404836932876,0.5348169579121134,-0.495952302040777,-0.3770900854392183,-0.3242630387198415,-0.6987760508580549,-0.35711403654519325,0.13062472043529283,-0.186931433209361,-0.9888564606287347,0.3807946772757793,0.5100758606554492,0.5893915815461708,0.09117747097932494,-0.37396764815635564,0.30401724928229057,-0.35632408467870924,0.4177363437860657,0.028862231296408636,0.7173058202815799,0.9855107178251343,-0.8371313822086097,-0.7899122472747859,0.39851112779236497,-0.2486278991806139,0.513773411715396,-0.6758137714871912,0.49629752518948433,-0.6676060527955352,-0.1247974802591032,0.9438325481662837,-0.9218761043920691,-0.15163555003427676,-0.6585558261548743,0.6063072610585256,-0.02561324626407946,0.49798686614953036,0.09417009976725788,-0.2011886833718639,-0.4064979535701383,-0.1290411949791863,-0.41155268669213374,0.8439404350552884,0.3533663194046561,0.044960205590518276,0.23020097448744004,-0.2567363744406346,0.3004414314917574,-0.7169648067623857,0.04650248117780498,-0.5910763173876148,0.22799964177601573,0.4289496000297859,0.038759568400945854,-0.4975212742073829,-0.07423966809187643,0.8724049975004369,0.854159187477294,0.44026051456014104,0.7047923494553812,-0.7293215071523458,0.04875690810503697,0.6588160317222835,-0.9803576273070571,-0.16739411385020952,-0.6993018467650796,-0.865903973679091,0.9539522678494814,-0.3763189807315972,-0.6246511459459718,0.3880903436816907,0.0754629888921019,-0.3379297391367768,-0.8777844216678625,-0.06261179455437582,-0.6870939572636485,-0.29909441416943783,0.11831217830394469,-0.5479409792280578,0.25764350614144615,0.8557589976883033,-0.45083877020794794,0.6415088610576198,0.736186316999281,0.16893677010123587,-0.38849935878403796,0.24900187204761548,-0.193463281775893,-0.490501231534596,0.0820339864730737,0.31873514060062336
-0.8450477481985224,-0.6951563939008671,0.46131615663232606,-0.44002893301359935,-0.47412476593763,-0.7953557502224433,0.5937689620601803,0.17463412351653163,0.5321086851201431,-0.3396796200326726,0.5439573653548988,0.18433994955979593,-0.44552499105544574,0.6145991643855797,0.742673167823064,0.3369938270632884,-0.053186324100096494,-0.6638012229998294,0.5667298321698759,0.9781744512385644,-0.8173234622247949,0.6067076566058947,-0.7070166894296805,-0.6703632254084351,0.7492281794584821,-0.3533242482276646,0.7919066841876814,-0.8956216255281133,0.02341052602580751,-0.1206219579964023,0.3296844582511347,-0.34582127179863575,0.0007502102852974257,-0.7654070073250996,0.12029027034709827,-0.24538089671850782,-0.22894028266899902,-0.05104399688554362,-0.37647633494959143,0.043971409156499996,0.061371014687413794,0.7665712178555277,0.6843824418470168,0.9107202465253517,0.8909798656965773,0.6672098678013199,0.4226953557563422,0.6797522073573357,0.12097173097203395,-0.019812990798059982,0.5779301114460682,0.3707351702487438,0.11581016927603072,-0.12917325419050285,-0.303639021843487,-0.9494088908115264,-0.26862564898472563,-0.06784823878489776,0.3400781951247387,0.4569830063593079,-0.5724400786016257,0.11958804542265566,0.9958002257437435,0.8788142977801563,-0.23508516886523578,-0.6419887999714549,0.4952569901263477,-0.9786551565552342,-0.11583886502696017,0.05200518958104561,-0.9887709232242643,-0.37921860324663603,-0.8117830319547541,-0.262265147033228,-0.49247934665093807,0.8431279065161124,0.21354882825952504,-0.9329436175939723,-0.45009716389068877,-0.042530262495666715,-0.9121652246156657,0.39099815047181363,-0.4939240921411838,0.25054082359711805,0.9422813888219135,0.646651417470373,0.7263706433479413,0.8551496784509611,0.9944631547860243,0.26448016545892816,-0.019399029407337842,-0.05310316756463074,0.7498736627034617,0.5011726997135182,0.6148613706810366,-0.9236128126154266,-0.942326059744947,0.7885302709536322,-0.693616498922712,0.4723923381702253
0.7418264426431522,-0.7367035883244184,-0.16085483381056154,0.6916062700663024,-0.887904011556834,0.274956311443312,-0.8753490550184764,-0.8050490787939684,0.08816697116908667,0.9668068565812091,-0.6116352430715379,0.2280075808980111,-0.9666510919829461,0.6745470564364033,0.6964600518296133,-0.36703942868506223,0.4186179067077269,0.8114494977335671,0.1736949789842297,0.8886019493081654,0.03268089911596772,0.8810903230979343,-0.19365383064182518,0.6754333476382859,0.3392823496681958,-0.8700901986220491,0.650095086713032,0.003051387481599166,0.45791413287275917,-0.8320625994714317,-0.11320225828128416,-0.44894908951924717,-0.6026331977737442,0.010931661862902509,-0.6540635729536459,0.49365685644930624,0.6757193944020559,-0.9935512347345872,-0.45247372149587606,-0.29863044444151865,-0.317095019426163,0.13634653145232223,0.3925843698694591,0.13237857714701962,-0.0739892559027382,-0.7674766195116776,-0.8188765617832399,0.4591007543566472,-0.628682221211474,0.18229706029035042,0.9315311911718154,0.5334451372822497,0.5774733574753805,-0.5649482959815024,-0.2509408822603658,-0.8374501336038354,0.4485535315161544,-0.5065357639225974,0.6746166449917941,0.28463478300955014,0.8029583970395611,-0.6178278811662135,0.5116650870160828,-0.7345303697811505,-0.8933293911917441,0.4118279261451445,-0.6439919281160327,-0.7191478525841244,-0.3689180401864236,-0.5480792397964707,-0.6235094178795901,0.7671371579054689,-0.6457758250940113,-0.4101353100038456,0.3951163208424795,-0.4709097133217446,-0.020228678656323273,0.1573923284353791,-0.30228160660906833,0.2836518216586519,-0.10065371052175665,0.2620528144693355,0.6634608830582296,-0.9265378125061823,0.6694483844224062,-0.2286386168643204,0.07589756799804115,-0.5786744059062656,0.40437493374725264,-0.30615693858254,0.6218166452946923,0.592542801628843,-0.5851060846122926,0.3993076528383859,0.00753050374405384,0.6597153655161228,0.5885900597117857,-0.8184849990416698,0.5468179912972746,-0.48357230099655824
-0.06462360529831179,-0.9371038984966371,-0.7694036287511914,0.31666436241736506,-0.6271489787815538,-0.7203694363348654,0.17364152257130971,-0.2554345046912221,-0.2441796860351444,0.1767815634798242,-0.9323004287127847,0.4025765673013473,0.258944159133496,0.7386582031998643,-0.984203395862125,-0.15718447453534723,-0.33057504390669123,0.2957626268711666,-0.7995846243633105,0.8262976461351592,-0.3874487405606264,-0.06631753523978445,-0.6276785470240538,-0.9565000617651835,0.6184426637979197,-0.08710864791907746,0.1519304021373158,-0.13006304605372465,-0.20133303890269905,0.6681928223906266,-0.4948504608367019,-0.25357044337776435,-0.3242434787369135,0.3571116835050747,-0.39965340435312746,0.9415313441900839,0.7548654263362742,0.5263459821753864,0.8017310489250185,0.013921515760649816,-0.15802803000965393,0.5481448958718922,0.9079638805611132,-0.19849974523371383,-0.9428896581526702,0.02440870056129585,0.84470719546948,0.7731904923446646,0.9304712220673486,0.8856926638496734,-0.6030757136420328,0.9448555047510305,0.5037001839212953,-0.7402183463661907,-0.33370577113972,0.9198265977770104,0.940650255835036,-0.3814529211392488,0.5316462239840767,0.6029792479589946,-0.08257296091327282,-0.6693158379109543,-0.9983135810701758,-0.7050179809271317,0.7659094806323712,-0.39743533272256326,-0.8392494591386073,-0.5276328346466692,-0.5933560365952719,-0.8196662109474184,-0.5105349547544431,0.3694271528027686,0.6913367923439817,-0.2514843790986423,-0.04531182111308274,-0.31057627350220884,-0.058398611101075026,0.3735728769607438,0.3975594969465117,0.8256660919235042,0.33687370086150725,0.6626939842624064,0.4124482012203634,0.5261123466037174,-0.8083502741519524,-0.7429952126986281,0.5260885944256544,-0.7329474627989001,0.5465208787785742,0.7960425806521563,0.6395821522884011,0.4607442151409953,-0.1508151203850081,-0.21229927936024717,-0.8566864081193928,-0.02338134244268142,0.4808582361076126,0.1728579107954542,-0.5566119121672493,0.21704466906428377
0.5356878524297115,-0.2617348676580127,-0.3202980980060113,0.6464762836931874,0.2211330473299351,0.5033689200607054,0.8291720014403705,0.29115453705301086,-0.7238401994116652,-0.6240589016042961,-0.5775353118488504,-0.12919874350949612,-0.32082668864627895,0.308089869914586,-0.14857736005265165,-0.43007175160807276,-0.22636896855722477,0.6425500285722621,-0.9303466787782388,0.9170254909249702,-0.15652622015002438,-0.6729142457512598,0.36467955287320253,0.6684649900560162,-0.07015459528224266,-0.8347190566914251,0.3721312393646039,-0.7971898070593388,0.7249329597424499,0.6071005136805119,-0.9755510216819678,-0.36194844352097055,0.14936441938535006,-0.23201942911299112,-0.0906158683957361,-0.027721231373887933,0.9198421041696507,-0.19659321870718816,0.5427193202750575,-0.39409097395865333,-0.48270190146468583,0.2682343589657308,0.20727209459431584,0.6048367903860041,-0.09946011748818195,-0.2543493690937233,-0.05290542972052892,-0.32987298303591617,0.07004833179369929,-0.2702764256049375,0.5709894475167923,0.961469015837686,0.06342325746433097,-0.23305635347494058,0.34943781912340377,-0.6992255597270023,-0.3257686205476342,0.8683541522557245,0.18030603614205942,-0.6047739011809785,0.6256702186840788,0.45525753307648276,-0.09002127595412679,-0.902912803519321,-0.4365720891975695,-0.7568971087351932,-0.02075717657430909,-0.265791758148767,0.7783318698306116,0.37277527703786517,-0.4953463908180218,-0.3250765103847344,-0.4077110921318272,0.6383386853863349,0.085496995854907,-0.6425436393433857,-0.2862292764028873,-0.9649620138590016,-0.3507348999726274,0.2719653999152045,0.19155781137471317,-0.28551103574180137,-0.9267752985467237,0.4773606120975995,-0.502746564518904,-0.8319062808903277,-0.8108548503211943,0.4535748086071656,0.26584004601017064,-0.13779890697126573,-0.45060753307661017,0.943705550700886,0.377983922023194,-0.5117985916320216,0.6511428192791413,0.6698358048836337,0.46537555486687476,0.047117495075885474,-0.08316086172102422,-0.8469277124615242
-0.2544093424337004,-0.706499105552532,0.9536866653533309,0.27562896627897726,0.764073775725405,-0.2361740095521172,0.9605329740851978,-0.8424702683423053,0.8548811023941794,0.4985339984593684,-0.1549401819595757,-0.9552330496321568,0.9007177613193844,-0.4862839919091173,0.30579086754746587,0.7658507239711771,0.6737066345266496,-0.13312943331658778,-0.7671491385453226,-0.6167127255962026,-0.4780485034746169,-0.393597161537685,0.028079145240152092,0.7084872989911357,-0.5124951944610905,0.5979081995611073,-0.2515272263685464,-0.05416319943652659,0.521438091031883,-0.12610873170514791,0.4937395854124915,0.5566179482000093,-0.44629237798507404,0.34287928112957133,0.20924513636038644,0.8194928196260394,0.35641649789977814,-0.45464119307620754,-0.18563441623544197,-0.9625621023468589,-0.17135032032113107,-0.7404661137645148,-0.46589344050822823,0.19815890178469142,0.9517952447363236,-0.3636812106199907,-0.5573526289340143,-0.9638541533200666,-0.3507823315105183,-0.8725550828667541,-0.42433737623447243,0.4240672083097121,0.6539499530292174,0.1758283290380951,0.26954532556579647,-0.3424959698102188,-0.2219209749161768,0.859745391572373,-0.9748655506528807,-0.3188080442004979,-0.3072673704828517,-0.11123387289377118,-0.07610489645069873,0.4851423129286563,-0.5787252108418888,0.3954507286848634,0.3459719030568189,-0.48861480648907696,-0.9354669800296651,0.7045833553569507,0.9354472172052937,0.26276812682358197,0.1226514724634169,-0.3094016152159573,-0.5848975964186953,0.9697372098206243,-0.2616170897478949,-0.416353914873935,-0.3693238280490163,0.3490027407911436,-0.9408708638563679,0.24972539521659742,-0.6665313895901273,-0.29674724392753205,-0.13693841672848195,0.991651680543127,-0.953183311948353,0.9467141372544716,0.1128789744384886,-0.018486246620413205,-0.530562872062857,0.8423525622128354,-0.7366052213545318,0.21424348576097318,0.6993363816066682,-0.8060403556264983,-0.5633892385467119,0.9842618124281282,0.14149003162009977,-0.6427551230059074
-0.6817649637628402,0.5550493595657155,0.46892142264390735,-0.1977669812728413,-0.18296762776338138,0.5025618406795351,-0.16364000885994878,0.19849707601785238,-0.3611930046901157,-0.2736506368178777,-0.7887224456036901,0.7695157332248073,0.9204788004327205,0.5235062634380527,-0.36444980647706005,0.07125409740967137,-0.21565326712877741,0.7181131750936205,-0.010333571481284887,-0.07217211594755324,0.6522768724642742,-0.10108814899671392,0.8478211145600958,-0.6447467446319111,-0.4231843798855339,0.06533141180673674,-0.33189030344881276,-0.07195702707483465,-0.6554586636520658,0.8145617708313924,-0.23329315215114033,0.30620848265439116,0.9484947833160993,-0.17941239194758318,0.2728337500846534,0.23775193429280228,-0.7228559164746693,0.23984058951379716,0.9978197676018745,0.1991363401798114,0.46429598940574013,0.890978038651252,-0.34995937928836796,-0.5001184915533832,0.13861229457698943,-0.05617291205580455,-0.8180671192430544,-0.259408175606735,0.4859307497939851,0.7670249609631279,0.3082320897182729,0.10411471890412938,0.7268765448485548,0.700618027347427,-0.6772414526675807,-0.26187135691851227,0.749300394048025,-0.6495780129407513,0.8742817746518927,0.8427713692156269,-0.35455159645304013,-0.41403616868238435,0.7888913159204982,-0.585985458230939,-0.07764082462798183,-0.5099060582567589,0.20649797385414215,0.9794266557974165,0.5935071137082262,0.9456105748028489,0.00042987825541573876,-0.7776854067491448,0.20801359173469902,-0.3374815304266594,0.8403116302025113,-0.6814668291082464,-0.07557553467085576,0.9249480526125768,-0.9862333722619925,-0.9353548633750739,0.3537447513095542,0.7341254281963037,0.991069100353259,0.7243379411893425,-0.8592687728547643,-0.16582077804841377,-0.47994150395159374,0.43195315506073007,-0.7580360514552169,0.5531930566873686,0.2941786794246555,0.0683416234666736,-0.9525597477179599,-0.03838487226137777,0.45206350177207977,-0.4140738574912788,-0.2032065268113057,0.6446315158180971,0.5375230318293938,-0.2732534647072937
0.4332492489723845,0.02311939938766039,0.2992596095807225,-0.1428229244437289,-0.7518863066491037,-0.7080325209040883,-0.4750018006870089,0.6504571822257634,0.5071557133140943,-0.7764325332344442,-0.6620930676689074,-0.1742138913789839,-0.32033075180724135,0.8259491807679633,0.5911061984686703,-0.5798300316258118,-0.805748591869687,0.2840711428778775,-0.8518608889245687,0.7983906225723456,-0.016846138946675193,-0.5105431116077219,-0.4800008931391999,-0.4094158606351299,-0.1106558690866648,0.5747478969451212,0.3991233446884417,0.13646237962393415,0.18885625952101703,0.5226454755666998,-0.7039520513746249,-0.4231391396233368,-0.557956920859656,-0.25829776281804695,-0.274551529976679,-0.4175634040435743,0.8895838218307,-0.6833951090627921,0.2677891597858273,-0.049430315001624425,-0.12027529368879342,-0.41024076708493706,0.4874663323938644,0.39016503287185844,-0.7069477199398069,-0.4153342417009529,-0.2315466514631248,0.2735246602880661,-0.9439905904096493,-0.5766759129877335,-0.39408686536009085,0.16846954840521078,-0.48115765505788044,0.4422787354676656,0.49091447696436274,0.9922350424053961,-0.18831073527076359,0.2369199827314019,-0.6591797475158676,-0.3115729146621895,-0.688246286107072,0.7052209451957834,-0.37140753085408496,-0.2512748334112953,0.7308173764658317,-0.029508432025067588,-0.6617582459631226,0.0504737419195842,-0.6492252873778579,0.7942672130446489,-0.9715348084457993,0.8938965062015145,-0.3152660097952906,-0.3813834308619908,-0.5513800211237592,-0.4433689026737031,0.5560287196749718,0.5785484927831801,0.2999933242342203,-0.2869970724166895,-0.08135657654094719,0.8254050111567464,0.8126040549904223,0.6799542717077818,0.691491869373567,0.5661748765064092,0.048236666591982,-0.5432573595437726,-0.5949400311177921,0.32848817158997834,-0.20301755329367488,-0.8023199595208725,-0.3409698380914852,-0.8656045456011063,0.10656896176421893,0.06950774560281059,0.4825157752294702,0.7452312272704733,0.9408744394468933,-0.8880504005159013
0.13340432231051902,-0.5040561073319281,-0.48785585467115267,0.4788715568584896,0.37939807677765836,0.3016144314039142,-0.5098258967944991,0.3792749005165743,-0.0878678980852563,-0.9195344153139371,0.21827541687731933,0.1039513092857085,-0.817281607641124,-0.6199716667333657,0.6613847601036256,-0.8726621284165836,0.8062671740732927,0.045115400891912794,-0.8782697736064786,-0.5448275023111613,0.17135478201032406,0.16254087503675074,-0.07145741435482766,0.07386728944839094,0.562825173900765,-0.36228332236385175,0.2678114037670871,-0.6071483421579147,-0.7671872162536075,-0.8332275826329618,-0.6052075162548438,0.0847376672830562,-0.5700121134773826,-0.02553866356669432,0.1386585386038195,0.16342709108823006,0.7222782061247355,-0.7769521963599109,0.7730349666273864,0.5547917282972834,-0.6104024709919462,0.6115317290266238,0.22882656388793943,-0.08749112498406042,-0.9990097544826899,0.5091205001945625,0.20270829306160199,-0.014789720905897141,-0.6469362478160949,0.014585964132542095,0.02840047007435098,0.9028713948321287,-0.4007254650563017,0.7345219333796207,-0.5019559958406943,-0.44942330304022815,0.12252863501105127,-0.3823919650029881,-0.11991239918067986,0.9544579946489962,0.8913940367427509,-0.02483911802593952,-0.36158490339864513,0.9487087802521574,-0.0589873418839586,-0.6737382534325844,-0.8688810503417581,-0.13597016523813932,-0.39071804144132183,0.8505906740133446,-0.11360333349657492,0.2757659507834751,0.07718018923040737,-0.634688657617636,0.5575835870014383,0.5257052962750612,-0.5735671027421902,0.0035593406168195063,-0.35996827831237743,0.06079903948121723,-0.7941657649763478,-0.3998771618671493,0.21905337587433937,0.14201685297321132,-0.6908047001992847,-0.6872245491757385,0.5327947645819184,0.5716222550239753,0.704714568822729,0.2202464589862636,-0.6857346843826584,0.9134139644573076,0.9623088162209867,0.306981259513343,0.5774972649948173,0.5595098246107739,-0.4612336273681583,0.8656870910950811,-0.056036652113050645,0.7124750738507364
-0.39276375814093467,-0.7100269450808707,-0.3325556706382389,-0.2921328570063222,0.4904278712771333,-0.1005842490789759,-0.14940417463650713,-0.2129155879811162,-0.1657527237285299,0.5244454881546989,-0.19183778680402908,0.9373599053738679,-0.2927760832638635,0.6107415130724054,0.9499715187682167,0.5340971987576382,-0.9610407528499803,0.4086778194042011,-0.58278191593208,0.4333453961600262,-0.4104062194742004,-0.25304962659360486,-0.35630840916189044,0.5818399396897305,-0.3486297345449305,0.11994452385629639,-0.601095709242305,-0.5700402912861731,0.005886844398128144,0.7128068845564577,-0.7863308478232189,-0.5137243694004723,-0.34903392608688555,-0.04063460318007839,0.4425279586455264,-0.06025648188523425,0.9422663442299979,-0.9080000999386917,0.3188364712903351,0.375601931806381,0.8177746937645771,-0.0259173028193993,-0.43971477468417297,0.21340968588164988,-0.24996207566087225,-0.7971201679689504,0.2792573324246992,-0.4479075590089603,-0.2611023420374936,0.8472121847306986,-0.7779384185099474,-0.731430532323573,0.4996524166165106,-0.3509089652124233,0.5504858155913503,-0.1724452402545409,-0.6964548248954026,-0.6991608501999331,-0.402288741259454,-0.6000113850558344,-0.8239896828195274,-0.5095466624521896,0.14546633581198964,0.5255743214590964,-0.4785617357987997,0.062054959197491266,-0.41716123089834856,-0.9562963822414345,0.5442014302299303,-0.8639921863269013,0.5718014195449845,0.42280537991312506,-0.37207752529978566,0.7068666571561932,0.81020699102734,-0.1083192564953388,0.7691704364838126,-0.6317199420740138,-0.06334720212694589,-0.07839261945778442,-0.3339758038672034,0.35533760445473583,0.40812062113025505,-0.4892844467816222,0.4953005601865239,-0.9537233838398764,-0.761619126167294,-0.17844209928317478,-0.20738403788112403,-0.02728493812535704,-0.9039378340292805,0.056794763509725676,0.8259644059783677,0.024523338280236118,-0.9675974612576577,-0.12558616704263592,-0.9358319646151625,0.008423117892159215,0.596556489572972,0.5802750071705787
-0.01598105903496716,0.14963093897331592,0.2687476883397917,0.46886761599112403,0.1306136115214751,0.948455073807994,0.5611764209320385,0.06352487442231047,0.5971819536909513,0.6925986834091833,-0.8245394889425453,0.844993762201768,0.22006296590229857,0.9858994512392201,0.5038146983546548,0.5342305702560117,-0.13810654256111743,-0.4462701757890708,-0.09742282495862575,0.7610811739318024,0.4778731786043242,0.30088739589496605,-0.8539484265197246,0.29567972682749866,-0.32038056173850493,0.05542793543805047,0.38517233341125556,0.640417053528185,-0.13520565793816774,-0.9570329427500657,0.14947568317970306,-0.9872920867250898,0.6564452855281158,-0.9622566996732667,-0.549540127480264,-0.14570070578910532,-0.4822940996948686,-0.5542200269642998,0.34907662522463245,-0.34676144223862493,-0.08449335912447142,0.33080374002950697,0.5398556563485375,0.14887682982320394,-0.29070937792593954,0.7606234806016752,0.7344862457641375,-0.6947904350035286,0.5459840021771758,-0.5877116574573269,-0.6368265583977626,-0.947551018991738,0.20384293711922652,0.6893966352858034,0.5589264352220824,0.08015250188886514,0.9093211899588536,-0.34507790400749383,-0.36932750152847915,-0.5397922894631768,-0.582385492299476,-0.3941409861551388,-0.15143272294098709,-0.4578441197726304,0.8726045328360537,-0.5655283812829057,-0.2893104698166782,-0.7253756690377358,0.7977592638788615,-0.12071811969414226,0.6683144859673633,-0.2497721161630171,-0.11209507483940162,0.48788475773018747,0.4798255295840552,-0.2391668699798839,-0.10637522580404801,-0.2016435980999809,-0.5887354646476548,-0.23899022355352062,0.6289988327719169,-0.8142963652425441,-0.6498064323260886,0.8265664216623236,0.44903668040776523,-0.7565924948024305,0.513212713742822,-0.7592833498016631,-0.021783147146672066,0.20969681975827137,0.4993651806616419,-0.3662408379446289,-0.6180377124201142,0.9703042073665704,0.5995824263529506,-0.28028304162652873,-0.4894309266100041,-0.7760152824983473,-0.08609250163815241,-0.9854888114328813
0.6068233463170223,-0.19938330409573402,0.7149861469874683,-0.2906378006876642,0.8914635674652713,0.6730692694381712,-0.13170223018615568,0.6956163145900045,-0.39861112491251793,0.999413128215282,-0.8310970567102338,0.2871639104212733,-0.22062757796135823,-0.05727708316072788,0.9026182884608873,-0.4505677412505582,0.2947192325790404,-0.35345813564405604,-0.7185283624020993,-0.502003756502891,0.12915849699488202,-0.7441033941712676,-0.6884833702412194,0.3901404212387307,0.5245756810753168,-0.8776370794146586,0.604760545638585,0.7326901218272628,0.3219043805164781,-0.2565919217831638,-0.17024725938959873,-0.685034611534489,-0.6551600221598526,0.872583173492546,0.9306003771928026,0.4839333416434761,0.6206393490533204,-0.6367706155021786,0.758154823257841,-0.7812168480968955,-0.6752525712552648,-0.004889216958330778,-0.38787036532678765,0.2506249751625078,0.817961705348268,-0.46963731017837573,-0.3578545297909055,0.5665377978359167,-0.3368359054849017,0.7776409010663974,-0.9315544555343565,0.7440563908866167,0.827153867597197,-0.9070010998923344,-0.24592645820226844,0.1970149535316632,0.05040920033663854,-0.6836548432690615,-0.9701230772038341,0.7943773898884605,-0.8157522019761374,0.9763830165017504,-0.7751788203607441,-0.048621260159711355,0.9667375745635753,0.7122808530650049,0.07345440149926885,-0.731189208374684,0.20654219104983085,0.27371047438266305,-0.3771382350289305,-0.06102603823618624,0.805765900863135,-0.7436027776766352,0.31274854451397194,-0.268834546850542,0.22721914452958014,0.43263058508035956,-0.04442030947205877,0.4974378322227202,0.7039369429832627,-0.6074258070314977,-0.561377741176873,-0.740384775318988,0.8845782599239875,-0.5488963177917909,-0.8356220313432032,-0.8104216200520387,-0.19232293542772871,0.7738358470054649,-0.7895435802671493,-0.5475531928141311,-0.6307464878256579,0.31873871834737266,-0.34274848236947575,0.947913489671784,0.3367127268133261,0.03983385141051343,0.15433421712581685,0.7671656797338406
0.5197872355510611,-0.7365858058937786,-0.15595809556885531,0.32240365662010007,0.1587371190847504,0.8692488201074067,-0.9315493740448961,0.8120290607179907,-0.22993997287928725,-0.9039631367594771,-0.6042076948355046,-0.6356550601970892,-0.7140910679902039,-0.9317719215843219,0.5895444339190323,-0.6762295902257622,-0.3549352435512467,0.1441734653827007,-0.03231027934431374,-0.31219646054881434,0.2574258427251255,0.6339789773640001,0.15440296241129703,-0.09579177211673895,-0.570327617925501,0.24262512121803503,0.09175885379110271,-0.7643617429590162,-0.4413896105369852,0.5370221065653995,0.8477712621890059,-0.32549081747702213,0.7850536880838781,-0.48943115262712555,0.6139769982095227,-0.025289702832582917,0.09780157292360059,0.32649614060675214,0.33602537000498733,-0.31524995322124183,0.03814584408496824,-0.8737644585675857,-0.2691555108649357,0.28458538689336144,0.9295070997375068,-0.7475436613770796,-0.545749888195278,-0.08513312294963082,-0.7777260673004727,0.10092953909479596,-0.408573133851599,0.7466134778801239,-0.3859391890084025,-0.12767178485842745,0.9686233988337014,-0.8340655123249807,0.7339349831891024,0.009447443226164198,-0.20488380163868358,0.8824994398001471,0.9970895873144956,-0.6102440336092052,0.6800256323899978,-0.5562858167899942,-0.9665615230995848,0.4668246469586461,-0.29212700537480885,0.20187259882595665,-0.6964576160478146,0.7198523958111038,0.05009044776849758,0.600519978004042,-0.2746876993856251,-0.5391529099092671,0.8943269997414178,0.061740147572062254,-0.2510557598061891,-0.7997238534629807,-0.6687289679809312,0.26862524239630714,0.23636852541949582,0.6864775855935941,0.5022083627594405,-0.6958978393551476,0.8843839757908947,0.21933110690140323,0.7165903926222938,-0.44315724001955736,0.9181135292224045,0.8977982163559324,-0.40700713709335945,0.8019132393859112,0.94401772948003,0.7874889891824994,-0.06399170574663171,-0.7277602445848639,0.876286660134691,-0.9992927748729217,-0.4973415179797851,0.11151475709855796
-0.376789298523146,0.8461043049910737,0.2262345342931884,0.918551505607587,-0.8815555459980733,-0.17924894183422224,-0.712416865215717,0.6448825025596163,0.5291858609332889,0.6139765527316194,0.9018212255589164,-0.5150738747233412,0.5726256990349741,0.29216924934102995,-0.218000671395415,-0.6132574044380592,0.6686580531359811,-0.8589367236747585,0.9267146877802921,-0.4475642570787619,0.7852770000910838,-0.7530571561160839,0.47930996993079367,0.888682211523016,-0.696307596477403,-0.11323728945242717,0.34447613768980334,0.5211691905181026,-0.9784619266278058,-0.7654159736540873,-0.3776788186395026,-0.7947755788019595,0.2570914715296997,-0.05778133523194251,0.3208428686599729,-0.40235556926965166,-0.7502710142543991,0.4858234615629269,-0.09126513967399896,-0.8591945338215401,0.9579859190322495,0.8210123288632454,-0.31724561936802465,-0.4557944245712773,0.9759188151504341,-0.2369965786043191,0.782233495346492,-0.7743248548075805,-0.06694863101973292,0.1699571485587359,0.7524846450948814,0.3828738460765202,0.5889112276927249,0.5169190658793885,-0.5507331710630758,-0.7938996689234235,0.9952106137835874,0.20663213669858016,0.1980939636392156,-0.274901237468532,0.7387225754553886,0.32982122144895487,0.6734182343125199,0.926488838083704,-0.15665176426392025,0.2761198148904753,0.7303344871095654,-0.4395928704392167,0.4481047352022325,-0.4482687278876998,-0.49665839016042024,0.01564710332199426,-0.16070928175779464,0.6725924946553865,0.9661732220152213,-0.8338132796745583,-0.7977380348280727,0.611982978665065,-0.5145115616055711,-0.010047834792910049,0.1821688776279542,0.3312569747232521,-0.7920690924331169,0.5618438545802358,0.4170581771114761,0.12134152064681958,0.6748240525367868,-0.2483553199972537,0.03793357119550489,0.8504861841731821,-0.23482555088250012,0.2033246175616632,0.1806860691041594,0.5871999359529878,0.9081429555800069,0.15125104926397737,-0.7650532727430821,0.5280613487752424,-0.27859834462222377,0.3452187882260276
0.8075792134375239,-0.15634134687060808,-0.21250980022119004,0.4886195516566174,-0.30539109338688153,0.5762727028168004,0.7044660666695679,0.14668984507637117,0.04553078170532321,0.8803940027757395,0.6263213426652638,0.2562366983948101,0.5552615438669524,0.33813673120858234,-0.9487188575261902,0.13385999472048415,-0.9517111535292675,0.8918995161199903,-0.8023915992337938,0.8413393856904492,0.6037904922421957,0.45811473513578127,0.6988601668319798,-0.4929715490551454,0.6367368650885179,-0.3119005508366459,0.9471591258881775,-0.5025978345180679,-0.1079860212846131,-0.9044017743391932,-0.08359085471772532,0.9819513802946704,-0.47365260469002823,0.587282049068691,-0.5812379634607172,0.5416178086919023,0.09455543232391639,-0.3562376984848863,-0.19735825429381215,-0.3029217156623569,0.6309389050611556,0.6894396916007459,0.7132927192579128,-0.33247346651845144,0.23280545381061368,0.47971865244441725,0.6724712992594186,-0.544858152918009,0.6573662207400077,-0.7974036646757825,0.44388133422184706,0.27890347549416505,-0.3741513099998277,-0.005614613898470955,-0.6276157087599565,-0.23460723158494967,-0.47063921606576464,0.41479217239380817,-0.29881219063697406,0.6117949998046321,0.7915604615429521,0.5095416927221024,0.9186166699013589,-0.35448044514764354,-0.7770387949080804,0.16369367108535138,0.8176606521922241,0.40045660201173616,0.12097058141535055,0.5135411554563232,0.0765087183998241,-0.2040575352538978,0.39127217346333487,-0.6027607754861761,-0.8189155651380784,0.1959387647315456,0.7538661012528862,-0.1907258204786657,-0.47325990876904966,0.4317762008333794,0.06565550496875705,-0.2064865211690623,0.842516651529672,-0.7927479469029683,0.9121499171299092,0.6291461717555589,0.774902206636775,-0.41217548231154644,0.14021356360234716,-0.8355767976666051,0.9988777819994814,-0.11492789050736985,-0.9184543155744138,0.09597443275171225,0.3350426553588699,-0.4524234082347276,-0.011014145248106288,0.6664959295850856,0.9665245893444889,-0.5092965234050759
-0.5483346962875739,0.29579010324962907,-0.5680638083014384,-0.9751632914424966,-0.5126395975859392,-0.958452092743943,0.224441028882165,0.6758614396892471,-0.1709483182978282,0.10245230791527904,0.1361714034116135,-0.17535286864551858,0.6958095508600977,0.16179122626210485,0.25451021753932324,0.7772082820883792,0.9582621661887136,0.4935855606420676,0.4134918570041257,0.9638323838110106,0.6068521708507137,-0.47288531912394327,-0.2595429962200744,0.8001057196483883,0.8738443439410002,-0.3596905538384749,-0.28585165624260256,0.9161821856081345,-0.7310143959274509,0.7198893998182994,0.9725115850930632,-0.506209287113591,0.07655084995863537,-0.7424706504252345,0.9620220499855197,0.5684372184500726,0.014907668655423922,-0.048524580368997094,-0.373030437457448,0.6145071361406707,0.2081831727597776,0.44021249336515034,0.4351290718040537,0.28993192280073465,0.10814565153535494,0.9701541695589393,-0.06942712859610567,0.1485183065625042,-0.8935970893466643,0.23761188146279677,-0.005734107031480695,-0.1276314993998744,0.9063280224172561,-0.6573176380676751,0.11991745901805562,0.1179920829873915,-0.8849084690832849,-0.3047937977816695,0.735154296551779,-0.704239754918563,0.36401401988286186,-0.8691744811127449,0.4377375882281418,0.1395072527529606,0.8947022541840215,0.4555210028227712,0.4272243767639772,-0.018380367296486844,0.4084356392080364,0.8854963054263112,0.9724131881631317,-0.5695917209714529,-0.09577655330560697,0.07679140116581262,0.34933524287732043,-0.338933509102995,0.1397147297623207,0.7519373969428975,0.8925355733505189,-0.7115338628545367,0.07922522694138512,0.36264345924366204,-0.37108281459310555,-0.9864493165777846,0.21918886978880936,0.42422742775777444,-0.28330097217190753,-0.7606332335677608,0.9547076980920641,0.22770091986102958,0.05954395851062877,0.4607606852234485,0.4651126741561138,-0.5024009349974701,0.20305093785724337,0.5176420061229197,-0.6413183683791845,-0.6375238145964213,0.2988140274409379,-0.01004989849527016
-0.7609998087318226,-0.8217885480201033,0.8922942787938606,0.14800577910138069,0.8980597806774535,-0.22509771876165363,-0.1848516258405044,0.3928301107050114,-0.7229809932818183,-0.3134093257339359,-0.8082734001994822,-0.28968609605117224,0.41452590272368317,0.7581290640237053,-0.0006363527367341248,-0.630867238931275,-0.19714449047137372,-0.5467195905566116,0.9712720460776278,0.26601465167952165,-0.32055965882945836,0.5036307736341339,0.047734547522184645,-0.9591984766825847,0.21231885345132473,0.9640202456284819,-0.8817075985266256,-0.2537060365752828,-0.6629737764339314,0.9271995124985086,0.0582419337716471,-0.9906779478958301,-0.23049295982325257,-0.944692882894901,0.810290091754178,0.12672940455132742,0.7187172482816759,0.9114234026132964,-0.6230358088540771,0.2417447939247095,-0.6364265898583235,-0.5632522854838615,-0.3095040753935907,0.744194189953522,0.8252292596499795,0.19943661055219608,0.14797002340746346,0.782873532782459,0.41273513206799395,0.7593438889381827,-0.6450159772138488,-0.7023004917150517,0.6379908985660441,-0.9393166657971947,-0.9224514374838317,0.07517969441761863,0.9160627393968026,0.8814080226463537,0.6144096692539447,-0.37666930355083195,-0.4171381129656,-0.3018919574762575,-0.6391664804502379,0.03697769593276523,0.8004612043458457,-0.004697901112441949,0.20700673990328022,0.9946838112651051,0.8399982800691825,0.8756365247766238,0.8572129407299756,0.09596086787834945,-0.22230831110384108,-0.10412883841974896,-0.767236744333728,0.10892368950640519,-0.3233121149804865,-0.2686129787358438,-0.5210972881259464,0.6351710035021327,-0.6233196289233274,-0.19143061277880702,-0.28335718723201486,0.8332210031501297,0.8422492963138728,0.6218147254526818,0.8193361261436345,0.4152748697193194,0.678124406801659,-0.8024392597708978,0.039687605067394216,0.3270251997531075,-0.35889387262065675,0.054674976512740336,0.15017358514973367,0.06385136427987836,-0.21163016919905742,0.09276224141118683,-0.5981358247613675,-0.3593671599704673
-0.10419085974212572,-0.6039169685101637,0.8884945605149757,-0.1473616003358651,-0.1297223511775294,-0.835222222053031,-0.9523316995614857,-0.7913629960788118,0.12250598496354348,0.2193264721156456,-0.3882048353908272,0.9845747170799963,0.541481543886571,0.5416854721911608,0.39780330740087533,0.05510025965060583,-0.9167349161493943,0.8935597105203195,-0.38576033872228077,0.1749397180654313,0.800552689601107,0.08557406326172878,0.28186485638698366,0.4785141057961586,0.06858426374142024,-0.9055849020664664,-0.39410815559474544,-0.6235219783817887,0.9283742239738058,-0.895129489544837,0.6507885110998952,0.7474104081661113,0.4770801739152495,0.04796887709529396,-0.643419764805651,-0.2583521503041182,0.3983662284124001,0.8213242026342922,-0.8026985308940151,0.8999286023632493,0.7847121539945474,0.42482115805611786,-0.8540730369979952,-0.5927835331071138,-0.5865261171587508,0.28084228356207963,-0.9688145809585769,0.8441726771218885,-0.5879403218579189,0.37877904052035527,0.8486244721776497,-0.990522430771652,-0.519225229925004,0.6272754954583195,0.6626080770902438,0.9688039299407265,0.9741709886478747,0.653144422596273,-0.2564324450852917,0.6755746215873768,-0.9104864276062103,-0.716661161202913,-0.5076536741589943,0.33706561115660194,0.7638895798054006,-0.15431879937059123,0.1410794661964836,0.7274867579652042,0.25238082274406026,-0.5902474382479075,0.7573620923360638,0.4732671367188719,-0.4547701268016786,0.38056251421909626,-0.1682252612180275,-0.17272029255134225,-0.4438266330564882,0.8021516083105877,0.633449282932659,-0.02356701711676301,0.20025925353809737,0.25307419437949563,-0.20906305250824486,0.39200353275428124,-0.10174359189140447,0.32592606081812625,-0.5540508170347758,0.27519411019057594,-0.7694431966703561,0.8044342814563221,-0.022926389180119244,-0.6332828769543812,-0.34524287034024703,0.887006249131157,-0.4870016730529487,0.3618112014982606,0.8612386389824633,-0.2035909252642576,0.07252017090378637,-0.4305903486086713
0.14021666737644645,-0.7830158954711366,-0.7611985892816449,0.6457549614548628,0.7680531174261287,0.9004181487337211,0.10949997375092346,-0.004065570223507731,-0.7457699400450952,0.9911169266059277,-0.06208602370590288,-0.7813122106878962,-0.5427098417575471,0.6661894677290894,-0.6310433434902427,0.5250828220489141,0.6128182272225673,-0.5164963091023471,0.23064165370020118,-0.12378287705263014,-0.7144825839694766,0.19400295271168,-0.9178961863685138,0.8672311828079713,0.5335803624169171,-0.6220611517347514,-0.5791372846825398,-0.36415737802151016,0.13760270199494262,0.8971788309918423,-0.3173050156312056,0.9008287973821485,0.8436795499254615,-0.2997655650670019,-0.5987014040118037,0.2882703402106188,-0.21737627118774738,-0.6938049652156042,-0.41638880214699214,-0.8727012392098368,-0.6320736761806365,-0.6113218168036845,0.31602443339200437,-0.12225681505635877,0.7426746255238428,-0.8612342351165072,-0.5084477573385828,0.05711320471475312,0.11370626332011802,-0.7132730998527506,0.9283530759446852,-0.886573745140943,0.3695256570746204,-0.180151663451682,0.06854753222259591,0.23717245043042978,-0.6601695161450005,0.8656011271723547,-0.2592557066912946,-0.7130270465982018,-0.7924148040366679,-0.5326760708406328,-0.23757322127489822,0.12542331305768384,0.6274121312428602,0.5373908663832363,-0.7607158145755082,-0.5509638523731195,0.2565731858491185,0.12727751650784214,-0.8521519747407236,0.2977252576350926,0.8216229152147208,0.8744218732638935,0.2895803062029889,-0.4350630985854569,0.23209818283866546,-0.10065758362053234,0.4961388146529948,0.36576234535220764,0.2252170033759222,-0.3097074928860204,0.9759549593433374,-0.09003143788681811,0.8388530447867029,-0.6937241635587337,0.07290935336715432,-0.27972970569372424,-0.711185197727926,0.27418642835287055,-0.6512936806225824,0.934740012712058,0.9982809611739358,0.7638749802159763,-0.26384380847207356,-0.958125748757473,0.6109009578802833,-0.7120324515915679,-0.08013586088461522,0.42137165188498815
0.08299705165153215,-0.5460287781433857,-0.19553810171746888,0.6802706960812197,-0.29411725389807053,0.8837621868519836,-0.1577186899837586,-0.16454874782887807,0.46689858216511904,-0.11221422326007291,-0.223114289886994,-0.27287947628198084,-0.34797803066114463,-0.20223387877472243,0.44661542072797955,-0.5881698392926586,-0.5660813791663966,-0.6180698488893124,-0.6107961245178433,0.7472122718290506,0.3186519560832646,0.2377525026115015,0.8007086584475029,0.0964110324150127,0.52795315969107,-0.18358382024144193,0.28800009648351343,-0.572972634541548,-0.7173370201851064,-0.7826996364768044,0.30447488207101525,-0.3993594511646621,0.6657757901509529,0.5491553227619963,0.24719218033727763,-0.8982285827486256,-0.5656437227475175,0.10338614717013606,-0.686561306422182,-0.2314189979862873,0.035001716491338764,-0.6393695333123315,-0.11403931641823961,0.3879392177828145,-0.2280586575360164,0.33398707467825384,-0.4533600362594046,0.49194339931950215,0.1267280097192529,-0.6882886344009915,-0.19624703265623555,0.5637178242331267,-0.6043805010514967,-0.17742053692801774,-0.06284047297092576,0.7360601982245696,-0.7388898318615518,0.8625049365562942,-0.36757079347434596,0.8660404348878952,0.2246497948555366,0.4706352446688058,0.7518331413761024,0.3523788168588966,0.5739245126449919,-0.8284998830934456,-0.9826626342509421,0.7244985382178983,-0.8944945882035997,0.7052018506817068,-0.3734122375911082,0.8036075138553433,-0.5939858594002678,-0.6987941271371159,-0.5739762886231865,0.6813570270839793,-0.27411987448883535,0.8184912102743986,0.16689704216294188,0.6565090186389837,-0.04982533546357204,0.40720643364217857,-0.42051790202795747,-0.7970010220656407,0.12377511203009472,0.8016341161811549,-0.6959662115088592,-0.16962826075493598,0.06461036071526238,0.2365777851593478,-0.6834391569843283,0.10464241547409414,-0.06086464673485459,0.9666060400193126,0.3799274243115589,0.807303223749843,0.9522494541609352,0.3277381799429926,-0.706707419318187,-0.11019222293691455
0.5113470262196413,-0.7288025188411504,-0.23810171376447253,-0.24126049165606434,-0.6590840851196931,-0.9600917609605883,0.3762429950799502,0.6359034085629018,0.8618843621155099,0.16978240865335237,-0.6363326691488413,0.7879760864355663,0.9405934138859364,0.8932081561053056,0.13356601214153785,0.7712077251043414,0.9756305975468531,0.7729814107711339,-0.8622200164610823,-0.7301131989951268,-0.399790917674107,-0.2127684963231682,-0.7010280026350646,0.9857936044786701,0.5819350773157834,0.33780773277777154,0.9231502210233027,-0.3586028323717496,0.4228163628694692,0.8975235489990898,-0.8338546104027056,0.20562511658029115,0.5986353381685896,-0.9680889305194886,0.7820953963745048,-0.16452267778364127,-0.661879683059216,0.7025056519018973,-0.6159537060048761,-0.4395083191687408,0.04086321449696806,0.8318501118338755,-0.020781899711973306,0.8116333062482166,-0.8959778599529697,-0.522392143301444,-0.3867277612818274,-0.10213786369332789,-0.134100655652317,-0.9190885234946529,0.49999524645651405,0.5195301272972432,-0.08382495255156575,-0.839511627958434,0.10254822718164025,-0.7387002874606845,0.9564973253987006,0.24833931044754198,0.4692825313456743,-0.9615756824208728,-0.2386577695661427,0.809069640489235,-0.23996613340978135,-0.9280336842642982,0.34380783543413407,0.3937121834627084,-0.3287301753939109,0.6062920616952212,0.7072533219106951,0.568240708478007,-0.18560992617487138,-0.31574262481421056,0.8858125112390383,0.4382342139123072,0.10476529885684593,-0.022339161013944064,-0.4666549401982707,0.8267147012036176,0.8375522296400058,-0.8304093956131464,0.3324451880654944,-0.36277215389193396,0.017582563993620015,-0.7729494568257413,0.6215101648647461,0.6124533081362151,-0.7859007828986493,-0.8511707458331106,-0.2532234182214861,-0.6919877443923235,0.6029141133568483,0.5577533556131582,0.7273807983906797,-0.9807095121874345,-0.9731055537387205,0.6139724901487649,0.7403191910521898,0.2349213372227963,-0.6875124188847108,0.2522527570373465
0.7426987583802602,-0.07847400559480633,0.7468028713896964,0.5722632656237194,-0.7883345244442646,-0.7560432097887038,0.40829526094667523,-0.6009573799669421,0.49212816248181346,-0.8376888009075105,-0.8165922355911972,0.9027838422594356,-0.992317729697088,0.5831854594588428,-0.5338485060599589,-0.9000027370903019,-0.8411760868593909,-0.3591900970719497,0.05866696227548385,-0.04791178081108738,-0.6054004921281693,0.9758591576710398,0.21091565052083094,-0.6278702397762173,-0.4238730112975131,0.35231866824346847,0.7300164529815156,-0.877467312775309,-0.630144305414194,-0.9873732167548195,-0.6482981745274312,-0.6045590003838899,-0.7122144568238162,0.08399687074771633,0.9454474328360793,0.3999340403677567,0.40573618950942936,-0.8484404804080947,-0.6259038917926505,-0.357189107592609,0.9839608256178429,-0.6751528472502832,0.27059384936154474,0.18461640621303754,0.20310792941275202,0.013308907160088035,-0.4291939702889589,-0.14695338530913316,0.6489371410721396,0.4708863085623187,0.06110169003878618,0.30968433455461364,0.936278085165188,-0.49666365561710113,0.5085941875169302,-0.8706933250781959,-0.8744340465378309,-0.31155349459210857,0.465828360027134,0.23969077699855146,0.6354070220901784,-0.8400967765743284,0.5288676157391023,0.43221942254799606,-0.9760021123712115,0.488537396110611,-0.8235366297006899,0.17627724664488587,0.8326667683493594,-0.27704042646175675,0.3621616304741331,0.3563911014690413,-0.8682423745214771,-0.47512539137677967,0.6794503527740237,-0.09842609825562665,0.4843852938855493,-0.03910238488847928,-0.0006101384722119185,0.5268249584598459,-0.37305065176014773,0.9981948546315633,-0.6194298978431281,0.17445825294484107,-0.914601032572022,-0.29421007022660395,-0.07011036753692257,-0.07671956234622357,0.8468920409120864,0.6929632119121123,0.9445521295553696,-0.07275228398021572,0.7981791416465129,-0.09564718376569692,-0.7158342191895963,0.5011041668886567,-0.1608056731576606,-0.9510403592383601,-0.7211359472831294,-0.3665530028722086
0.979524267766632,0.26438607498085376,-0.20116349509790465,-0.9720996702554634,0.5827502134055613,0.3235441432202206,-0.654440102710744,0.18587432721321173,-0.6321807620377276,-0.8103075919093288,-0.21741671156453757,-0.7002003450559069,-0.3253695637321996,-0.9566386565965053,-0.21553620460158096,-0.3929557378623165,0.9103915222557581,0.09865726944311848,-0.5445214183636597,-0.026930457251891582,0.4474584087600839,-0.13428751475948753,0.8946617819606824,-0.680358700642852,0.9381998280553401,-0.8804791666065246,0.9228788332046791,-0.8661878414012445,-0.35343499919736243,-0.04659949827465937,-0.42135628847065876,-0.5296951604073838,0.8866759761308369,0.6072440924704647,-0.16730917259295475,-0.9740648127070559,-0.38398464573161895,-0.6827952066275402,0.26091807053404925,0.3681151363027122,-0.14200513643582524,-0.7563052237165597,-0.7411438445801033,-0.43620575456176347,0.4495135005318327,0.614248569138564,0.728195073129736,-0.2608649199407149,0.9408614109981512,-0.8737500158293579,-0.10584358319627474,-0.16599884262517328,-0.5810880222234616,-0.34759876596507766,-0.5331233008184117,0.7437475607179711,-0.37492591688228516,0.8314758226549621,0.9450557451872181,0.573612276919653,0.1099914959185917,0.15443959524956363,-0.33787855955467316,-0.6112444564423589,-0.7457343047041611,-0.3563344958186878,0.2653634633462869,0.9422713653949031,-0.5421465976818669,0.18566956534068457,-0.5259642479818778,0.6393139697477082,-0.022824159811466682,-0.06049491628174408,-0.9612054182073468,0.021920932542207172,-0.8088346811511615,0.5003846458845653,0.24721399428926305,-0.8373846630865998,-0.018119045157890756,0.20519955307886795,0.7818211458197872,0.9165454913351956,-0.4679853608172322,-0.10103015021120809,0.5548664360222475,0.5825631584218991,-0.44757926893371924,-0.7138332819375031,0.695545565750588,-0.8819574941136401,-0.50682876671354,0.2661396414496484,-0.3455712444161063,0.6496735605694728,-0.03489375767293734,-0.7077596070813497,-0.45448486571509217,-0.35992866032276005
0.970569138440017,0.20954204921742514,0.07262033522215972,0.6482728840519276,0.29168315512232557,0.9154513913945728,0.19517437525214865,-0.759275163775391,0.46683983595017997,0.47098976201968923,-0.6101138364746841,0.5976969972868151,-0.4350874834026923,0.5814186092616453,-0.15401734857788552,0.6371730693087132,-0.9781719699773639,-0.47802424126505816,-0.7118807986959312,-0.9494326110359843,0.30326993232947985,0.5247472587439899,-0.8425806556845956,-0.07012103832070693,0.8196132480052076,-0.7047705136733489,0.2517797407808817,0.1105287247445943,0.1876901305338632,0.5169231342388243,-0.7845102558001433,-0.4528958878525611,-0.4481011003586548,0.4125934631607304,-0.09333303146417782,-0.6741978140699814,-0.7429286342441483,0.9122111203812988,-0.7521701149281341,0.7354753960153166,0.10515024478884794,-0.2623560109473342,-0.3694625372915814,0.4410024937246597,0.10025423803128675,0.25778067759066237,0.2926566351038846,-0.20892460379006828,-0.3467790691095285,0.6721466446002051,-0.9309320204910492,-0.4341821622250355,0.13123377794759516,0.1370592570212701,0.7665192263082916,-0.8882816326204439,0.43454046120739154,-0.736266486396244,-0.8722441952385198,-0.8642106929434623,-0.6968601479790626,0.04556116705211588,0.8802455770053534,-0.5299728052041024,0.509319131975128,0.9446388685268317,-0.32368390141191017,-0.1747164228026108,0.501701385819562,-0.01508859693169784,0.09022276196107937,0.04935868704844881,0.28363741620970795,-0.20801966347416334,-0.6900319822416081,0.645691902778651,0.6287283034213567,-0.10300370813816118,-0.7695017045324435,0.8228487501839556,-0.4784906174630501,-0.5214692494792614,0.2895171595144559,0.11536915636398182,-0.8950337969824291,0.6857863619519438,-0.548960261364382,-0.9152103358182926,-0.561998192093853,-0.534668699652463,-0.6947385079499928,0.7409662773858474,0.0011677491584272115,-0.35409949142448216,0.5119261538137583,0.3405260055632706,-0.9614885373376767,0.5310733510500103,-0.015545472152335593,0.3392841475418533
0.39424949012605404,0.10006216269674195,-0.9197399586420596,0.17933732324846963,-0.5823267813100519,0.1654783709565557,-0.9856952525767457,0.4036484223697696,0.16316643180917123,-0.2637635393567588,0.7971579407011966,-0.6716416418972391,-0.5744433380327247,0.07245996605381277,0.8304013256382909,0.4885077867327905,-0.43716570339133276,0.11252543887943878,0.021759247607287424,-0.6802733565148362,-0.5968281663332662,0.21523702526507105,-0.33102851814370715,-0.34588383290278735,-0.47931630324374974,-0.7616646788945403,-0.42923653942868456,-0.9423650436767423,0.206735714789253,0.3028172354675287,0.023610215932378997,-0.1886183589012913,-0.6303359253303187,-0.9166798235855691,0.6092716322351934,0.4856268157524397,0.7484686405298588,-0.5997147297895062,0.1404139509156721,0.49454607514455584,0.6658593966029556,0.348412665938473,0.7733043073603236,0.6357205853368431,-0.2781233569416439,-0.8912648909117269,0.2522352670104808,0.13369318679282816,0.7687608576351723,-0.4953348455308966,0.022198766824789606,-0.3801968691891382,-0.5671528901221277,-0.6381617060250342,-0.3321359722859756,-0.000814572769477051,0.4398842064823465,0.43993855010507676,-0.08423133217946477,-0.2184912174669955,0.5077172840424966,0.8416379018378592,-0.039648852335961715,0.19348074920985803,0.5900063512739717,0.33404862668155166,0.8756503499823576,-0.8446517494861736,-0.7854768204031535,-0.9994585237997562,-0.9376001265752802,-0.8999439201181236,-0.9775761820854678,-0.45153735682130725,-0.9999810412012555,-0.10987877277402713,0.4574964578168228,0.9224167936963914,-0.8055346600184168,-0.2639004705055261,0.2915442316351151,0.9418803963536866,0.4836929720110392,-0.25435806697458774,-0.44004263851810954,0.307251945471682,-0.405060145699327,-0.9300144925933824,-0.7598469659380598,-0.716323833722984,-0.08614470168760802,0.8644912822151476,0.9665661275469768,0.829132127831369,-0.7593499583094365,0.2734195700922686,0.9048499864612312,0.585525051211828,0.7605811347222784,0.8640863519386173
-0.6508374212034935,-0.7748264657542816,0.4496180599153461,-0.08951084509802198,0.7728800114956051,0.38983715411193387,-0.4537308920909937,-0.9548821046519769,0.12646130442209524,-0.8734323124373851,0.3836030386879272,-0.5690488507575131,-0.20492212954134859,-0.24514995470794876,-0.9256776646163549,-0.13502495243473045,-0.0685968337591849,-0.6499542150958313,-0.9734618726855415,0.794816226423289,0.3132200548501347,0.9188577647437608,0.7527516526106435,0.419803489470014,0.4377416741724487,-0.5946027368017881,-0.46543112360815897,0.3424851189846163,0.9263792167900735,-0.6238603705939876,0.37935040068610193,0.620707854657599,0.9916749097434017,-0.911753790475117,0.12642393760967963,0.7139964317581726,0.11788879263619223,0.4058938695270957,0.5839275454211366,0.43113864732468965,0.4850519306554575,-0.4269657825822415,-0.8231680006079514,-0.2654056928119439,0.641428403146195,0.08918148523412217,-0.2534650764077704,0.8036417867432872,0.4523972056958683,0.0815340302243186,-0.3585775236011304,0.27862836937290036,-0.18599670866187323,0.1604235828187941,-0.25578016836219786,0.9670255831992196,0.5346265776820411,-0.7047336278225858,0.3453158848234894,0.7788581623809139,0.3514213940839259,-0.1843484437416667,0.9227728311972518,-0.8271088808454292,-0.4935993867401429,-0.7247170160292973,0.8494381511013014,0.29092828134529536,-0.09846251079882218,0.07842358740866118,0.36067533737832513,0.7794818139486868,-0.3130924775249828,0.836597366030686,0.9654281828561844,-0.7098990142525354,-0.3167002418605829,0.2653948937656445,0.48958778618913823,0.702195715885394,0.14738518207551965,0.9544639560022683,0.5845555991800544,0.6493710084738553,-0.20729964849735216,0.646886742397786,0.7614460306149713,0.9810078665820305,0.08799347344008712,0.03913769280635271,0.1509291828280761,-0.4905656734927706,0.10089712835307307,0.884579720567195,0.4794225279507387,0.368021379556551,0.5754484882190782,-0.021640015886406072,-0.34902540248848957,0.6729375689761785
-0.2533557482294635,0.8738561331474857,0.04624205316442076,0.6387217997431713,-0.561857155307838,-0.2977312840547217,-0.18400310445128487,0.5031310318105009,-0.7871467437473714,0.28093869453522946,-0.09269182152001298,0.6686985596111839,0.7904687040048677,-0.6233377349942641,-0.9988077596845697,0.5871879900884696,0.00902217328451882,-0.7843982652544541,-0.7112889004373,-0.855586652533153,0.9002212033652652,-0.5163333005338824,-0.18776025916848194,0.6504639120287301,0.08393376526606988,-0.8068255491323686,0.6289887009711053,-0.9529887733426692,-0.9378051117690791,-0.7578489302532763,-0.6285717662027985,0.5521357011866794,-0.8573276986625515,-0.49313219707311173,0.9020253139578243,-0.156164944993338,-0.28497142103932727,-0.19399838133799374,0.39563702937306244,-0.3995690443639519,-0.22450537420934547,-0.5831031903060286,-0.14295223922643419,0.1793815928631377,-0.043121030401891636,0.22960635413730413,-0.9162502336633591,-0.01733306084553221,-0.9369639232755476,-0.36073630524431244,-0.9379193595680271,0.40126300563808504,0.7223497450028618,-0.23248945544782362,0.07803460612576285,-0.8039863642647616,0.37718228380567886,0.24046344877236692,-0.29789015726562895,0.9427247000463033,-0.019383072932983803,-0.9453437420730697,-0.9226568495814762,-0.025103200092174704,0.8117508305136654,-0.05025642734532987,0.08746990698648749,-0.8340706341655626,0.44855727002963497,0.43121697949318305,0.8446217789352777,-0.09062760502321865,0.49810444321308567,-0.5172427206693779,0.9680004934859201,-0.9313157003689929,-0.38037284385225534,0.554327543140055,0.7092843868017045,-0.5668892917973214,-0.1787858144200778,-0.9794120984699759,-0.7432316900278768,0.7254333745724362,0.5616698120271524,0.8710763678892632,-0.1111400564149081,0.004145222622651934,-0.07364004440991367,0.39426209874525586,-0.2236437827153852,0.849960946078046,0.3074046332289415,-0.9025702438771084,0.17132212396962276,0.39643312270546427,-0.017801997454186314,0.8045234896499802,-0.41322104851074437,-0.6745076322582888
-0.4194266855549762,-0.33716879149181245,-0.780650858777652,-0.6904076193486934,0.6747488688948846,-0.6017538386263521,-0.02750509606238216,-0.9886150004371455,0.5514802298624928,0.6136053152959275,0.810819926509732,0.5449253376829566,-0.9122506484050061,-0.6346444007244312,-0.3198591788773897,0.36606627082183674,0.691076837380991,-0.5425349516596207,-0.11066717194887254,0.4015600524550844,0.8233103918446532,-0.7969245588118841,-0.7215893844962269,0.48071278600092127,0.8933448583663399,0.12554150855061708,-0.1238054112174265,-0.2666487128386297,0.39784239873250504,-0.9589247896014332,0.05035044100417885,0.3876241798443838,0.26966399764246685,-0.7873437789287481,-0.05268399367426557,-0.4421955878095163,0.11456311795186624,-0.15548953314217107,-0.8696493195408144,-0.4744488466116634,0.8973240653381096,-0.2847148258294834,-0.19734605391154347,0.8385489023213379,0.8132324804047906,0.7510659566153179,-0.757978245256703,-0.6760093556884301,0.14084124843464352,0.32928189928109997,-0.10779576510396671,0.9930408827352357,-0.2533662683163811,-0.473986633451585,-0.866362229423741,0.579996327404122,-0.6289796295446082,-0.17348846620545055,0.11933316349619272,-0.5355034142367949,-0.7052255377122298,-0.7335703559720197,0.4029478041933441,-0.9776127581021405,-0.88001202776736,0.5761741848612638,-0.7744948338782323,0.33182238438557854,0.171145700373043,-0.9822850182154159,0.7607692899027725,-0.7258764159749569,0.8414633161377332,0.7211713713465506,0.6024505825871385,-0.6226659765238114,-0.05048089506811748,-0.04253129342015849,-0.8019059721765225,-0.22428492377649945,0.2667931262706189,0.08280566124160282,0.6077399115401287,-0.7077752103346238,-0.7460888347350714,0.019735785505214487,0.7223709487992229,-0.8640119660245122,0.026769175974531656,0.9747234295694542,0.13231481857199534,-0.505864357546852,0.5068274947033615,0.6795418951753303,-0.27655497286307007,-0.5493159021738823,-0.47506309440148686,-0.8806539661829034,-0.13625793095068794,0.7413374531341728
0.5612639992628818,-0.9446695269255982,0.3433119613900071,0.861559962834153,-0.21844754442828407,0.21287302429038935,0.7338708523619331,0.4972170130537137,-0.7453472989892096,0.22979155107420524,0.5809351877800715,0.7774882824202154,0.2920819203834413,0.5108603333733148,-0.6854297482767613,0.19795770229784382,-0.4247446433136839,0.5461983393886001,-0.1345169454839561,-0.9381719765466983,-0.867332047794958,-0.8303146704364663,0.7833009328998328,-0.7088724259597352,0.28280024290008154,-0.2609577435644057,-0.21346531389901835,-0.0709858141814641,0.6136227695149019,0.8342215320688877,-0.39300622289889353,0.07058190711283485,-0.3458244663577261,-0.38371627248259044,0.8969918857501726,0.02287992071788758,-0.22781229380640844,0.7423181062863424,0.3769033788079186,0.3904991233376811,0.8469079983559815,0.21040963529559775,0.32201765158498374,0.14797622169952596,-0.061343798978995556,-0.8180246101107587,-0.020648926865657558,-0.31517995100112106,0.033995160704354266,0.26273174677691413,-0.49681412236211653,-0.4635767499482504,-0.4574975986070706,-0.4221060783500401,0.027035820899042884,-0.3738967340168382,0.8116216409826926,0.8144352620752868,0.13202984916070948,-0.30297356885163973,-0.3873047353052119,0.6514704277366172,0.03534352296739973,-0.1769215125065724,-0.4721797019576952,-0.15230377510659965,0.31822225732136933,0.5366281064309735,0.78110079149743,-0.7214446544312774,0.5398180587341215,-0.4099694015090758,0.37420676180690005,-0.27702612113027225,0.0855518363848804,-0.3577150224974084,0.5960612813039188,0.1634980517642599,-0.6531687808452433,0.4491853970697899,0.7522913409987257,0.27719071875553025,-0.5885323494951242,0.5798900519824659,0.6607785275186906,-0.6338443325866274,0.294954669618271,-0.006088623777052549,-0.5087323726470734,-0.03131336395380724,-0.45851901274198426,0.13637877194701464,0.07481723042427646,-0.7073201648186787,0.21196751403883463,-0.49492861145095124,0.9330274071777167,0.6262290559810908,0.9677351324719334,-0.9934658547260404
-0.6221438227297191,0.8682439961256214,0.8556114210941732,-0.09047886826468998,0.9817075066364433,0.1671672138744329,-0.4458166731727362,0.13490728170414545,-0.6016199698194682,-0.8980139198664183,-0.14458540636133077,0.9633933229678808,0.19054354888318725,-0.04726369027536781,-0.22623061667171163,-0.7611104527156449,-0.6377905439895899,-0.2773301339130936,0.6025995760290321,-0.8909957104767172,0.6943494240981336,-0.44528795618621086,0.09698139928613059,-0.4631714205827995,0.5677412762625607,0.851495619759308,0.37344854210710343,-0.590214520097712,0.7826230773373983,0.13313467889845199,-0.9802878035391565,-0.32478821312135087,0.24872004567938966,-0.4456523912520991,-0.1403947138684949,-0.5390233364636063,0.23662380283566242,0.14123420047352542,-0.46652844655735004,0.1052315883867656,0.6815359925681699,-0.6965942081368854,0.10742049789607533,-0.3665644114859221,-0.560255390825237,0.6114206160068467,0.6502387431751488,-0.5937175819022764,0.2325932684159362,0.9089466357290115,-0.8176444981807431,0.48091221770841264,0.9573449935627878,-0.46054168329312906,-0.027485845617007065,-0.8086326830656387,0.6907645375490516,-0.5580530279573128,-0.08098677382458441,-0.6687148825543348,-0.6529137802477847,-0.559316765077849,-0.7852261811022705,-0.5224585135107995,-0.38301152832518115,0.15927514226578543,0.1994326688288084,-0.2265934132610976,-0.5732243771526109,-0.7992667727577358,-0.8360057263294667,0.42485002345045,-0.11494488790056812,0.4783287776726246,-0.23104895873984144,0.23010584340533868,-0.2396747317459198,0.08252924330615752,-0.456553396506179,0.763612608213889,-0.016960346152629313,0.579175515102546,0.047870760296117254,-0.3558399674189716,-0.0019356979793410112,0.2312756685599784,0.6764379060594659,0.21310787209078041,-0.25407789432233985,0.40691277500028833,0.20190709586351718,0.3978576910984284,-0.24467146145728758,0.576139903128241,-0.5857381788204856,-0.37157643805048646,-0.18979543038991453,-0.5024686796228024,-0.41864237340610333,-0.5382090452396266
0.20087127205327993,-0.06057395099617424,-0.9514480428920364,0.8705310607449577,-0.5118542068380527,0.39516182340227,-0.09550838599995282,0.600201279250969,-0.2222602431229277,-0.3096316999268447,-0.23805813460805836,-0.018085056002559607,0.4483569777805738,0.8183760706206831,-0.8210781896507391,-0.49014853912249134,-0.542886327667212,-0.2668104929983819,0.9941981622555716,-0.04293849828692986,-0.6629166868457681,0.7072938916905906,0.2900178956563739,0.1982104410370671,0.6202843069391284,0.6918050950213268,0.9583229926443708,-0.27085632014306604,0.5214204822269108,-0.8200549973978917,0.8316998356395016,-0.8152464387498803,0.3906255893830064,-0.8998698554874791,-0.8414892774037441,0.8640201874844033,-0.09379833714620278,-0.41369437960335564,0.7170005058630371,-0.4429730792193307,0.8319257525506625,-0.5418226657887641,-0.37680330624239455,0.0410159389194682,-0.5363687295941992,-0.8154580351569556,-0.8957069281844938,0.30924382482619195,0.5685259084675889,0.90767776767622,0.8830175659223636,-0.6481121437513384,0.09587710306418473,0.8840322110543251,0.789844008802268,-0.5275095549645752,0.6154574597081859,-0.6092299878204714,0.4250581275976817,-0.8652357939953161,-0.7969793935262544,0.6345795211664376,-0.6425388077802461,-0.7517254385492309,-0.07492574224712478,0.5217205639024165,0.44641699163502424,-0.6945627848259013,0.8643002090872334,-0.5087069155736512,-0.9825070153850637,0.710814657387056,0.5326992611935353,0.026491818030264458,-0.9585640802843409,0.00901949248966849,-0.886299857589518,-0.7301017915159276,-0.9033110667904185,-0.6881811790684296,-0.7354180329751141,0.7233765812064572,0.6685598398326462,0.14772900615867157,-0.44144589509956234,-0.508422159329889,-0.6497099889783684,-0.7802476329590426,-0.5035704052137302,0.28027223953620717,0.509027228389286,-0.865851938979979,-0.24514980411672216,-0.998853217256032,-0.0784545909033263,0.5976761056476312,0.35505082837132407,-0.20996615960723553,0.08293790707342219,-0.1922030763507978
0.050101570287647945,0.9242097980879731,0.8865706849046966,-0.2921290280463589,0.2110343214492778,0.4367117112521488,0.4986866027891428,0.5032625235830219,0.046940832389445575,-0.18464341510987992,0.006305096416575173,-0.0005466025137925712,0.6096774494114021,-0.5862139750507911,0.19959643475286049,-0.26499746975383154,-0.4031156433293792,0.20879150784261813,-0.17517399217825713,-0.2481115564775771,-0.25275316798871983,-0.37090963889328266,-0.602594304825196,-0.967916917568886,-0.12892492450666349,0.27690735087316476,-0.7056596659132774,0.7303943573002503,0.58104860423142,0.4984506240464017,0.29814263870955293,-0.39605572229086206,-0.5110164412511091,-0.9672439113184277,-0.5458570286085656,-0.1219479254943141,-0.02644833327473428,-0.06730190347298581,-0.06959059280802138,0.7647668749793233,-0.07340138956287356,-0.1683999455031997,-0.8973074965869487,0.8954508624305944,0.7940777337554523,0.845493452270103,-0.40916382709092436,-0.8937613166785969,-0.06982116536211924,-0.22688630391588038,0.3068640362041126,-0.13323533418590627,0.19647293230818264,-0.29045123128452577,0.025123008364539068,-0.04578380226307499,0.8679543581807234,0.737258074390509,-0.04108297723895826,-0.29503513378720925,-0.6130413962849712,0.8439705745386712,-0.6681092081806634,0.9841991231039573,-0.7081219443032487,0.42221004607662715,-0.460782780350939,-0.9506329818143442,-0.5626124049622641,0.042182063628232846,-0.951720305556675,-0.1931758920246225,0.5970223488349622,-0.07941805799416102,0.24354534337736156,-0.43014566052008374,-0.8981673002060659,0.03399504103692119,-0.7534044104288067,-0.12320430936675564,-0.02496635268020375,0.5272792952354497,-0.927688156570196,0.5586157522796056,0.4573288820525603,0.1327011511616072,-0.8654216379129214,0.9362589143712818,0.8658951643811608,-0.2441500227130644,0.321232523236739,-0.1202770809613194,0.44508703999526333,-0.4657883026607115,-0.7155775165243632,0.8299896299292779,-0.8136207965482123,-0.2322209287321595,-0.21120118766669127,-0.9162167006132989
-0.3941794185025287,0.9071193208238784,-0.6110131082180759,0.13858975758648295,-0.16482189596486596,0.6518442464346677,-0.6967070933146553,0.09411194277088075,-0.4897042365308659,0.8321425201090571,-0.9988660366680251,-0.8675434714050378,0.7176813041785506,-0.4689846228474688,-0.03467084784787677,-0.8678218540684217,-0.06338676936724763,0.9623945380092251,0.8496435682864754,-0.013035534110113822,-0.840060939350469,-0.08078743798002952,0.7988106212427784,0.23359670829656554,0.958916267337149,0.7011876623172506,0.9113368534523807,-0.4838332745873415,0.11713717204221119,0.7783406064111875,0.6287608555273911,-0.338800271875791,0.3298829991598884,0.05341831081507076,0.3355037224584412,0.6707173096621646,0.17955916404796057,0.3652028632009716,0.6123779206551658,0.556592224487515,-0.5094069208771157,0.6298637095425306,-0.1322532671183949,-0.4556229363656996,0.8798800931697341,-0.39886210115441134,0.945522289339852,0.9826258034215731,-0.8974268592581087,0.1833856895617021,0.6033475974667952,-0.4847154452428699,0.6481379888649577,0.11002816593088505,0.6889763889234728,-0.5620948839076438,0.9123535938372911,-0.071304844242712,-0.6934834878735001,-0.8028055325540644,0.08441854277020178,-0.27401418369047326,0.48504713773504937,-0.16141693939905077,-0.33757373244934485,-0.8377415948734555,-0.6751090493342558,-0.037652657203501194,0.8568196991515507,-0.8673588071023519,-0.3720859896224067,0.7786130019560908,-0.12875314942114513,0.6301216696525769,-0.6919081149366066,-0.05365172060789747,-0.9388089726301156,0.8751880432721986,-0.7635471923946231,-0.5286353605014094,0.7582116871744173,-0.016278446796007318,0.9165485262326101,0.17684644779605518,-0.18936460569343527,0.6989001219736237,-0.4270648174995799,0.2211454481561408,-0.6702111462338078,-0.6816159993710793,-0.34571420262089325,-0.2463047079265328,-0.8342432513734723,-0.8358102726592087,0.5923885961984128,-0.9830202735953593,0.08074090523336253,-0.014703051796834066,-0.8153699050191903,0.9401204257248248
0.6161969855037852,0.2959395222647141,0.9836745418810515,-0.9958254773734787,-0.644853859652808,-0.7330333994116929,0.9674021280345289,-0.2664660263249321,0.37132340547566955,0.6535147532818373,-0.2854989965847399,0.14399451147794995,-0.919140336435712,0.7857594536210206,-0.33971652239603833,-0.9221155047965717,0.16572700563588416,0.9763693368362443,0.22872668505032512,0.6428595620773898,-0.6155037017234761,-0.6601312175831775,-0.218271675345437,0.9869622512215388,-0.7849230577449458,0.1867403133426373,0.23087016995027398,0.052174986476947405,0.6636044325342321,-0.43111029060757167,-0.8701149603376306,0.21233546513908252,-0.48003555599757974,0.28692805433385304,0.3998854535056866,-0.8077596203026844,0.21296717559981193,0.3780640554979,-0.9359325260908384,0.7043128660121203,0.33001715187440084,0.38981754292041515,0.6205415793137021,-0.282496155027977,0.017751757895927867,-0.4126934609787254,0.4113148572241965,-0.19781194004461788,0.613931729353921,-0.5297498286626117,0.9691973454821534,-0.3813478102347947,-0.3467806993343341,-0.5186374416755624,-0.7025581642503349,-0.6895618433237427,-0.8410937479324925,0.17536619119557173,-0.7645637221980099,-0.7846510112550003,-0.10215961745217839,-0.7013463568274718,-0.8531156885255091,0.5407334168661864,0.37545161425993423,0.15854061006388132,0.4372809601068013,-0.12933033093988056,-0.7547629933078102,0.28862204653426016,0.8851574610418182,0.1042404730525679,0.17534159574726216,0.8748723970221097,-0.5804562435211296,-0.053543438670312415,-0.9323277419178289,-0.6869380862892527,-0.6170227923231477,-0.8678892992598983,-0.9372409754824438,0.7061351657454278,-0.495636084831371,-0.6268750159067094,-0.0047661444022664146,0.3166588986896355,-0.20502072894983336,0.418283460476613,-0.35284083411675327,-0.7341934917005719,-0.346183631639462,0.9333942339924652,-0.15530320020906907,-0.37042324307463903,0.8309864811824874,0.13313747745951798,0.3997104940408749,-0.9851225932065524,0.566413360300349,0.908579144635802
-0.16839793185567364,-0.026211591429696313,0.9767376830362717,-0.7036644512113115,0.7684382519176749,-0.5199532432439267,0.2078436686896925,0.9141252231279358,0.8146137923338321,0.4415687796549934,-0.1642596119873363,0.5417198838178088,0.26307592333447216,0.42273043607120186,0.6004172506165046,-0.2539522150579123,-0.994525386324566,-0.03440326792645432,0.6486480827521395,0.002153787042397548,-0.5778764762311304,-0.33496416091388914,0.3173312821652603,0.4730909279592701,0.009962279698938481,0.06173819885686305,0.7791727413048617,0.9872621385825842,0.2249275733020637,0.22444901163370923,-0.1301246766788986,0.8996338804255586,0.6005588924799148,-0.09009499901320761,0.4382144151773324,0.09424636200358383,0.07758450503334569,0.5115471550291235,-0.9109726803826441,-0.33478918644912703,-0.18532740191638086,0.25408546574541546,0.5836765626489886,-0.05096486464809247,0.7564687493032978,0.8580968151024442,0.8282104117329092,0.2175209160431868,-0.5381095271842256,-0.3696409041464006,0.18178733025341542,-0.10145732365994897,-0.3994349853468957,0.3041093923474061,-0.9225790527949294,-0.541054149442431,0.8087608602578003,-0.49171617038827287,-0.46926817291550327,0.061485636669707855,-0.9189117070764166,0.9040171775446404,-0.10150013507932476,-0.2060396372936606,-0.1399784826075472,0.917274893464233,0.6047823548806281,-0.4527305880895611,0.6288493558689041,0.09309185951824328,-0.16648988401378095,0.003503678270368571,0.9051945020668222,0.5892594421920068,0.2800393072961842,-0.38759175287334835,0.20048994814327648,-0.8976086155081453,0.9777367797520196,-0.5731708923862875,0.32257717180787404,-0.4248857232976735,-0.7682566813344676,-0.5303331773634383,0.978554165199794,0.12150942870559134,-0.3428252312952771,0.09012650931034272,-0.5994858441619375,0.3701680813655328,-0.8406462173346456,0.2936859614490912,0.8931571167687253,-0.9586182072839151,-0.7402450452583735,0.49882049457753563,-0.4836135630455223,0.3149143351959678,0.3436217346354198,-0.1688487058600565
0.8119090859062879,-0.5918133448189231,-0.6721854007031081,-0.8047913794950741,0.8634829415198937,-0.3810151517706353,0.0846390827232224,0.09736133573983019,-0.8628204602565503,0.9656272106702419,0.7464423197722565,0.7060605725214304,-0.9933435625793707,-0.5208971639576216,0.5573297406783615,0.58885304269862,0.8887278030820354,0.9302873489107262,-0.7732584809526759,-0.09741681311235073,-0.7571219131281515,0.5319995855568542,0.5590750505714399,-0.06940554811388866,-0.7558049785905798,0.33599675617167346,-0.44339886627350755,-0.8334637976250194,0.5780000551347448,-0.293519673103116,-0.22423863699135338,-0.6213996776148014,0.8898814357858287,0.4506304862831165,0.8218398677390792,0.2406839401181835,0.9388442306713733,0.5329678518537311,0.9842459568892863,-0.6754157372442942,-0.315797624582949,0.04417341672208819,0.37905960581912423,-0.611659117360557,0.9822270709978622,0.5146287177737094,-0.2972348327966168,-0.3196384481563237,-0.22144358169041123,0.5135126327336066,-0.7928612260926511,0.02483950221333142,0.623618862069538,-0.5752800380062608,-0.6197126266200084,0.2749784660849439,0.5469267604701886,0.4954686864816351,-0.8661988679150157,0.9860444924928435,-0.5464976007564193,0.31405143341118413,0.8257655170673952,-0.011249653138849736,0.5416780331410942,-0.22544879731217038,0.2850547636877119,-0.6017738446597676,-0.9160707438531597,-0.09418116229652584,-0.9925565187493073,-0.2891570774149699,0.9753247896519337,0.8678401019057242,0.2974336495805623,-0.16893263534109804,0.675038233510223,0.9391674595351542,0.724013693086524,-0.829549474506384,0.686044768929144,0.1892969834881153,0.12282457599230323,-0.7670122147666589,-0.7284593958641619,-0.011309183335526996,0.9922713570535864,0.45180736126875853,-0.31859333634744536,0.2498930962507322,-0.9350398065724044,0.6704534238290829,-0.3658661805683736,-0.375883645756818,0.644329151893267,-0.4130973661104027,0.7173138276722169,-0.8901739874623924,-0.39958976708615346,0.9281560033321843
-0.7261610374464575,-0.4834371981666483,-0.24083767832397318,-0.6939264792104352,-0.320117609951839,-0.1759403350754043,-0.8512054983507165,0.061924656685966806,-0.8497766778128291,-0.38322973640816826,-0.4003597288299967,-0.9545355286278163,0.9625077290111066,-0.34449231349265363,0.42360061545783645,0.7390097698185552,0.8628206331276049,0.20581282078543195,0.7031397834438475,-0.2749356759581838,-0.8096854690516131,-0.4716002975702469,-0.332429687405948,0.776816772278055,-0.6347620848355986,-0.5753790649439665,0.600743175727708,-0.5369612418252423,-0.4469702048377915,0.6829343849515082,0.10041677586496811,0.0826126622106611,0.718505160207497,0.6231542037846725,0.0978730013252691,0.15472376153320688,0.3809644363234135,-0.40558719774604723,0.10473349180668157,-0.4049078807169839,0.7906516254492071,0.5046038617311024,-0.9185251398102614,0.8376766276056209,-0.15965768556345306,0.315795024235048,-0.46190362064399837,-0.8958930650816614,-0.8625048980963981,0.8979676506623036,0.17660851782574416,-0.7863426075666791,-0.046045824251698786,-0.06155376420169212,-0.27774360170977297,0.08392882506386834,-0.4714354998051087,0.18170770912851641,0.12238094054199022,0.5882142372068131,-0.835982243209141,-0.6632403852771342,0.29697151360158824,0.1380304500564553,0.7333843872528343,0.2616777541078361,-0.9663090188754251,-0.563164238203337,0.41632299313934773,-0.661260832281982,0.9145831141200009,0.7276505929596442,0.019368905404009373,0.9792936952100766,-0.9894270199326993,0.04595024697590966,-0.45337117349072176,0.5893220265187511,0.5525246238982704,-0.6249000952742576,0.09512754139172586,-0.8812566782575382,-0.5779849646500059,0.33376457375945345,-0.6150564130391871,0.05556229193070972,-0.3114642629592046,-0.19095881322441266,0.181540256910667,0.8214924719681098,-0.42467449204086916,-0.501938646787631,0.7122799588675452,-0.7507023855014987,-0.15955163158477426,0.29667522915089006,-0.004645526387503374,0.955631689945023,-0.18891007317994002,-0.6176701225819345
-0.49412757618278325,-0.7436179283765554,-0.6312841353647973,0.28164111942356995,-0.7600455289010055,0.34204754604071574,-0.7351028515239331,-0.9195876087120824,0.9962899573146695,0.4897602952504785,0.46250496912299455,0.3681363373207862,-0.7340758597072976,-0.5637286562241755,0.9187996255250803,0.14914944772150607,0.3037059934467816,0.4344730095680702,0.659941415432455,-0.9724801568186905,-0.7860926934874508,-0.5873331062931642,-0.7112326004059979,0.44862842035238937,0.5711949635035418,0.7376022840851071,-0.3497767749838532,-0.17774632008784064,0.31904045520523083,0.3606290560225336,-0.11317645515323083,-0.596902119252738,0.27010314383976874,-0.5864370705304887,-0.29364362078904094,0.7399021486320643,0.7162271730119758,0.32460710768056655,-0.02017333375046393,0.8982860188766932,-0.12509836183587586,-0.4957774728081019,-0.1334132185044512,-0.6827898016362699,0.5627861751457555,0.6673800805150316,0.4966486313752474,0.04856399132419975,-0.5923202423244067,-0.7791670280500265,-0.42558012693080527,-0.4331076550583828,-0.6458798434413631,0.5381071271563711,-0.05353206715441927,0.5252666701315694,-0.8694099398481183,-0.09114188927646016,-0.39360862010344855,-0.5513685278692384,-0.5981519864733384,0.7276956182064944,0.6789359372382642,0.9270163534670308,-0.46072101353916106,-0.03929942517629792,-0.12374141954173834,-0.7330265340634321,0.5620156263473772,0.2904407156393314,-0.2308367011118997,0.9729862354474565,0.10349311694052377,0.2837769975360669,-0.7106156630840244,-0.4646484148317178,-0.2583318423922625,-0.4903776393844508,-0.8023308028010712,0.7240048148973854,0.03296105264814697,-0.37956564506287993,-0.19257052212507197,-0.8740644519454859,0.9143082631350847,-0.7857616954859232,0.7975513381185133,-0.49580246493652247,-0.5114116108754738,0.9153579275078612,0.8627432518595193,0.7117003144859391,0.14882734118394025,0.8488613446044819,0.8436549631200319,0.25503867115135015,0.9549034912635057,-0.9932583250240044,0.9172430339391535,-0.34524664627770907
0.37927555694709003,0.10774477451631648,0.1359021267488041,-0.9970789629069083,-0.6131617249940058,-0.7830675284174244,-0.3873238903152829,0.5283244315512281,-0.4976645753379625,0.6091863851538533,0.17238471209208228,0.2576940864615689,0.3396725631044808,0.9213079750772166,0.13043134754928953,-0.2862249896512936,-0.24015697133757974,0.24923844927949812,0.7805141396058211,-0.35056988826686997,0.7155928810856933,-0.2862386931272771,0.5178530550176967,0.06497197350009043,-0.013698902315234074,-0.13835361663249457,0.12487055385755541,0.37945859247845815,-0.7936151688522257,0.7918506136088928,-0.5373911349365816,0.7331031120401135,-0.5900812973516751,-0.175280250087668,0.9919121077450419,-0.8547920718399413,0.36192150398752965,0.9518545351709136,-0.11743764998866668,-0.7285575088749505,0.47604894957741695,-0.5630590860414955,-0.8062876308468601,-0.4870869217560021,0.8364069102331939,-0.18172363757673726,0.9826311659874154,0.28603845221737356,0.7796031303679478,0.7862054736775821,-0.8130340823409814,0.8471343254552708,0.223548071366237,-0.8129796861795218,-0.4993666441574762,0.19664693678753187,0.49283547146777784,0.8765434289114287,-0.517580001888118,-0.0479750679582851,-0.44583699791021436,-0.6659245393082944,0.5146527990083225,0.45732918391163047,0.852456433207494,-0.02090110157332714,0.9845139118486426,0.5914445729823259,0.7749365468434111,-0.7998129116190944,0.007400908811080464,-0.5413415443180345,0.15134959336623477,-0.9998141761555417,0.3927581660294355,0.8693096541896412,0.5066547759228319,0.11257372343449301,-0.6714112903639768,0.4778013988958474,0.9614098016501433,0.14340844782235318,0.33459718935575977,-0.6149107490171757,0.6446280502819144,-0.5315608868379147,-0.9095916638904777,-0.6412168712041371,0.6545549215237934,-0.6047106663491106,-0.410000064062251,-0.8774496814361026,-0.10106597504578274,0.23729242584876764,-0.9370181989986268,0.4514876889026349,0.44812378591542834,-0.2667151745091296,0.5131787788892739,0.522185210877562
0.6694927913957796,-0.13635495075688553,0.37583425735336506,0.667239336686678,-0.6818622578124696,-0.24382771540250192,-0.6572496984223182,-0.929740987225925,-0.6498085158401783,0.6858154221311268,-0.15928669112139326,-0.8303453808364636,-0.6849313495787208,-0.8535739458540128,-0.16989432113707492,-0.13076308028016803,0.39937507826983243,-0.6676216383853542,0.4273940253296771,0.42744461528952904,0.7676572751572988,0.06173160597632621,0.8018277128346611,0.18336583523415095,0.9237822132876197,0.17124094045769445,-0.339901419186768,-0.09388968113963081,0.6575510799470194,0.18853918511938716,0.3210332478179576,-0.5688248283621953,-0.10188285373320705,-0.6557299701728114,0.6733800589251002,-0.10984842063225231,-0.3685395976866981,0.21256262383084135,0.8524262269350049,0.5966042246194112,0.6712474080924353,-0.6074607013789393,-0.40893156266918607,0.545116134516116,-0.07026322294402765,-0.817950503904749,0.16280503742914654,0.5932035996693017,-0.7464421108241239,-0.8924156095126596,0.4740071550051803,0.06708578690234734,0.7143515961343778,0.12012969671669116,-0.21078589693705774,0.2993105587461937,0.4248979499580303,0.6334086974742732,-0.8943366033143636,-0.6404148110892569,0.7515981678932968,0.59788578937094,-0.5190341784357837,-0.8984836562213903,0.7166063130930274,0.0873410237494261,-0.8516541385427903,0.07800576913769985,-0.8328642347587354,0.050151743554569306,-0.8129269442013172,-0.4777196149218701,0.09781485998898654,0.6562202152358003,-0.9119628753107683,-0.01898329183094205,0.6758028597429449,-0.7205751418639712,0.5800562682823511,0.39755103940143255,-0.8212338161773225,-0.7043555583828682,-0.11530470741636711,-0.15575518129885446,0.2677089504409771,-0.839686233732982,0.5202791887796283,-0.07820158951528922,0.3626778762982974,0.9855037755850831,-0.32463702514827086,-0.9337877517122113,-0.9769407692544527,-0.9453563872679436,0.32976427213674087,-0.951585577981386,0.6191949654085938,-0.9393051850254268,-0.3550067817431104,0.5151170453756755
0.6159442758118985,0.17168107749615902,-0.8347347872263731,-0.6191559660318513,0.9061773092355321,-0.8034788006696247,0.5672993644221767,0.0780626780919389,-0.2569210073762005,0.5749315713472072,0.49694348824983336,0.20974154808880763,0.438450815525282,0.9768058114251019,-0.3743119481348238,0.34435711972650207,0.5893791305163354,0.008040184462175137,-0.42027640711472447,-0.41572413949960385,-0.6814510958635742,0.09155046660849253,-0.7041127741284925,0.33628713453389714,0.08002670819727076,-0.42563239498229066,0.044444321248733765,0.5359742056817394,-0.6988455030959106,0.6487140471224286,-0.4220456108239976,0.24330992681249763,-0.9150803340358491,-0.24110948340781957,-0.9192336722143937,-0.13062015969585228,-0.9474972926952481,0.1984232969411186,-0.9944088211352065,-0.47742940655659494,-0.5087743196204941,-0.3092956746121063,-0.3170217113392271,-0.27706651801021076,0.031781409309496134,0.060070442407706315,-0.1896333042126721,0.12600301389310253,-0.5283964512799324,-0.7014538824900967,-0.46118143928524,-0.5443104953964422,-0.35671916053345365,0.32264781071242554,-0.2675787164252048,0.6431564267014809,0.5702798154477058,-0.2493489424943971,-0.9162536926188571,0.4285762166883944,0.2500338177348558,-0.893926554817976,-0.5841669702471814,-0.1796330719872936,0.7120512368412137,0.11652474790846767,0.23618220321948913,0.5730464458277973,-0.9660112742727032,0.2487962808998494,0.27248994936206095,0.8771940448307445,0.8492847163352639,-0.630467144760986,-0.870970963527087,-0.46437862810501884,-0.9060267965772957,-0.7551790793947679,-0.216646876144184,0.6697964300003021,-0.7514710889726135,0.1115868824010331,0.058579262174758506,-0.9900565406440525,0.2511568178725987,-0.4826767450250382,0.7138915157880994,-0.6451098539311042,0.8968904387003447,-0.0031055527857843934,0.8617995716484685,0.03132669916534714,-0.24382415833798965,0.5277056423974633,0.056642601605393805,-0.8716681540055766,-0.46440112229843167,-0.6902781326621803,-0.8689388909712292,0.39328908026341547
0.23814936992381575,-0.4096977751554607,-0.65825772998149,0.1428408569870303,0.3389903555360281,0.46110354822123933,-0.18471757624169105,-0.6828142699493562,-0.5145675557934328,-0.1604005730676734,0.43398224011824094,-0.26348697062955106,0.4504570937907635,0.05664209173454404,-0.5722513630376327,-0.38082993088999917,0.5565896816827345,-0.8356634458606649,0.7468883848306365,0.6440738348690285,-0.4167493589900011,0.9644167815392064,-0.22023829584312438,-0.2906478353419646,0.5005859341273449,0.5153160138519388,0.732546908758088,-0.9153616102548081,-0.19344163255901625,-0.5418418836426122,0.3515018130696954,-0.3201385655482232,0.36636679153077756,-0.41233379853260455,0.9184368530730609,0.8228658993429883,-0.9534717996617501,-0.8307862807835333,-0.2454577340523978,-0.17761674833158003,-0.4404247125523659,-0.41879846881359617,0.15141881942706847,0.629443861996456,0.010432674233234573,0.8361028734220859,0.5440737936774849,0.46156014664419254,-0.2632564121269676,0.1121806457252228,0.0019396620802119013,-0.6430907423732337,0.9645998817001757,-0.33689754120268445,0.9449522366263545,-0.06863460525728415,0.6635067268787409,-0.8769398380267952,0.3765146037925631,-0.924918036316392,0.373654911504407,-0.8849531413148937,0.7059307737853564,-0.5223657905364056,0.8329718145151952,-0.5821256493071931,0.5300928626051182,-0.2898730755697354,0.6570511538716037,-0.4845658155214556,-0.3698523807007039,0.4177561122503939,-0.21055999802871028,-0.556242349643931,-0.7171678422995211,-0.7956486777952667,-0.810850222240306,0.19971037588631968,0.05242282847240576,0.4425034504919727,0.5747461635437427,0.0887558318425763,0.21291299127921848,-0.6027622335985852,0.1866354061874551,0.2617471915302121,-0.6040196941408358,-0.5664354840709722,-0.19001098507600678,-0.35395966471070683,-0.5485647910950908,0.7647655517853338,0.7096270626002172,0.4467216294533105,0.9124211830476714,0.8362607918686036,0.22375033440222714,0.009772889266407292,0.5167967075362947,-0.3451178671207733
-0.22131866074639883,-0.07657374500125758,0.0013670155164369202,-0.18560500772426525,0.10509964406916583,0.7280317474078248,0.7836477906760864,-0.9786561144663259,-0.6303423761024542,0.6406977180625386,0.9945262195272324,-0.9412035556720155,-0.7865084210844566,0.5572660329196257,-0.7759707488158281,-0.74418597165351,0.19439332967802492,0.8486529590654401,-0.5112283276260392,-0.2454177538476594,-0.05545397643993155,0.40567720677482555,-0.4722256998827883,-0.43270163501738135,0.9580034851442591,-0.7605981087629712,0.4495552764525539,-0.16897818570327594,-0.9938517826455644,0.24211620807827638,-0.5725964696442871,-0.2641903071143834,0.5841650716333473,-0.7321473973112711,-0.8841099131665835,-0.37754428977234067,-0.858174624912238,-0.7536527086668969,0.05192283748520121,0.5437348272655635,-0.4263276590577345,0.07845865625505866,-0.5483118261195794,-0.20599573061036303,-0.045306230441476636,0.676130459105613,0.17311416773935617,0.5130423753996622,-0.18544195302268984,-0.6587986228623031,0.44590810176250484,0.8832002761302231,0.21313666704244283,0.011705177245770582,-0.8529968970992807,-0.09741612859041004,-0.3296174654708106,-0.16346204166494882,-0.8155505172141295,0.8675557529402205,0.39083416381501657,0.714554559152234,-0.41210323378365565,0.03936048650898072,-0.18550413935381593,0.49429063562830433,0.6591661478107564,0.26095591517171557,0.5560368864541081,-0.3250163758151434,-0.015248940354700036,-0.2090068991680516,-0.1292575006740111,0.5814638248645834,-0.90728319407494,0.3873726590869624,-0.7669747062572403,-0.7424271043164137,0.5606135256072426,-0.9640623340182719,-0.915682957413078,-0.6141228545482593,0.9805165239481248,0.04051312632765369,-0.5936355835002349,-0.21882052126779694,0.7690792025242359,-0.8232405063782291,0.7424703950097589,-0.9454609545128925,-0.6920163678391562,-0.08874249350012242,-0.3592435726477321,0.4903225930460311,-0.8001085079791146,-0.6489836906255091,-0.5627918503578468,0.7949872514685004,-0.28840932172459266,0.6347953592210029
0.01815163419084831,-0.6331922048890524,0.144083009790982,-0.029227754080619173,0.6948634309361896,-0.15105288083773893,0.122741723718508,0.804835723975238,0.24235733167616424,0.9678397554828544,0.6627830753294088,-0.4191983528485397,0.9262581175616658,-0.7683428638860568,-0.3919876084273981,0.10906143493889275,0.587622739789037,0.9702937967692316,0.560486528189021,-0.3147814378374778,-0.5251486528383662,0.7256673673854288,0.8254485510332614,0.4733162357468139,0.05721591616414878,-0.18508550455986605,-0.5760785008408509,0.2902711536631375,0.2290170896628101,-0.751725747385616,-0.7950505216862895,-0.2588743500182944,0.38221555492232984,-0.9638916461813145,0.6445137269421108,0.014798944715303408,0.9863810027310516,0.16168725054781463,-0.8703201442467194,-0.4213007943963347,0.1481749889519517,0.8699231895174575,0.42930553846602915,-0.09378412377992129,-0.4895119729206101,0.6146497006058846,-0.19428986674221305,0.19570073047521164,0.14557475781106288,0.8851818982655175,-0.15852415909426676,0.24896780509822447,0.6161401178817152,0.7391599831062359,0.3135424002470324,0.6605643712386275,0.28349863893777205,0.5189892888115448,0.49203802242514705,0.3518172305565965,0.5221687999551854,0.7084043242961504,-0.8206906335182282,0.04442483627121918,-0.7096379021515757,0.5670615191188526,0.15855916416792315,0.2735540114631525,0.13752240312398678,-0.7061362962372035,0.13067974303579288,-0.4111849960495031,0.5445990040963646,0.7746768192886306,0.13896306781148327,0.5845971103735825,0.7136692731745686,0.9065769638884611,0.7810793547388275,-0.7832902642346236,0.6783727523734415,0.6141548278833275,-0.5539441809887939,0.5610562285973462,0.5525375600026554,-0.1402508109180307,0.1278302752949112,0.9212560644377623,-0.890454956772639,0.24443573802229146,-0.9540786595639192,0.11581709195640011,-0.6899983674586747,0.2804789411681392,-0.08563700670314423,-0.1645926837274052,0.7832149867790985,0.28387191060169537,-0.65217075125461,-0.568186293400798
0.12331931208121039,0.9893837530076692,-0.5437792909146284,0.2134621474206051,-0.3484438259877778,0.3250866473078742,0.8157200271159666,0.30037917560282024,0.7970437996099196,0.04041704741899754,0.31451836074986694,0.12230658169108932,-0.9650014514331335,0.6375459727784494,-0.4305971439478755,-0.9938555226139607,-0.3106342262026589,-0.18505564499970206,0.3271657693059038,0.9631961009272376,0.8044970139137364,0.13253567531715338,-0.13170358029991802,-0.9401202119998309,0.6091705240156013,0.5681521020418758,-0.18753813817333986,0.5262105369377461,0.08900084609619063,-0.7067754650988345,0.32183722057996,-0.813005212193715,0.10122790012410099,0.14582655397498767,-0.3105651526611308,0.2607056658387803,0.8469228421034618,-0.5667357889572815,0.1235881221581856,0.617484277873543,-0.8034944434164224,0.66122836896287,0.7645737550514571,0.5329820095045359,0.6144649316147659,-0.3726106349899321,-0.32629501848706455,0.8476519845488932,-0.7596281282316069,0.6866156785494222,0.5544372240758992,-0.202659017719804,-0.7020959222227217,0.17522242361729679,0.5462897019198938,0.6995270775114186,-0.4561970885687876,0.7979878044212172,0.7092738453962519,0.6650599235180399,-0.6715090799567502,0.5046656910141509,-0.9980436413509648,0.3354326762587987,0.027797213707091428,0.20078488276411544,0.8146780414169099,-0.22142742480926292,0.9968869843356445,-0.7664321089728137,0.9593010956533843,-0.225625134946416,-0.595882653071631,-0.8375717897964263,-0.6133342114938238,0.2237797280377294,0.6471210862620556,0.6466495671041275,-0.9490293406260588,0.8906870345208411,-0.24961712169926797,-0.8880274949659763,0.29657039462398105,-0.8397911296332692,0.25972404489716405,-0.853674398990917,0.47546069802929125,-0.8913529298732148,-0.1844179067961229,-0.6456215849086868,0.25907447221588664,-0.6082009692215824,0.16492487414812596,-0.11337276336441615,-0.1777300741228809,-0.7127037636891131,0.45995276225151205,-0.5589784586801696,-0.44039955332694203,-0.9663641915363301
-0.009462409605837774,-0.11461011173075875,-0.4369980932662194,-0.6753754309090676,0.4286307386000592,-0.10194982759005566,-0.720538992792052,-0.19356154258599356,0.7260326059407904,0.3427868504826541,0.1926240196405813,-0.31089903385248063,0.11092897949616609,-0.8158609606942087,0.7448966874494269,0.44997633435412765,0.6520120572170518,0.8456578013967451,0.8461801118805274,0.9639649117137761,0.13084274082303504,0.8649703353911369,-0.8664117787910532,0.5554797539643328,-0.954529860656278,0.8731489557621097,0.34926483830118205,-0.4744018455273198,0.9405939459095676,-0.6031215011676188,-0.09226712238620083,-0.8216263065153109,-0.7346686578662212,0.8627732442945264,-0.2842421276134417,0.8612220908887458,-0.5947628565916254,0.8316387677343817,-0.1973754002345609,-0.06561442398003625,0.8543336105220143,-0.07148992999432413,-0.5901659153469581,0.9922217264639426,0.8152758354585299,0.3560653940090024,-0.8428108304302817,-0.6732343733241493,-0.24034090172320566,-0.5622578598508585,-0.15620088222663142,0.6503347383930447,0.9590884248857627,-0.36448812287515,-0.06454458094018589,0.09222557505124263,0.9528662166739288,-0.2480377834846943,-0.6192256030700547,-0.1050212968239781,0.7828010867219586,0.09037758852136357,-0.3858035018354853,0.1851100481925041,0.4519732886737262,-0.6626128425515001,0.1576130438301364,-0.9044287481777202,0.7282456516562184,-0.4119669868011979,-0.9139974866348719,0.6349226399439012,-0.13768051154327732,-0.4304787517349593,-0.8941997552438452,-0.09652271561488046,0.364097479732721,0.6640008405091677,-0.20328084423544968,0.06836363834563808,0.8553679010536259,0.8100855866552155,0.4818329183896901,-0.0006833871114797496,0.026781576429578458,0.8303410587705422,-0.8496428726015461,0.6679157191735048,0.27812492984933446,0.7563629670675891,0.7885324630235859,0.17798615301018939,0.6546455648897886,-0.7953240777810571,-0.6132292112544424,0.0388489802268972,0.9473567816595394,-0.656760758571032,0.09225014358963879,0.46909594282131484
-0.0173883023203234,0.46245705614655064,0.21298817452685537,-0.5322709715682499,-0.14795899589980355,0.6526674513761519,0.7494665059826391,0.07871979837163368,0.7532861249891736,0.6961521434083626,-0.6455667831970491,0.3630634843694427,-0.36311673509441067,-0.9416860887636056,-0.5421834204729594,0.5005424536711462,0.9195347687421063,-0.9541626350160528,0.5712153718295592,0.17722318387923175,0.43836585635915615,-0.14262160058645335,0.3614906210766049,0.9889353829472505,-0.09285255553839744,0.40022309215499363,-0.19468131868684257,0.8763887658188403,-0.5281001642299814,-0.18983062329475042,0.5597717286289581,-0.7069116553649151,0.5848080220142278,-0.269827384285092,-0.9954970720988985,0.08124129688187653,-0.8312949887080412,0.681361320181791,-0.639102053286013,0.25834985597884375,-0.3442187953906799,-0.6815657006771993,0.9843016027414315,0.35749424805418695,0.31911029467047003,-0.9703356954859708,-0.3298979619283302,0.9777467466485845,0.8741175249949233,0.3734949866668671,-0.19013062761080568,-0.6993189642952435,-0.8542756509358072,0.3026033754660218,0.8741342153283167,-0.8544934394702013,0.1412365308216823,-0.3452149097939279,-0.2041391138893882,-0.08654855556841179,0.1883423321677924,-0.9211303657661913,0.18126542172222582,0.5451417815962731,-0.46296503789396315,-0.14007784987334926,0.21792253169205233,-0.4223918202020329,0.09345222813006715,-0.9676674313383267,-0.6833260785509039,0.7843531209019721,-0.9244237266350916,-0.33823672237418445,-0.9321779317945245,0.2103330596058557,0.45927358016072306,0.3246271586680991,0.08456464757250037,0.9500186699507971,0.1964457737915375,0.3828128613646522,0.014722466007852653,-0.4162647776548467,-0.7400236532369664,0.7649823368429784,-0.3245580815354656,0.47084941878512443,0.024411269330097074,0.25903205671932183,0.29454150921127376,-0.4328681327882504,-0.09627268275520451,0.09138477604888218,-0.0842290973301234,0.6205187849875446,0.825837433871619,0.3905607261483799,-0.11718888444206566,-0.286124260371188
-0.641915407251106,0.7903921089167729,-0.19669333923490107,-0.21900763396022582,-0.6080225029696511,0.5382146086113091,0.31345346848310585,-0.9475642154529043,0.23116574364910147,-0.4501999112896877,0.5604958545862413,0.9270472767058642,-0.87303781927513,0.25563796853560494,0.9467147657484705,-0.010203486525536709,0.0643946154783841,-0.23105119851266176,-0.7001658401336706,0.24728249869633978,0.8306365525195682,0.011610992211491977,0.4370794869290482,-0.6921693557941169,0.6681761909944939,-0.3597674441916219,0.15360854858388873,-0.012185677972556652,0.4995289599624264,0.5810560232893474,0.06428133425494797,0.36312546617369,-0.9986907482356779,0.28709891715999203,0.3646774534165882,0.5848104691130165,-0.26263816577386834,0.3910032550890328,0.7660409216567539,0.32714022539133913,0.7355750405841657,0.5111342965732966,-0.21969113676340601,0.45537720053701336,-0.3362461375353871,-0.08672910080561813,-0.9233684088195244,0.3460224885467511,-0.6641606795847852,0.7995335093404365,-0.648185584271266,0.49294558678018263,0.7049631979246334,-0.4633551202534776,-0.6348879198099546,0.0471697508271538,-0.07862836728103595,-0.21186598843176307,-0.719291681751312,0.6529368432644989,0.22277483782416385,-0.6286222243562161,-0.5067504102893321,0.9032797088190601,0.3670511772141323,0.4787210460909186,0.6934862325974176,0.5790701864866219,0.660616738593174,-0.5556056966440064,0.8812104492570132,0.09236417651883788,0.8030357796515699,0.14518894157612783,-0.7937947759004524,-0.1901978825863968,-0.47854319096197284,0.36893851579024606,0.8319942553025583,-0.626796416445967,0.5229964157624234,0.44484168275268576,0.8643222225204532,-0.6442028445906365,0.8900487772129575,-0.2218469356346231,0.9372559871590684,-0.6562856226615399,0.8921294747162496,-0.556695746357228,0.38919535610482736,-0.31334990963725873,0.21587514552001008,0.37287495091634804,-0.7955585535831207,0.7209004013453315,0.8791588769030756,-0.7875787532339467,0.42123057531147157,-0.2615371440976231
-0.9486814595516273,0.2916416598801628,0.03786997888757804,0.9125179556947809,0.8991541542131043,0.11736980563962973,-0.9687351791577958,-0.3591171688439265,-0.024463239714455076,0.36020613144792235,0.649723980750248,-0.5515865831434381,-0.6116809203234415,0.25625550185412593,-0.7600444424487642,0.3508534266630876,0.024620396261342936,0.1539291601554995,0.8526372437536287,-0.7736062122303189,-0.03756531180439837,-0.03150182716824279,-0.9062203288205295,0.043085185185440134,0.40937223037503845,0.16395391875532273,-0.46173243532402086,-0.9246189134417451,0.6771256381902646,-0.5796282679657527,-0.3848390417068117,-0.34950802782699486,-0.09264653760906127,-0.34646433848739666,-0.34446771141443877,-0.7855555531889817,0.45786494275196876,-0.2677797582838011,0.7721977712879715,0.6350776317638711,-0.04828873682258039,0.6917508237156678,0.049049557706384084,-0.5237023264347951,-0.14749983776618758,0.7031186568337713,-0.9084156600228437,0.9196004214997708,-0.4684911526332707,0.6932101570023073,0.39425183630375304,0.28662408593867017,-0.7817906099039496,0.9007735814118292,0.5849085314145241,-0.9296156201312884,-0.2922809842627534,-0.0867340507666412,0.23143752707857046,0.8959503024457915,-0.7559725985515287,0.18346960132898382,-0.054224572159564666,-0.8797153442342318,0.46500356249380337,-0.7367312050198793,-0.0439723580073339,-0.45663594661673024,-0.7404482180623722,0.6894043760635817,0.05356618103094113,0.712906789287715,-0.30336748954365245,-0.6744209544333033,-0.7263004640463893,-0.33821355465938785,0.6181957708730228,0.6187834855297076,-0.14369646584863816,-0.8832616812654428,-0.35108965837904194,0.5458511052067148,0.012878871195207031,0.5845911913259325,-0.10044065804906355,-0.11559702039453268,-0.40269965138148245,-0.6648202815917275,-0.014576275555765017,-0.3242189510135598,-0.32542933548757547,0.48160375495509733,0.33862951814552766,0.08269892084855424,-0.32092759411204175,0.1766424390966388,0.929070805962529,0.593204898637439,-0.36534543651926854,0.4253523028131774
0.22729564142275782,-0.644449777870906,-0.7422063156285628,0.9160102399346608,0.8209735023775364,0.9352687907662669,0.6248357697305118,-0.14378544710001218,-0.33541044555014765,-0.727749452999614,0.7020262778737776,0.7649799889237014,-0.9142501330980193,0.6032429830259274,-0.25499280334763186,-0.5408532234082919,0.2946801018477636,-0.535820870507536,0.9169226473036594,-0.7377442025743353,0.7547434691461539,0.7661681322932261,0.6541524397691121,0.5986242044862908,0.736970190962805,-0.8615148483463537,-0.9888605874184282,-0.3201404589335741,-0.9324213933678434,-0.5918174589661085,0.26601027586583537,0.11109210160605776,-0.635701929301099,-0.7992612379206796,-0.393475140864209,0.7022442448110731,0.04958378697795518,-0.23386488279960105,0.1728670093411544,0.9902008431663736,-0.018741188286656607,-0.0008310681120267116,0.7006840808743335,0.9809260954954195,-0.5558289673466634,-0.10199128242032596,0.27464365644496147,-0.11787234664915847,0.8989150120715526,0.2862911881995118,-0.7005906291767938,-0.9872692357042945,-0.2674117856329197,0.030628040206282847,0.4774969176006958,-0.6645821046942308,-0.26233131754527594,-0.5816983737095722,0.917383180105585,0.05165532556829788,0.6107695223922616,-0.6542521758740278,0.08672943424774915,0.6327120528498469,0.47409235140272643,-0.6191525632688604,-0.87416882624782,-0.5996378122779842,-0.7135747838219402,0.6823340899519308,-0.9858314301533706,-0.3902611043443105,-0.8147918275149988,-0.2456873396292858,-0.9837702976840417,-0.8202980381311389,-0.5105030325745346,-0.4752192573318206,-0.6796984046107974,0.4350891642681656,-0.07362782441069049,-0.9515492240710093,-0.6698817198435216,-0.05667851263246915,0.03736260095487065,-0.8258162190741702,-0.08794505630521243,0.5738458958367287,0.799703275413628,-0.03984084033576507,-0.35830227642743795,0.4936531927182677,-0.2736252015524909,0.25546905794188834,-0.03233329749604108,-0.24218079217143473,0.7254754688027323,0.8842754517897036,-0.3491315224402285,0.23722303048124993
0.021856335053860976,0.5510360725951069,0.3395684621021351,-0.09285343613605535,0.7993029155981222,0.10759953023625823,0.45911251160874866,-0.21500886897599014,0.0987481604372018,-0.6366949868457157,-0.12092696189357977,-0.7581404649403647,-0.06245504058079443,-0.873356126887102,0.37496568583054124,-0.6033576213881626,0.5744233089267365,0.4566069128702568,0.8515899563503986,0.31079217169514917,0.9332404462419217,0.9133820062557012,0.852174267608919,-0.3483547839255743,-0.654912275743609,0.1532961421488641,0.13374923034968256,0.2296184035256279,0.4819891514173189,0.7631174202441062,0.9106839463235443,0.465610257194937,0.5988059241615935,0.31449420532386685,0.17035347335581275,0.2807150230288289,-0.5274558729956091,0.10131785487939338,-0.5270905510081865,-0.6668723475172742,0.3066393340184135,0.4049405003212616,-0.5109576465286063,0.15521031403093,0.7890433004522852,-0.593626986142938,0.11188827365184006,-0.38387716909083336,-0.16424920972948454,-0.021793548393457263,0.2892129788253819,0.47422986840695147,0.7650126888320115,-0.5622679567104327,0.616483664409545,-0.42031441260672664,0.8837966921860025,0.14208743471837293,-0.4779241403127734,-0.4922075036524398,0.621526926056704,0.5498619153815116,0.2224256800933313,0.4500595497560338,-0.6390790657211558,-0.10634655351031697,0.6497380859843471,0.7212284741143253,-0.12240800257491946,-0.6264105503105639,-0.6513388687351094,-0.8602350479053025,-0.8891249547733409,-0.5070212980103417,0.8021451919659344,-0.06297797322652299,0.05400013790523217,-0.004598174709608882,-0.7749738214278641,-0.019345004738589466,0.790765446685258,-0.3462464639801479,0.15915711151415057,0.11662450352019493,0.8299615311465398,-0.5139456073840212,-0.7015208448755985,0.624641532826731,0.5054979618204418,-0.8028871844006138,0.5864672566102038,-0.20573662624950595,0.5811714936213093,0.7259563215716274,0.0959589509433576,-0.6534673416963652,0.7667429602811575,-0.4693768656105286,0.10842003656842447,0.2131599308674459
0.8794537735881587,0.7696508387565912,0.037247993103574295,0.011830789798841224,0.1378426170106224,-0.3013741570175097,-0.5788285330933391,0.47996224048799974,0.40990578947239054,-0.2556142260529415,0.02866910930520694,-0.6306875908852243,0.2748542656747932,-0.21130846553590032,-0.8782379806236618,0.6757089037082704,0.5012136815538413,0.9950913610102323,0.5371373748844532,-0.5960096118250935,-0.4437396231593216,-0.39579294269848875,0.8450893221475348,0.2908136856855432,0.6293454553584144,0.7103712528087001,0.14770463586947513,-0.781038322147507,-0.8671831287907443,0.6703681628678027,-0.6739905036375793,-0.579897167205712,0.45591556385928556,0.7970794726690253,0.735184968912143,-0.9543188396253464,-0.7015692495865873,0.15437688183009723,0.55844102690908,0.45953369053941273,0.17375902457949932,-0.3035049041508382,-0.9519401029873631,-0.39441868366540245,-0.044062520903584756,0.307509405432,0.4698442445901181,-0.6142974487440491,0.22416035567595305,-0.6073347641281122,-0.9901750448860351,-0.16883118462296687,-0.05980677779543675,-0.5791657911721837,0.18696992844142368,-0.8141415475503029,0.9348292069907507,-0.7096318990317061,-0.9031670744226772,-0.6981365571654525,-0.6964252275890173,-0.5855087614446202,-0.7638415714095401,0.37357190138082963,0.4008039975183306,-0.07931048556996134,-0.06689437102288243,0.3203656247203803,-0.8929930759196594,0.21167462723518748,0.49204214920755773,-0.8215268237004594,-0.7745808305951647,-0.19460742019853705,-0.7409950358676125,-0.6385860436878932,-0.758086418844641,0.4433413748728834,-0.10701799190064132,0.44599871848432615,0.3234353474166938,0.851061307328272,0.5199039792662405,0.864804822931794,-0.6040973376410756,0.2459480277713102,0.45936186930670164,-0.9259539500830738,0.1437676875657523,-0.13710289626891026,-0.3253736315905764,0.07229691763831769,0.32067443696912656,-0.08931349738498762,0.7537450293472974,0.6225184396127634,0.5532975125460731,-0.7927408643121754,0.5287201521545799,-0.435910028574807
-0.7990826503917507,-0.4310991313649799,0.5796739989278703,0.36608343414639966,0.2506967861177978,-0.7187775683115574,-0.3256887516402627,-0.9825156841214069,0.3298469681537042,0.9639676829372978,-0.6997438431334011,-0.4265740755859475,-0.7423851785493658,0.6799827638750997,0.18280242672046843,0.40125138829459384,-0.2665456087206739,0.9353526733811992,0.4431484100296439,0.6792921243753374,-0.8679648517002969,0.48422410690759476,0.3103127777760635,0.6107243140146248,-0.5707636666942637,0.3339011157880736,0.19240549721179567,-0.7435933384415674,0.3891211686053704,-0.0068838771657102615,-0.9658229235356601,-0.8056638802757379,0.9377710141798008,-0.7626993336993604,-0.44907612814372144,-0.15227575696753193,-0.28196785524942025,-0.3467221179658275,-0.26661878247009607,-0.3861096834753137,0.8480400909533143,-0.5759747796305701,-0.9459156951404026,0.8830253195009976,0.7762045970953315,0.5570421242143297,-0.9487089046709862,0.9801999998368687,0.8603704579743057,-0.15508042092453178,-0.27635484018547607,-0.6760922747953162,-0.5383864111076535,-0.010285820395786072,-0.8793820714004066,0.19813361196852886,-0.8769628786576604,0.43768196883123345,0.9279880387391684,-0.13755621871055856,0.7239285795511703,-0.955239215309305,-0.5435975025596083,-0.7470344474910067,-0.4372024307989002,0.30018854059506106,0.8022400007700872,-0.31521935284979397,-0.4778762913806074,0.7281103455811506,0.6555352788953062,0.36889738785825266,0.28408196579780376,-0.5563261851489396,0.4206634441979873,-0.42908841323281854,-0.5006051203810009,-0.7506106344333272,0.23227440361956897,0.8159610167905131,-0.18891999190167996,-0.007225937181289943,0.8284131105007602,0.2796773679774047,-0.2628678020359707,0.7860850660031968,-0.38348134423931834,-0.8702352289723159,-0.11437546327527026,0.3541369405147481,0.9960790775423067,-0.2560604023181856,-0.14965978498003918,-0.6550349899266639,-0.5078049264657316,-0.04085700449975227,-0.7871499488225706,0.6735404105497569,-0.49780089465162347,-0.131630256731331
-0.7788795375209512,0.10988280265627015,0.5383137482182618,0.5945181069314569,0.028366045991134792,-0.9225392161724053,-0.946709173826922,0.8229357709986427,0.5850598426546563,0.10768670186178286,-0.7992456190388535,-0.20272332018360517,0.5268884888769629,-0.8200386242719859,-0.6762512859135081,0.03255982760523901,0.08874526639474944,0.03370385017139199,0.6246723342949607,0.34038894424205846,-0.10447758276161334,-0.7037357152589057,-0.9390358944470796,0.4395852254060151,0.9484023353862612,0.40860754342082783,-0.07308933013029417,-0.6090284957235594,-0.9150987504633243,-0.09407374111314959,-0.5069939933138627,-0.07610767017869291,-0.5416219930032002,-0.8405848448160991,-0.9044032273740001,0.7404583437401846,-0.2777577345077804,0.06138826837968092,-0.4489044175739121,-0.39952686131753734,0.6020532906147409,-0.6500387472777687,0.4081294863902567,-0.9504197088266968,0.13026242606485017,-0.6365482755164271,0.06338338344401917,0.05624465162107528,-0.28933296431869526,-0.14818321610379592,-0.14103016859054152,-0.4924786910984793,-0.940631908110352,-0.7590072518399678,-0.9890666405295923,-0.6020704060828876,0.34210154121597736,0.7443361994177822,-0.5992687701141435,-0.19484029476963793,0.6451708944121903,0.8389124265125458,-0.12104752776072547,-0.4915577346335247,-0.12505024836008993,-0.21275185887800396,0.6463861487643949,-0.8421331740433913,0.17029437518230894,0.049231830843505575,0.6613860746953191,0.3989545085094812,-0.04999321670859169,-0.9358307412627209,0.9596456328929122,-0.19403132178181393,-0.14887291043747708,-0.3787974273401358,-0.3393365051323527,0.17862838543852222,0.5101920972438341,0.590206788725846,-0.8988448910872433,0.1770285738356958,0.3330730567478928,-0.7513531608294042,-0.4953667515911053,-0.9607042856660089,0.3102063873811689,0.17112920039820612,0.08775597465444629,0.8829532049899493,-0.8641105917014564,0.42980552558482854,0.5145744636645,0.715840633325389,0.2621491506164977,-0.4608874831472509,-0.9939462197564994,-0.5014189531250346
0.9949700043757097,-0.8684423518677666,0.5689153845924224,-0.9154061487984406,0.22111680520846266,0.003672063915398649,0.6156638799554963,-0.40474227597439216,0.6602619081427652,0.6434233262673887,0.8585220562305438,-0.20999957943967207,0.21221821798664187,0.9793957843307319,0.2777631912183869,0.2960538277792728,-0.6026724358909168,0.18063431142296404,0.3703114259284426,0.6273306073930303,-0.23555750246365403,0.11308402940491957,-0.41476796415365613,-0.17822557824737206,-0.23599195546728313,-0.8008464701706193,-0.5674328284717289,-0.4266899384178764,-0.9017916547503861,-0.0402162436989264,-0.4676517509186,-0.5334022368354134,-0.6516091560990349,-0.35536091868737785,-0.6339693336049406,0.4739359272850181,0.9340817409066573,0.33946300433538945,0.1902426822350305,0.16572787714693726,0.8239392655184632,0.9913411380431973,-0.10786404003182937,-0.9706790437251986,0.4229737791798407,0.8221416810767905,-0.6697145419802519,-0.13842599320230597,0.9760902964436171,0.3206445893580703,-0.947386097694304,-0.06546305044024003,0.031142494987574043,0.6396274552356669,0.08110067016260136,-0.6569436325774911,-0.8219543634244515,-0.8901550644483054,-0.6832830509430774,0.33071596412753834,-0.9451411868508961,0.6064990112251061,0.2555401363893073,-0.8098439000603652,0.8617776766707952,0.8730254701636382,0.8874283130949658,0.598371670897131,-0.5295785312447403,0.36869231912221,0.5018513443352204,0.14312493075363686,0.19094788289750753,0.7699019460834755,0.5600788531409642,-0.10283947138737948,-0.7067882135890897,-0.7760865973904612,0.9520226038166404,0.925038457250791,0.4619134640139382,0.075003631467365,0.25192134957980206,0.9291643841529882,0.8556067446095696,0.016434997775193638,0.6306377324513874,0.702801169017097,0.9410164139660917,0.8561514824480063,0.7883271762734014,-0.3917718449964531,-0.7235187119138791,0.5156653392351103,-0.0974173106729519,0.7603546661651335,-0.2878982793994802,0.0262906810260648,0.8542045836618217,0.1421752569504975
-0.11929281096876942,0.013695975747693767,-0.12466430764634961,-0.9769319513574279,-0.6548499306780924,0.6237405691399118,-0.4809986421451722,-0.9063553449692194,-0.051384727355865634,-0.053449486693977866,-0.8126058604000415,0.6851852413986617,0.6842375276821007,-0.23950018639223147,-0.8297439321941784,0.19136077766462423,-0.8169925843982466,0.2959039906856975,-0.8319349596776267,-0.6843380404874939,0.7819798961234738,0.34868092562470054,0.1808598826887624,0.5829265738330696,0.19980342195052403,-0.15305096567140675,0.8076232448918625,-0.6991259684658191,0.4524108879589521,-0.21579093368953495,0.8865403234816809,0.3405523289772121,0.6958647590448812,0.3291668539552177,-0.8999492486248246,-0.9137306125634659,-0.2907175089517644,0.4267639982389506,-0.48269711576817187,0.5809417082136419,0.5802331951405812,-0.15295441281060884,-0.2907799120672099,-0.9119576142079313,0.7991739742733239,0.28465362262892,-0.6459414290263239,-0.43176506945204074,0.7875256211829174,0.38186089028733017,0.1163752410431309,-0.33338617201350185,-0.24522631832893826,-0.7859822246576744,0.8620203354990406,0.16206749972498669,0.717986640405827,0.3172623167936275,0.28235380944845345,-0.6365494982473572,0.2799972451503212,0.7695349395982445,0.8524541917686537,0.40402206241568916,-0.43392002828290166,0.21964960360995822,-0.23253864725234452,-0.5026901555008452,-0.4703372577494904,0.22360787435335272,-0.948757927631666,-0.09388046694247998,-0.37521265221104927,-0.8704801433690426,-0.9767695046521836,0.12166628745224939,-0.7955806495854973,-0.7153206145792121,0.9624525745722292,-0.2888572725654037,0.5200984365218586,0.651039609764757,-0.18673808462594121,0.0852393142389043,-0.7498846054025994,0.005065693969447116,0.1477406913065027,0.5786883052984666,-0.5559948345136909,0.06924415230945558,0.06540688420366969,0.003617573200941804,0.22816048623752483,0.7606685524569188,-0.7250812204925354,-0.4829368383409305,-0.04095279944928465,0.9811903981495358,0.5057905543924763,-0.10965136286702082
0.15150049430355206,-0.15017113056697218,0.24647812296480853,-0.8731800453486764,-0.4002006340942823,-0.5710964054061356,0.6593925075672,0.17299587869733157,0.5133772044512781,0.4495417065662912,-0.2845057746591997,0.5109821109046901,0.19938012421275664,0.6297267401701971,0.9971579733602471,0.7462655932392339,0.4294695467856451,-0.7840790713928805,-0.5733124095930102,0.43942890178609617,0.7888849377695384,-0.31654196699588955,0.962025243768474,-0.9124182772882188,-0.4909749430236585,0.11258754895692413,-0.8112088829188304,-0.3350985679066354,0.6601175770212968,-0.9561382545529342,-0.6688532775593374,0.8128581636570134,-0.4431666769016318,-0.3958236650289304,-0.7107108792337369,-0.7508613375383673,-0.8052771027547461,-0.364232649649892,-0.9368684012734607,-0.6135027751771429,-0.42169566044807305,-0.9434900762483782,0.134438669925792,-0.19587050609099954,-0.8736408133797913,0.5112110039641791,-0.03152081524467931,0.8231081356310543,0.4950436065395709,0.5447997378675224,-0.7464454367727846,-0.48261628159065273,0.07648029287508984,0.5060163221749836,0.2609738415752485,0.09340875656965086,0.9128522114091084,0.45897153024154225,0.7325975060567949,-0.07654987523961165,0.10230590619832558,-0.8062037785127969,-0.8407610886864221,-0.45825984457583036,0.03394318890260006,0.9905528143731692,0.5745537314783655,0.6794692624576095,0.24509503222566775,0.8382334469932264,0.2531801965315901,0.8943698594723113,0.09183003637470444,0.23293633257102875,0.0768075081319608,0.6095326977243731,-0.5020484373140226,0.9505116281177042,-0.20834486638785465,0.23709019347357918,-0.11930673850155205,0.8606195823359963,-0.2376751666185053,-0.3752993838684391,0.7850463966538346,-0.8194082628588883,-0.31943001466464715,-0.47756224902128896,-0.37288865739734045,0.31981320752651277,-0.7787080388647794,0.22739421032022955,0.4447631776199956,0.35904608935984106,-0.8828238420960535,0.3749052551544605,-0.04448656745725854,-0.2773678564072177,0.39398178352040536,-0.23702018128106284
0.389533341593868,-0.2974779141934438,-0.8592326868402835,-0.8427873488890805,0.3655321110516436,-0.8762657608528552,0.665048041880228,0.07563493777373909,0.5425847851520684,0.615007808728304,-0.585716926734912,-0.371223982445108,-0.17842081225120698,0.4187132514658345,-0.7484739258884145,0.02933556704623763,-0.4801893185428703,-0.2552232503966414,-0.8883772733959121,-0.028983741884256453,-0.9016965474967182,0.18823478603458388,0.3026547070205188,-0.39773448099205555,-0.7282265082193409,0.06070570604912562,0.16072778776612506,-0.6421449177420393,-0.41336527585225635,-0.24732896687626837,-0.2499106573699652,0.7303678136165692,0.5710342660997751,0.48112013729757463,0.11350474675581546,-0.13018397344142207,-0.004993104778821866,-0.8999953072238791,0.5783558403820392,-0.4757384037698913,-0.971289846000204,0.5810059447794094,-0.37851583488661644,-0.15281863711508548,-0.2716249601538585,0.512532598422409,-0.32016652021530345,0.7849272195873289,0.14242029861541505,0.5650336735396284,-0.3829571937321814,-0.3621354853397931,-0.5585346491293981,0.5625189916256346,0.6105292530150819,-0.942217328769692,-0.738288339338949,0.7140746531222841,-0.2609406671212833,0.5978599250977719,0.7517712918111741,0.5665582139910179,0.7085764502515395,-0.6313492838975088,-0.16253205632407486,0.4011968417345053,-0.891615195447226,-0.20701923023724556,-0.33199583584591075,0.2164802901003282,-0.5421957682765679,-0.8926018624133454,0.3895851065503866,0.3505351010783857,-0.6794717184368448,-0.6265238952873009,-0.6501841820455221,-0.4117753478729138,0.9265579396789754,0.5963838018764009,-0.14363603347042253,0.7627084177488817,0.3878992595768591,-0.05210314228212454,-0.19752780892943522,0.5276178168655221,0.22654625873762768,-0.2197129722275004,-0.7926873999973376,-0.6462449687580676,0.4182819423600126,-0.8001705990388968,-0.25498145951749507,0.9448244251577085,0.006720987190090177,0.9130905904054796,0.06681780214431798,0.03413900195684838,-0.22351014623979482,-0.8800627737325537
0.5209858850305862,0.958857708228386,-0.9699719830103539,-0.050829342174382175,0.03254075321523131,-0.20783808110355806,0.42193410537442877,0.9832739317242707,-0.7442956984656484,0.7492376130689999,-0.6542216900312965,0.1910487842929145,0.8835371488089101,-0.11182332142106888,0.5711869582126345,-0.9727600525172746,0.6038280170142221,-0.10776926376059648,0.9884320455533016,-0.18290263723539835,-0.473755555559072,-0.671780114790886,0.6239779803900147,-0.8477206208217929,0.46089372204106627,0.8390435004923327,-0.8930575668232004,0.05752377586407231,-0.5423848668423927,0.5194443000033191,-0.04255638506784565,-0.5440481092023297,-0.3085615382129805,0.17748440399015286,-0.2282611002564674,0.5051179607553771,-0.9038126250922045,0.10821526274613147,0.9474058273285773,0.271116020810658,-0.2630084308475098,-0.4705457993151547,0.028112205487913267,-0.3804741035712258,-0.7531881977357102,0.11498416505330966,0.50235709894539,0.006925379101915263,0.7572999038281707,-0.27594164316481495,0.5048429068915286,0.9000472466402463,-0.9057018454158974,0.35164126671214024,-0.14152548828028633,-0.3889938346621209,-0.2651455359875121,0.3044140706542737,-0.3229215928946807,-0.7087160070259821,-0.6063813441170762,0.7601089488968817,-0.7771926799424933,0.8889286695949596,-0.6916723410091585,0.42585046566613727,-0.10510119370421833,0.53950185384254,0.22955323406085348,0.4729579647030264,0.9543010516651489,0.3643441936386371,0.24158006509303775,0.6311978099240265,-0.8302664242573066,-0.12322327641888897,0.5471073001346585,0.5283145488244285,-0.5142075916454487,-0.41306034259401425,0.2830313247221441,0.48452298591073806,-0.02142958090124969,-0.9385898084695914,0.7352196698278788,0.1101776888802044,-0.24098605386789163,-0.6605680909805336,-0.854448066685509,-0.050534377193001134,0.42843355257236326,0.31010959361347523,-0.8784435719073398,0.6935897628556422,0.21348105049190158,-0.22595025655156098,-0.506124052007473,-0.9165949038426591,-0.3420973760670696,0.2706832914704369
-0.9335997196046562,0.21776157609119928,0.5856523361632355,-0.5409111928194805,0.4383732161718408,0.006082636561147936,-0.7103473057334821,0.24825791856339907,-0.5411254863288393,0.6955409233200309,0.7621931479213191,-0.9763693953191652,0.7156769472484668,0.7264456108213164,0.5756785070057091,0.4806126073574566,0.029404432611518594,0.4303107689706527,-0.20732195018914967,-0.051658727151804085,-0.4267885310323749,0.8100059638464578,0.6851203355935909,-0.309319243000469,-0.6555000502041857,-0.49179479100714185,0.8335795353356887,0.9110230111996003,-0.4766944756822651,-0.14500504652429824,0.6517036934455778,-0.5794679698430116,0.07016043184709808,-0.27673647271940083,-0.8680852282775726,0.20553481011898933,-0.5651146106371814,0.40915360725340566,0.10494212965895433,-0.9688608103724274,0.372480819387897,0.511303527807419,0.6009061146680559,0.3390362161472227,-0.5181528680972847,0.19151283984382217,-0.7058328757192065,-0.08701334952794038,0.004678450710957183,0.32214095079089344,0.7482669284770886,0.47068228402728685,0.6078102383330302,0.13579707710861744,-0.14883008616906435,0.17265168618699578,0.028984930759835326,-0.6899928914785503,0.7734496260335173,0.3811998307533626,-0.8781582667518402,0.9864153412771792,-0.3709958421999089,0.15755034540709212,-0.7343101972712511,-0.041317446460513496,-0.45151829958341017,-0.10117172180080813,-0.7249394170374706,-0.24631566952837725,-0.9271416245367554,-0.8209165653311032,0.45779877880954256,0.1964347294039579,0.4953979844377472,-0.23732297553907933,-0.4947335395957597,-0.46440076631007843,0.8091171265205008,0.6632831030599333,0.2973949644920848,0.18478578998938877,-0.6745319288750968,-0.5290683472414739,0.13602634954972226,-0.7935933150209804,0.951571823846245,0.9706610239456794,0.31906195804038084,-6.164565557909008e-05,-0.21620565772130185,0.6338227861689978,0.8874029201502132,0.13316248670354858,0.966810869759358,0.03416220645508261,0.029367877902891637,-0.9012477887914974,0.1561481290615474,0.8482460709227788
-0.6644335069402207,-0.7577468299153136,0.6324286627318407,-0.9701943369937798,-0.5399611119072267,0.7779273242073148,-0.9674451043750234,0.3833299357000224,-0.22812036482529163,-0.1320589575260518,-0.7707713388605475,0.8200815026432346,0.015846369285509754,0.2627581744919194,0.342946065483029,0.1162168222598785,0.6040763359775445,-0.03830710478326749,-0.22753234026279,-0.9775918342509713,-0.8327771899427494,-0.4090565861858304,-0.2546573075098413,0.5937191708824108,-0.4224722227199105,0.8345383513645221,-0.5295363977888068,0.10606503917817744,0.85711235283799,0.299751285373697,0.2823065659911237,-0.829895234262457,0.020669501351075592,-0.905270639268029,-0.034824307615107575,-0.15771967495920713,0.5021502787833565,0.7124290995349207,0.2830290516950591,-0.6100251776745642,-0.38133996116119584,0.7327091393238603,0.1774031865059169,0.6641150515717447,0.5802109703072629,-0.9302615820817663,-0.6028885136047715,0.546189367690461,-0.9661966047131412,0.670602154010487,-0.19144459193945984,-0.6352411508037403,-0.25988343630180166,0.6311607104383066,0.8869168211433882,0.9049937537639512,0.17665258615001145,-0.12493025013668624,-0.8509342472045505,-0.960909680978367,0.37806321749206173,-0.12817668269796934,0.9448882177008209,0.33688392326137495,-0.15583639936637073,-0.8159449387516715,-0.973916174397065,0.29460967172663466,0.8322797472919292,-0.40181836683297556,-0.8269165052628702,-0.8194074525821262,0.6814469231934712,0.9862350812941214,-0.5504090936961539,-0.43561492857954454,0.6155257142636319,0.08330768829481316,-0.7988568335946906,0.22823700037516503,0.8447896527693846,0.1829625706205451,0.5448518487604521,-0.061132445306216754,0.04558549247943655,-0.9699112122165525,0.5460111582532201,0.5204175739682813,-0.14020698637231566,0.09646952453705793,-0.4115978098815518,-0.7183465752315426,0.06859166511320458,0.13493610269727863,0.2436601579972566,-0.6813887746868392,0.21386649398674562,0.5698232802067194,0.05590896657228228,0.07987122883571729
0.11606013112397173,0.04007802751222389,0.270558142151724,-0.7633734424042937,0.05827724926183375,0.3642563918294286,0.2816774321391442,0.5631785633320394,-0.8547043001043146,-0.9387302492410579,0.6057015000486656,-0.14249136774822957,-0.2739573053488986,0.6877859097351784,0.1386993893157047,0.7935843672909522,-0.9532527373252295,0.1894031947366528,-0.7469916042346219,0.8865360332574765,-0.7345979000387648,0.7623590484491316,0.5280010251440277,-0.28298661925566027,0.6985402548818627,0.2621194798048827,0.15462445555728377,0.6620740275484587,-0.6264560613015231,-0.9706149205159298,0.9555557232895389,0.10659204207033768,-0.9883112794004021,0.8872162100732162,0.7946446921175667,-0.2629124531965803,-0.7215995797403876,-0.85432067835383,-0.07802897153486454,-0.32877119614933803,-0.3712908331824032,0.9146738218930146,-0.07885871102425623,-0.08616369529385381,0.41213268176037565,0.3419284186952294,-0.7240605132538416,-0.4064042808846151,0.2042463598382207,0.5681167107020062,-0.8068560132114491,0.34594854410342335,0.6695713645962034,0.10285163141270615,-0.4393382356777482,0.21710334290221467,0.18444124464411926,0.8799307664896663,-0.12851509055091248,-0.6459476923537435,-0.7181734501844863,0.8860502612222423,-0.3314651472534722,0.17526975385022348,-0.10144179979868895,0.6223255203237077,0.7632828950241699,0.8268259001356288,-0.47133237539222717,0.46282256195606797,-0.4671979111992146,-0.7362193002516659,0.6466149919264332,-0.3067771094886176,-0.4127030466072499,-0.027786868312374313,0.6700166470612798,-0.36207910723808934,0.5590045825510861,-0.7471619098948519,0.6898436781462707,-0.7169281225453537,0.6891281734353825,-0.265662260399089,0.6610090732583531,0.42061323783580384,-0.9638763675377231,0.4686346657541549,-0.873261337993767,-0.20140312284890882,0.8506815389413647,0.7969528487648239,-0.17998250908987257,0.9012782879597117,-0.08128368598703939,-0.5774557616221785,-0.7279751408331674,0.6952366361695039,-0.05999459338367785,-0.6447493507996398
-0.6740899992057328,0.11998001651505441,-0.34380328822994,0.44223899968681946,0.5750949275493407,-0.9898862681029623,-0.8220811860937653,0.040341297566140355,0.8906397359432876,0.6336541699872933,-0.634463561163578,0.3776946106823915,0.4341535188648695,-0.5192590491460345,-0.7275005579935641,-0.16062940549123317,-0.2210278519750013,0.8679207793212671,0.8483919640069035,0.5896826054517774,-0.2537167518400105,-0.03705935081972056,-0.8821650924339715,-0.2971354582463035,0.12491653325379515,0.39602990080502787,0.8975827404707946,-0.8170663548086785,0.1487218942016586,0.9494491368685021,0.2208368208706415,0.6876810113165057,0.7718171597609269,-0.7815853956184555,0.6325632282635161,-0.8276527030023431,-0.6281404431551147,-0.8382583447168541,0.7602238810601769,0.48773634974252156,-0.545174465373095,0.6338809261053,0.5878901845304505,-0.8935197767493799,0.13902375304943737,-0.6007808589361587,-0.9343439122680508,-0.8582396535625758,-0.13962406525539706,-0.37217979609242935,-0.9705883263855652,0.9139622074941829,-0.48714862903876677,0.4013221238550111,0.9759485222942501,-0.8267525899819053,0.008360021919049165,0.5704151736536378,0.12354875670934473,-0.3455423906575614,-0.4139288630038003,0.6214563346782285,-0.7183015078686363,0.13497395101045018,-0.0633495686470813,0.1861961566706436,0.1461686970791003,0.730409024021972,-0.1757499673275087,-0.7369898766997764,-0.4858183223153869,0.9130997728141752,0.5319822149808269,-0.17316079383593252,0.46540491414205376,0.9186723325312915,0.5860630679272167,0.029340802515975595,-0.7174986455231278,-0.05173015293203931,0.6095469640322717,0.6218735804918378,-0.8347150800642762,0.80339306250978,0.4507057185984573,-0.8585535282563914,-0.4843661437587419,-0.9091921276788553,-0.29640998282010567,0.12296068167668328,0.22154774372699393,-0.556441922715271,-0.6336482306015383,-0.06345586639043899,-0.4064601627985278,0.9416404050834275,0.5673431126872877,0.45674406528388034,-0.12429920947501705,0.048035826741767984
0.7626178983428535,-0.5160868415624633,0.7427142250298893,-0.6972321358222238,0.05987936348431533,-0.18873685803943574,-0.4539830091742636,0.09134004168840826,-0.9221644141475571,-0.1414661489754223,-0.6124877245979607,0.0959073784802762,0.979452874030885,0.9929117448832232,0.7819915011461931,0.8618978789738121,0.0067596464638699505,0.09432493602692671,0.9353460099827757,-0.3641610175341081,-0.5442969891037781,0.8422746804564782,0.5955872521959809,0.2612439538396474,0.6996193125533354,-0.1882156146317051,-0.7242005088896735,-0.9051343153290701,-0.33201500694345,-0.10896784340881704,-0.11133299876731662,-0.44659956239628906,-0.899758094646431,-0.27978783176860755,0.2397492577964595,-0.29512156426814773,-0.2715558415514092,-0.2058682119927442,-0.5880200331722045,-0.6344554762663466,0.6493038983603292,0.1881332402529463,0.08168430532391868,-0.33338700380454456,0.5313195485555,-0.7857197367771691,-0.013230984971760895,0.39967434569408433,0.4612397406631161,0.3321648238616115,0.20017682167465511,0.7789664303298443,-0.8005402542495432,-0.8333306760075481,-0.7997658779814882,0.5578183607386109,0.8828075734958087,-0.8104905545558481,0.9725604308646629,-0.9618067869197695,-0.3429320781612202,-0.4101361229395928,0.8848589576063335,0.3639543263474865,-0.8920331793019531,0.40539437796395417,-0.6636198217593745,-0.9524139850419329,0.43417351873192933,-0.25810192645524066,-0.5323843163978006,0.6351452755915687,0.8643350641138738,0.39726519495989043,-0.8336843448491704,-0.6457470357684658,-0.9986999348853707,-0.8346139987280756,-0.729533669617163,-0.12452523557667572,-0.3725059809545641,0.5877725020065576,0.13178061481333359,0.7438458794650276,-0.8809579311225464,-0.6841826459775628,-0.16463847816666144,0.6249120488708619,0.8379457153495238,-0.8421201807333896,-0.7780124047806771,-0.5708024373229794,0.4389485110417217,-0.6338144405706885,0.7570155761692601,0.9332248240403476,0.3093527210710254,0.37278721612990706,-0.4807406598306516,0.2674330307632202
0.23527041583931863,-0.936018758445059,-0.43496090108415664,0.9117232834511031,-0.015374614299937361,0.5299699372491573,0.40836894797180334,0.6890496183802952,-0.07260881967901511,0.10148906781550449,0.8615006559173102,0.4165939799422551,0.17977438381420674,-0.2676850461376712,-0.9438993347666371,-0.5388007660742542,0.5019922231023548,-0.8684742890574859,-0.9805545064424401,-0.21465916502705795,0.9147852462163331,0.24408139610635926,0.9396694496879345,0.5457227039540964,-0.9755903601160134,0.38005874897930636,0.15795642314132285,-0.9939916092539707,-0.3035803865483926,0.875375360718857,0.7565737547652864,-0.1431835137962234,0.012964570694784072,0.3974593873665322,0.5206341636808418,-0.8711810697315836,0.08552213460045888,0.25372199138150986,0.8197145625024325,0.910823512395939,0.980971301405746,-0.3263785260841232,0.2307472469895997,0.7838137771824361,0.919688709757378,-0.28165165564256656,0.5199303887790852,-0.5127380354806399,-0.2524003582295078,0.13416441292267445,-0.7069841467484146,-0.27730802613612493,-0.8586766416839113,-0.8813502429789741,0.9275082124306673,0.1387889674390883,0.15521806497943724,0.28825064032109937,-0.2044330750228025,-0.14305366660796737,0.8280143426184836,0.648495607785851,-0.8824203748451511,0.09347063879456186,0.4342576479797411,-0.04499870147156826,-0.9118223372356011,0.39090369485972243,-0.5167281777245416,-0.0420360341525996,-0.46588823654669254,0.3604361582593081,0.43331289127116546,0.9128333064586514,0.324424716738543,0.14055199695047804,-0.422047938305784,0.16210633067621694,0.926360308923579,-0.25006272104549376,-0.5499434021039129,-0.994441831221722,-0.01844697507506221,-0.24604609968121682,0.6961324937121767,-0.6856489280734319,-0.34381653356477715,-0.5640675848621115,0.2657662085881656,0.6568845363118379,-0.8542429284270068,-0.574966863015768,-0.24103411565566657,-0.4897922556101102,0.7976878939742296,-0.6327102141697845,-0.7884642711374388,0.07447782538490233,-0.63245949771832,-0.87770338911211
-0.6264596780912361,0.8940499063235843,0.40491290061322394,-0.7010967400843631,0.5785536501008623,-0.3845694611813133,0.7120229318030016,-0.8605119881744185,0.47445754390142736,-0.9361034099561323,-0.920332362604871,0.7900604291609974,-0.1564903134266995,0.3535337902068323,-0.2876610123472618,-0.9887628013311816,0.528610854731131,0.0820277267066516,0.8270489933193406,0.02087349076981626,-0.5140485612460302,-0.6970663832664723,0.8057058321930208,-0.8232275041337895,-0.2148358457673818,-0.5601118982646123,-0.7278378365000144,0.8550367803349379,-0.43682022547148613,0.3566765686051805,0.9153755452525048,0.8470592336668783,-0.08692290881152465,0.5084741842218832,0.9920449936773301,0.11296710058978765,0.9640431187008376,-0.09770477826479662,0.71441973098507,0.7214075056622631,-0.8245463196785463,0.18683817590693597,0.18719339029589332,-0.1530045373486748,-0.6650258094781438,-0.9071475829043216,0.9065025127405562,-0.5194612231987676,0.34207293099324176,0.7646106508252164,0.5946790130208639,0.769488583418948,-0.7170693955187035,-0.2599120087366833,0.04132150391546796,-0.844524633052431,-0.07611250902260314,-0.07326540514933866,-0.9506717816754722,0.19167547115806238,-0.997805254052119,-0.11016467042961064,-0.8183317810125188,-0.3114955001793247,-0.6757947172872758,0.42738851535222433,0.10146152982293355,-0.638134908839388,-0.13710183351600125,0.9148704285658671,-0.8020506851816935,0.5905233861207129,0.45111430675168696,-0.6581664224337762,-0.2948567136093325,0.8207715380852358,0.5713526923133869,0.04450794417933701,0.8197216464405208,0.4455787987154114,0.37279090830746386,0.13108678302859267,-0.13253030022358891,0.5456051098117911,0.006265780874050719,-0.5771280000279764,-0.25714323919541027,0.10047615394891962,-0.836893935049623,0.17708252192623242,-0.3741052960012101,0.4992493162117897,0.3805347676994213,-0.05910964060605495,0.40795541838902083,-0.811607250843648,0.1120259391779308,-0.9110858632798535,-0.8993121422765784,0.9848305847216636
-0.32066124801087614,-0.5273336398787767,0.0699560011265854,0.6165916725898415,0.20774777022123492,-0.568105547619332,0.09497779576613663,-0.2491245775124955,0.8852096819068969,0.017040638753993198,0.16376892446863445,0.7984293724950886,0.6074116454879122,-0.4477780560895974,0.9228898567269428,-0.37801651855956564,-0.8931591114795725,-0.8080510348762733,0.02782726493629961,-0.66375728365209,0.5079855095859178,-0.6749728470859058,-0.892051321601387,0.10239968022333734,0.23008381269194977,0.07330915521771941,0.25054411480756444,0.6773653176334848,-0.542723072539713,0.3249707213865871,-0.6890258780247036,-0.4960759566920918,-0.4451513844915538,-0.025450617262676722,-0.44247775294134506,-0.5771549682148953,-0.7366418104685135,0.498612148467515,0.049801256474445,-0.7805875231915864,-0.15707963743898157,0.9069726311647668,-0.28019691143521186,0.20488693878859543,-0.6074338301852229,-0.9795842368434928,-0.7469340155166495,0.25460555754283676,-0.9739084671798248,-0.9277686382227561,-0.5842847082216214,-0.8985846597403555,0.8742092358230666,0.39175710304480327,-0.5619649611059532,-0.7375989089819119,0.43387903927127547,-0.003945956242453308,0.7009729732627812,-0.7456157699904951,0.7516210392599614,-0.512601489232023,0.4357046662861599,-0.917142333112491,0.5536921882525689,-0.7387144490579052,-0.8129258987616199,-0.32906970551109493,-0.9059303342229428,-0.49306868916939384,-0.6059170960949982,0.3643638638311799,0.6497569092726874,-0.3111313027851683,0.5860943882893141,-0.5383817563220454,0.6563536143298501,-0.08616388649346152,-0.2882821500616721,0.8061867294395297,-0.8080923913254554,0.07453814483053911,-0.7359616642012428,-0.8579246746929439,-0.9541644803917217,-0.6762017460067817,0.1964299096116251,-0.1685788529718486,0.7669207872890631,0.3715754446131021,0.4845927070681382,-0.06064708086046622,-0.2437597831310463,0.2162369197737668,0.7212012103928662,-0.6817572924190716,0.498148366150061,0.06177185800924545,-0.7613367297632636,0.5703163896377628
-0.47265870499698104,0.6842937166297569,0.48374810131210455,0.6423559229955926,-0.8662383314953932,-0.22580125343975355,-0.6755952812606729,0.1349781763726452,0.6029168794845694,-0.5939518818425242,-0.7629691150814362,-0.026304244786618636,0.002174422977523127,-0.2662150203308047,0.11436009235379241,-0.2628511940115841,0.6824771228087549,0.6828692103879519,0.8148223518320354,-0.0789908475570873,0.5062858444007179,0.7818494743195081,-0.23367057392198043,0.40085241785647296,0.8597231083061048,-0.8317746584068546,0.024289977612821145,-0.2125672197036328,-0.27665899603896515,-0.3936066093860042,-0.4261205527364773,0.5261341301086928,-0.49052856414760515,0.3120541726973316,-0.11804945818614487,-0.13702964199310186,0.9593931316785091,0.3697156206692689,0.209318321499381,-0.6228709710049669,-0.550560540444361,-0.16633547330215714,-0.9829277202144138,0.2944464624601364,-0.2461423699963865,-0.09276932195167631,-0.7410484575255312,-0.6621133925715039,-0.7306207353794594,0.7641283994022505,-0.7650577114751989,-0.4089645748040458,-0.7062838933508633,-0.5671157123769752,-0.1781286796113164,-0.7251091313416489,0.657497297806203,-0.31295466511192416,0.3090920530975647,0.390852679618618,-0.46688989291330985,-0.6973888411907576,0.3583556043310028,0.7003007160609678,0.2724644375783851,0.9099195605410753,0.06760188542235168,-0.01401537732566105,0.9726573615389844,0.900742019522836,0.23539850261935746,0.47981058989129455,0.8606103123361453,-0.7049621844370659,-0.5197958391255904,-0.37773019213319037,0.6413212226512399,-0.8307292214331776,0.2015702660514953,0.3653965649048425,-0.4726605680495033,-0.597973606590843,-0.3223290472477982,-0.5211561189985043,-0.732044194338241,0.9313875133157621,0.9786478024979453,0.8944694021483219,0.9482166313826432,-0.6266820149278132,-0.2687334020925993,-0.8847936188478693,0.06325750404373132,-0.550174307144842,-0.47851590887851736,-0.5953862376605892,0.6304730480124723,0.6178336246240783,-0.5182287383444857,-0.8426288410066691
0.6689076627171686,0.6966789762446448,0.0580039992855228,-0.18866442102209602,-0.2522758993485892,0.43753594558054476,-0.26041013205696495,-0.06619103583154073,0.4555284141064331,0.8322752071891568,0.12743097059636566,-0.46287401766509584,-0.3383496583094294,-0.09293718037938148,0.17365303206602234,0.7898289817653894,0.5949752627367435,-0.46349767265102737,0.5441773674300523,0.8029755639461666,0.2714556654617719,0.8939788818265249,-0.2790147816083679,-0.5201416695626657,-0.2585623478246084,-0.055623725188848505,0.7144926975794808,-0.21394507010788888,0.8623866100331163,0.18929446901262903,0.005579507087286606,0.9245502621962618,-0.8728357191248535,-0.5827565207191592,-0.43928560426126184,-0.8418426934319259,-0.31348490289523157,-0.2601218220274746,0.0709728553554616,0.8165174574839968,0.14537305134595058,0.850586069207963,0.8736929985631312,0.8341300627573742,-0.3873010053031807,-0.8249232796614476,-0.31661902091853666,0.5208356439933322,0.19188909445100077,-0.35380699058581344,0.8799027706863836,0.1514331606222219,-0.20585022416581156,0.6884789980453891,-0.6365522874468317,0.7068971234953099,-0.5209417490132715,-0.09359933629459527,0.961674813571332,-0.7265822702706259,-0.26411454711974214,0.4348089335635499,0.9745982605019723,-0.4686098220707082,-0.23038807328731115,0.8662503631955045,-0.428169547727121,0.9953924964025296,0.9073138872500048,0.30133030629846047,0.16704242222626986,-0.5043752522373419,0.794521244725781,0.8819172742285744,0.6331560331038226,-0.3980051461346217,-0.3665302263776826,-0.38210746327801104,0.43678864552964614,-0.8883269212722007,0.13314249236359066,-0.5599785647126216,0.5406397798344158,-0.5479890539608923,0.9221011088410074,0.36133923983077576,-0.9638560558857372,0.06831581362510586,0.37251688138947836,-0.7560361549901604,0.8802933623020386,0.6439032756726124,0.8395050937982231,-0.7158225039851489,-0.7595054942458745,-0.2632793228344701,0.09796558986059023,-0.8152438265658881,0.8650640034225789,-0.43829735639191214
-0.6871631710363142,-0.2745037851386447,0.9389220276168213,-0.4412796983253304,0.792522328737649,-0.13410885797172578,0.8116871193868807,0.595020956704835,-0.48047682244987366,0.6882830661576436,0.30097369686206443,0.35742522028170987,-0.9027811421092062,-0.005559828966922309,0.28563162632097927,-0.6727987100229618,0.29620949825285114,0.6317357670769908,-0.9493698523714993,0.05807352678361721,0.5932652703141736,0.7506241610940079,0.6407115779457673,-0.5548712029317426,-0.11058085467220713,-0.09406730335866098,0.15460943326316312,-0.1993899988834773,-0.35217239846680126,-0.6233994484695913,-0.06393884117297399,-0.7770497608384888,0.8220534780911415,0.2914109949382384,-0.9067173164337818,0.5263842438057031,0.4005319231317923,0.6305821858719087,0.627342796911722,0.8648580541761204,-0.8742363896282523,0.855143143773837,-0.26502471677238293,0.2981543171278236,0.3165705946696329,-0.9087394321506241,-0.9493655127171448,-0.6960338729047042,0.7126697254541283,-0.6436371992604699,-0.7439528693897639,-0.3816224606885228,-0.3604227831495599,0.32513613770428096,0.8907260774801307,-0.760169812658092,-0.9470604866114958,-0.39775216241614286,0.9353191043982545,0.3845994292461965,-0.7531642054134702,0.8369460734369856,0.5261276572644116,0.058173191638633215,0.25509304842543234,-0.8263108060601783,0.9869091982316733,0.8168662344676603,-0.6030810308214556,-0.603768790094801,0.2448687455931784,-0.29787114695925565,-0.6916506064221641,0.5511308966691109,-0.6479794844018791,0.44169168214185506,0.20186609990709026,-0.6270259383974452,0.4525086973781527,0.7118903917765569,0.5681860632617957,-0.3120612036016508,0.43827298840178397,0.932720417013321,-0.2955022181980762,0.7865026274294689,0.3185477656555997,-0.5735826952823313,-0.5307374276465386,-0.662048084277268,0.27987326224483544,0.5417156489891046,-0.1146121140295353,0.3986210318796126,-0.6197917775270125,0.04442493026539296,0.21584743521073957,-0.9971516536574154,-0.272818850683211,-0.05263716442600064
0.38698547822692264,0.7888039019959017,0.6631933036753463,0.5637174003428043,-0.5489963124811255,-0.546725654255944,-0.1463570432795942,0.014551808685184353,0.9439857458287242,-0.060915136380553125,-0.816723929235369,-0.9020901389237186,0.9522463449703857,-0.9088766498647534,-0.6251248957352347,0.2142685874973862,0.5758243942202463,-0.7584136610553975,0.011332777245726788,-0.6832101519440876,0.7070802927002802,-0.23773403408267524,-0.8026594219482026,-0.017215607692580237,-0.6880581617887955,-0.8004466391470917,0.2896123207408452,0.9043004039470346,0.9609681152347029,-0.5554772482373058,0.9254916989546391,0.3555418187412718,0.2642400259063944,-0.6342299922393713,-0.8207188701084631,0.7180602921991814,0.33244128217929325,0.6836290304402539,-0.13051639611955168,0.41490293684668544,-0.4757232586423701,0.7190585770945348,0.558701401986736,-0.043047261233566614,-0.3513763033953874,0.5075033048191011,-0.7379517384596377,-0.5803596231389339,0.9397291386749214,-0.5666181149758058,0.38170334670650385,-0.6944674679393412,0.9045680785385639,0.8392852948914598,0.016716540111412437,0.26948087075547233,0.5087626368914275,-0.4159261546469286,0.9942765556867221,-0.3077877676455216,0.9807790617697381,0.7161286732638883,0.1321470462424008,0.434709814424616,0.3300081043066443,0.37065615700684895,0.7204647389670078,-0.64272357919436,0.9167086236736022,-0.18994524989783912,-0.245946121468537,0.6421057714287615,0.2358648626938875,0.9861161610116636,-0.5778729264201132,0.312179432053997,0.8004363535286683,-0.5155136610103233,0.794177675775166,0.58071158412188,-0.04242308639745063,0.5974760688042953,-0.8666618040936651,0.2955085801294499,0.06314528071018843,-0.45688795452088504,0.3673484145549355,-0.01644739097685055,-0.790917220299346,-0.5273704825891121,-0.02886634068187499,-0.3694893832636599,0.7135437065197601,0.8995557919873367,0.5443404186073639,0.3064023190987797,-0.35208226519082264,-0.9728958921361175,0.3199826787671014,-0.5604969147627301
-0.22926643230744048,-0.19741473106893226,-0.8853361530793016,0.569090162021276,0.3279403954639504,-0.5415227924151635,0.6563438731446134,-0.05294682596845979,-0.26924996992772354,-0.8734849048580087,0.46099514181686696,0.5815083157441601,-0.9099341428051573,-0.36315911633630016,0.13735394288184444,0.5985643293601257,0.8735669795603933,0.3193764696611878,-0.2634251253831692,-0.14376187358269132,0.44075976711017084,-0.8559582370893186,0.13245287189524046,0.8366239916269544,-0.31555817529636165,-0.14346958292098067,-0.9661860232118453,0.8666904370565007,-0.8173520330156092,0.4417930450435765,0.18485014117905374,-0.576960078016898,-0.357918896513294,0.09424350405709658,-0.2844945966474184,-0.6302744737237973,-0.04567924434798787,-0.9989441214322528,-0.7258242813026883,-0.49275812255252505,-0.13080641662486792,-0.6834085782369446,-0.9701821346413995,0.24549871484752317,0.3040579482336403,-0.8078120330578797,0.4579282799606381,-0.8203892238487134,-0.3850380022333324,0.8816015303400955,0.14314724868015793,0.5037955301471424,-0.14000706514810135,0.89326983124471,-0.19293265845243024,0.0639606053610069,0.2945325591251733,-0.1880331183025885,0.1327893876268127,0.04643968454847425,-0.5687611241013804,-0.6700526263361806,-0.01890100697880448,-0.032254543433722915,-0.8401941538171489,0.20388424374297198,0.5409824726786356,-0.7362967813335493,0.30406863077586044,0.34990016765357024,-0.9433632573428414,0.9182876548039747,0.39090574647151843,0.9276694585445207,0.06953031750973215,-0.049691354502017226,0.08939324945742766,-0.2951662505085555,0.6813201403230793,0.8719387681484947,0.881409237250167,0.3698755885908873,0.8002184467888345,0.3965671761776335,-0.3824652254132137,-0.7694237291422799,-0.8166089709108284,0.5399267879460936,-0.34236865775634806,-0.6232478017974317,0.9076258467509475,0.3442269820732058,0.571275421652472,0.2738683869670504,-0.6366219932857922,-0.7506215699802083,-0.9086386239746282,-0.7578972341702357,-0.8614938355688329,0.6843298081087912
0.5491914801166271,-0.027420091516461742,-0.24372814189959424,0.9863746357379597,0.12608071625357664,-0.08781038523404461,0.8433216405524671,-0.04012411822546036,0.4219328917554268,-0.9976187774497203,-0.15827021050200507,0.12252480483453287,-0.20871355673416936,-0.38162634455031874,0.3307625615971579,-0.12948312615734636,-0.1981726095416565,0.14479171406963576,0.1861717171987729,0.8467144863234384,0.7696270337849322,-0.8219462272556188,0.6324314803079707,-0.2286861555199864,-0.3048825349415778,0.38125242278885385,-0.9324505588869518,0.7158018995914737,-0.9339475032232167,-0.18658791118466977,-0.2939933491537763,0.3980631861178694,-0.05948045552999015,-0.9247298897972211,0.4782295582610505,0.9501029889643133,0.13009261230565072,0.23291740099298153,0.9257721076071719,-0.1172411430019411,-0.7801800834725514,0.2699794704531526,0.3001477175666898,-0.725293627838645,0.3918908742093581,-0.5545196783379285,-0.5882226966389215,0.3894429858172197,0.18712890842484886,0.4380316884511266,-0.641507485985654,-0.3004708571713872,-0.6769760023204059,-0.6777954479653756,-0.17294906564919432,-0.5872598673914902,-0.40058067091150984,0.9748962831253278,0.7066507386269205,0.22816303804488292,0.8323302794176379,0.2415298499157863,0.11918222666525846,0.13983355110065143,-0.32920161468201803,-0.2130581535595517,0.8452064883961226,-0.17210498962612308,-0.13075093555430062,-0.40292578976788174,-0.33918483922303855,-0.4765495527586492,0.8022531411364031,0.8466915233755092,0.4906580779166019,-0.38521689610128584,-0.4852042677169355,-0.8540121347947849,0.7933757052623109,0.22397342505026252,-0.2089561437161942,0.8560060650628896,0.17817652589959132,0.5059629918256543,-0.5150838817092271,0.4113744042031464,0.7154496946704192,-0.4484241071593864,-0.09821919672058699,-0.5471700940293087,0.7618350575810551,0.7541468502568878,-0.4724112895551891,0.051649075136638745,0.3520432686324644,0.31476532965314674,0.12271447735037433,-0.7077917125146274,-0.9045115322869872,-0.34362398832285024
-0.15974351572537882,0.21087750379666725,-0.04594391996344882,0.8703585150618296,0.9766543444338365,0.3380157175298395,0.06635720495202002,0.5410740506997234,0.0447699216401114,0.7162671824359526,-0.46078255623938214,-0.5016455626831453,-0.7927773152688418,-0.9840478003366835,0.7884324455298306,0.14201389917050378,-0.7418224802433859,0.3825438942512436,-0.769712941938322,-0.04252560791844551,-0.9132965433756981,-0.3463530346548769,0.7984755613152037,0.03714423399787625,-0.6145672159334212,0.2605945126675868,0.5687380196571132,-0.25891194735947076,-0.05476473569344131,0.17121023136245728,0.7182870176098646,-0.7486781174347945,-0.5111322997486496,-0.9141785308454746,-0.4437246685224028,-0.13432538735484245,-0.3912266585007096,0.857800782681827,-0.7032365989158378,0.2218768331922003,0.13314706168484203,0.6459210221079859,-0.7171297088676862,0.4745934288895368,-0.2884570046270478,-0.7272791597428152,-0.770402517854569,0.4676777253117328,-0.07705813149633345,0.7169433592778787,0.728638296667323,0.0575300262418208,0.1898111908377158,-0.619370828110466,0.1647005578485401,0.2560088884464027,0.6791657726668314,0.9276847243654254,0.11075447410226569,-0.13951176448386393,0.6123288583588793,0.8453957523951543,0.21896788803340295,0.8887636671779204,-0.4778170778480728,-0.2790075756229391,-0.40331072823475944,-0.48125018632765193,-0.34548784201519545,-0.2242274102376809,-0.8307158638167533,-0.5543554285980938,0.08407951221957899,-0.2580267779818488,0.7700360149846011,-0.4067531840466141,-0.6328656496034013,0.6576271415858816,-0.6848573396684507,0.3414970150718344,-0.7285362775104425,0.7159505225518499,-0.6101943953331208,-0.08496140997476753,-0.6337768097948562,-0.18684506106507381,0.3120465592709396,-0.96256686298165,-0.5360186001168834,-0.09847550519994486,0.1588911327076734,0.008869390807323185,0.38629286996717993,0.6019924977128615,-0.2075098785544791,0.6431088081042806,0.6623902176025569,-0.9346609182332619,0.5829394594074266,0.9771531663766622
0.30225021114636297,0.4215112434006689,0.794372784210269,0.13816173166566248,-0.4388404431726174,0.5065264788652464,0.9185265906173443,-0.6940187232774353,0.6094353445443301,-0.8206588380540438,0.325328349654062,-0.02540890219577907,0.7785371435589548,-0.8711774130789012,-0.47300807851070714,0.9870939856401066,-0.3958038507723911,0.682944779374256,-0.8831092990165093,-0.5432382146036401,0.5878784327413891,0.6694303656609755,0.8944983638365815,-0.673260954588845,0.6301334732634505,0.2190039000558861,-0.4393381562512473,-0.21831310781329205,-0.6376519434384156,0.5032129039879751,0.45966543066711174,0.5077833968740935,0.517551946036265,-0.6020593464219295,-0.7330468666506715,0.9880325668054522,0.24721696664702675,-0.5324537603658546,-0.7274156508409721,-0.7311159025104486,-0.19745466748450857,0.9830130205721725,-0.5689475207863575,0.7556294353300455,-0.5405563559835171,-0.5610808253695285,-0.49272222208542416,-0.06310794590453495,-0.8645583728840467,0.3845160174795348,0.3406550422445489,-0.14444743419716954,-0.08741150252222885,0.8656293573347491,-0.9785876655945245,0.7118055586050176,-0.7160110954060299,-0.043223759387843286,0.21992230932971024,0.5018075229798362,-0.36962259934658626,0.7972900084911703,-0.886668932831872,-0.44401197669275194,-0.2596097855179105,-0.8878999191784576,0.8831242606567071,-0.6539168818259957,-0.5383393058968169,0.16344241136504123,0.5391649493324029,0.6321294678395426,-0.6587453598530919,-0.9419132289769527,-0.45829353158565067,0.8357996039205988,0.5848075171084699,-0.9066665749690563,0.08036752486236542,-0.08309467035380957,0.8930960293442822,0.5991098371375749,0.6189988514989448,0.5943265408188361,0.8345426584865545,-0.9672289626171147,-0.09156223062128843,-0.6739114678261902,-0.6731868287635239,0.59413737255935,-0.41465184014858036,0.7621600832536799,-0.88302061797162,0.628648413399965,0.444424680077838,0.8325836484331708,-0.48211299388775464,0.7661956481108745,-0.07486010000635224,0.5523758226400826
-0.7968194211766566,0.8346885513706066,0.2843862270722135,0.38196764134157046,-0.3577701475495061,-0.4790997890543942,-0.7882583048597189,0.5733194773257471,0.2014404227691171,0.7245310423206794,0.8513186166243203,-0.8999071212661662,-0.2804784828451461,0.08324797790333616,0.07364587295647196,0.8409963911877012,-0.6918276728895338,0.3552765171104808,0.2578446142127804,-0.3210432007046158,0.7444196929206555,-0.8718219819683029,-0.6888963234922605,0.19759440481816593,0.605328901943347,0.16986655864031763,0.37618518387141986,-0.22944522806699696,0.5164989014532637,-0.4365051580576369,-0.49055507905992735,0.014266471932933955,0.47899519126762247,0.894308630338392,-0.029064428074601745,0.2544021038357389,-0.09726097325379524,0.5388419470263806,-0.8473817140694089,-0.6273862704674948,-0.7400185453215788,-0.8280946466427086,-0.9057074469443291,0.06183170464470389,0.9320205228554119,-0.9160727376385602,0.393778150478834,0.9650404257828,0.10559783005608092,0.6146848338576136,0.4854945631949714,-0.9000067611096856,0.8326615674921183,0.951995937508457,-0.8521321795222969,0.7101154930812679,0.7259077254590267,-0.03053748173493087,0.38717190975030746,0.5958754961085246,0.8650648031463515,0.19652846680656944,-0.29495644415067135,0.17551390784419185,0.2388527187295335,-0.496361692332552,-0.29008070859010826,0.19635524330048892,0.4704373014829981,0.7947997713732435,-0.781216062694911,-0.7959526751538593,-0.6489942201658343,0.8106320722733436,0.8906928954692248,0.4968765862960689,-0.5004533198429342,0.11511262438302494,-0.6364241963095998,-0.9570719694984473,0.7143100245186891,-0.7006929644295281,-0.7740262541818548,-0.6477048638927316,0.35825440765176286,0.37019842581315143,-0.478653839363119,0.7581401414580491,-0.23499971851710422,0.9162280439191703,0.8175432562127518,0.48007581734568716,-0.9969845460004201,0.07915693247994726,-0.608995971048524,0.9523239476963397,-0.4111447140270186,-0.11436276320801553,0.8096871351229231,-0.9629566326032095
0.004406703123715827,0.03712987153374758,0.017149144399468685,0.16022121790719956,-0.3388127533831662,-0.458075754871593,-0.9583808808857279,-0.6675797848355116,0.7203628029553744,0.22769933466786973,-0.24495368054575883,0.01497368044189673,-0.3012782622669423,0.2241548711968766,0.7499119388047129,-0.621067020475524,0.3637420005827403,-0.006329607108553459,0.24782809171066877,0.8075474974760313,-0.20547809560390307,0.2693216749717686,-0.5815938538319123,0.8952572923548243,0.19546532245100878,-0.3669351873678739,-0.5336570848821482,-0.63002694469168,0.8425638004840632,-0.05166939915855573,0.5895808066501669,-0.6799640519611758,-0.28261455048264983,-0.6927780804405084,-0.16327828048835102,0.7716445088292281,-0.30142063583825607,-0.832570088777544,0.619042420455612,-0.7323575462732173,0.3082396592033718,0.14540923722278687,0.8548928969750986,-0.6981812478225058,-0.42832493607661704,-0.8573282610985591,0.848121104608258,0.9101004887958921,0.5372098596470463,-0.5632673942738546,-0.6967304707853141,-0.3645077747731711,0.514901677740224,0.4022628453607209,-0.19555361222339607,-0.1282167100256124,-0.0734552939478299,0.4404031010324361,-0.6916613482571752,-0.18278890591322683,0.6533362809184637,0.4454397305348361,0.3281606102577679,0.9079107072932331,-0.9145092005809479,-0.246033577978644,-0.3295510014408034,-0.48158211077001134,0.02874411682885647,0.2926142613414404,0.10244967549506478,-0.8058079154114164,-0.5904745649717547,-0.7860617008352981,0.3094025632487203,0.520566237737734,-0.919105007594684,-0.4547772918060926,0.06886538642149631,0.7019829038448562,0.4087449588706966,-0.6859321584666918,0.6378440952653617,-0.8325840804460614,0.7010074578499794,-0.8112775690889835,0.6576713796391451,0.5642219346205806,-0.25577360765362855,-0.40785495174882125,0.3254925595476703,0.7668715583183277,0.42245759624972146,0.07665281226714993,0.7394604002749952,0.08687973644072366,0.07157092540716414,0.9828678876379637,-0.4040914938803093,-0.983127801060957
0.5271518317289521,-0.7805294464403645,-0.34656676259422503,0.11254403795650192,-0.8830247165342657,-0.3813922257896989,-0.3888105936337025,-0.7328695679132393,0.6736403357046743,-0.9980800145480002,0.5892249254624118,-0.6446772728857808,0.8561372980844395,0.8311325599616455,-0.0043439650201178015,0.27656189388658703,-0.03911691539657203,0.6638166057121511,0.041561951149884147,0.5518767645470641,0.9195254502850292,0.2756117642183096,-0.43646204552454404,0.7404325663938489,0.49786866174328637,0.5501415840589372,-0.7624960899979869,-0.12931117826371685,-0.7413976458056044,-0.40761140497767934,-0.6394148005277953,0.22103001387282228,0.42971803143861864,-0.12776257382834988,-0.7103388580822099,-0.8497925669952044,-0.6339565363957325,-0.38872345253561424,-0.8720723085780124,-0.43135578687347254,0.2234684713622277,0.06379507805344686,0.5916753705230391,-0.7744642007141636,0.46547784634824896,0.8753218130928262,0.8340731543298738,0.13670391995438336,0.7237446412446771,0.7316821979271866,-0.8199047972104039,0.7254017087071736,-0.1069729901339973,0.650764700179568,-0.18749745803881424,0.21882072976323141,0.9535284580732324,-0.44462983942974654,0.3813093830175094,-0.8069298468278694,-0.6782327068792693,0.3966179370755327,-0.778212670455041,0.09910549253079881,-0.88597388238698,0.7503667687176314,-0.15550332650808496,-0.9581264594569734,0.37637778736838756,-0.6638169928456787,-0.9957381030561334,-0.9892347105169965,0.8724923908220004,0.49599148573418916,0.07848273719341381,-0.613216421842995,-0.207940665058016,0.7459363504702026,-0.9923023086523195,0.26361660728474323,-0.3467250792739822,-0.6410791386641146,-0.5114564167515052,0.058920322345859644,-0.5301133759344623,0.4195687473105041,0.87063511245367,0.10630145205724917,-0.6763223569854375,-0.16414030131025203,0.6206334325066871,-0.6581678143145926,0.5567068243705515,0.5346127392569884,-0.8751044711524056,-0.09779627027947346,0.06796374466279853,-0.1356089090702819,0.6452699073760007,0.5125730251691896
0.8671247697482349,0.7155891392698648,-0.6453791880035933,0.11162000884031409,0.7790707827629018,0.7640282641661269,0.003203326603975487,0.7859136668647009,0.3463498918653096,0.7655279034337186,-0.5923067299352565,0.6291147244520809,-0.1849819138627009,0.4939676535621551,0.01131636405322678,0.2699994759864317,0.7665456478462509,0.9269501498688908,0.826101911236722,0.500085068153612,0.5359272718800672,-0.6459337413661272,-0.09024840437241122,-0.5043356800965453,0.10429995215986354,0.930264484539203,-0.7826796769973565,0.9462949942705867,-0.6202561683199923,0.32764802136781035,0.5822038822896969,-0.5977498307813864,-0.5487823379502259,0.2175475977712058,-0.8017012972678708,0.0811285205058554,0.01620362298324407,0.941632914897885,-0.30134476873708516,-0.6263300707774371,0.4743462443364652,0.45664581442085384,-0.8733986239380394,-0.046258563915389406,0.41649414506398985,0.5285076906723258,0.8819490775513235,-0.9604303031256705,0.9053351714559352,-0.03544303040194019,-0.22871450938326254,0.3012852377213351,-0.1550161278915756,0.25829933171498265,-0.2595318581831192,0.16400234650147172,-0.9874521101295344,0.7977079143275674,0.07645253125796714,-0.7990976891472847,0.30837838073400636,-0.46719792116638614,0.5406490575531178,0.24233982156866274,-0.06582223464997417,-0.1108106381219256,-0.1804968846324253,-0.07871137681274298,0.006335954290532353,-0.7786620057770122,0.9398739724370959,-0.16200149685806942,0.7064575930422694,0.28650300572737764,0.08203556675879797,-0.4021828420468643,0.32148230817137,-0.6436098406549657,0.351113870987837,0.9813515054611932,0.6438172866684844,-0.6986494108811736,-0.21842152808799775,-0.2627210960398443,0.906682056516041,-0.20149245062669263,-0.23105557614983074,-0.6583701430017419,0.7397552185341993,0.14949229105462103,-0.8115984180813163,-0.3526544355121648,-0.5917199655168073,0.233485318828073,0.1863532299623547,0.7822182618442788,-0.6749847033108982,-0.34769941533333526,0.20468794215960373,0.3423249488347069
0.256549159235685,-0.9819350724816878,-0.1113247016344352,-0.4042769538373585,-0.7269926282863086,0.7233063520167733,-0.9550503724060684,-0.4637658502548698,-0.04964096631527881,0.5296643617353223,-0.17598853374941115,0.18053133768532792,0.9940317467527509,-0.8741417264272298,-0.12425448635080016,0.23747178012665016,-0.031137570417021587,0.1248717308617715,0.10649159225593308,0.19057799067026848,-0.38601294627783234,0.3594313338105457,-0.49017979861572436,-0.2961133318307412,0.23561386541438423,0.14195715314487556,-0.18874379581511613,-0.8494640595673275,0.01811787774475282,0.6054554076233889,0.6039653197537116,0.6939597770909811,-0.7749108759916801,-0.07591333623928032,-0.42204948009706,-0.08332890988904929,0.8874477837966941,-0.31327463379118026,-0.20266400675362162,0.16304994428805708,0.6168545265975292,-0.7863643169814125,-0.238358716771494,0.5528114674133044,0.06740838330916121,-0.46955780252790813,-0.36792580768650307,0.584670478178978,-0.6666694184708397,0.2800194697792777,0.6124070792570482,0.7516765595959538,-0.34666596405427796,-0.6581972968836491,0.6713885350172182,0.9731703405290697,-0.6719472050894562,-0.7209180152240473,-0.08263814391069846,-0.20658476054348407,-0.42024402986650267,0.20365862401920265,-0.8775869009185109,0.6797345659787088,-0.6417170126652783,0.06928257396167248,-0.4946746623729281,0.040166916018346654,0.5403448823308874,-0.9989104635077424,0.7545196494404072,0.1462687932781055,-0.6200922150174675,0.3314507872536463,-0.9177019844967125,-0.035064782125931115,0.33351458333139883,0.0817142062047902,-0.5260776189140326,0.19000878538032384,-0.05254636314643202,0.6668151148350601,0.48702566317980667,-0.7880273825923769,-0.30473403012761424,0.9684959928019896,-0.5268751976703274,-0.7012453537366639,0.9202626861196486,0.5766055788182913,0.8303971441496216,-0.9055134057904501,-0.5742918693136534,0.35931408919264984,0.44040769920315337,0.5195445817533904,-0.19340588000681236,0.1843477470964867,0.7388775166653734,0.1928804420812571
0.2900986254707836,-0.9654252095347575,0.9364818774210746,-0.2851272167652463,-0.41443231557173443,0.11591630072979964,0.5345082367261238,-0.6168362077255842,-0.1234501603432312,0.08272461093912176,0.6893414690673745,0.9810548617570058,-0.13601359056196372,0.13896444517055606,0.005307223814279061,-0.04029525944619472,0.44202674794593744,-0.9609886459465669,-0.7633696864423232,-0.05579182264215543,-0.1711092162402441,0.2854781121558825,-0.9301610584373772,-0.7740028406527135,0.5002404630786912,-0.14454641383348066,0.7771111978282352,-0.7542495124398851,-0.5381476093622548,0.837867979640162,-0.39396780804255727,0.9378578849444539,-0.7369465887330029,0.19061201718661902,-0.9134682805330359,-0.032104070868212986,0.3305303058466924,0.9093842867305795,0.11725218448619379,0.8582512498031447,0.6370004105053237,-0.25154950969167533,-0.39823304206135113,-0.9227612707342236,-0.716473239848056,0.556237520665616,-0.7663416963278165,0.8203223845987466,0.22256366308564712,-0.12762408148880766,-0.04462641273547696,-0.369147242122309,-0.1490595822316647,-0.643479135867405,0.8778814204798397,-0.6383999269472931,0.2179768235670685,-0.336429562629583,-0.5690902928729336,0.2704045422005099,0.31981303237222436,-0.1208463491033287,-0.9412008783426913,-0.0021921201452139716,-0.03919936864425888,-0.22240472877660422,0.08236770761867906,0.3694685963610911,-0.3486393932645706,0.19457544718440367,0.2015645420115202,-0.34748482449766316,-0.8072221897825129,0.6481789621380143,-0.5364794800523289,-0.5495516611257223,-0.9877867178753181,0.6608733994042226,0.938898312109409,-0.4250602821556191,0.4573083124711834,-0.5636772796269152,-0.6675517156494144,0.6577989438452236,0.7989416360248929,-0.8872867971163347,0.4820446409156449,-0.21122710216453977,0.31682406641296845,0.8930097086936917,0.8610365520256988,-0.8640210788056895,0.43426230220694384,-0.05539714937167539,0.846271422189488,0.28018501614311897,0.2666146601723216,-0.07337113477806034,-0.6858941253185469,0.5448017905756821
0.07214341525045098,0.09115561442831743,-0.5072384533660785,-0.3069898999380314,-0.3580299658720867,0.3502135324661271,0.10828769690877205,-0.658061620877018,0.1689118693559375,-0.3894523207796936,0.3625356978431067,-0.3074493238338367,0.425605309891959,-0.3747443690686949,-0.18783956593787443,0.9549967274421018,-0.3446165250352988,-0.2635132131733331,-0.8319332085754474,-0.8668797753045094,-0.3280235094392756,-0.8955491255358905,0.7033589577187906,-0.9056727832068086,-0.38297235072722535,-0.8145077190052517,-0.10352628746467807,-0.3854873736315221,-0.05676814570544564,0.5293715352732162,0.2772571476522674,-0.28675598245296996,-0.7177078530555501,-0.12327918598286769,0.05784879225194639,0.4866998024757925,0.46449734711343926,-0.7757300312330302,0.5789414322987863,-0.07751180054124474,-0.28718576460211054,-0.39943948831665765,0.6115553078052742,0.14215213745031252,-0.6011224052316329,-0.4212300800173674,0.8026040286277916,-0.5936509365343001,-0.33325992179858677,-0.023339219234211672,0.0686311875326211,-0.555508923601572,-0.7503764699421653,-0.5644535210537123,-0.833708228560583,0.5750306109882544,0.37676167787669956,-0.5207081463113683,0.2886194962436799,0.8368883371483589,0.9608060744735571,-0.14575196897478282,-0.9251308662745379,-0.05113146445114025,0.06989578738248992,-0.6498348442899429,0.8272173785688934,-0.8633652425911074,0.5888077791644377,-0.040161959181650664,-0.0495643288448564,-0.9807146447115986,0.6544198476501097,-0.13041013205119256,-0.36806060844255684,-0.8748102439424257,-0.6369214486743937,-0.10965931875244528,-0.3885408728034243,-0.34657053900164025,0.32178765852312563,0.8531643499052168,0.45787708798685944,-0.03473815601814101,0.6115540084875959,0.02371575012806848,-0.7969456685798757,0.12905011867697525,-0.7852401382291252,-0.15028843752206766,-0.043267649591095525,-0.4149252730724764,0.7387130615341055,-0.006871952300931072,0.4704413336394848,-0.114613834883172,-0.24220019678003557,-0.6748294444011174,0.6181443392856492,0.17770066756222302
-0.8693911882201295,-0.37921672724956434,-0.5801997063512709,-0.20789244567525822,0.1753215432852686,0.15118351961601562,0.7773176189671545,0.2582099705020602,-0.13997675088058248,0.9433375732009885,-0.3170898995897431,0.21918276827844863,0.15023113170023605,0.5805932287721802,0.37898746187882426,-0.7756689332690208,0.06453196101750991,0.10820717126554724,-0.04061887818761134,0.15487888480666112,0.06258343019963553,-0.5320949132344082,0.8622474325263221,0.4177404841837382,-0.6725483373522809,0.4085434836891946,0.08060515812711366,-0.18080249930067183,0.04413444236679931,0.8092042101545607,-0.6595976255751983,-0.41038190737571667,-0.44612929618176,0.8757660167604651,0.5529579746231854,-0.40491839320580403,0.5021651527160862,0.801888016452976,0.33998388968515614,0.44839429047437274,0.1656778510020993,-0.12391915663038855,0.12208001182732953,0.7536834235628731,0.6477704312671768,0.7796658797603591,-0.34281316943303586,0.41995751218519595,-0.30294104286680046,0.0397985745432734,0.8908957171188701,0.48379451202097346,0.6851740418722594,-0.8973157379157826,-0.713081552513583,-0.1177852340758978,0.16761397514880838,0.46225615648646845,0.21840542048712308,0.7943880507733612,0.6914566998362552,0.6771832864579361,0.640003370309755,-0.40152054237103063,0.08089581411378721,0.27859550131016797,0.8146078267675503,-0.09629357012042883,-0.8361014207881377,-0.9712225805784724,-0.3436676002947576,0.16119899644137758,-0.40150259560489543,0.9309725055499691,0.8508810747970859,0.6217703684997786,0.5798151234667879,0.5896100688869481,-0.5877786364338689,-0.007320511928954332,0.7476972663384074,0.04614457480481016,-0.21756278005178942,0.04674013115184228,-0.8339996459748567,0.4522389056926637,0.2763906423700586,-0.5801599096035495,0.005554979171142005,0.5039710020187111,0.6978425612505683,-0.7718461189365282,-0.8361679378431701,-0.5084766207671971,0.9721429941928392,-0.016631784524140603,0.07754117369333446,-0.4497955151608588,0.8328711887681388,0.15287548320526634
0.7750159326354589,-0.9546721616702007,0.5898536386667956,0.3133823412197809,0.732932671398981,0.6874200809022095,0.1457173024158931,0.6918463135797375,0.6667890266383609,-0.10941021937116502,0.15418438683441393,-0.25918694860305047,-0.7043860769231021,0.7228861216489291,0.849223336919523,0.17040223192760107,-0.5579776790274287,0.5786372776876214,-0.8211394603847844,0.658117825642123,-0.3738380559606327,0.009185128487065874,0.5017159584264088,0.5090883332775882,-0.07064110098503829,0.49800451117588174,0.5376044040342347,0.3378719138863222,-0.6096822600582761,0.3466690986538501,-0.9600496180932403,0.4888264107933322,-0.7562789235163738,-0.5177377643098713,0.16898605346411788,-0.9791295342353019,0.9170518943317085,0.0652765203364225,0.7056625570879167,0.9695177446948076,-0.3852524588346318,0.29263661602347435,-0.36970176771936214,-0.7574748360611603,0.44701389113950585,-0.915474927813295,-0.8818583832668596,0.062237580539138415,0.652703561410479,0.5952021941701222,0.7111705169422697,0.4343577194663426,-0.9145670043914458,-0.34451945035164755,0.7586392184440642,-0.4013262806508331,0.42926729412434295,-0.5868318468263609,-0.8606424047682157,-0.31349794666966546,0.3943199931841308,0.5740355928380731,-0.007621300136423592,-0.24177070323339112,-0.1958860287091002,0.8300252175311862,-0.8422682103956796,0.3804142378073774,0.01931400180793519,0.19916770459626942,0.13669987388470806,-0.5820284135158382,-0.5160110175836214,0.23736390561392362,0.4086290151940941,0.25326265892182875,0.0891053426527546,0.9508554767640698,0.9531443827044328,0.6831083144395595,-0.13959638639766614,-0.26656389783517853,0.9112527562960799,-0.09927447638423548,-0.5073794858761398,0.30132304630148776,0.7215483544146117,0.6408227142032021,-0.5211824240567808,-0.025313175199928706,-0.6281252152164527,-0.3065652878604248,0.7544414865328395,-0.7974760177756719,-0.4196453653857213,-0.21422523324908638,0.3576853366709398,-0.9148253253098633,-0.7319521481049187,0.016116200551592463
-0.5200316090652826,-0.02768189934327059,-0.08612853246669427,0.7105206274749032,0.08940454713257151,-0.15635158126401216,0.5314186461293238,-0.24357936665625535,-0.9906280287636009,0.8282251842226684,-0.4100294682817285,0.04248002294014097,-0.2445780216569018,-0.4902251622613558,-0.8626239923089711,0.4095907611095555,-0.17558267598534538,-0.9300761536761919,-0.7903137859187748,0.9983519568527914,-0.07634562315196369,0.8975793767471583,0.2692119910067865,-0.5905245790666029,0.0708264242439327,0.6362705623330693,0.8380922272743745,-0.18081051367170398,-0.4687980407051193,0.9506257977084065,0.9266691226428705,-0.9250531764490997,0.3385576391252354,0.09372587503824259,-0.7292621658680596,0.9602584274708212,-0.9834548791638202,-0.7145801561086418,-0.1606031476180163,-0.15555864372371286,0.8672538527431348,0.01822025883737921,-0.7951028158769442,0.2675200143331744,0.3528644184855847,-0.09342472082288222,0.057737093493011926,0.1580232267069328,0.18395534630102683,0.5884938569577725,0.8531300130726058,0.15068893748166312,0.1502654075218406,-0.9101927963139254,-0.009405785767258257,-0.47974454320710125,0.5123429277623235,0.8348854580413643,0.7205341250719453,0.2533923531351987,0.3841108220795686,-0.992812431310597,-0.6525991980264603,0.011312626847342244,0.5270627417891656,-0.4435607651101876,0.22733218236487374,-0.09131050459652013,-0.4607551564102059,-0.360197890484351,0.9218326561243086,-0.7762283406305519,0.4138237273265344,0.6623163049136496,0.5338384707071075,0.07527514917577194,0.7855133034836426,-0.7284304373583452,-0.01808003897538968,-0.09297449490603737,0.776531967469245,-0.9574540310829358,0.9356704566600655,0.6120881967663137,0.9197110766165055,0.9702386128875335,0.5776723639020074,0.5151179192028559,0.6782874439969717,0.6415218602268264,0.5513193267709506,0.5313332204371675,-0.9297704219356915,-0.3898662485612776,-0.5834708274804412,0.00775359213362159,0.045434905605701514,-0.8699884637108874,-0.01316466621240342,0.09675342544754262
-0.1136250696793264,0.4948257857433591,0.9236011581416321,-0.5551106075600074,-0.5319271502725922,-0.1905940430765647,0.5219618748858024,-0.1009857503485001,0.6588001884679331,-0.8114138210930204,0.4349202514950743,0.2100857051082905,0.2453773157767103,-0.7745658316898412,0.9030278228090198,-0.6139972282551069,0.6518093144434032,0.7466953161229362,0.938649252402664,-0.6274205812074081,-0.7445674181595743,-0.7335194744366287,-0.4709852518510178,-0.6662825052456791,-0.920961545052682,-0.4760678549435724,0.3104175604489803,-0.6592286249644095,0.7397814427710139,0.7888773543386536,0.22242620639279775,0.44832235056717473,-0.2878010354904794,-0.07634942033960668,-0.9853543897192041,0.5159238320514332,-0.8674304929423293,-0.8868057920444594,0.38028255842250447,0.3789340941841175,0.6777313158535136,-0.4557772114916925,0.13005230151253144,-0.6808779348325344,-0.2575371712769474,0.5615662223130169,0.6803773872679217,0.28649309389715416,-0.8810055312308052,-0.034557629904344855,0.23225127621839015,-0.8024186349697189,0.26858356481189904,-0.7111142852276806,0.5013057034767843,0.08797228264984502,-0.0687678154086877,0.1747634221641685,0.4707574182453891,-0.05066111458803202,0.48881760820410514,0.9659271576368706,0.7311003049209985,0.1486725122760808,-0.5906278016666735,-0.6450878624142065,-0.8437427581570183,-0.007982166976006289,-0.4029053778432172,-0.7116938503753816,-0.4207747874559644,-0.4699705417099338,0.7801478012486875,0.2913723539329909,-0.5720301542819837,-0.16156796962501452,-0.7842354098920614,0.656874442426219,-0.8967646057092244,-0.6151621892231889,-0.23485618046163825,-0.1367576852557546,0.3750845399719849,-0.5697755359074397,-0.050217717707168985,-0.7013814218915204,-0.2012874119184791,0.3889171429395335,-0.6603295645700316,0.8685002316529611,-0.697107139542162,-0.9297041739255558,0.18911363683970506,0.5588655887905134,-0.5271086038511437,0.7865250230221099,-0.17179084239241926,-0.7289160926628346,0.1424824798165405,-0.606812247495798
0.9168723604634605,0.16678477870192032,-0.9800472060000278,-0.07030732220715175,0.20983039309067242,-0.9399498692164945,-0.8084406182924984,-0.5132099816715496,-0.33292329377956764,0.5958826625806957,0.9313936980415025,-0.9480062753181151,-0.07721025919634283,0.2306718746048082,-0.8210495235099413,0.5052704778118782,-0.9307854227073715,-0.09705799562237893,-0.6795045868527265,-0.7816858410210334,0.08107173164184278,-0.23865050723594994,-0.9174871035926879,0.01863218058070526,0.7691989999349489,0.31017195269238274,-0.008771477005853567,-0.6287242603309409,-0.9500965505202865,0.6472548433227214,-0.3675732929983919,0.8440986530474606,0.5469479602475127,0.4869630248473982,0.5846943573933043,0.9975872262713008,-0.7780813191908684,-0.6656322546726816,0.615486159813553,0.928826079791824,-0.052078011121830636,-0.9874226681174612,-0.48632935723076387,-0.5102431862494006,-0.8924128415696266,0.9567415437802633,0.6501051221129728,0.5191525414814706,-0.4137284777040997,0.5730369527738326,0.8047829439005945,-0.6326657479920104,-0.711550621795014,0.2958915888862521,-0.9692064949263524,-0.31535756318146424,-0.5706523372028844,0.17542630836185946,0.5106576246363246,-0.7161678529627644,0.4651367651501652,0.8730384359407268,0.46085073079195094,0.16668208348150815,-0.3898181804730325,0.64658567974087,0.595672605075986,-0.05107930476513611,-0.6394109520937858,0.23404814336603796,-0.5835117448210279,-0.6347368892928027,0.2831055913196492,-0.29375551170399383,-0.8112532462976978,0.8458985109709201,-0.059350484475861665,-0.8421943835683812,-0.06876262124362764,0.6366823658363214,0.4404001915036344,-0.951787114582787,0.9413491737414483,-0.7321269471891465,0.8960371962926745,0.6543224855071572,-0.28181940936526484,0.08009979651504118,-0.7761064859887223,-0.925889236756962,-0.7884626074686554,0.14994492631278677,-0.7791197848369311,0.9101652492603785,0.07404814036849405,0.8443746990202912,-0.8181624089072717,0.6108463917652822,0.08098520160976364,-0.19079317162383025
0.5148961201774878,-0.4289284537359055,0.21330061260363076,0.07172125406408525,-0.17275224245638765,-0.04206100767847021,-0.14408023966604921,0.7576163546487824,0.9613294976010192,0.3489290240600855,-0.7461965797261312,-0.07278206379161523,0.9982545384583983,0.8157092036257925,0.00039977618335029774,-0.4615314407354363,-0.08762697489831006,-0.9527287854079629,0.4984028671789358,-0.12335600225829535,0.3146983915193413,0.9528432501639537,0.9534413749658333,-0.780929080070748,-0.9349419997528838,-0.4168481585426447,0.6927415515073205,-0.7387410091496405,-0.1256335630897354,-0.9127758137829318,-0.19267215473531785,0.4739541072562281,0.5281825889510887,0.8665799323302474,0.5370698704381858,0.8847753103745775,-0.5967999787175937,0.2158589059404692,0.460724512119997,-0.7442849005221468,-0.6052390070941591,-0.34792928427983205,-0.5390775460213053,0.08066487713181236,0.01972301955590039,-0.45916196034778123,0.8890978239563692,-0.9218546076987733,-0.6845593285967655,-0.5519971165942512,0.9309284020630131,-0.17956314506290671,-0.4513578946636103,-0.6250166870946556,0.42883179866795174,-0.9805433129046479,-0.868163868816628,-0.6670005887850843,0.48696063051898486,-0.016664047743093713,0.8776008448383752,-0.703231202569307,-0.9709103649962008,0.8053247530587535,-0.9970198142729816,-0.5837253516709433,-0.5643919855061421,-0.8780809935834828,-0.9636525877037088,0.037994300974955486,-0.5026663572597587,-0.4166183807883155,0.4286345242569436,-0.193387754955336,-0.5214546085336254,-0.7775402126880522,-0.9903414993977744,0.03231594742972055,0.14347457540210984,0.5562898452301044,0.9985446496305062,-0.7573638371806954,-0.7617780952722761,0.5966424346365051,-0.953714689915701,0.9098899492006594,0.7007894529751728,-0.23103380847398336,0.5059371403065698,0.2555511914531605,0.6407999580367945,-0.7222725646866712,-0.011055764532960755,0.867637611281072,0.4843291168163595,0.16394453753909644,0.0638650796573006,0.5466687467272529,0.4535113790606129,0.48002527231515724
0.23555183477296548,-0.22359083579620154,0.08355404131347988,0.4661105176335334,-0.39959686184932797,0.9779839492238345,0.9019097549051118,0.8856054969812903,0.7332015620133425,0.09522633888210952,-0.039942190051452275,-0.4839735569282193,-0.5101122999097338,-0.8986756053111307,0.8427187144268338,0.6318712955885755,0.9448816715104349,0.03009997721508162,0.3685938450562667,-0.5019176537608798,-0.7625186012637821,-0.8064378541259094,0.6700652874159592,0.9061845160375417,-0.8350361298088862,-0.8077574145288562,0.7647609425360404,-0.36331847172279796,0.32430560296966204,0.11059192785265703,-0.26123995044376147,-0.4817241977196025,0.0024970045912506844,0.5184591646988854,0.9257055044897773,-0.38190816119192217,0.9455568048085436,-0.6217748577010338,-0.4804515271645806,0.6957288483490154,-0.9759234179792764,-0.2739623307667183,-0.35211612637878753,-0.521652977500348,-0.17425411327010676,-0.9400573455322132,-0.3566967193028061,0.8868992861323675,0.2144191205088859,-0.499234284708149,0.1640093310262376,0.408107269903097,0.7264603734675343,-0.13611512718175733,-0.7034603101594146,-0.892662970788918,-0.8828796215275461,-0.7241036405116834,0.7624691522711875,0.4420354666714663,0.6202266237032286,0.4126799370347114,0.07814973459020003,-0.8167956815850985,0.013991253855936803,0.8413010260130878,0.3052365216984183,0.026677853565489462,0.19292701665226342,0.5341158254293494,0.936291962878832,-0.7014163738344252,0.7813658325535362,-0.7185231740224258,0.06175689915792071,0.0015942288524295467,-0.8599444106686018,-0.47584009634215874,-0.35047665380188087,-0.728113644308314,-0.5451969684709814,0.825485413648352,0.2743469621381016,-0.6146932182969775,-0.37685392558918274,0.9020699401282088,-0.5554616399937748,0.9914915480380326,-0.965206310027521,-0.4106815146328522,-0.6810592767632762,-0.8105975092576392,0.5431790584327829,0.900835531048316,0.10332093687682598,-0.33596888024832516,0.09790410274558292,0.373237273375286,0.8765362213469041,0.25668357575966994
0.5726035629443327,0.9491056699658031,-0.3080968623688696,-0.9642021613290208,0.33111725548323334,0.7845085173485091,-0.7711554783080588,-0.936585708546158,-0.07070346770264146,-0.6542139169713368,-0.889237206213144,-0.14705891298653917,-0.9529367379280611,-0.8294939081700621,0.12311520043466895,0.04474318241066122,-0.08343753089508543,-0.9407505677680512,0.4468125682917041,0.4912752197291754,-0.6484379291459348,0.9672183827173637,-0.7456954633027568,0.4700161962241707,0.8504605088702841,-0.1455686082147989,-0.29830503330273483,-0.7498131091987332,0.3097279206581327,-0.4710160799845473,0.06470320694640463,-0.2514774797629067,-0.004483018287591234,-0.14123355693778117,0.5028601933285937,-0.5512232787054736,0.6297934617385843,0.7824109752552681,0.8268928076856388,0.5078388044021844,-0.3758868816221408,0.45081219145660834,0.9412900935906061,-0.3890769980089135,-0.6445912883604519,-0.7113468650211483,-0.120387994960518,0.9751514974052162,0.7042604630293412,-0.4003084840950468,0.6504348511456381,-0.9496935739059609,0.244078458668479,-0.33420741205516724,-0.9863128458566823,-0.0015588295582162903,0.48704337773545947,0.2518430498694708,-0.5900843595856597,0.4637779937554545,-0.016363816777701823,-0.7021984717328402,-0.5302431084257018,0.11666853667948418,-0.15628850336262357,-0.0176619291428759,-0.18033537961903146,-0.6618461435559111,0.8804025101341353,0.5137245968216178,0.4989065033106348,-0.7475647952251114,-0.0823053916070089,0.9054281142841707,-0.21151781897152677,0.973731264528533,0.01877588617778736,0.6946080240354766,0.40718474699914187,-0.22514629460949598,-0.2978352169412031,0.39757994984346134,-0.19962127577210165,-0.6947144887458425,-0.7399559724917719,0.9671301555125176,0.9127853352814586,0.24280232011260172,-0.11614041203448,0.9955795766229891,0.7046024731662512,-0.11600432529096727,0.7125185108826932,-0.4608750076576038,0.2470906271554798,-0.053390034033633516,0.659738661058539,0.3247829252428365,0.156362191738032,0.27822389018078875
-0.27678875602715114,-0.9270011423113802,0.949934451768538,-0.7822937994260135,0.020519782652080876,0.0011970932129814482,-0.03325474272039952,-0.3973256353504313,-0.7088511567480256,-0.5294130397855192,0.7281888316851142,0.6233900518637134,-0.38480093995261844,-0.38552287629159987,-0.161447720546944,0.4778414033934477,-0.24319260496372364,-0.6952792413909097,-0.7790743090090768,-0.8262387016970156,0.5812598114788265,-0.13435273105685974,-0.49444436126051494,0.47650958226934015,-0.28743934387524517,-0.2861655912283376,0.14966410079083903,-0.6558649239362493,0.9397931158493371,0.31984962062472655,-0.44717544613734117,-0.4338901841220546,0.6367206586590619,0.5328298676568983,-0.79784930243223,0.42051490563838345,-0.013884756354837657,-0.6088704385354822,0.10086247444611551,0.062392833035464834,-0.07280137763801764,-0.9949570915523989,0.337380207017578,-0.5329965456318408,-0.5493053892647748,0.3543364344054363,0.5779100401327044,0.0008855890397951871,0.7280001566214889,0.6125831034596279,0.4480313072319757,0.05647017831827972,-0.4455451132850874,0.6027415010299599,0.07368068431614483,0.9861448467545477,-0.18969678491845188,0.7323426868637126,-0.9634269126159447,0.6934844866147574,0.6331173494570925,0.9859266138634442,-0.6365103261007663,-0.6780042675856124,0.7563253100375824,-0.3779958308328195,0.31302304193007746,-0.44206821795908025,0.6042944599122908,-0.6270237826237894,0.7263797078923522,-0.763072271522387,-0.1971028439557896,-0.37808928472845604,0.4879483573296939,0.05578517055338539,-0.9916174289018567,0.8919361716466763,-0.006657479073440831,-0.7990397704611725,0.4599615729132298,0.7445901111548601,-0.22989888410461878,0.9749085762866461,-0.5947284823185852,-0.8750360459163411,0.3977347195393506,-0.7899308563072309,-0.1065563775485936,0.6561439274583261,0.2457952887474122,0.8248382651502841,-0.9010027039023951,-0.8210691093267839,-0.4479550416404945,0.8767167927802553,-0.580286796423584,0.8379671713231023,-0.050312253634759996,-0.7664471083774886
-0.7861243523625665,0.3797177001294789,0.4950770750478122,0.1793880138193915,-0.06673045811165013,0.30446311168038664,-0.1701182418229108,0.5613485686364026,-0.7900754230525182,0.26068190869197827,-0.22409248524746173,0.8546257042227399,0.5211192367627444,0.8798134975847383,0.3674858170045763,0.2336780276562167,0.5025117097888034,-0.8981429230904798,0.014653492843665239,-0.8029556485737204,0.2960283500685592,0.6908020075884864,0.27226508359103385,0.6429512131792827,-0.34268649120128614,-0.2706828427126333,-0.9811488296287312,-0.7590393412554068,-0.5879339432983934,-0.12490097670665223,-0.5530862459883521,0.06021827706170768,0.41233760296374333,-0.9547323663153018,0.8452479566107358,0.11622341764695232,0.35199142794651284,0.6742419517582741,0.04517247892435439,-0.9930737693358385,-0.7247963580580112,-0.06403598787271547,0.5209055849349213,0.43011774460520735,-0.0641034824855462,0.8909868212864065,-0.7884327556676869,-0.9450192518156051,0.3805188314912573,-0.7778636101007874,0.2311389218268043,0.9518959199605814,-0.6907425503465761,0.7875145554960161,0.35369221263709494,0.7582305335725557,0.17615729024623716,0.9756882694989037,-0.49737157700774426,-0.019179988281519345,-0.7587710688192573,-0.6040690319960615,-0.3223039979114941,-0.5466299349022155,-0.10518260481496666,-0.161549351220456,0.7265823201245423,0.7993406042894462,-0.9860517802527373,0.5965377880155438,0.09405976556128781,0.3474728274761858,0.43263606055141945,-0.2673271926585119,-0.29620402357694386,0.7342631663423864,0.0010025952976617791,-0.9705390457851226,0.30266368771930274,0.33825935226867454,-0.4136795521653496,0.5968051071171814,-0.7300931183503976,0.752677923370322,0.9280175296399436,-0.6754614715236744,0.648481013201798,-0.21859385691463662,-0.9238971205153763,0.9866283891268337,0.2049296448959359,0.5268367138866585,0.10297206569331241,0.6938318678124682,-0.48083680274470475,0.33276358950376217,-0.9601537974337706,0.6016940391433836,0.364480520526157,-0.2869853814498602
-0.12613867789888777,0.38018708107462773,-0.5081843647649262,0.6994089332601836,0.8287813653278042,-0.2706457570644998,0.49713562338952766,0.7549437574047133,-0.7159248875164586,-0.35629187442483445,0.4715997593915473,0.6774591268088264,0.7892982408134905,0.6469028613744916,-0.22320961843878595,-0.991176359648366,0.8554872871882644,-0.5648287654276947,-0.27204264631240593,0.9584502568992519,0.9099823357667047,0.29755546931448174,0.5336875059906787,0.7855760720635929,-0.6869185077835724,0.6970692457539036,0.40563255173053725,0.3896762894467447,0.24000556078841662,0.731405067773631,0.15577461029519957,-0.42288320449248995,0.7105589105611283,0.006778434901809849,-0.5592187043490249,-0.9795622035648262,0.8257494435777801,0.47718041278550594,0.2013740362132923,0.6189791273265219,0.6280948522011975,-0.3672143540061765,-0.542733683484037,-0.7052797958115637,-0.26339808238160667,-0.8574634883246275,-0.04745765448070838,-0.2705431764773927,0.6150855081425153,0.10009901209416605,-0.22373049410751644,-0.41839670532524775,0.42583027175348875,-0.5098639394180717,0.33549320500695634,0.8714362623462748,0.7250035305320448,-0.5346549107155474,0.09990123049490474,-0.8130552023181281,-0.34829673145598217,0.640370758153372,0.760928910390348,-0.4477254314410095,-0.0026621606854928537,-0.4808466468944044,0.9872501962701692,-0.018832050180966675,0.6405257852134825,0.1704156069045959,-0.1510274282764983,0.91831241730272,-0.3598854024341904,-0.5064361907272112,-0.32607993005288227,0.488919999672746,0.8287881741557623,-0.7776658216593306,0.09201731935781843,-0.847279952379572,-0.10191978651870248,-0.01464141414290987,0.614360006130942,-0.7320271844534545,0.1845506634133458,0.5301537150559905,-0.004498921235059905,-0.8030752488767183,-0.2754388263881604,-0.6904710475149671,0.7081638565493862,0.278983623469091,0.5248544614232569,0.6241963594937014,-0.076280442464707,-0.545834500575781,-0.2332952168753628,-0.6929834291989239,0.5735357745396907,-0.1297366357091312
0.47629154984020916,0.9815505202086525,0.5434037488726318,-0.15429699758940774,-0.07484803395623252,-0.7173071498173704,-0.2837939103743754,-0.11691410687944859,-0.9453670611874379,-0.5928515931793135,0.6538201346999444,-0.07230946239079472,-0.27669239961692593,0.6110179314549928,0.5093973972251817,-0.03863131207885395,0.9898158556404313,0.5052769665402195,-0.03769112133116326,0.4453201899111483,-0.5669739380821195,-0.026648039846864924,-0.38620875807553334,-0.5434581707406598,-0.968108508343746,-0.6285752074619044,-0.11539901351173465,0.6426758926048273,0.6810732528822736,0.0065097338956021655,-0.35136475107553866,-0.08196250093402058,-0.6378642114501798,-0.9003789251745098,0.1252449776643263,-0.33533842474877606,0.5411556326112268,-0.21114552490038907,0.056154614729086116,0.9625303469225848,0.7870058931539692,-0.6281270153075378,0.032388833670399686,-0.3994852304900931,-0.9086135111943652,-0.16676107900424642,-0.4986566582902261,-0.9794288062256642,0.3054053022320269,-0.24550609762679576,-0.5862511523989316,-0.04353040537841024,-0.8648044040848795,0.669669683373076,-0.5869455346006285,-0.32348538624874035,0.4532582692576921,0.9337902653343506,-0.1982265341894629,-0.16486208600359342,-0.723273689178608,0.20748411305815484,-0.5642237828207541,0.058027646411022094,0.44407112157269846,0.6717911880490701,0.21476292687830645,-0.1871260569107409,0.343643854470292,-0.9395809054772393,-0.4735075158325961,0.8370450874585884,0.046631097698929036,-0.21323134614047756,0.35884692123168627,-0.6472701868782287,0.38784342012716655,0.5603441949265644,0.5548415517109191,-0.4805835186537142,-0.30629372912337227,-0.9492013053997732,0.049652605408284645,0.6684877664444464,0.5440057090638615,-0.05146926343418978,0.1554210099297768,0.484407411274433,0.9139861897350174,-0.3452562302920046,0.7075088389124278,-0.14187139344893795,-0.48525524472427883,-0.9823308689255923,-0.616295893761345,0.31247524526516557,-0.3566619394496995,-0.09953631374578187,0.4734907667888697,0.00038325183657916817
