0.2788535969157675,-0.9499784895546661,-0.4499413632617615,-0.5535785237023545,0.4729424283280248,0.3533989748458226,0.7843591354096908,-0.8261223347411677,-0.15615636062945915,-0.9404055611238593,-0.5627240503927933,0.010710576206724776,-0.9469280606322728,-0.602324698626703,0.2997688755590464,0.08988296120643335,-0.5591187559186066,0.17853136775181744,0.6188609133556533,-0.987002480643878,0.6116385036656158,0.3962787899764537,-0.31949896696401625,-0.6890410003764369,0.9144261444135624,-0.32681090977474647,-0.8145083132397042,-0.806567246333072,0.6949887326949196,0.20745206273378214,0.6142565465487604,0.45946357338763577,0.07245618290940148,0.9462315279587412,-0.24293124558329304,0.104081262546454,0.6588093285059897,0.2370395047284921,0.7234138006215545,0.15470429051352408,0.40914367242984695,-0.9083512326886756,-0.5442034486969063,-0.42122407279578566,-0.840416046152745,-0.5344182272779396,-0.7979971411805418,-0.44405279377981577,0.27136888852880037,-0.2703356420598315,-0.2596380657662347,-0.5809859384570246,-0.4660443559017733,0.873309175424988,0.2960707704931871,0.21826201133397638,-0.657722703603806,0.45825359590069836,-0.6731950124761432,-0.24108911648470444,0.9790467012731905,0.2799995197081857,0.11389948754929247,0.3692285019797492,0.6857038403796192,0.5519998230924896,-0.5419038560717913,-0.9357995121919245,-0.36909390388183616,-0.46451824804859454,-0.5780343128273471,0.8858194286701089,0.7527352529453377,-0.37064423840304417,0.3108773305897601,-0.20873619787867148,0.829095179481087,-0.0822962948252024,-0.4702396670038951,-0.5067449846120331,0.12273626832630158,-0.47451678295412947,0.16917198044708104,0.795645767204954,-0.20119898971920547,-0.5613584816854333,0.9950752129902205,0.01905258735292903,-0.8181811756524122,-0.9057672491505309,-0.7807017392986817,0.2548920834061801,0.5841587287259282,-0.15568006640063192,-0.8729445876960857,-0.23676142698692648,0.9922427604801936,0.058228690198274036,0.9421567552272363,0.7215594044689961
-0.9770379561143607,0.4414436387203893,0.36342073805314956,0.07394066081759032,-0.46634962009491443,0.2819235971596161,-0.7768956528082471,-0.13046949866179003,-0.09255258734158711,0.9076318550421603,0.7517058807563881,-0.4732218984978185,0.0011722261005966406,-0.6426962389397373,0.825255678689641,0.7410371396735338,-0.4031104171027342,0.2778989897320103,0.21794042287634463,-0.6943214629007304,0.5250216001503025,0.07875806023925147,0.5572529572611165,0.06070734439035497,-0.998856207744113,-0.3516878859906538,-0.9610465152283354,0.8581972325292342,0.7574437556463685,0.6633310587223589,-0.38497174919467714,-0.8841496670116249,0.7560191984080811,0.8938988905959881,-0.8286930958642424,-0.02801907336677245,-0.8615749630632328,0.5212043305144631,0.5316688586139755,-0.7432170710004744,-0.04943524380253739,0.0996071869898878,-0.4698867421198818,0.7448660821705149,-0.15372411959822618,-0.5764035891158359,0.07859217755891668,0.45986213817995236,-0.5976978732206082,-0.3765674173982101,0.9902987133217893,0.299756115278907,-0.12379983217099189,0.035151682071181245,-0.7579916082634686,-0.5506053259368853,-0.32382887570508934,0.17661743691446663,-0.539770534806846,-0.559565231096881,-0.8580138279819349,0.2622059145401978,-0.5421164323776912,0.8108400260122559,0.719270800507493,-0.8582853002226931,-0.5239907312620096,0.33795555659256116,-0.5715263852591228,-0.73537630254995,0.871028481161342,0.14208618665056894,-0.05465794737641172,0.5692388485815068,0.6149939955332868,-0.6191801712762446,-0.8061383715423533,-0.13789763518724496,-0.15284275396015845,-0.06595066392665005,0.4581516989197012,0.34672909458660306,0.9683304227319323,-0.8031642576960822,-0.19475743579546245,-0.3213947892100737,0.7233450727055821,-0.5026873321594287,-0.619582183118377,-0.1027729043337362,-0.15623672033119163,-0.44290971066611906,-0.500387104235799,0.8465311985520256,-0.11373850989308609,0.7226982095236612,0.10065062489969612,-0.8988233409502375,0.9985649368254532,0.6720551701599038
0.9379925145695025,0.8527339660162552,0.6973914688286109,-0.667377778792172,-0.02871774909856306,-0.5725054016016367,-0.19791941490109477,-0.8827292000556421,-0.2420537620461678,0.9706176875594519,-0.4695938836556961,0.5681412038971387,-0.08998326532171341,-0.15398502801967417,0.9146352817193464,0.9908453789854277,0.11153664681123643,0.436816550592652,-0.6904063494518717,-0.4065843490108716,0.9374187299383177,0.15836058163251243,0.08439040274854848,0.4959511207581282,-0.8856694541850338,0.16835518891794243,0.005700765839027122,0.7054397840965707,-0.6851345441210335,0.9215578065489007,-0.8397770695188262,-0.6283500780385536,0.19007021290005532,0.3504251072081803,-0.5295922099981376,-0.7602267721057516,0.780574628258875,-0.5075693044227503,0.1890383070668824,0.23876302066420618,-0.16155016932825506,0.16734457858244944,0.04556543106391775,0.8694125154728545,-0.5914816011529271,0.4323836015788296,-0.522628094768308,-0.208428306417491,0.34338044591994255,-0.40000584040247555,-0.36764560745629193,0.5037289848288042,-0.8549137710136854,-0.08342895476282775,0.9969088817088847,0.9921928957101889,-0.853478557800734,-0.5736913754659192,-0.4695991704991973,0.8665187559874181,0.7617283473728791,0.7585404849690855,-0.2609458225222321,-0.6845063352855361,0.667489909279614,0.4070798501747419,0.22335553145190024,0.9744661272630086,0.3079526354214652,-0.9843537856956841,0.6342082702309233,-0.4012424956000442,0.32677742993215464,0.8778600078542078,-0.7314177712132646,-0.7691426591617956,-0.7859280445811647,0.10644728176963181,-0.45530357537036736,0.20965965406044784,0.43522437427759586,-0.5928053753450941,0.26847591777015944,-0.4720321967391812,-0.02293629570124689,0.8106729821586465,0.6922074265897109,-0.8154030645745332,-0.15284845487254728,-0.44663955205549666,-0.9929086218244354,0.5422384460392542,0.27422675460275925,-0.4760894751313036,0.48246181669586163,0.10336084225278253,-0.14462616203864131,-0.9806606007833201,-0.8495122798524659,0.7662127866002859
0.8078571431197863,0.09118057841104465,0.6691900397720334,0.16501913297958803,-0.7038124288650347,-0.7451089614357225,-0.38348330013973264,0.79796297748518,0.5922446097760834,0.7214051640018055,0.7978492730529492,-0.5798469233204919,-0.5009405215541511,-0.7944127566564287,0.5602324837428854,0.7682694029020178,-0.1872452203357664,0.2413230203014256,-0.6908933233355907,0.8597620313873489,0.7292113924399279,0.9524120658619257,0.6215434398807937,0.7628324093266488,-0.9504272762036226,0.4731289435101642,-0.33562906410714266,0.8616317720966511,0.6044702778742779,0.7281280567505588,0.621498633148778,-0.46638858081105594,0.5747490182709423,-0.7838087471940858,0.7443335658121795,0.7171865026755633,-0.5551325649086711,0.6331732111938579,-0.07939353064211585,-0.38961826532279886,0.5906909983057236,-0.5448090251844593,-0.952671130597097,-0.6137404233445827,-0.34347609760458697,0.7287058840605727,0.9337782080967223,-0.4417500145562572,0.2829634772152554,-0.20064323127987826,0.9622993743965202,0.07243146495744379,0.8784742806494314,-0.7693164962971448,0.9408012220444559,-0.6428643676550727,0.9250686315231109,-0.46906727495406275,-0.7831949055705778,-0.1308724828707113,0.4570901213054086,-0.37264537161001754,0.21241770661228654,0.022846119338956195,-0.22960913331054567,0.15317608699319907,-0.4905549877228361,0.4175705676683412,-0.9966174435627411,0.8511503309981654,0.0769039941855838,0.438859998289691,0.48390015567895306,0.34125700886599897,-0.27155705643747163,-0.8600523777473796,0.32847536982254466,-0.3395999279148072,-0.37216870988328066,0.696030559012671,0.43950852602790036,-0.39935546357747165,-0.3814306755826935,-0.1832141827615663,-0.19519922588455074,-0.40868959494810597,-0.7454244018816936,-0.1591073324541834,0.880727341460366,0.35463589054546585,0.8056110914651653,0.23102983190276105,-0.39810025086886935,0.09587442627139642,-0.999188120605425,-0.4261725662621456,-0.1402237000203308,0.15996956239136395,0.30941124740614323,-0.07002361950597158
-0.11568040139038516,-0.5725971980217994,-0.053627628181347475,0.8023616516565084,0.5920495202535605,-0.6606172076038905,-0.8304089265497565,0.030904019830432894,0.26588171153159146,-0.3296234891803982,0.6368469290733285,0.5022762750814644,0.3455913411143341,-0.5507186680054235,-0.6017401345468467,-0.9511492245463473,-0.5103149118432997,-0.04972731156238974,0.6994753892494638,-0.8543435416308618,-0.1711179780045613,0.2595307614754274,-0.6111295265205814,0.39270850098100984,-0.011245661979126131,-0.5120311208431223,0.31211602222356816,-0.9889103637239365,0.5019289532369458,0.5400923771480501,-0.7868254068729221,-0.14970761211453176,-0.6482266365869367,0.9159320845590795,0.03591550088748163,-0.8995632297187182,-0.5016034406800567,0.6966726947033195,-0.08707634905965489,0.602833203444529,0.3351554651727062,0.975784906132896,0.1909046369388394,0.9000792168863119,0.782851851620874,0.2253046455235257,0.4385479225519342,0.00955632964880393,0.6611383394428301,0.09574390122165677,0.7944162064665243,0.4873108843191698,-0.05065112635389335,-0.4816169030699613,-0.5055205249806809,0.27532287355231255,0.5316273685943309,0.0425996256559642,0.2534968739635626,-0.4508051061649234,-0.8450332922705284,-0.428543698273695,-0.4565697858356308,-0.3605808631624754,0.08030444503691281,-0.7232518769676886,-0.5374770405436264,0.38789962459810456,0.41283828338910444,-0.8715422985722439,-0.18480126066682656,0.08522228100783069,-0.1684515317936881,-0.5863312209711795,-0.15971296445314875,0.8096769566803539,0.1681588284084503,0.39104597299593613,0.7134640646078685,0.5311891522361389,-0.23923794214457672,-0.9882078328320139,-0.2964823946563506,0.5069502501187717,0.7068959011382092,0.9068606769402126,-0.1619574347403563,0.49503133795610155,0.09226461946767817,0.20650517788248268,-0.5589226113523622,-0.5611567307571277,-0.1283280479067268,-0.9419503601065695,-0.3277409126032351,0.3582837700566994,-0.19136666172472583,-0.6699105375929824,-0.0652197015353797,-0.7447444054376786
0.24451392194812938,-0.9460670961897246,-0.21195948732059056,0.12878396604954823,-0.9457959073193751,0.2854992960186715,-0.7286010255388715,-0.07660311189697655,-0.8994307330227449,-0.24179227162372086,-0.5766794315770369,-0.3463083902373829,0.5224594157880542,-0.24174756887172744,0.5040196471095697,0.6638485703105452,-0.4954569364352388,-0.8361875344767149,-0.9612334258999786,0.0788380958450674,0.9998156570184185,-0.30007931255963216,0.30028818649975,0.5624660992217898,0.30350931048777885,0.5084664081190524,0.8992234654319777,-0.6012786352749342,-0.9592399653593353,-0.6952353084304193,-0.7475580502515875,0.33891768923982135,0.12793916386003823,-0.5640709181869927,0.3989299424923016,0.5337961967124816,-0.6644217132643955,0.21449498778186338,0.49585130391057164,-0.7709342572422047,0.6386023486221701,0.9294415460681753,-0.7838025006847869,-0.948643149005068,-0.3760855112106096,0.3546945737008176,0.9163456764117919,-0.20669111696674536,0.4300294100989368,-0.8480070443138801,0.3812288318659607,0.2544847912020889,-0.7961973891080469,0.544961769902448,0.7005864781775926,0.20082322963368826,-0.7578898698653698,0.9676887030293426,0.5652706927220392,-0.30559246938310203,-0.1432439735305111,-0.25885824756388764,0.011921579354155831,-0.31753765027743364,0.6991512539991547,0.6446618361801162,-0.7889222587120028,0.9215751344291572,0.27117021220289184,0.6574146220049164,0.41461728741215387,-0.1290257099846459,0.46759060802678376,0.9309474624761553,-0.45983520722519833,0.6163984376135119,0.07634581289651154,-0.033004992233607755,-0.12885101399221144,0.46205242861024454,-0.46320892390154933,0.7034263200386637,0.6614620377812068,-0.8266742038886512,0.7632623680055439,-0.512273121618088,-0.07058306679353654,0.22066340846104127,-0.24202139174347193,-0.9426000044598208,0.7019056726249182,-0.6363202856846164,-0.575760299640522,0.595664713656193,-0.3193223136714327,0.7606399595164508,0.4023675006644032,-0.4474628484876302,-0.9796977711226458,0.8961251555540624
-0.8287740760839575,0.4401493282083886,-0.022844306302425288,0.5163293069649328,0.38121867889304606,0.29180579948190455,-0.018357329842827674,0.5858657362646349,-0.8138932988906566,-0.5568071990549397,0.3835743105904037,-0.3875879397398232,0.16311117066473435,-0.05347902248095049,0.0618438622915356,-0.1489923745895705,0.49187087342721925,-0.3384174056081397,0.4057098843715379,-0.45816714604760733,-0.497192647598117,-0.7586882304953884,-0.6148314130969652,-0.7608905174898943,0.07172793076749961,0.5243792189682059,-0.6297003151246761,-0.5672307202427886,-0.031602825574582605,0.44917000218610315,0.9532140457661136,0.0492737382172157,-0.43400259345008996,-0.7989477838184185,-0.6117648438178531,-0.5450336730348906,-0.6411169126291933,-0.9717032654878723,0.06827017853532658,-0.4513773464334654,0.9485898622054758,0.1067179335972166,0.3948347858203889,-0.7474410140831822,0.736922394525888,-0.018242610952442284,0.7454394699970692,0.1481284392526645,-0.061206110138979586,-0.1190624037279795,-0.6312726592198366,-0.8972465656328443,0.8821271935362065,-0.04454162546862461,0.6442312905988608,-0.19858511549612046,-0.8518356594887204,0.2588914139039966,-0.8927818514149337,-0.7016048310526897,0.12567919416912843,-0.39232897631554464,0.9878362454204404,-0.7630968755770768,0.5288868906523885,0.21263530248592555,0.5814816596868388,-0.5486257258699307,0.04514507026043568,-0.09897107022249152,-0.11455799196134331,0.7203333316523601,0.9800625209335958,-0.3892395113612792,0.24205464214429706,0.21926182449026066,0.48017861096909,0.895180400650756,-0.5844241883528973,-0.577949609389214,0.32085627438407327,-0.6858858132382457,-0.652372903347131,-0.8498702621976642,-0.9946485547942285,-0.09899259076459521,0.18762239023912652,-0.4174814219379448,-0.5370475308879483,0.41391165975806654,0.4059751161874343,-0.09193734718591351,0.3747698401424855,0.8478220889650974,0.5756560532934627,0.25011601432844377,0.32236608570673564,0.8673369168910265,-0.1497220677915767,0.08912475742115733
0.2952694468049615,0.8168228904252122,0.6532623193001192,-0.8571803262883717,-0.6681544215585506,-0.3847763747715349,0.4979154441392466,0.13841409863818477,-0.4227788233883165,-0.7512926836505835,0.37735598242418744,0.3994673699514346,0.8853524814880815,0.0009443542358511525,-0.012409561309831396,-0.839116296201398,-0.9202784316327739,-0.13594267167845486,-0.35535683328340006,-0.4992641951759922,-0.8173462267380296,0.9238222043856734,0.6719172278123626,0.1503982184398609,0.9015725556127048,0.9991448337549027,0.3445631686064785,-0.4609779480658922,-0.9195366537107676,0.5125376608251142,-0.05899835349673288,0.3030189788673727,0.832145575853535,-0.6370217055537482,0.17065925055570874,0.26956943890817375,-0.016548395617973277,-0.8175151874123456,-0.3040778874106991,-0.33338321266981596,0.3402670190423709,0.7154661888007052,-0.3403926728420692,0.387347347966865,-0.4235644092770885,0.8903870791264212,0.6271320694759452,0.10019321794356584,-0.09034818279654111,-0.37096568565966415,-0.35345242744801064,0.9403694536171543,-0.19164988599850874,0.029192504658210217,0.9762384295635083,0.31532077296625793,0.08518718871439002,-0.173504858401357,-0.6248349172109458,-0.2764412816966495,0.5128863081111474,0.25081748429001793,0.5199810721220339,-0.5928835232994523,0.09843927817066334,0.8553455216888954,-0.1237678098552435,0.39650005824434453,-0.7571478332747603,0.9462936316433888,0.21774333416392988,-0.5214050753446993,-0.6832436723895352,0.10167801400533993,0.10450281810746609,-0.8135815974369549,0.9845142787904393,0.8258597569683359,-0.0771042116424332,-0.7650677018208849,0.6642863475378025,-0.003248990585609457,0.4332066519835822,0.01774403013902348,-0.4531502065734516,0.6694478911533888,0.9604892652067509,-0.5125381878497233,0.10253015376093932,-0.23282797350570017,0.8437362998631237,0.016481783185787968,0.7586525102929522,0.7280538688571763,-0.44750519435591807,0.5800123640062269,-0.17011515289730972,0.8684967873650402,0.015475351619312905,0.6410989463711567
-0.4343220334343467,-0.4028883004564656,0.17387544482832218,0.9978046664586775,-0.020719306688598005,-0.7028091632344218,0.07716115540774737,-0.30975211661398494,0.10383483414162198,0.08686012591734604,-0.08931076626699785,-0.35644529954192516,-0.6226952525857892,0.3949968552411427,0.14359528396980226,-0.5328751078842138,0.5510889501985177,-0.9127054018053962,0.4894103031303918,0.4104557620500051,0.6228178051297537,-0.22784249501803533,0.32737765896906934,0.6414951034191101,0.9616362773195701,-0.009342700767152934,-0.9259607773088476,0.00458230026593176,0.1803608586191341,0.7394006267244309,0.7483807481086167,-0.11938758045864573,0.05190217361512284,-0.08614385105151556,0.44488765514128525,-0.1800427605072712,0.3095626528554676,-0.6912775624569023,-0.061018798030536114,0.9384072611484344,-0.32287753189713664,0.3854091971737641,0.2996733051585452,0.7035305847013829,0.7046826731317861,0.7186843683365332,-0.2399812049546899,-0.36667769213320067,0.437434850445966,0.5188036186687273,0.7447660347970726,-0.9282018003246268,-0.8631585056368971,0.2623220337092811,0.8418581975605934,0.9948518459124307,0.4935327334758539,-0.13205705615374863,-0.8031137472336041,0.26749565756158256,0.7451584652141814,-0.11264289667658844,0.3880023255864691,0.806848124100972,-0.9080180626455745,0.5922869303244236,-0.4132644480695824,-0.25031782044937034,-0.7088604086012031,0.06233263629752006,0.13185612383187362,0.5850389477619065,-0.6600327018638052,-0.8420632986800107,0.7416791972897097,0.2394207370748307,-0.5183404162873739,0.8256580320471096,-0.7137645597429807,-0.07770017329000489,-0.49204532117291544,-0.4893465836816919,-0.9812051370902579,0.6092661539502926,0.802418847197766,0.3552217713981589,-0.6840487558564261,-0.11654043279237114,-0.3088687511138366,0.17514341025284286,0.2778774047200243,-0.15138212307820464,-0.4998035511845975,0.6906078502851973,-0.6015660017822153,-0.23061350206530906,-0.0335838778815678,-0.5255885961448508,0.14384538470147779,0.14962386035729014
0.9853840872537951,-0.4095384922334613,0.9558889691537253,0.31645963185736137,-0.45103923964354453,0.13185803391139794,0.37159898546802417,0.48933768233065034,-0.9019114984480001,0.21281298615294908,-0.006545426952259348,0.8083105817874507,-0.42761169708161106,0.5977202390151974,0.2141299963285319,-0.29535808832936694,0.27323575601178374,0.24178232626060825,0.35552891724671887,0.44185675334141794,0.3183630806335074,0.6766742339250331,0.25649620737379664,0.8068074081459358,0.2926812177810456,-0.38213423209472785,-0.11835361967437685,0.1591476107368055,0.4647195358784766,-0.8197332485075621,-0.40977909674168944,0.49496172987674303,-0.6487198591113867,-0.7356804045064329,0.07881551796884212,0.9429791624226798,0.06170474740557008,0.8269739489633938,0.6609452391347947,-0.4860598308734754,0.6493796250848145,-0.03630434025251761,0.612976987587533,0.4931187014340901,-0.32256949239622745,-0.7696605851004812,0.9257865857377552,-0.7184859699882347,0.9330004189255041,0.7202811937976437,0.4484334241510364,0.9598844855638069,0.9345394946000647,0.6091752880411239,-0.26844990118886725,0.5813639371778749,-0.9721626897981976,0.07314461653811821,-0.09042794453225067,0.3456567637475072,0.3446815947020263,0.1691201833043321,0.6448346024535485,0.8805837835591084,-0.7833077956015386,-0.5323561955768337,-0.9499507007070354,0.7684696904297044,0.1228147644997577,0.8305118174863189,-0.55726559985202,-0.8735659176796091,0.6477107027808953,0.8187752768557841,-0.39561965094149953,-0.18340828840917456,-0.7204459749855578,0.8925230657638925,-0.39127083128798956,-0.014750762043588272,-0.8056160027563568,0.7745186170570046,-0.728671902587327,-0.09271248622221484,0.34097243770034247,0.4862802430463431,0.8919481715588642,-0.16174649317055434,0.48453802953063163,-0.69095419518033,-0.17023094512638615,-0.801956730578943,-0.02130592442077095,-0.18376822860459896,0.903043050762119,-0.9345674262899062,-0.2589400825311292,-0.1132338278785967,0.9011103397028539,0.7109003866119092
-0.8012907507877394,0.3713605309625707,0.08893172296428986,0.9556850589040935,-0.28265231757536413,-0.20372071451125384,-0.6203828756778409,-0.7556805618254725,0.6960663769273621,-0.09056526285896571,0.325537476123956,0.2834089344664352,0.19429191903909016,-0.9572850905272587,0.5735891809092335,-0.5128622056719527,-0.7481522293839142,0.12915595181592665,-0.8627796943512882,0.5303147517771689,-0.585685259306683,-0.5680972961626505,0.7393908535390894,-0.34288089313553916,-0.7048916401171126,0.8010620712635164,-0.9943288970399673,0.7168122527603527,-0.710624039358984,-0.7400157371131264,-0.49869160654375233,-0.6510057581972131,0.3221152851946336,-0.9484397004276033,-0.9702793455385823,0.5799693284695078,-0.5241367878190739,-0.3524570760759551,-0.6515075971876456,-0.895201964277647,0.483436113908299,0.05217105319573423,0.4913305500679914,-0.04750806915349948,0.5560340786284055,0.026475915218383328,-0.781891979992309,0.007677379571642717,0.8908312859402125,-0.9132699262016566,0.5664539919607592,0.7339618155196765,0.042902429426168176,-0.08391495580463593,0.9280523662440574,-0.8783491850109884,-0.04203617800327342,-0.19676549097487905,0.3721949921244654,-0.01946229171154945,0.8194016582304586,-0.853018568467099,-0.8384190451784161,0.21659484726687994,-0.8686355333597722,-0.4499680008840936,0.26615344860203094,0.09671286809672108,-0.3496291133626641,0.9892555117218471,0.06111367486264907,-0.09256916484905675,0.21085358307062574,-0.801643076641916,0.40355883709213236,0.7055854745911501,0.3018333297626108,0.5379254602094772,0.44167983331519833,-0.5699538673450062,-0.09689016806943695,-0.5430128512708312,-0.3221367623296496,-0.09300219418510536,-0.16802069947700948,-0.8098283214487383,-0.146471987478084,0.3302157261206178,-0.2513979531289263,-0.6947221504625525,0.8459700714687688,-0.8657333837267045,0.663543776949709,-0.8135397965926452,-0.8068711348684288,0.4775919969774314,0.6235385705547847,0.11274147123070022,0.1729301654789539,0.12317282798414486
-0.3407080371675899,-0.7555374292908814,-0.2928038407324647,0.3306810400058309,0.5005685005029565,0.7361842977381299,0.44212135749229886,0.9367972506229489,0.20082018244935407,-0.29670762861370203,0.15583703677970973,-0.5745223886559878,0.3134726059763042,-0.5515102617848688,-0.7835632361454667,0.6907468372026901,-0.2648778987692997,0.5252112638736994,0.14820000866292538,0.6144427423046888,0.6903103226567162,0.9490932042514164,0.6368537190813393,0.22714656107092956,0.2853983276596628,-0.9474923370928332,0.8581685819898728,0.658921579919326,-0.4651045496917787,-0.6391678560782912,0.40539754573120934,-0.3820306223401797,-0.32035068644548326,-0.9877884211926826,0.7397254130728763,0.13264218952275253,-0.19843131200096886,-0.7162506916974627,0.26634402531102763,-0.9386858032381882,0.49222352401141345,-0.5697342399329781,-0.1603350124709937,-0.31820803646133444,-0.2598938150459922,0.4431919354853464,0.553671239933482,0.1351871132287945,-0.8300859200456414,-0.8947823471489564,-0.6851802057856937,0.23567636385206114,0.34793742122622606,-0.4557943129075621,0.32387738561652246,-0.028676590218007503,-0.11591162660444176,-0.4536663112704611,0.5098862873367414,-0.7723649837795965,-0.1401727332042193,-0.4335070598391013,0.35697250952026605,-0.02673449327149835,0.33426511747269916,-0.909165274791145,-0.2094732078247421,0.19864991388890085,-0.9846258282002343,-0.39716127596312645,-0.5775320415593754,-0.725530389485346,-0.4889609919570814,-0.34375528812431777,-0.9845401868613761,0.4940282468595356,-0.6486103962483154,-0.23958510856952753,0.40734252676532723,0.000524693112426311,0.6667084048397565,0.6124003731335277,-0.8558490068156843,0.7235287240451771,-0.9153954768744172,-0.9625169268287086,0.8423248690048248,0.7242200272241328,0.15151832147366218,0.14679936177168607,0.41899792313786843,-0.16461208031303887,-0.7696532546724035,-0.9582868819505024,-0.3504636411089723,0.6026443086209043,0.23625052660848045,0.6640518261434143,0.8395395034827693,-0.8237402374042306
0.6889687196293939,-0.5133670503545327,0.17774257660582382,0.04792508600126322,-0.20846660628133407,-0.37945087632827734,-0.3209734377030722,-0.3338627550137361,-0.6637345839086268,0.020966569084296616,-0.7719467203228949,0.019904124645943932,0.8118454631601009,-0.3012494690552394,0.4547582113478086,0.6378972030497039,0.6300740115000283,-0.5274623021065514,-0.7071115634446112,-0.6054563943520335,0.20479797054633164,0.5204305910937841,0.3110180210374782,-0.6457077421055417,0.5456961784951204,-0.011765949965222733,0.5088916504939716,0.5197542992154969,-0.10218948600987399,0.8483085167713187,0.12898356680559853,0.27059663812118684,0.2490435588837896,0.7284937496628323,0.2544348137995436,-0.6980851972138462,-0.8634274830084878,-0.11558387232743028,-0.3943591297219742,-0.45065266502768164,-0.8876557595738439,0.014673770579556322,-0.37918429878737814,-0.09617227259863559,-0.8862198983320952,0.6633932633262429,-0.84653799765309,0.7285000678504783,0.7105867429121806,0.23001677683114718,0.014135634667910235,-0.07457668214545543,0.10863274267660783,0.583635594530717,0.7917535311136052,-0.10053259269818748,0.6196318353959422,0.30367490929721974,-0.3569464742391433,-0.04874194411386101,-0.6982778466087229,-0.8762525997977986,-0.7929962454592168,0.7982536679115471,-0.31312444832346475,0.4286310983349253,0.009098003001914767,-0.6548821771272701,-0.5045125528034315,-0.12448345138153405,-0.1211564164747514,0.04549607053109117,-0.6825075840369172,-0.25429603579734583,-0.43421284277116423,-0.18246120550535938,-0.3232657063171609,0.19577172476597893,0.5784538631273295,0.2946107139386138,-0.8681762914405651,-0.8109881049698113,0.356758689680162,-0.43170605224377256,0.44746731000492357,0.31312817282095584,0.8126853943273544,0.7465593241210777,-0.3332759278788868,0.1654790291728392,-0.7171432388313643,-0.30035842492831155,0.9353930153854892,0.3969599256237619,-0.21608403132927934,0.19008245630314957,0.8760043991315216,-0.38083622516807814,-0.24664138788739964,0.5833239157270871
0.6263695676296019,0.340232799989445,0.657917945788929,0.47754934425896556,0.3708288805551525,0.05278667946834803,0.29204964146697576,-0.15318726735579258,-0.2763438073064308,-0.27480466203591125,-0.6394741542463107,-0.5716146775821993,0.8953365350686937,-0.02745815825454545,-0.5469139069322255,-0.7248692936458414,-0.8456698313982474,0.6888567773717666,-0.7977184726642117,0.541749440726202,0.670239653269112,0.7673643309851232,-0.9245050152848775,-0.3264712560714369,0.5326152088944831,-0.737901917140984,-0.24656025835495066,-0.675505575823099,0.662690113378251,0.5421956274619768,0.6180874392786022,-0.6689216685118826,-0.12465318972330652,-0.17828277700693307,0.3527258443770658,-0.5249395971061499,-0.1116025803894487,-0.4301441348732835,0.4970730361908726,-0.10214407393331926,0.06802229939652227,-0.3810642068744208,0.6172477421815727,-0.061968789935494595,0.6702267854514148,-0.26431808354993436,0.8942603404882459,0.9688795870631546,-0.07664004311802164,-0.43645653459244915,-0.23625513161857903,0.05491957692296534,0.9325363064118946,0.6337824791624802,0.6025184483030952,-0.7232029307931376,-0.49999357682198586,0.2823580724088943,0.748233890104474,0.10908149084886243,-0.7948205365031813,0.691784553466877,0.7023320961695576,-0.42987397188134313,0.5262336605833817,-0.45441740081728677,0.8106124179564824,-0.7053026880167914,-0.12505487961003836,0.8928265260235213,-0.5559239861860388,-0.09774401955858214,-0.30082984372270216,-0.9466596183941229,-0.8934862256578511,0.004014229386470891,-0.5284438522731347,0.9890507024765824,-0.25017465316446486,-0.9436249089436999,0.8616518094999062,0.6783525752232114,0.29992136858836327,0.582761274964352,-0.7248008245482567,-0.42624120537346366,0.6595231663056451,0.39214397715196725,-0.7224146163636276,0.41107235057816083,-0.10279705203550682,-0.9894976033887641,-0.8415484574585574,-0.4881521431259106,0.669926198564762,0.09760849088767087,0.4544695706498636,0.05554301177344856,-0.7776262793515232,-0.42379684392153893
-0.39769761082756006,-0.9045011067622974,-0.1603489124931139,0.5877982172788763,-0.08577276672710266,-0.77828420941997,0.810293771323997,0.19347808563789393,-0.9671292955882111,0.03075146041881216,-0.5161237311580134,-0.7128463195074799,-0.14152221379333252,0.22961916555190132,-0.5188715223869129,-0.16686480958292038,0.3287426034840182,-0.8287720900254765,0.9493089819044433,-0.8646413541823079,0.052118890644341054,0.014655393159573205,0.9766629711929349,0.10830390483639096,-0.2190925348798718,-0.05972984368302803,0.2713415829372601,0.9620788451031206,-0.49269947786157453,-0.9675155377821048,0.5770400325590306,-0.3103950136732174,0.4658820429012833,0.25651392495131287,0.5430027482197182,0.4703739696246225,-0.33496278325603024,-0.9113286234095836,0.09202749041538305,0.6270177311121763,-0.6498217458965831,0.558285186956563,-0.07075420050592451,0.3907785039921279,0.2634716955166756,0.6229953636952128,-0.8737989259355508,0.5523807994068435,-0.08464084510529357,-0.4131148576499375,-0.9123874486817538,-0.6010603325696233,-0.916188116139236,0.8667419599007946,0.030767178508997572,0.9782454045922468,0.08606139530837176,-0.4933724695947652,0.5065818376377298,-0.6177931385321782,-0.2860516479292732,0.56168313395685,0.7315965541561151,-0.33615062723731093,-0.7510499835112332,-0.26396165137065397,0.7789730340245629,0.48661541103924244,0.7892749899101066,-0.22671046347861568,0.9474471686306181,-0.007593546925954708,-0.004953215012745371,0.8486209332539272,0.03855170706988398,0.6022961748035476,0.45416264868527145,-0.8421459878890643,0.2049065976604545,0.6446825590797733,0.09094879468927397,-0.35757714357081194,-0.8398621778500095,0.3218384429162733,-0.38700828781849506,0.2052432554611996,-0.14776785423390915,0.37952961689097253,-0.29690603245601577,-0.915289674299741,0.7400743501127842,-0.2948813793830354,0.9963011955460981,-0.4508892798502848,0.9600545583885582,0.8958087572061726,-0.8499176700236815,0.2750250757665966,-0.2733777386980354,0.6021919511243399
0.35882121562937974,0.9055787925592156,-0.7144410632749005,0.21514580664171068,0.562623939486933,-0.930402068402916,-0.8655332738757824,0.5570307470137308,-0.2673430537857029,-0.23429119662244458,0.13448928344823896,0.210189657709571,0.3581241138267899,0.8976470585311129,-0.25597324305863256,0.526168943597159,0.14784355666779136,0.05891976307257929,-0.2039319080951001,0.2991214734120631,-0.5007766938132041,-0.7731027748299639,0.47134971895885536,-0.0019120794870663982,-0.22602523992147305,0.12334542151929417,-0.47644664682500837,-0.47942045772019326,-0.10745377518876764,0.9927302243095215,-0.42884624460368403,0.8329578190837628,-0.017599609491551815,-0.7547251561920583,0.7056525807686453,-0.09591462950920526,0.7973580615724607,-0.10977761451508994,-0.8244185177905379,0.3638585205012743,0.6910424379493989,-0.36082445580005973,-0.3051494105228709,-0.8701218433678577,0.08434272245112462,0.7826633647077779,0.7027241015062518,0.4236182080144253,0.8546489134463555,0.2754000451280325,0.5873927676900055,0.017511490348601555,-0.7572750898430862,-0.5980392576446285,-0.7222462559232685,0.5807461216154983,-0.9474319463834686,0.10804287451919015,-0.26217766899755857,0.6073234525771729,0.10329386785285499,0.22389672524104176,-0.8275690366961346,-0.3814185649430757,0.9991900878687738,0.437739319781439,0.05139130966060024,0.538329100749396,0.6466787990167813,-0.852498574177522,0.9447594630275318,0.28467717877276266,-0.10005100867400785,0.36021798129916194,-0.3109704385946006,0.7559203033008235,0.5605258576766168,0.27958785873332603,-0.6360737268957253,0.9325292278682136,-0.13476342703605027,0.8214245418937747,-0.8891742999644459,-0.7516777587219756,-0.6939690663795988,-0.6706858402197517,-0.35467849769088877,0.41866426505849175,-0.30795383531625387,0.8818081098630695,0.7898518336422489,0.6918674123117312,-0.49878938203600187,0.2701141827754918,0.10168283096627939,-0.7496594097461946,-0.39435078778224786,0.06695605953676109,0.005146289482525379,-0.6627281965045864
0.8832139757371917,-0.6916114662408737,0.3174657467675086,0.44126553687454595,0.21027781572371085,0.6850600082267779,0.12723606886259153,0.650472534653264,-0.9432530242022448,-0.909076393417316,0.2829074676487202,0.15354246295475815,0.30225995497119973,0.5339180018326222,-0.1668264326735076,0.2779823844177409,-0.003923879727767865,0.25432802059616866,-0.42065668639678844,0.91330033990881,-0.03411036364916109,0.6093763084314661,0.3699816823913533,-0.4051322571405154,-0.8540539489893084,-0.880173934130662,-0.12078900015917804,-0.03149773978528159,-0.5919539728732026,0.21332052564127268,-0.3748350015061339,0.436725770224875,0.4683995096090936,0.7215547315086506,0.9507482558297604,-0.7384676968952271,-0.2589196038994175,0.12330243149673836,-0.3617682271936855,-0.06705486591872711,-0.4650566510916352,-0.5041622349489088,-0.8063766948788571,-0.41957599006019697,-0.23170033299678794,0.23075488832793734,-0.5034594392376268,0.7306150034414354,-0.6806006757396781,-0.34512835839761014,0.15537407578719287,-0.3745701582754539,0.5262427502772571,-0.0034689158801823883,0.029449678462968976,-0.0024805832046916887,-0.3829190358911414,-0.9536474035672979,0.8904656081384745,0.010888926047543102,0.9333732611049508,-0.5697111549475178,-0.2942098222872893,-0.8989191907442162,-0.010211592949647352,0.7646789527364022,0.3085200737792342,-0.05882629326360855,0.07338149857785403,0.6943447307869357,-0.13814446130491898,0.7649114618371857,0.4550161267187838,0.5277135283239791,-0.26812529496487403,-0.19883675797048683,0.14056328776205862,-0.6106893962245619,0.10644585324230338,-0.8529365005143164,0.008511058246409409,0.5288082294144791,-0.440558644752036,0.9781814012414451,0.3607972802377215,-0.7623779605528209,0.9501656308275681,-0.21219257454278573,0.5897944567618916,-0.3218294000948694,0.8778971339107509,0.5099303445855878,-0.6018842368951001,0.01824503245036424,0.00015580714128771156,-0.9093932950658505,-0.7259272528649592,-0.3339185892944656,-0.052511699209619955,-0.08602288143425207
0.21252104480760825,0.03101146429450785,-0.3440683047269475,0.226136242129356,-0.6749959082461212,0.9812314751222802,0.4786387211472083,-0.40153131494336347,-0.3272530956966433,0.6565787719147518,0.06467965975175272,0.41747961287087576,-0.40041887052517255,0.6314976664876484,-0.2632843802684608,0.3476127849460331,0.9597960623583237,0.16740428369757265,0.5935096278602943,0.4506484251037106,0.37608730240554333,-0.9467056900723336,-0.05081957182987895,0.9341413923441018,0.5658079828628428,0.5523240503441442,0.15526879172836572,0.4428002245926135,0.1670465540952799,-0.6589758765066813,0.25805048229072725,0.23947161100217884,0.6823342499165286,-0.7044485833993364,0.3614537901013577,-0.9368589733158013,0.8964103415686027,-0.7802089573326063,-0.9621252649867749,-0.3726150331082896,-0.6971374837613091,0.3810005218370509,-0.1792451813545899,0.549944603614182,0.8410418997944213,0.7456354178246407,0.47167454253736274,-0.8754374279711361,-0.7238350284295796,-0.5853165900575106,-0.34990093114789045,0.3244535994286981,0.05095430280007074,-0.37249480252436573,-0.6536351522853445,0.8242483218480208,-0.3153459646363077,-0.29142602271037443,0.5439795682974815,0.4418491226545853,0.286618199998923,0.38662662005964177,0.22015316015750308,-0.6154716617265732,-0.5069617289452792,0.11617330161480832,-0.5502659240143666,0.945821255181138,-0.40477086944618423,-0.42199172519295014,-0.5854444102907195,0.4099765194803935,-0.36591850996310393,-0.30239365159738685,0.8674007495416012,0.5908107120046671,-0.4530849264891539,-0.7562517885345699,0.3532444915650914,-0.24061162925123503,0.9603210746427244,0.6367549202611247,0.9092177267829227,0.6092316679131407,-0.41909469601412885,-0.42473931677172017,0.4282825749967907,-0.307272971808767,-0.11524777627032923,-0.48711204905303584,-0.04184147396703364,-0.595863985598807,0.07715584741730552,0.8660478675666154,0.3923426012936453,-0.7254540903981541,0.23135406882898457,0.1736609971416303,-0.5150839231794264,0.33966792978620797
0.062082979465598376,0.2758891468172753,-0.8950177863210744,-0.17339726790348275,0.43471611250048725,-0.7989101904453042,0.5415321161965583,-0.9896371071857399,0.10070513155923333,0.8581993603399556,-0.18618509690623308,0.8700641971923031,0.7567992430284565,-0.04510295911820705,-0.6010880506647966,0.9278280777818715,-0.35766459576166665,0.2917958357805397,0.8158739174712448,-0.8210785589769674,0.14826670635074657,0.07030455378720935,0.4462353564848467,0.8733387595012521,0.826459451339705,-0.6498704490380738,0.7644899463296664,-0.6484225849222749,0.839269623701868,0.9943436061770199,-0.2060108514434007,-0.009232205356484391,0.8732174895555256,0.9242627601666848,0.852079395792886,0.7534863358358468,-0.9814656630398004,0.13592373732899077,-0.785398618452924,0.9659877767420129,-0.43087669529990746,0.9781989401774467,0.08660096711394982,-0.012175159316361706,0.8771210034817447,0.7021194771559933,-0.06395846198741983,-0.6143772034523804,-0.774706477959691,-0.6750114749205227,-0.08217105793527768,-0.4854702395409618,-0.6276018617438646,0.47323579098451396,0.5815353288505114,0.13556244484187863,0.5145655005151224,-0.6490101723230706,0.7122930085469155,0.7940855235679503,0.6539796505526192,0.030561317919591824,-0.8265244603032882,0.3385117068199084,-0.6304375979053201,-0.7187762487314031,-0.35279665982983444,-0.50390583266571,-0.4784294458691123,-0.5289574943969322,0.507513303562914,0.9080696453098251,-0.3961083206167706,0.44576505680199485,-0.977128531611664,0.3073667341403974,0.3855371808454777,-0.8757513363989278,-0.7635503043920548,-0.38638731599276044,-0.18916677406320548,0.00504094247677922,0.7902367396325083,0.40711407020451196,-0.3780441032306794,-0.7651685083104474,0.8322607717012707,-0.4099247996875064,0.229250896287698,-0.5617427981293122,-0.7328624356063917,-0.6936288706216416,0.49546967430171307,0.21147789617813872,-0.16830876913755066,0.09846901763672955,-0.058343846241377006,0.0750353753864017,0.32818887867932767,-0.5631767546853481
-0.5050691413828445,0.5094790994497307,0.7462701169754666,-0.8362593870534503,-0.10650404500703337,0.4075322503117451,-0.8437945557051196,0.12833744454694962,-0.8764839048866324,0.09529849742186292,0.01097411218519162,0.14540334845572933,-0.7002952372351714,-0.34376472451558704,0.040683082369574075,-0.7675199556306715,-0.5891970289212769,0.16629535688203512,-0.8181167110966243,0.020750708065669032,0.6173841663544744,-0.09313539964043605,0.026495686403283036,-0.08640304857624792,-0.8845264381349505,-0.07524338852215262,0.613830705108785,0.4465601596500046,-0.20810258009348503,0.632906451866261,0.4916089656636313,0.1566225301180708,-0.9094203945443424,-0.3109422668757309,-0.8724801757758336,0.9882473209538403,0.8691655977698929,-0.8619617076793724,0.8675511251698613,-0.9365302579538419,-0.18226612836150347,0.5379441251669654,0.5316553658474235,0.956666569848202,0.29176163619432693,-0.15927612223534426,0.9857131971617579,-0.2350407622972559,0.7392405706214169,0.8135346230491451,-0.24870893239602476,0.36546070820308274,0.32358507625093624,0.07860052783772042,0.30706819683740405,-0.3044602257216995,-0.6430527419917766,0.07451697279600245,0.057685079088018565,0.4557162818122562,-0.554619568067467,-0.9930534101101844,-0.9545293453560668,-0.40327402259403633,0.34699971555313414,0.08889067805004158,0.0638672169935175,0.6467208747515687,-0.5049759229924489,-0.3076805300247465,-0.4487005444097454,0.8748207222701336,0.4500478918178368,-0.7743107224670454,0.6189563670783889,-0.1615188030164958,0.5321069350278067,0.767513243690749,-0.9687084072729009,-0.5878367562995717,-0.7982065738149859,-0.9328474484914384,0.19556979346310532,0.40657253372985735,-0.9026473575125018,0.48108215695972323,-0.19546929837818738,-0.5313214430248767,-0.5654615796448932,0.7274604853401128,-0.8871119299510781,0.007791697881869064,-0.4214730972921623,0.6315725135266337,0.46303496623203655,-0.36219260726161595,0.19583534855452478,0.3450638028738273,-0.3586697692140337,-0.3964711297115935
-0.7134791316733426,0.3204248476214864,-0.5579145191079349,-0.3989980924851608,-0.8780847257864757,0.8970405100534427,0.7594277819277659,0.8231553312410889,0.25198627529665996,-0.145598835410913,-0.008758425013958071,0.9445804706873717,0.8831728196638235,0.3426850494914446,0.571609191961036,-0.36253108536737555,-0.1673507331571107,-0.7015647843496726,-0.24707962298573594,0.5088321944762506,-0.052962359175560136,0.698681864520081,-0.3985271624097044,0.4151535949759444,0.6115523198697739,0.829482347631811,0.12477189917381826,0.9355723770932534,0.11457351639854618,-0.7318144978818439,-0.5142829678208285,-0.5933265338798912,0.2934117030958894,0.8444522090224447,0.6942667718392237,-0.8150720069462727,0.4491694246144038,-0.6190367631385234,-0.4630768242900376,0.34734384126915696,0.20584408997815173,0.7472409169790792,-0.6236734121344893,0.5233928350744199,0.44861047970429824,0.11770095254505453,-0.04121158705817041,0.7389477030490759,-0.33407137836235745,0.9140395210533463,-0.9693325875430143,0.8743195264044954,0.924155112228918,-0.765367601113331,0.9991440140356234,-0.042158247315268405,-0.514813636308517,0.20880306815756233,-0.5909737140442126,0.8302529191871129,0.10415858509562903,0.5510277641275405,-0.2386765112541549,0.06730025483252611,-0.2814808888968485,-0.4768767452292948,0.025633080047547052,-0.005445413798033316,-0.8027835368690399,0.9626369136931534,-0.061019155954883164,0.6794623631273697,0.8286609977949781,-0.2585901571374831,-0.17213965884275084,0.12504945492870867,-0.5574518033675495,-0.7081545737949029,-0.47845178018046086,0.869516500592707,0.15828585207480095,-0.16484385288965275,-0.6951771796317134,-0.3402694280442802,-0.24032045051769169,0.6667254305739703,-0.0013970352613550396,0.3092159322420438,0.3696932246918123,-0.48534648473023445,0.6431838793847127,0.9330165345006873,0.2833889087974144,-0.018808834838435207,-0.663532708096918,0.5899510287072682,-0.6614685782796366,0.4406270615241874,-0.02336735749173524,0.8337987793887336
0.08427371070271028,0.28361892636473307,-0.8825358968385397,-0.9323524856706189,0.6933947663654447,0.8903762224017964,0.3364310867863056,0.5286776871440384,-0.1752155551688146,0.685089433650697,-0.537133215845109,0.4143391274069197,-0.9817170766186765,0.011465839386130217,-0.25359861462637623,0.235670471753606,0.3335094591066794,0.23303872216867583,-0.03359169275634977,-0.02429123199385752,-0.9867752860156822,0.10328712182251376,-0.9762980637442151,0.058835293683301204,-0.45051852560433603,0.9549586964650234,-0.9657148047951456,0.6263144418278197,0.34806590423842065,0.6123353978948578,0.8195467319975323,-0.7859671426110142,-0.8073722194971831,-0.702205028519499,-0.6161358860167736,0.05291197080043242,0.6304287814265652,-0.4653505266467284,-0.2062071550038571,-0.25389683307263566,-0.18794518025222806,0.13000436489593814,0.9804660632794546,-0.5482854947451556,0.368083250940771,0.6957342040630714,0.3074714391183062,0.7164383180423743,0.5191717003536895,-0.8129989891457812,-0.24147195552036815,0.10540287905939061,-0.8877701217420686,-0.9810996546917388,-0.6572328495579047,-0.00028321377441598017,-0.13218069605667537,0.5687526215802223,0.13171325590206995,0.7159206267273388,-0.8092763290585399,0.056318371283295976,-0.9148964847659098,-0.5771658882309056,0.7362337811632111,0.7751086140689871,-0.0489994247094534,-0.9068760585165134,-0.8513038801486978,0.8511696201618464,0.7986233017300173,0.12701972809596707,-0.9341964396930562,0.8575327225093186,-0.3710306135466981,0.9229383797520117,0.17407220816897673,0.5045089396937301,0.42542279989871945,-0.20340795920975596,-0.8461250171173083,-0.6750994985705883,-0.5190556113914264,0.669301120183504,-0.2216867852652824,0.7930515340054396,-0.3365403207563429,0.5112185290417846,-0.7200988115296054,0.9769559158282062,0.44832714018862974,0.0015857032754502676,0.9486466548719927,-0.8926071361052128,-0.12582349431300166,0.6773493152263499,-0.3188145070497881,0.5380113067308847,0.9097167938293316,-0.206593901382081
0.5471098322626449,-0.9407486821096698,-0.45334594274240536,0.9851717569015948,-0.018793087778413486,-0.2883776045883042,0.8822856899414508,-0.1363041075209106,0.35938971617631776,0.32134381502975096,-0.8286117647265285,0.23723178051977567,0.5961103476054932,0.4262170653567714,-0.8359239806537029,-0.6915580722689632,0.4233543095572334,0.2678017639261019,0.4793105779531892,-0.36664354263692767,-0.7868981645774777,-0.9896095552599398,-0.3834650897274039,-0.2801650053062068,-0.46046711352122704,-0.7349859910116012,-0.6252164329442456,-0.1023126459570971,0.10948000121773549,-0.183911649833725,-0.9474761919734056,-0.29217142530948226,-0.8138714790802517,0.19608759558854572,-0.3511393388551747,-0.22952416520803265,-0.416305297407358,-0.22440088124321256,-0.830600966142955,0.8022720897128661,0.8104151486267177,0.9563461280277745,0.143920861499079,-0.660834153215349,-0.23853595302251374,-0.7223198820811665,-0.39773746924986253,-0.01375211557843059,-0.8734656994460912,-0.13064746147451012,-0.15779532045495137,-0.03153737213214303,-0.8461572772096857,-0.49660052442219427,-0.5068198633059942,0.25006737553778935,0.18761279607815728,-0.6089035502394791,-0.786055264838196,-0.3906840084974861,0.8976469247891303,-0.3355655693767461,0.24038437574937865,0.6081529239147649,-0.3409165674414796,-0.330527552506086,0.6309509400060063,0.7190169342016703,0.9484507530092137,-0.7277510568434704,-0.3586696892498247,0.8945578440322324,-0.5982970225958566,-0.37163343760911727,0.9291492461895878,0.937450443493391,-0.41710369683989357,0.3899155353442201,-0.01798537421579538,0.1517585632499212,-0.5151514064388538,-0.24788939535170584,0.6329890308658261,-0.21412974052108025,-0.7722243527760038,0.12770101725757188,0.18445406850077095,0.09125817090164423,0.36342526626017535,0.10019831399494561,0.906009222972592,-0.07675555433370307,0.41673410251212695,-0.12309009138218285,-0.41733758402940935,0.3856705586486855,0.637931136008917,0.5913136719919088,-0.18171681951019703,-0.0013935694220794659
0.26667207930732717,-0.5159576646584023,0.3173259370646362,0.43047278259885235,0.5781535264401259,-0.8520697288354231,0.981401228873936,-0.041530600454747546,-0.19838980534125272,0.013225286059018071,0.8407843689565915,0.3834177317962153,0.08729040677495536,0.5814418340985184,-0.28094101396748017,0.7910030307217981,0.07381197204917567,0.27636073402168226,-0.8300361318980245,0.537908095840081,0.3152032891615313,-0.2899823611030208,0.2939996959668085,-0.9114066129443008,0.9672164119039655,0.3549437917283713,-0.20076450754983544,0.5053655554592116,0.9314335554276565,-0.13908891221963549,-0.9789044544308401,-0.4825232591926891,0.021352481050089356,0.03759553369869906,0.16103659104800827,0.15047079654085227,-0.1084428969901865,-0.21773166264499433,0.5446844649248641,0.17717991308029446,0.0009315632394690798,-0.31006522480096343,-0.9508746939484614,-0.7909012839878766,-0.16804914294857487,0.9234557313599407,-0.7678613240820507,0.881352316292386,-0.7166496463369034,-0.3762193122049171,-0.08933472954824584,-0.586265347583371,-0.03414800244122307,-0.04767493758167296,-0.12366812345394584,0.39352653104733215,-0.3621810515645991,-0.3994718336361194,0.6203718738373962,-0.7698294666024281,0.6983600160938195,0.2959398345554274,0.35427866578176803,-0.6712918142985935,0.9678009411765558,-0.5121741068960146,-0.6510935343517321,-0.6797285775692814,0.11969790497972621,0.9169252434678994,-0.5362889051771793,-0.18990512743949428,-0.6310964496972127,0.28095775332015616,-0.135731095141435,-0.9416154513152188,0.22821387474383958,-0.6053511284355073,0.1844063167207366,-0.2223284392885858,0.4094712319194689,-0.5884310412653562,0.5046509907209833,0.6174595772625215,-0.8748724970616713,-0.7964959025457152,0.7439586600197703,-0.6260803287358132,-0.34803017680236303,-0.08489915558762906,-0.47529320909527817,0.7252730949146147,0.05543003925556533,0.27821717133230117,0.193941658565987,0.2226168422780037,0.17400942913043593,-0.3041507251264912,0.6910356053391185,0.23472535867284994
0.6274765085218676,0.4119767218919601,-0.4051103306012962,0.22896903142583902,-0.8304960627539444,-0.7321044606985787,-0.7642766946766866,-0.3892399949290022,-0.633910963337033,0.38687308343289106,0.021649738974321764,-0.1635217875774828,-0.724265402930885,-0.23258007432462602,-0.6284926014144687,0.2710032841172705,0.3868658530587106,0.2905201901599008,0.9997991051261841,0.10982515166499485,-0.020715947615582264,-0.7194069298044059,-0.3708399706783114,-0.09799805850669774,-0.8927774747383264,-0.28192165565726235,-0.9808331208734375,-0.7269305706750082,0.6304318813077237,0.9276581788298797,0.010876039461340747,-0.010060304267192732,0.369393341119973,-0.16873912945177616,0.6797836042024454,-0.022600976120628724,-0.8346587484270662,-0.9382785887139904,0.5221132370908483,-0.41582018088258677,-0.45029416345293205,0.07521723640963884,-0.6635820451268526,-0.08535722545310187,0.4850365038595741,0.5318391098873814,0.09945236907610266,-0.7735780094159537,-0.7715866972820624,0.550226055727991,0.6465656159951332,-0.26627645578915815,0.6452218555925227,-0.9167789554595334,0.43796048226008666,0.0927065494439292,0.9795514557533664,-0.7951671222450034,0.6601414330850794,0.5026909894873444,-0.4045821297942127,0.9986253385578154,-0.10053531433917251,-0.3028460463553724,0.6334571702328771,-0.12186019323333408,0.9879153686372342,0.5512632997615472,-0.5261078892666375,0.6214054336788204,0.17584779395362116,-0.29873831777202065,0.421507918987599,0.26554126185427696,-0.6680367646194816,-0.7215300681464478,-0.5867606876264533,-0.586114558496468,-0.8812843327213178,-0.2983690420943381,-0.43782996241960404,0.07753709209527604,-0.35269276829063667,0.40810752351037705,-0.4213335130701128,-0.46531386744383973,0.7160336898925153,0.9709766045235884,0.3585986318466201,-0.8095496723713145,0.9255439899875839,0.5713820965825946,0.8375374236596507,0.9849724512893487,0.7340951808675569,-0.7462236627723795,0.7321575899823136,-0.5006455161237204,0.4227896976783381,0.6569636053972652
0.5229471749597139,0.352469107399892,-0.021082548168724458,0.15485105860832293,-0.46256569582502816,-0.17154982126992468,-0.0960165548992713,0.2672555267005954,0.760250162614647,-0.8138104319147652,0.031226944175398064,-0.4435486242964326,0.8726722281771504,-0.261857651849156,0.9005081577307652,-0.34542143967813943,-0.9950538297160305,0.5482705808753865,0.46544805307897397,0.46186387497410597,-0.0831014866405646,0.32828764166368507,-0.2835545413180256,-0.8733386278796507,0.06884892877512971,-0.5643401299695883,-0.1407137986295277,-0.5762970671845236,-0.4629263233711549,0.656687234097616,-0.3244896896584253,0.15586728052190302,0.13228422183428057,-0.029324191982989856,-0.3125207588947616,0.36510385218641184,-0.9031814776965541,-0.8008505161675883,0.5677795236811365,-0.08083647465286625,-0.7515256415392031,0.7153031998572277,-0.11742810224714684,-0.9986481369757916,0.9160635386079445,-0.5953635872052006,0.37718376382302066,-0.736173825231973,0.2999943986813054,-0.6820450741883612,0.8654511254518484,-0.45196108380943567,0.30917592883758815,-0.4992214429017823,-0.2563124647064685,0.8076005376713158,-0.6689498416813124,-0.20731686613553357,-0.3889815103115386,0.39888274304914706,-0.5317123170311611,0.3109704567670699,0.40739607952808843,-0.9978273926165526,-0.04638658347817182,-0.7346004159200268,-0.5476182770811879,0.3599654502431582,-0.9814261047830797,0.3911942145760974,0.6342180538265969,0.976309818928544,-0.15537213244988024,-0.7356496978148783,-0.8583433891989758,-0.2338601486484546,0.4615267635279421,-0.7951456591009867,-0.3732970451181876,0.7619779899605412,-0.7257414105129087,0.5469209673012483,0.506315601982136,-0.7337075376275757,0.98588031049277,-0.7142938663302123,0.06101655309336196,-0.9830505160939809,0.3000404263156138,-0.11980115844029626,0.4448640527286447,0.25616007668180507,-0.697251738311438,-0.17658021128064383,0.37313233975147986,0.7199250492042999,-0.826623933068023,-0.7990697750447224,0.5048912930959049,0.17914783552302627
-0.2319361813137586,0.9264974211065282,-0.3709926636356613,-0.7203396223815326,-0.44606468611030925,-0.8315025680040267,0.10679326356946017,0.20001573445170573,0.21518619783104653,0.5579393050265198,0.3809521500293076,0.695784208879918,0.31681074017028776,-0.3967013328456028,0.03549825559447495,0.019045132229425166,0.4956872819624991,-0.40891589751586666,-0.8908617379694941,0.7958251207139793,0.9093430226943056,-0.010224560113466286,-0.774512674792383,-0.0008349174546848914,0.18785953627544627,0.05657300187236847,0.9553938956866712,0.9737650656863779,0.8678488033484317,-0.7360342385345959,0.7216280078734949,0.13676077754592186,-0.2691750743038026,0.36588409800485233,0.5254518757911715,0.9089059678817728,0.5407340984492277,-0.9666211964582876,-0.8649348614544656,-0.47562944567586585,-0.9203462761256205,-0.8790622808235886,0.5785799979861828,0.01322120854985398,0.25714139212115206,0.002097931014150234,-0.1691360112491962,0.4036212772470327,-0.8351443761507082,0.07312963214003076,0.232094111333496,-0.44506452853087985,-0.38018622876671615,0.022609396590662856,-0.5936050120843444,0.6161201619413066,0.07278034577891668,-0.21853699406330063,0.26858849470651336,0.6690529383695054,0.3621113694184208,-0.86776983275757,0.39735176321098264,0.4599167548630829,0.6929362302815525,-0.8841881119537391,-0.8275744032170214,-0.1310328227879618,-0.09325631540571466,0.21766480885488715,-0.3814198722529476,0.48338701811510854,0.48131636046835635,-0.7611139861842251,0.41580121423619665,0.4029992224477321,-0.6723347381291849,0.9060324035093952,0.046010725456816504,0.5659742030874917,0.441531036186918,-0.6660740916152383,-0.7461387850377503,0.5622479598739751,-0.4624710271815087,0.772829519481312,0.5428605809792493,-0.941287497654393,0.6142156933147396,-0.4560388099572925,-0.8722560217537039,0.42464649640099084,0.15330334942836799,-0.8458599374272293,-0.08960444464114503,-0.27975220895649344,-0.0007799884772334842,0.13377225647689972,-0.26462444428637655,-0.48976783792184375
-0.7941901699562608,0.147824610384113,0.44555674665173295,-0.5431911536934979,0.017649769821293626,-0.9119241854743809,0.7258569898052225,-0.5108970992865931,-0.056470820844523706,-0.2340410512652018,-0.6998306635176998,0.862320154314371,0.7149703954959448,0.10572957699172902,0.8278953390422581,0.48133165621315377,-0.16126139127440298,-0.3563959710558775,-0.1674868029973693,0.4405758428563942,-0.45748408398036666,-0.8442258600661761,-0.25438366652427735,0.004081885119165518,0.8038820185165427,-0.6413112994553887,0.6086760389175134,0.96282772788299,0.9081588149208553,-0.8621471244545098,-0.06981164416622776,-0.43538625875819514,0.689693008522656,-0.3453981565477622,0.10618279064813518,-0.984061652885089,-0.5986576930940883,0.12761348164837383,-0.3921813854638341,0.2454350477842091,-0.07214661883900142,0.18338186996963235,-0.013278648290230288,0.5452265259010487,-0.609155152254353,0.8008865944528465,0.5209644406433931,-0.5097462512468343,-0.9872442344963919,-0.17992778086796024,-0.534004516280514,-0.30715260452118764,0.6791480137923478,0.7543972285031499,0.9019805242868866,-0.9970759189288445,0.3146077003519956,0.6980119755578436,0.454430078081945,-0.7921019612968807,0.05962897812002499,-0.5236648109582687,-0.0159422463002048,-0.8802098486936207,0.993918540215097,0.42330494940020547,-0.8139467232838236,0.8425488059442128,0.7945749438629184,0.03951843698407398,0.40169381939735915,-0.2550160518518385,0.9491095803365022,-0.830195164967021,-0.8088459893252289,-0.7329722994980861,0.639925783788432,-0.850339031340245,0.13564145657841653,-0.13003424313002943,0.9284365494654816,-0.526456530516207,-0.47801812215277995,-0.36998216918048343,0.6016336439989904,0.40145121264308425,0.4707057375647361,-0.3638845614677988,-0.4560882563350912,-0.8506251283950406,-0.5945747474415326,0.5598739649377258,0.16941607160825778,-0.6891788973561266,-0.6712500386004636,-0.06788977512667649,-0.18697489618157248,0.07184909818004726,0.9292694445004575,-0.5847275487792929
-0.38338456357499084,-0.4699841461705836,-0.7601728872892128,-0.6847692458689676,0.37210968590103044,0.6527733758792995,0.3937559664741528,-0.9193403837826732,0.6718495019759725,-0.3444126822304161,-0.8175741924173028,-0.5035624210774898,-0.2885144889914326,0.026919350757458993,0.35436675397814366,-0.4796664145575522,0.9813532408158143,-0.9378358132824809,-0.1912155471056507,-0.0955976611978746,0.4961568944174184,-0.5002947435568978,-0.07591350224752214,0.6077935068877003,-0.7204139214537553,-0.976086153661174,0.660744663789272,0.9651344749672432,-0.7385695249120441,0.6473468303767116,-0.25552051236800466,0.26059509720764895,0.28937003141700357,0.1646476028281263,-0.4823586953069483,0.6254941832272287,-0.9563996345227745,-0.8710559279061805,0.8049921638665629,-0.11313735232802236,-0.742416902005991,0.8101559407603058,0.6587123544348359,-0.3369002174954465,-0.9146073618191384,-0.0780101559961186,-0.6640215825418871,0.14776839961344557,0.6433708030645675,-0.21000262355616117,-0.941035413999417,0.36642583350336566,-0.6543855763384216,-0.5705677880599467,-0.6256977725776767,-0.4402908914385524,0.7668475977872522,-0.9307011125369882,0.23835309769179158,-0.5084304415095091,-0.4097896740005671,-0.17601558740766987,0.10137733040796104,-0.8780418621343145,-0.4404480251220573,-0.7255279657358704,-0.6010843866668267,0.76930503244993,0.05162811650555943,0.26150877764951086,0.604336165542255,0.5896924886037405,0.9788072315230678,0.5638315336908499,-0.28177578032486994,0.08903561206810329,-0.030641029118983365,0.825354033196734,0.004786511087483403,-0.22323745086139923,-0.6403682526042616,-0.3622448653412409,-0.5619596238538109,0.7915295632286274,0.5570765626569489,-0.882817539443763,0.9830626468611416,0.058864583930863246,0.5336843369005457,0.9992114936226921,0.9479597234670043,-0.7997313253900848,0.3137288427524685,-0.4669459978686339,0.6325703232174695,0.8345189651408811,-0.8881826882951005,0.9927840970129143,-0.5611768279121503,0.6930101809302662
0.5947813747588175,-0.29039073086968026,0.6784445046118186,0.6904418047325616,-0.6477992648400199,0.18503901836282544,0.6124204507187767,0.39525312719915995,0.8279600082570686,-0.9435868605456819,0.4011216067028365,0.8951174701400304,0.1272129735663874,0.12621778172803677,-0.6235326701894874,0.9760124208092862,0.7632527197955206,-0.015546552209189546,-0.38189385569756085,-0.019127159745041533,-0.8194852462981943,-0.5347532838335218,-0.5623821166168455,0.05289702829702181,-0.9986330072323384,0.835792371841293,-0.5970712332957178,-0.7390209087616348,0.43387526538163224,0.837561574614412,0.6885681728753015,-0.3528223773903256,-0.9561742075128554,0.17321835018241893,0.8344482949622372,0.5487329976397839,0.6929617751582693,0.7213389331831015,0.9211175005515158,-0.2528184398332536,0.8838464269360833,-0.20880887529229142,-0.7979356596386273,-0.39646969254906184,-0.7270966622850199,-0.6849922279663083,0.8973870640526469,0.5836850499997435,0.9213242007374765,0.29836053128962803,-0.6515946580889387,0.9374857926663354,0.387120796585086,0.8576904179708507,0.5739835851911537,-0.5535255720387151,0.17790031156620723,-0.6492967400195584,-0.38635354140408396,0.37699687919791436,-0.745303270552929,0.457661911871998,0.8975762084425754,0.8973963196998058,-0.2167971454447961,0.9885662610952612,0.9303678805751019,-0.9352345141458251,0.2047773349019424,0.8420764328361587,0.935063371231871,-0.5582094991259758,0.1311004922406409,0.8733755871085085,-0.7187132637028633,0.4906866562039649,-0.5240081497012061,0.9647593098807137,-0.6642251664968317,0.7706405067902746,-0.8225479748597473,0.4179316262904489,0.278205375809758,0.7733070304356435,-0.10674013180441233,-0.46957511887424763,-0.5009182737294424,-0.8644104398715324,-0.48668411691457036,-0.7839307975707415,-0.9974376850106201,-0.22812580409318017,0.4651689889975372,0.9382036502113704,0.7691039951744549,-0.013836013052304752,-0.24257485045148197,0.09204793535690858,-0.7971428807257568,-0.04102149920567899
0.7281014409371538,0.3019391262269546,0.3743208084342289,-0.6746869765030232,-0.8525812208772516,0.6915249680491207,-0.4101827737677397,-0.36256618408668495,0.9033242628682412,-0.8515991964666814,-0.6597895936976186,-0.24908423184000728,0.4639701705426338,0.09409251722446288,0.796248346239947,-0.8137906292386268,0.18806108810418976,0.22728945155778768,-0.03452642702304365,-0.93801359189565,0.8848845162039276,-0.6700056104761718,0.7795065408080872,-0.6857924453384319,-0.7974843780533287,-0.5888990465641257,-0.6200314848232291,0.3943934076147142,0.44407620915135126,0.45994801134057983,-0.4694704613000469,-0.43695385310946944,-0.5249034301055087,-0.9007291139229803,0.14353961571548313,0.6797090096913021,-0.6928201309665316,-0.2783421575454539,-0.144788085108573,-0.41090110206757036,0.3240404520197353,0.20043105602753752,-0.6006503984781073,-0.9485286145366285,-0.6583356166155538,-0.41637706790778495,-0.8361278105740153,0.6875381486938732,-0.38329319976454124,-0.20506530298375414,-0.021806375758685492,0.3220801094920098,-0.8177262448986415,0.08825205843936068,-0.6302375589159055,0.7709853854990778,-0.2611966701361099,-0.10844945841108378,-0.4734080666342315,-0.06988408769069898,-0.5475154394346662,-0.4628760134541008,-0.8767212606798014,0.5044702842305742,0.33493691826913685,-0.8285853763201658,-0.31241722690790663,0.08289801201204416,0.9414110743471515,0.17945288460720699,0.10720381231581766,0.681594332860501,0.6368104297307471,-0.16273585013109892,0.07102882395785937,0.7337880274111246,-0.05035122375616008,0.7633077388352456,-0.04747543783706276,-0.8420899004518336,0.8055544026783081,0.4286113982607198,0.0042029406312096285,0.8009101229431836,0.6009006734413713,0.3550697711520605,0.24054622869860598,-0.7594362504891334,0.5143775112783868,-0.6542420543870111,0.9687359804982658,0.9443297566755138,0.6169214426387262,-0.7476280027229205,-0.15325020136880108,0.9765598726738314,-0.1292135089349855,0.9945384535575512,0.25445242446479566,0.6682162373520084
-0.4842272800244469,0.8216089714631885,0.8283478737971732,-0.8659760939027752,-0.22380169397049854,-0.20529001128592816,-0.3477463892605279,-0.44759836018550136,-0.08368563775476967,0.7469325067455141,0.5731012776555435,0.2461158571776163,0.04512402089961842,-0.16081233154954266,-0.1711152024620426,-0.7036005174131108,0.175868266562776,0.5167547757153459,0.8792999699742197,0.849856333518547,0.12536751895464504,-0.7980191143491027,-0.4278142919022552,0.07126696229183338,-0.3122616428450711,-0.17821992540155907,-0.23391305424589426,-0.028830415427338663,0.2179243039048704,-0.9250686590045731,-0.44917171593049243,-0.7122946587466525,0.21731052817125396,0.3873225063341841,-0.9224349350364098,0.779148427828515,-0.3370118485314586,-0.5248414121673857,0.49149963967827226,0.8416699658123306,0.7940627242988452,-0.9595342228134562,0.6347718506105551,-0.39389009310380674,-0.43930669363071684,-0.01676157328136596,0.39236568934994964,-0.8035652194545175,0.7378000501983972,-0.731228958063119,0.9484388492066209,-0.11377877333714226,0.6516466635595011,-0.46116003798247274,-0.16645454458923448,0.2911096228552885,-0.6241286182147772,-0.5772189957882048,0.6479388685102814,0.48188959784001595,0.5189865904525133,0.7343779411004514,0.6420347847969206,0.03053940521911369,-0.6820551147219991,-0.3777538134221823,0.013590550473110863,-0.7287003579658804,0.7025906819743843,0.758665182719712,-0.9421036813596286,-0.6144731063368836,0.6658598661531026,0.67395335521739,-0.5010194773514414,-0.08710266574383874,0.8360621386822324,0.40926789044007306,-0.45204500305128215,0.6470125833782323,0.010252749874327671,0.270819618151688,-0.7522542822186,-0.9388736152360129,-0.25506647692938555,0.1880871869043026,-0.6448326116722767,0.7409615438369257,0.17376049684485362,-0.3004801967106909,-0.6729727709642983,0.7889838406243908,0.4979222689698666,0.37770107523190855,-0.42986124713047613,-0.22686865851803062,-0.674185188802759,0.1445161220406015,0.9298352184045102,0.7142223748766046
0.29475978352296406,0.3553904921819415,-0.4618328414620858,-0.18098560700891575,-0.9598952850009512,0.5606073285212867,0.5351454568237026,-0.9822040278599085,0.8230308761047436,0.29474310835004824,0.20228390098906757,-0.9830725457702574,-0.49521911727869705,0.6101711383909727,-0.38908060323088645,0.9340488867367533,0.2854806225803279,-0.15238639868076187,-0.24704909545799847,-0.30258160145583735,-0.4960025814442479,-0.06660396900556864,0.3543923127746267,0.6486216429413272,-0.20569492005575962,-0.7953757940627997,0.02302743493660353,0.32471090505250455,0.6865679001715543,-0.25154047367785703,0.2946842401291807,0.21810020927603357,-0.4030481474934051,-0.7837909388283131,-0.8723258922057802,0.9767219316435343,0.2811894912293116,0.7229832005036612,-0.4777061841470063,0.42218755114358353,0.7847475953618654,-0.4024177761620271,-0.700141407291687,0.5309487766072463,0.7993740894909898,0.6108596452670596,0.6047274889056231,0.20006660229114326,0.3210606473622579,0.3615115007747636,0.44256639518522123,0.3108011409248832,0.9949381991565918,-0.48114745457602215,-0.16286862783731682,-0.2234501579890833,-0.9293619903471515,0.4161379187517422,0.14408486807368237,-0.6201696791772986,0.45309975316180706,-0.5552736120474622,0.06927020308842624,0.569794110592234,0.8130530110101095,0.3437369519248177,0.014629711213630658,0.6908384884891905,0.6812773891927999,0.752989568684221,-0.6377282843919985,-0.8047938723745813,-0.7441117206078933,-0.4826962988795842,0.6166877382849403,0.525836436638605,-0.6338632859748099,0.3594247385798566,-0.3287350735897625,-0.8214003559611216,-0.2894332077603352,0.4884198586856161,-0.38582945733558294,0.5761808736151985,-0.33736572605844706,-0.47888152918859284,-0.4118977566993145,0.7024277764228204,-0.05892686465863961,0.7327867393850793,0.16714923948516103,0.888601968000154,-0.8575685251918483,0.7788521229407757,0.0009547489854087043,0.73499550939646,-0.2366615603888258,-0.40328849236507347,-0.8918760587148498,0.7084795408066875
-0.7252694816537522,-0.599406818409713,-0.18161630649579186,0.13880717594690783,0.8132418690122551,-0.08485713387691751,-0.3672330847025822,0.4313369122200721,0.557882354867629,-0.0248383085037851,0.2620655445253903,-0.6463514668730785,0.268997938305342,-0.9905729971520123,-0.4529442755970008,0.5223865624299984,-0.6627884868341847,0.5289674722915159,-0.02084581873996716,0.5271383342109985,-0.8239173124819108,0.22895947745012357,0.26697508140518833,-0.19321303920409916,0.9306556802600663,-0.23336715989307866,-0.924549363050124,-0.6011714975437661,-0.25379718914525795,-0.9718457625507357,-0.3555737323038619,0.666457333133128,-0.6188465801191909,0.3534962833542201,0.25337385734324513,-0.5023537542482361,0.3870494943407943,-0.3113004518733582,-0.7421383991433945,-0.23289904738461265,0.17734137633614377,-0.6659596254633813,0.6476876593488208,-0.4035954930117225,-0.4183444163810268,0.4556638228936256,0.19273983723100474,-0.3243296975841341,0.7759480876740834,0.9909448196558568,-0.31453432148488014,0.802767552289049,-0.28149822726673523,-0.6231479322182611,0.8961687074138853,0.8364108176828668,-0.1932167109977494,-0.543163430328349,0.45433765627264266,-0.7375884471656349,0.4681532386230418,0.17938566959848323,-0.6620305162197058,-0.266817097200303,0.30108076024244945,-0.9252731446148095,0.7530882751989525,-0.48842165214941424,0.0694668683876809,-0.9028260768365255,0.9893604673141296,0.3239398316757893,0.30713523680150523,-0.9605164669717097,0.3794994967548522,-0.16644886964091232,-0.23949247414477082,0.09456476945785108,-0.0512073233445256,-0.6937458037511273,0.3903840584418181,0.26062268032587377,-0.39776709048641545,0.3233291521814441,0.32496593177779354,-0.4600457009256218,0.2112686738480083,-0.7256729540403821,0.6613054409417796,-0.7901715261998061,0.4375324490323358,-0.7645308631255214,-0.7719748946315041,-0.78747258338721,-0.6027066765874356,-0.600501227707283,-0.47401216877253627,0.046292215185161245,-0.5966536200356212,0.4068735004925166
-0.4092975979987741,-0.9211885847428627,-0.007290573263814659,-0.58461203145677,0.8662486893037549,-0.33879276760659716,-0.9945240018852146,0.3432662649304097,0.8137600885395841,0.6704643305264824,0.3380438610032801,-0.7017110146664678,-0.819834652848151,0.023410693929317716,0.44712723379695785,-0.7974190428140853,-0.48821579449867025,-0.5376794270165082,0.9773318615152082,-0.4079556425791231,-0.07144528552770324,-0.8003821698847651,-0.6505963821092182,-0.9211109600626128,-0.4188656455246411,0.6031922053808947,-0.37458578607447146,0.47708039158435245,-0.8100030593388394,0.5164080096824766,-0.9082218258131696,0.7039974501489763,0.3267100549816879,-0.6589754472872493,-0.28494519152451137,-0.12457096643613053,0.2436140666650144,0.7569510747949473,-0.8140973691251554,0.6299285790729927,-0.6342611593927145,-0.19844497143849416,0.9246198602995079,-0.45633381849961974,-0.2285690204813715,0.701343156073168,0.5997981938979002,0.29769296774452747,0.5938191140708138,-0.7738868872447078,0.3923397470475898,-0.8827072086696452,0.8849339759998001,-0.6812092050356702,-0.1679445667382069,0.18150060598067697,0.6045295680901919,0.356786272498411,-0.6374788789253958,-0.24049844176822477,-0.2828021703458068,-0.9423675408575569,0.36892826676294566,0.6770729530942234,0.9468891604507386,-0.7386893409031683,0.8407959712762054,-0.7741250412524652,-0.17743147252965152,-0.90805534924066,-0.47677426554302027,-0.3715241102522582,0.4091363529612462,0.35585784204032866,0.5350574365798206,0.15329801624675898,0.1300244513747828,0.955791115101597,0.33968871642863085,-0.32339871646315355,0.046206350449347955,0.4011603685951086,-0.8095157230966106,0.323426525691926,-0.5028460102985848,-0.30850102508499266,0.3525911367148824,-0.2302467651865714,0.6780660424595746,0.11668847340437583,0.9755832495229544,-0.8908677695446483,0.2867974331136258,-0.6861452533965176,0.6976911495520015,0.7037423028921324,0.7388312692255359,-0.8502695150460304,-0.01670407771119753,-0.5182163666055377
0.9402900975668003,-0.8992985709469121,-0.554586953662402,0.28663462964650366,-0.1934460130765543,-0.5300000000174256,-0.08181081050352956,0.6025225754534442,-0.10380282866925228,0.7131784483560344,-0.10586376017240395,-0.7625862958927343,-0.00525330386699796,0.30674600627674353,-0.7947133570396951,-0.1753229046489011,0.11426202280966624,-0.9996605690433271,-0.8182089061769355,0.20840655212359493,0.2381323074927646,-0.3908040837927029,0.016675480638929763,-0.5862975023002033,0.3429487415583121,0.9007102599867314,-0.27331504486037805,-0.8914495733888643,-0.5541637712073708,-0.09108003479283133,0.12030169021213633,0.2395159393541686,-0.053732637812822226,0.31433441286227914,0.4318270005663105,-0.7719532832885234,0.5186399021582342,-0.55650578435962,-0.3172857708463226,0.6597677712688024,0.92886736690868,-0.416032872383437,0.04397017320827179,0.40419210651997073,-0.9084437802899314,-0.6716892645892183,-0.7191016253555023,0.4337122252957655,0.4431181909026318,-0.786076988960962,0.2217035322773675,-0.6249131989367933,0.8604325183062906,-0.2142070201696531,-0.08590798341402217,0.5628408072975093,0.43357582893868596,-0.784468505425016,-0.1710593097433395,0.8532530610746214,0.67493247497293,0.17762221579580273,0.5442903472744576,-0.09899080608207189,0.3169133900004053,0.912380643251502,-0.7307279711387344,-0.002342715794777517,0.06072869503816847,-0.9028567887361896,0.8706165616633053,0.677632221357833,-0.034136072928147465,0.016665798143766564,0.8423246280876022,-0.6455951229957089,0.15710877140835322,0.46098932348555555,-0.7432364358968444,-0.22518884155866803,0.20109204361082256,0.765391727117356,0.00822023870632882,-0.2306747225125918,0.9590015204100859,0.8318204833941985,0.5247493125235854,-0.45280824008777754,0.9271870753595053,0.9409832998242011,-0.09430858783726648,-0.733256337967813,-0.1745090543847614,0.4000285697942503,0.49685373175583214,-0.40217373008915147,0.40298862081476994,0.721415092258316,0.42374871279029014,0.8710241549250715
0.26516656901452773,-0.5982218353493112,0.24833517841077635,-0.4188410090414987,-0.3094128382028378,0.344747426102634,0.9626709924697345,0.30017277561395583,0.9166529056103929,0.00778687808649936,0.3886239474546527,-0.3552372051722896,-0.7691894954327492,-0.2955243950742452,-0.03926015521874637,0.1412763885061985,0.33431447610443277,-0.16504413374895632,0.4957374467531739,0.6827786048338234,-0.4281440395492728,0.6946021828410978,0.616609558653392,0.045459972418404604,-0.9494557174910558,-0.7093465767344089,0.34050835753388364,-0.6001951654705664,0.5003700373401074,-0.67812921131354,-0.4267689036817801,-0.498877985083634,0.6787636289303425,0.38118970072802005,-0.40971886807678803,0.50718789609033,-0.9353872335153457,0.6280524351089374,-0.7950399873240468,0.7360707473088206,0.47898496034569993,0.7296829704092052,0.484825471745721,0.12254110558162123,-0.524809054867591,0.5686143457417732,0.5976435049791409,-0.4247226909855595,0.3289871371832471,0.8529696223375591,-0.2248907027160194,0.9134039400236535,0.9516454441122526,-0.3746920382107317,0.10424919506612706,-0.9740695246507234,-0.4973177432553886,0.24112339122369808,0.5618497857517708,0.7402361846426702,0.659966963910289,0.8229727541474772,0.4092581377855755,0.29526477110000116,0.5102154104170997,0.09323027340248258,0.2067739545772831,0.5522934902446643,0.9285796462520615,-0.41164455639101694,-0.6451482030234736,0.36531770340307035,-0.6260468369353527,-0.6524097362893897,0.02769370554914774,-0.24560354589470879,-0.14298437119853147,0.11319724119066588,-0.7398669397692554,0.16797211536786238,-0.48996770373515597,-0.33887442251546185,0.4193785926326281,-0.6903886044034275,-0.6925932328607405,-0.35473994021296007,-0.8982891176095464,0.8647637311423817,0.23121735219866002,0.3237804219298781,-0.01889811769264682,0.1453539811098601,-0.28382882367252127,0.5680628971410029,-0.36428198925562105,-0.5600759691448851,-0.6322618049292821,-0.8636470617911483,0.01028070091263178,-0.16813751245915665
0.07407190506781736,-0.8161088921218671,-0.5576038377970944,-0.5732923796276082,-0.336232970192037,-0.2784043506745346,-0.5631094284309706,0.5053113791090338,0.06099779121364923,0.9932621652086775,0.6473768018504045,0.962266395230593,-0.9823926074099252,0.3378769359887732,-0.1086655074306151,0.8089929169753842,0.22740219412158869,0.24226339524726792,0.917793632147867,0.3651027215370559,-0.3581259789858371,0.8318648605973509,0.8899753408636752,-0.22824813043191217,0.080474625885123,-0.4343420114412051,0.8226718532572361,0.6442181284799324,-0.2500839156760417,0.6056334750165877,-0.10888620485656397,-0.9122966781789965,0.7965632178117066,-0.6149752241326458,0.02778940025486709,0.8964236392968361,-0.6652103815730102,0.9125524129467981,0.07594966192850205,-0.9853388275663097,-0.8690563557925601,0.34067025228611336,0.5471645327385533,0.7299017114252624,-0.15158109611771886,-0.7921463816526597,0.07550842804832247,0.40548573253508247,0.9524478426780556,0.5504134809261225,0.2931223186366907,0.879502223016627,0.49378165134852425,-0.692490845564709,-0.08154952947991667,-0.3365692490654244,-0.8249582041316028,-0.8914638582171179,0.5884295739517806,0.11616841063562156,0.1499245885255831,-0.5447087301166866,-0.4827040820176487,-0.22393479271045846,0.26043452925157573,-0.13394993072145822,-0.9662180633917175,0.3465974646554255,0.06966874012200419,0.2828454929632793,0.23669871782120433,0.5119211933903549,0.17121602662677837,0.4017640627660042,-0.8548211104020458,0.8560955003326676,-0.7877289162600549,0.5737837953251399,-0.3972985803102578,-0.8269895571244146,0.530548482040925,-0.12464770106355005,-0.2097734835427647,0.32144632981448096,-0.052024645264097114,0.06693552762069888,-0.7272370793409064,-0.2180148691420194,0.5949692256669317,0.09144893728164516,0.9202685301608691,-0.7118489250830338,0.35457809101012505,0.8283378327692357,0.5900342444649185,0.4586491532316894,-0.253738970199352,0.8989302070610254,0.10704837552855784,0.1101394912805238
-0.753529682133002,-0.9899403218519898,0.19330977490666057,0.07430409710892194,0.8939587784577436,-0.3906176953009832,0.49659317346558685,0.8070927519490918,-0.3122967003027062,-0.17469100794750414,0.2918630071201749,0.025105389095174013,-0.67809128487121,-0.5584240612851841,0.6694967337361242,-0.6113475693073491,-0.6372840304526999,0.5993201072110628,0.7045022555349514,0.7027754448509484,0.8647397308062972,0.9886261008508668,-0.07746959262081221,0.0993292193583335,-0.4186946649598293,-0.8652744851903973,-0.8035951972392561,0.4511785146682805,-0.02561917973250294,-0.3382981366345532,-0.7435697068080969,0.3109459613939054,-0.7999098854491542,0.23903155430866585,0.8002371816858436,-0.3644281255325492,-0.09870804357012997,0.23268486051890624,-0.38864902118655853,0.1683398656903945,0.1311040158102197,-0.2710131286427415,-0.36733368100734176,-0.14338521408081784,-0.9903362346706572,-0.5076497229090318,-0.5569485915869605,0.4796324318772336,-0.1277518678206231,0.6802201175613105,-0.7313883352342223,0.46594559150282944,0.7557716590159231,-0.07430324784877951,-0.28251679577280653,-0.3890564071093294,0.10334365232039433,-0.6484596782095493,0.21325533214172254,0.6835859906765211,0.7174273107415985,-0.7199966625676002,0.07723607415604472,-0.4735306988128334,0.7726716641577911,-0.8470752428855692,-0.8492000864132467,-0.9627394102575293,0.014356622571147781,-0.9376115379833818,0.16378098098785854,-0.18973106489777192,0.18007262368143606,0.8126071547963665,0.10318799705231663,0.08693864783623706,0.9974563500237035,-0.05579209843414823,0.5503944776748564,-0.26836273979398095,-0.5533867047512899,0.5442896871209255,0.466453654425802,-0.4180016795712522,-0.07059771565909445,0.020823986687571017,-0.2064296847005851,0.004334539332861764,0.32535697875739333,0.6959636802077331,0.6130801138557969,0.2280719531202562,-0.6683128959356834,0.028273361032764344,-0.10755911232199655,-0.6417096321827584,0.8974236632259567,0.31882661390595346,0.935471119675026,0.4718396176696489
-0.03299316854513812,-0.2824089223083881,-0.5623617654819433,-0.024715703252704335,-0.8742776771730616,-0.26112962910505133,-0.9143831183227062,-0.586451850564998,0.8154521851459213,-0.2774972708807424,-0.06065154197958211,-0.09071310041022329,-0.9071250849976438,0.9611795641262046,-0.3518577798720448,0.4074725056952446,0.04274580826710128,0.6592943113073007,0.6697445324347868,-0.47336786123169317,0.08870012417674289,-0.6523003671070999,0.30735062626776855,-0.2694064440179047,0.3066730931136996,0.6709381353532891,0.033325795107877365,-0.24734243791290966,0.8144848528936393,0.032743564335140585,-0.29420398448054863,0.7354388437424946,-0.02627687465164885,-0.03577982057374807,0.20842196057137374,0.0036739689414835297,-0.7220633858457401,-0.6687883551420157,-0.8458235485175063,0.2869540047766195,-0.5769657917284905,-0.6261886483824648,-0.2755541115698179,0.43460541690819077,-0.7633395543529147,-0.5393073348013508,0.62234525874592,0.44051131774989805,-0.03696670122102774,-0.042370714559835765,-0.5785920978964731,-0.6775074802747485,0.6667299927905084,-0.9551079236914173,-0.9137113373296692,0.1469730227045365,-0.677741719264924,0.25908084977630996,-0.9216182695210329,0.1445385984609291,-0.8881759916791117,-0.48348070796658305,-0.6399249208474058,0.9164766729691074,0.19871504558985942,0.1272094046715304,-0.9627599287255262,0.4390945990081774,0.3234901252583162,-0.4330907471887191,-0.828502994528511,-0.10159327676108654,0.9855516474159576,0.7346047979841888,-0.6588664320206075,0.6607271494085616,0.20167742882240014,0.5892321405209024,0.6409063602609948,-0.6362316962598007,0.3192975001157061,-0.4709586029094206,0.44837359615551176,-0.3146574508793363,-0.09305970971981647,0.1811919818646146,-0.5403724256424405,-0.22907623451630488,-0.782859772196969,-0.5953029018236498,0.719183384021211,0.00871905214142532,-0.16040997465678775,-0.7008776127470879,-0.8074028465535912,-0.04826162902104536,0.22949633896073385,-0.9219268727637435,0.5677364696775369,0.006658416276918988
-0.7649671868504591,-0.03551812977503821,-0.7393423184456713,0.20694930164942105,0.6550435573041469,0.7939379056950633,0.5497408461356066,0.29846347021306774,0.04408845932310834,-0.2592450995024398,-0.913123433327037,0.05963303787941121,-0.5410274872418996,0.6046003920156275,0.5791111703019092,-0.23752700760188983,0.17809617228241303,0.48278808456449007,0.5230784540949838,0.39341520631493343,-0.8045661833064348,-0.7322337887507973,-0.04571752599091994,-0.5349742187546886,0.7181064946028228,-0.43346666398208833,0.753532626386449,-0.1827065906255696,-0.6219579725642586,0.41829767441221577,0.5788449646102498,0.15597429160089238,-0.764342792037698,-0.9856118950988371,0.3090922416063948,0.3755334735555522,-0.36819657074145873,-0.2754604204508184,-0.6904428388763728,0.3031518695558635,-0.4927345475360321,0.7099538525358571,-0.15287690513327368,-0.26871181112705655,-0.44887891424002246,0.36121141012689684,0.5099438012196669,-0.1735436834081272,0.567576833927075,-0.03506448598623879,-0.259574062241706,0.1098227125966571,-0.49244470911460736,-0.3866938266508111,-0.3112873915702927,0.4109892159421704,0.47156486120922136,0.7099978456471938,0.3185656982524061,0.49562839015977533,-0.10681024516956139,0.39862288459010675,-0.6764097645837275,-0.5710837169238399,-0.19887818714855432,-0.32312430738130615,0.1011524291936361,0.39411481744892063,0.41357986706573957,-0.6785239817335655,0.9291405027490349,-0.9894187330548561,-0.8178228315225919,-0.7093431283284926,0.8517235755956982,-0.12924513089447198,-0.8718390872613788,-0.556459510760976,-0.8399205266083947,-0.9244893234298421,-0.23134797914795602,0.9688962012625464,0.22793118143342772,0.04201108644111784,0.42321166341796235,0.1949451276281926,0.8914317156912155,0.6404574688564408,0.280582629060274,-0.12205590291752832,-0.5965855143879708,0.31376844541368576,0.6078198182307673,-0.4279869765826092,-0.9327812972074832,0.19902982578497896,0.03162726310565667,-0.5366580543638768,-0.6610342163737957,-0.9278777337113024
-0.5214867494252455,-0.9994254562907532,-0.6851104782992183,0.9936342876544126,0.5593457579528345,-0.293744673286944,-0.2097137658975876,0.17216033041939705,0.03548540197858974,0.47385108029279,-0.8627656561258821,-0.819668284809699,-0.4310124259272412,0.6595296048985997,0.8300179478963079,-0.3038095035035151,0.9265753301309776,-0.4469843026057556,0.21272681598450438,-0.6109496138280779,0.8594276816242405,0.1498134434916294,-0.47778498865612185,-0.18573074778559673,-0.7870700872148468,-0.8552280589465922,-0.4114963510637599,0.8940309303553251,0.6058844851447147,0.9134186991705504,0.7522260924861339,0.6262946992127485,0.14978775754781792,0.38838372294260015,0.9321109112662118,0.12633720760986034,0.539934385467667,0.5149465700933449,0.9224774506032287,-0.0823031413317521,-0.07855911707097563,0.17365303429995893,-0.9452986049358523,-0.7674633971181548,-0.8648914786774928,0.26732359511637704,0.988396066730951,0.35382595213019985,-0.5401397228216918,-0.36853861194214277,0.9108913742467204,0.0330084344096766,-0.9805536165711501,0.6643540898464573,-0.503484781275845,-0.8139811396758165,0.3473958335636276,0.6421493789850603,-0.8479423589326218,0.8627924796713253,-0.04688909182142065,-0.29292414756765783,0.7886325057404133,-0.4618484350624019,0.8942362181269563,0.3662146170475371,0.8198549179757757,-0.002001319272633806,-0.6006669218113816,0.4708581304856614,0.745484996816596,-0.5864427353559802,-0.5944668824234534,-0.500609132106085,0.23719379836361654,-0.6880088630476822,-0.7866214197892176,0.8403762590659791,0.35162424975305306,0.32684815664090006,0.22765395055150495,0.528488425271054,0.082947909206049,-0.9154737465380045,-0.03541583759789879,0.2413349496635333,-0.015319244591575965,0.9707226586488968,0.7939995463865901,0.7375376712491069,-0.018389296786906595,0.968789365355109,0.8320136593451146,-0.43946675363362586,-0.5558144338403734,0.15333037269481942,-0.8917036574224317,0.598539835559962,-0.04335984677591309,0.08153589118365412
0.004950424243345131,-0.2125661542952042,0.3726772930607789,-0.6503992757619019,0.9530143904740835,0.3964891361922791,-0.07985881990713994,0.3784210981192977,-0.9763600427791022,-0.5784952285971046,0.16201643795889353,-0.34912760016914723,0.22555619272354277,-0.4805984618194039,0.09712680075837721,-0.5257216949849095,-0.057309270523089095,0.22616808627689555,-0.26815169775614645,-0.0024599667796063596,-0.5789350357786873,0.4014252536326015,-0.2553807442623679,0.7086521744816392,-0.44074093623863186,-0.6402215425460083,-0.7377216670025522,0.15178545841592417,-0.5428665010006628,-0.8002605181810938,-0.4601017861949268,-0.5283896542289848,-0.1355624965383302,-0.238233235537064,-0.7083125293249273,0.9182958414933384,-0.7009038854690341,0.6113367231151803,-0.6467854466807743,-0.000804347776298675,0.9911235405992032,0.6987798307933208,0.034013949841001256,0.4411206590492611,0.5706658733877568,-0.39993163569310264,0.1242769041434224,0.1356690384106234,-0.20319619627334484,0.38108635192128837,-0.8799272445519668,0.6276361384136926,-0.04692115129572594,0.2597244247243089,-0.10029036187241647,-0.33068692297087443,-0.2780759578897569,0.12070006962852897,0.8636891515555363,-0.4845703490951616,-0.96032933277248,-0.7575250215665925,0.7347371679482735,0.9262331218358282,-0.6020837787262536,0.15178891494669733,0.2982619037991501,-0.6509223285410832,0.5606181961984742,-0.2897819232182164,0.3463856802947003,-0.025012511391276693,0.4730523295243101,0.779264898276441,-0.2378580031743085,-0.42695284688842183,0.2634243809669379,-0.7103033234438652,-0.6648489290389323,0.615434287914137,-0.3252233800021338,0.262546816651674,0.14327514774758687,0.6978015438776173,-0.8573118436468852,-0.6760010221060293,-0.5435641212242535,-0.36624351660887755,-0.4172872944111603,-0.4650552182587242,0.28928858631037646,-0.45750379729730195,-0.11020322470405652,0.725612967294005,-0.27367031949914256,0.1738395470520211,0.9310520656449892,-0.1720218782526537,-0.632227601793232,-0.9537978153669848
0.45554483286480885,0.32404509561727934,0.8808746746759912,0.40139385684936846,-0.8398705242489057,-0.6661790699206951,-0.7939813718862279,-0.8724152008176795,0.7573819528994827,0.09686748763658759,-0.947270173267518,-0.20597495847966107,0.5299927442671915,-0.8334975972186267,-0.47509547147002573,-0.6894512759996763,0.30966535108669957,0.7709426341927976,-0.3812586929000028,-0.5052069613696155,-0.431649439883822,0.25296136925237933,-0.7374457787462723,0.6770355577857492,-0.9428574139601742,0.3270982706076091,0.7207376348267851,-0.34959736668704244,-0.04769051868925289,0.9499630908801893,0.08116832278456632,-0.4551711447753717,-0.1103101352585123,0.9390845291090923,0.39524575381409477,-0.6459267200405758,0.19516839767312133,0.26209504528211935,0.27170227285167137,0.12796897344257485,0.046919608709014904,0.2790564974216241,-0.3806773437720068,-0.30566339967173817,0.07933624427211927,0.609415532492906,-0.11627938884693112,-0.26843335610324437,-0.4803859121245513,-0.39285416885382207,-0.9998153072101439,0.6307595783217763,0.6958929767653412,-0.3122301655000115,-0.061604089511947624,-0.9833657788072534,0.8441767914881058,0.8939150237362488,-0.04586585909708574,-0.9817348008473337,-0.1391293734615331,-0.4141547739952245,-0.5375692129616829,-0.9855640299884649,-0.25271224694593286,-0.17652826186773085,0.12110871727923089,-0.21049584075963335,-0.6734610093394224,0.47423570820675476,-0.22055346029360812,-0.24328387945007646,-0.47403944910750195,-0.15552123449261468,-0.5208763701228789,0.5290765881532291,0.8199088068785698,0.6151498808551512,0.3692805807570385,-0.4306462906530941,0.4858537842623034,0.6176172981980743,-0.17419224697350533,0.7069640467832081,-0.6351856419947144,-0.42080940141742906,0.2737854190966935,0.2354588278050307,-0.4557317390967519,0.245507560551107,-0.6244211149119776,-0.9612092055060073,-0.9007358555538028,0.06994150611953254,-0.6281248037169487,-0.7954530226869205,-0.4616097342217089,0.43039188442255005,0.45421414089506995,-0.5343790040880891
-0.6986326126050229,-0.012840893608509374,-0.3161742922627475,-0.37684662959388904,0.5989247038721404,0.995926892331199,-0.07263106559314148,0.5828494285305905,-0.3395027059283393,0.6870925985361571,0.9032880834652159,-0.8879233111962144,0.551305821425047,-0.8572306105018863,-0.05970644680256054,-0.6156154141470944,0.6830785758805193,0.6345014479991407,0.6565040947886629,-0.7560768876284585,0.5362913417023796,-0.5020752789855318,0.5424506660546691,-0.11407811571415993,0.4752380251070172,-0.9329794168594499,-0.07833072937544028,0.5419919355803773,0.04227824011456782,0.9642317028112282,-0.05434891001696962,0.3628846401157064,-0.37578126883186047,-0.3538736230341877,0.25832850826139864,-0.9156281688105379,0.8748418472644677,0.041852505835019205,-0.49337451932982224,0.2770400240840476,-0.6025527363952004,0.775039152087085,0.7273153314992007,-0.5644235018897943,-0.774143081367525,0.26581793180348945,-0.3509730247398064,-0.6652792871834279,-0.44779991232310445,-0.7607008159785227,0.578287560389777,-0.9821402882213157,-0.9160132619578092,0.5669504805021197,-0.04945864247669984,0.19242456786322504,-0.25720267339353264,-0.8210401945006511,-0.6846030876052498,-0.817196895391574,0.2372897168758823,0.8616975690372541,0.993946205967071,0.25026466041881346,-0.880449736781155,0.2891497932958369,0.40265628004600584,0.5829324887304255,-0.7483450846695472,-0.5346507382878729,0.9633514219276671,0.577123651573747,0.5133950464027781,0.6110507531731717,-0.12256220380680527,-0.6140694018996831,0.3784999605680843,-0.2836650054991372,-0.7305356524780955,0.7973260885400852,-0.029395733674973723,-0.12499999166988163,-0.41057080711820615,0.39407554999130956,-0.6204483275606971,-0.6267465421017924,-0.30467064196346905,0.4648048202454256,-0.4493510742833937,0.6626991867822398,0.8289480039560921,0.10904062033211304,-0.8622468332776811,-0.6899490438493461,-0.40865467757853047,-0.47330146220913605,-0.2657745859909211,-0.9985603425515011,0.27605212488707487,-0.24191286066684525
-0.6289314198057001,-0.9625602868238896,0.7136585766684291,0.5520331355958776,-0.5224268835679577,0.44200712536784637,0.3165788347596399,0.07791304318680958,-0.2250183196385287,0.048139537620904616,-0.004901680860905477,0.10293561449842903,0.22607848470105352,-0.3547999201744121,0.2818078595701463,-0.7790717319211917,0.046401078386471006,-0.8666403138074688,0.6703867157965828,-0.7404514673555078,0.7469855551611446,-0.5958419426224357,-0.02925942552660943,-0.8024928267029354,0.142024362709398,0.6725990532129826,0.3158425165699368,0.051642725228823405,0.40262804314942513,-0.48812293933204387,-0.26729195981140763,0.21190724846490006,-0.858252078099756,0.8604220736181021,-0.582523813012997,-0.01718899714345179,0.7795346503269329,-0.840086393534256,0.6020398980217683,-0.878599623427897,0.11603977894004336,0.8764877153997213,-0.16809359458049378,-0.261862698283053,0.4168675699576738,0.647285932554801,-0.46836873100666954,-0.9186936954513143,-0.8592237407795118,-0.3921909022638892,0.8892069640144713,0.9211734908742497,-0.8057614996846749,0.4503438656183778,0.0633221028049451,-0.6210791737866486,0.052384043587394125,-0.5024739418919733,0.25065010707830404,-0.6422042167421658,0.4983887159547449,-0.1696307995005195,-0.7889716362016885,0.27724859977608407,-0.2840732682571925,-0.08255881514325125,0.3304847095470873,0.7656480387464522,-0.6663813621929051,-0.6392069227998636,-0.19688565277020964,-0.32497425887686204,-0.683647088201337,0.9968671441065629,-0.1139756600034243,-0.2953518494593357,-0.36969000771520544,0.9829259812362539,-0.3506917827598153,-0.25656097512925746,0.5283687358087423,-0.13882385453350898,0.45173536723033947,0.21682674051407802,0.12628940560856816,-0.5721437279125592,0.5314164392685696,0.8522938451853148,-0.49182174563395176,0.9233035512626688,-0.10500042200350124,-0.20581887662119236,0.45262655667458307,0.9659129423570956,0.19152565324757154,0.03521871768065843,0.9868240191090785,-0.3963166921352026,-0.39933207654365277,-0.5562265930351198
0.7114408510164123,-0.9565972570848009,0.6438798448942289,0.379438367818854,-0.44808572651278866,0.10732630657064135,0.11264617101353691,0.8518449004234645,-0.6905704275624882,-0.9245273998324604,-0.2886884934290186,-0.72318361304718,-0.2658342139478722,0.16431141271974004,-0.5340117028915312,0.6221484735653167,-0.8161897574292547,-0.2004035030444722,0.8357636066889356,0.46853190775515974,0.44716105348903,0.5858083886285599,-0.6541950182873548,0.6514104887697709,0.37919020209979837,0.15246492355339614,0.8153112842941888,0.19046240511916013,-0.3992134923134507,0.4615787239125544,0.15256739231267735,-0.8430452081542923,-0.8881545823533612,0.5418030073402769,-0.3041395860941336,0.6342834000930844,-0.16695657476416126,0.7356621939024406,0.7395730282424398,-0.5465646572756968,0.30555836632070177,0.20460326863308498,-0.977131238074793,0.5548372362880947,-0.23502607562947353,-0.39043321424151434,-0.9176354956728736,0.07985945887733825,-0.7008399616653975,0.004803220894465499,-0.5584056503594297,-0.898960371708345,0.46315714712988276,-0.21423459096192965,-0.10876752804457857,0.1902643825896806,0.009458692224069587,-0.5558287436971714,-0.42043394168662584,-0.21135519224386812,-0.7356219092582439,-0.8349097747228347,0.14288118102125869,-0.9013778038598239,-0.20161740090611624,-0.8298420250635292,0.003646231211589246,0.5476502731125132,-0.7392496502096517,-0.7302584725480901,0.11859235462708062,-0.024277800391334425,0.3044968779583377,-0.6078013992135585,0.23199367518840375,0.4713355082906452,-0.5075083189857739,-0.8567120393178302,0.5535437975833672,-0.3531767176875775,0.8482761617901657,-0.8208107037465295,0.3434951068994707,-0.15291879526871988,-0.30338428630695136,-0.3585232742946609,0.18775429808214095,-0.9515863393294619,-0.3903623049072138,0.9753038339274585,0.2324419889090068,0.9803183645426634,-0.11557978953149695,-0.7083630496194449,-0.9102448981372535,0.6363438402636288,-0.6006295727884885,-0.2523584193588613,0.5154675651861242,0.7055282903584008
-0.7752565184297915,-0.8909239732764915,0.8978818300515776,0.8534593902182142,0.7375047032899371,0.6402679128599924,-0.9725334146131372,0.38759045011223514,-0.7774440153670603,-0.09987685872330809,-0.954503769697596,-0.5819809177515958,0.07601091581397212,-0.5923972942467897,0.046531762933062604,-0.48268399314880295,-0.03394733931061644,0.4598471670195776,-0.7173051581521164,0.3975104640165057,-0.9632229748873911,0.16600988665283145,0.32705668399928634,-0.9130359850010821,-0.6593607059104734,-0.4319729179040186,0.5783769890148442,0.2359295527827956,-0.8938295026874421,0.30951574363077405,-0.9833316495031448,-0.22270970552604163,-0.457379241839325,0.7041658895145173,0.32020074665872955,0.7285645471199069,-0.9618433521316117,0.7348208857089624,0.2988222895044568,-0.537662759724366,-0.23859759407430414,0.9532238797797083,-0.8007925763149253,-0.36908806138244055,0.7335454910562396,0.06312129032642644,-0.627165225164962,0.0013016457377577062,-0.08402747570443858,0.852699946052867,-0.9570230835713089,-0.5052157205004975,0.05883072771023978,-0.3328607307384486,-0.21320036434545053,-0.6859894988183346,-0.3064401941849091,-0.296173835465638,0.25046194050202075,-0.5275904685855746,0.9564885344890925,0.0025029223543147072,0.623785720199491,0.25158472743152616,0.7573545483823207,0.780804172157523,0.629717275356674,-0.9410682030895845,0.10987870319361104,-0.43961231074358986,-0.6965836384626307,0.7943506299383429,0.3138635178992253,-0.8244099657253972,-0.2355857562911834,0.9212113868891432,0.22489678670021096,0.2510492009896532,-0.545144045094649,-0.5192783836588479,-0.6945016916622968,0.9410743461904341,0.8194707871283424,-0.341430523258907,0.08446750241178469,-0.5864854506779813,-0.7228469464029268,0.08270765370202993,0.6002101183281872,0.7251753231601363,-0.38200320767563456,0.41027277557020136,0.047610967003743454,-0.7294950123121695,0.9913716004640174,0.9515538181371985,-0.7096952102149763,0.8660598928458136,0.8342242413468348,-0.36500757831612174
0.11468059618713755,0.897203128329523,-0.7632254185656426,-0.3648048216175661,0.7592762432325306,0.45415906652038296,0.5308700251383698,0.760263800217152,-0.17191968916064226,-0.17749647344130137,-0.11399102590069599,0.8675370487823859,0.7882601862676053,0.8665000608316005,-0.45240767073695287,0.5582157699455856,-0.7864571343131979,-0.6305070068508654,0.5248949674659309,0.2239631953380481,-0.4662747739910409,0.13408618587794918,-0.538177302533974,-0.5356349314613287,0.3747557703567219,-0.28147733093089733,0.37628256946543215,-0.0467955599116292,0.004649174900922537,0.20942351920550295,0.42403825595332,-0.25208119773899806,0.7042588649311703,-0.017108805867330545,-0.7249745553167706,-0.6134803410429797,-0.9355408935459084,0.5290777082564693,-0.969971479096486,-0.46028259470763744,-0.17391195561656048,0.4847333233257991,0.9764868349259133,0.5155531794512584,-0.8677273515302213,0.8542064123555877,0.9712552791727362,0.7342580052772067,-0.02011420297827282,-0.3502087463919088,-0.0849101411165758,-0.5064323182768273,-0.19026646351494314,-0.9163474498997637,0.4706635597993212,-0.23925166248975827,-0.37420501717700505,0.22300974934010398,0.4849357094158895,0.1876116027855781,0.05046106340577916,0.7515659437196336,0.5738397246377462,0.04129818244749739,-0.09678081487267587,0.6540202033186997,-0.9151681679818044,0.9916727430480963,0.037405305175023384,-0.20877760672821655,0.47034016310053484,0.1154018996268189,0.032253366189596955,0.2612971061854408,-0.9014091016374479,-0.4176412755317409,-0.20392021709088137,-0.3908917043555229,0.6552420152115015,-0.07730567207207395,-0.15507563509911715,0.22626855848778504,-0.8909066663689471,0.03393930053227612,-0.7155207624498168,0.6597870088532791,-0.09660382434068926,0.4452935829856661,-0.77365682751281,0.5574622837520795,0.8756849153984787,0.39222828367959117,-0.7293866516192749,-0.17288138980476675,-0.09822829030585134,-0.6422428421127688,0.180630950579308,0.42526878261260537,-0.5961359905816848,-0.09063358470529836
-0.4998354118455235,0.3834348566618029,0.8143249260108134,0.5929724449514451,0.4367494394371261,-0.752911566329133,-0.7716701223518445,-0.1012031639505564,-0.2741132216854909,0.04763461213229769,-0.23182525147685662,0.5821331884740504,0.023332902969010583,0.8995077782854388,-0.24264273717484053,-0.23878598147770647,0.5365206475687767,0.8245055576442648,0.13098315702833818,0.3190606812040877,-0.6998205309789765,0.7376370749564076,-0.6422664706534627,0.42409497575924515,-0.16083661752846545,-0.38096338912603644,0.5372608447218852,-0.10748353170185498,0.2529056993230585,-0.7648920431950403,-0.7368579363758285,-0.5942965894411074,0.24512065597468324,-0.4937780497639215,-0.08271468434292673,0.7108221128380632,0.08700231920860046,-0.9884989022018922,0.7654058410743891,-0.5242432919610465,0.1777246543686184,-0.04857602039369224,-0.1796972685772873,-0.8411901652631677,0.20020420859117838,-0.5105736571227333,0.09468321916629274,0.2395320777391705,0.11509729653777745,0.6505050094073652,-0.9021624001139406,-0.7034876636406193,0.30655375643104055,-0.9265578963551759,0.7076585744683754,0.33399308589238985,0.6760288715852121,-0.4031169067157645,0.8407693965390723,-0.9019372745024019,-0.16608615228928358,-0.6435032164851544,0.3441809905228099,0.22217951209730802,0.3830272361613334,0.18993797260943923,0.5746151590671718,-0.645161465312641,-0.08932434395946864,0.15793258488459339,0.8629596387720113,-0.8137474243564609,-0.4014110368069732,-0.2628611490498518,-0.2421212968190798,-0.8646666443580093,-0.14535232121781072,0.10094216562697089,-0.4143345732865209,-0.7309084218438979,0.389238876989602,-0.45116291449653323,0.054105466809241554,0.0492924185074175,0.39165899469034327,0.2241074898568478,-0.7813955311273475,0.459457039525359,0.25795719815711093,0.9743785275171657,-0.03267403358110599,0.3773085565086902,0.8677833495763665,0.9725568846882229,-0.425625392391479,0.21768921386894524,-0.3670228830030555,0.050782450663189316,0.9900486711151024,-0.29229331125161995
-0.7405737248913948,0.1252686753332155,0.0394116003689875,0.2637152149936721,-0.014991092562968156,-0.6401855366876175,0.21881151546123068,0.41717413500678613,0.9585153191321407,-0.9968381655483376,-0.952026404963648,0.2509214847793064,-0.7641485521574563,0.6961395771403733,0.5991287025110124,0.9979740145002616,-0.17191772095125635,-0.33241548613235294,0.12083100983565309,0.2750070871761132,-0.9774054640439405,-0.5976257221398196,-0.43674659349892275,0.5803910056924233,-0.38445490151220585,0.013379254192018353,-0.35215232123385976,-0.9877374751294143,0.37167157729391587,-0.3172768295399946,0.4487932856220236,0.23198668599296846,-0.9417652363770788,-0.6487418235240046,-0.33897033581397995,-0.324126289452914,0.34494591473204284,0.8323261063471503,0.5945087676578498,0.2913044413291497,-0.037008953759278596,0.25440097541537776,0.7841166535798363,0.07393508994472908,-0.32978069093122975,0.5679780664170775,-0.1720938693316285,0.48516929233107375,0.6702114719312373,-0.4013125067212786,0.44992830869849954,-0.3689943171266139,0.07177095143077405,-0.5834750596076603,0.3709866006928575,0.5990706669716006,0.7760589390364705,-0.2928089191583838,0.9392265848711863,-0.43907994269223294,-0.9376536706216274,0.9672375377303477,0.25302169523050133,0.6848115498717051,0.14196328231229005,-0.22086745221348258,0.19038373405999875,0.7291873810044516,0.5030804173392267,0.4105323680910389,-0.3710012032115457,-0.93674356830869,-0.17226086427572707,-0.00589113120662077,-0.5247155074539249,-0.09618734077427593,0.9014534995351537,-0.5677202414706288,-0.3953634027389774,-0.775537455466156,0.5698879664748167,0.5555807829215884,0.8267076923341172,-0.11245181402571958,-0.9501304507400801,-0.03467361770636157,0.00010861685987961778,-0.6195766428095715,0.8472735357801904,0.46488213351188734,0.04725592300830339,0.5510664183994822,-0.7134099041002782,0.7435979708768659,0.6442770359258869,0.8760476934335621,0.3534345774757912,-0.7345656871022717,0.4491412645064672,-0.08126317877191003
0.4273547808052629,0.044689746437012845,-0.9917802615317508,0.8646746880416565,0.3741046614665391,0.1885751615744098,-0.8258482168124655,-0.06624819503447599,-0.9077204599514184,0.04115542421013374,0.31796857335499995,-0.3750383999574147,0.15511966881891803,-0.3757142031364018,0.7842711688555133,-0.35823926030761744,-0.614908720753083,-0.4467009226638705,-0.3617004189970032,-0.11776875449532209,-0.7646983225248127,-0.7013585544005632,-0.45272622831969866,-0.9694865650192195,0.245889925355103,0.028121323918927965,-0.5868452408532991,-0.2993637241517655,-0.36303017629605394,-0.7168863424170344,0.40870739227537567,-0.4334646079825917,-0.5103498522747312,-0.8575142575595147,0.22652576703195426,-0.32252221494053157,-0.11270472331753112,-0.73985199587058,-0.0585288419828951,0.3509918756850958,-0.7881461622774655,-0.8924002485555473,-0.14706850957994533,-0.6420340134996536,0.19224272506350104,0.18551244779632503,0.6723488076049817,0.398730999914352,0.23263067536986326,-0.37511869769793615,0.6348839580736627,0.42579736945632907,0.3417405308678718,0.06696985779025555,0.9473637777981756,0.5114858711425703,-0.06860927391366212,-0.7364094392520761,0.6257020354621186,0.8393780842214733,-0.06344818923975537,-0.08883165850651742,0.36895594961074885,0.42043180415769643,-0.06920687153122018,-0.536611572691079,-0.5524110921662797,0.7221925541117915,0.2338841744967215,0.8257232213534316,-0.21584616328249773,0.39922924216485645,0.33036123708379184,0.5775574126957592,0.764807780455963,-0.09343386460085612,-0.9394717355763138,-0.04933127592672326,-0.2971183586321462,-0.07751663259020058,-0.6583969103953635,0.5358830295296824,0.20888046286520745,-0.7452119960196366,-0.7941355793820921,0.6351057844500703,0.5935155467239215,-0.34826054340377666,0.2989028255779145,0.5848618790822941,0.06549113185666267,-0.198367050431133,-0.17311618866659284,0.2417496777130821,0.09589803455800228,0.9477834624405899,-0.23236708244592053,-0.31857168364169985,0.6278314097830631,0.1819403980843497
0.5686279532343927,-0.12929258395416765,0.5746535411805038,0.0890537603815369,-0.5276913617091559,0.3252245138526737,-0.8442111948226834,0.8617265181527856,0.1483765816203979,-0.02673938700075662,0.18432627016418413,-0.07418313137623533,0.11017540242752277,0.6440461046280894,-0.6476519955987377,0.9117668927579179,-0.8607847303411487,-0.7825107323302527,0.6281334399641365,0.5426867577413577,-0.24217797327923418,-0.0114097052069142,0.32032951804223986,-0.8189339903352892,0.6340671798425426,0.7745230731482489,0.8065120094267801,0.2722656400477792,-0.999631319089566,-0.7065492918956073,-0.7015671364519833,0.06251164215062932,-0.22003467953842648,0.15586282979190003,-0.6086667596450199,0.36303357597329233,-0.36680456549323615,0.14055281571070322,0.8264085304671365,-0.39089973392335153,0.8866665949922274,-0.13054593327952602,0.9651606070267842,-0.3114707471387199,-0.8214251908253585,-0.983761495180566,0.9728432969812135,-0.1916051678711661,-0.7448886058851305,-0.411630674266658,-0.2615542128521846,0.09777027320712084,-0.8937453776472315,0.40670824885413426,0.6415065672799383,-0.28151073888393774,0.7224956792922204,0.7313592736599555,-0.5295176590723472,0.40444376454001474,-0.21146335266211191,-0.3637453807626121,-0.2344207703168295,-0.23686990983501022,0.09023757593655679,0.3249751206250504,-0.050257174088524925,-0.623546323844469,-0.2308098846178106,0.8489640855832081,0.6799253734534307,-0.6914654182125499,0.9949120860209417,0.3401321638457351,-0.7314451037108489,-0.8565080069245512,-0.9685844012499469,0.4426784647239548,-0.026597326130767263,-0.12652976848222286,0.9804352840151749,-0.8306731114205679,0.2844857991627099,-0.16828906744490935,-0.08794269124295617,0.5778568490652816,0.20885902539359047,-0.1485916581265856,-0.6404052458048708,0.018829828860233322,0.10410006076203904,-0.09990846537478704,-0.28938553890971974,-0.6284179326180839,0.2091465146456657,0.15587700155611262,0.6936077733473982,-0.5265000654439629,0.003457609850919807,-0.17832437267058432
0.09233252072859321,-0.2660599494954665,0.9564668988863383,0.1362991554031987,0.4097650851097494,-0.7736712607701306,-0.03693418261799608,0.3809945297250614,-0.7158250401886483,0.462586366033674,0.9671581962607898,0.9673367552545995,0.5577396345052177,-0.07012734536901788,-0.8435307961202148,0.7798309566091091,-0.8231072985346422,-0.05509685530270869,0.48337222134674973,0.9208220939147045,-0.8438361632216869,0.2673753282308162,0.5961964812819427,-0.3750005571091308,-0.8944514557184984,-0.3129076579953245,0.557054266494265,-0.06226237931795775,0.025326220781431763,-0.061535215765754936,0.46762909489145854,-0.1579677857024293,0.9211626049542503,0.5964464440139821,-0.4215831135584689,-0.9293475196502932,0.8457290321236328,0.49885055875883744,0.45394342817398226,0.12741254658167267,-0.8771644736930722,-0.05367893609194341,-0.6618415180912616,-0.8967602304172535,0.9807296587788046,0.6177915593591343,0.24863401096013305,-0.42636869125425547,-0.8349796663698357,0.011192218614552107,0.7028905121052684,-0.44430240613146177,-0.7349224743873215,-0.4380561370370224,0.7157167681598025,-0.9715939798738187,-0.776901191416062,-0.6507723046819645,0.18354025094162263,-0.6977287730700428,-0.10669366464366292,0.6156813826471472,-0.47749482419300526,0.40154974514537867,-0.030162972497803198,0.5987440128235346,0.7240288560552972,-0.31430400931728397,-0.8311970685817953,-0.7098594964214551,0.867883709396776,-0.6916994029639034,-0.008103448856453754,0.9871711494467834,0.5407355782861558,-0.5241051217814194,-0.11962998321653773,0.2751493329895027,-0.5782865050769241,0.4687222218786631,-0.3098485610734556,0.2845221946298404,0.5109678628970833,-0.7680112711709262,-0.6647992064950627,-0.20251039451015096,-0.39726574009260185,0.49230109078067197,0.5048557061323411,0.06504166474433704,-0.2403984116984912,0.41121560916409616,-0.050820838471872465,-0.7097003380888385,0.7405554716994514,-0.9762739198089807,0.8544450521068132,-0.10235875275725004,0.3569868105007501,0.9235254456140609
0.3657526218275837,-0.91796476993912,0.8354242821230493,0.2748483025107993,0.9123673117792499,-0.1364282427655823,0.8360840328345585,0.7167113463966637,-0.33006518676391083,-0.4658243685615606,-0.8034464231827272,0.3086865631368283,-0.21769247262018054,0.5463020306123958,0.4981818235188269,0.46862691151931646,0.17744858220960613,-0.610148630738969,-0.32518679383817095,0.3805566578092403,-0.6401666952182379,0.0952251108076867,0.34560371947998036,0.6633789996497623,-0.9760771779529935,-0.8046024810483416,-0.7921854304447837,-0.10811559332137688,-0.561167348545035,-0.43340596181309077,-0.6138409371071791,-0.9525990542859253,-0.8161174348461344,0.8770109354576257,0.3132110371286714,0.670918274176489,0.9009779184965039,0.27616577031895706,0.41615021165900434,-0.7600457804443483,0.7128816486103204,-0.740185493589067,0.31278925782230127,0.7997944302544866,0.13213760857582169,0.9343310175056547,0.7920032607144873,0.39130726731215404,-0.4933285222266821,-0.0660888454246844,0.8723641198234882,0.2775610156870447,0.845390781689396,-0.44723287568451275,-0.14603320222763005,0.8067829857405899,0.5397610183077992,-0.35319174442683776,-0.6760679367075668,-0.8520058799194177,0.5542119005678203,-0.2344019951136347,-0.3346905261880373,-0.8798827043438167,0.9112113984346517,-0.47067029509053415,-0.11885033444466475,-0.01655642718938033,0.8571725964645909,0.22060376990786845,-0.6431156598704582,-0.015885411077283917,-0.712254799296973,0.5374146466143961,-0.563227003604676,0.2866763339377896,0.8252184456822529,0.43080063550168646,-0.7934257680943475,-0.8541609932420802,0.14268911968983922,-0.4988072994763082,-0.10823589535408051,0.7930247857824173,-0.7022914491166872,0.2806705385575836,0.8657874470626656,0.32921167299872356,-0.46712703776944475,0.40011039867745124,0.8092350869078988,0.14928050344740962,0.030766005927408413,0.8798221464602742,-0.01864109220893062,-0.12788466507326457,0.6880983073676736,0.5618740739267416,0.5707634101822925,0.08025743403802577
-0.9933852794107219,0.908310691852291,0.6359533187721651,-0.03586731670493415,0.13448777102387055,0.8700843750179019,-0.28216334680557686,0.3636714712206732,-0.19877040303953497,0.2645450531991689,0.9176477737288833,-0.8186660503543115,0.06925259312006937,0.9218510440001306,-0.839086430651224,-0.08072129248897619,0.5330161793523827,0.2955851436126302,-0.6467633909810264,-0.9213376348091222,-0.2316726496706294,-0.6179936781693944,0.3917645572141515,0.7929213957006933,0.2612341148978856,-0.28147775699938027,-0.830275030654458,0.2655825382170638,0.4706483660558536,-0.7201140964672226,-0.6138145621811659,0.43947806948994916,0.1858908569587041,-0.021534899044520772,-0.8740147383102899,0.08110409443687838,-0.38453824073546916,0.0678800935291326,0.6685005845394445,-0.10138544490077894,0.9916672560038906,-0.9259146401392653,-0.8878910938245268,0.5755570638330576,-0.9143709330930136,-0.763625782554177,0.6142074116148044,0.3346328366267626,-0.08325927048787807,0.3561556468933824,0.7485107859456746,-0.7020927408180908,0.15869142462291785,0.8496316235070447,-0.9262446651539249,-0.7168190555439189,0.30766305355821544,-0.05756072838337922,0.8360381516571653,-0.9083966129618504,0.4025936223385693,-0.7389245329146803,-0.655501982083001,-0.900084005226756,-0.38532533018679604,0.5873942091657554,-0.08763081414660978,-0.6586212242342211,0.18208497857984307,0.6356003555278538,-0.7873375994834353,-0.005713006928899977,0.5983504446689565,-0.5588549515141532,0.6089070618546177,-0.147577072123541,0.6230420594795933,0.9643855055857955,0.3567956745923848,-0.35153011797662925,0.9517065388573465,0.15193402090497,-0.7253411960364897,0.6728541845782456,0.5862033398931001,0.5284557647345445,0.18617050608169494,-0.3289925446626263,-0.758509020896355,-0.7175263947613526,-0.1696913515321785,0.39259157135974365,0.10681545980283791,-0.12267757589154549,0.8513510611949235,-0.9186022112761307,-0.8000642986438828,0.6947334204941185,0.22488301062779192,0.5553232752942094
-0.9687393474634449,-0.026065050352773067,-0.9873008428927661,-0.6411742877045727,-0.8217175199577027,0.30351158371166154,0.773830283935838,-0.16755551556492576,0.6148236064946757,0.5451254170538853,0.3847166616751614,-0.5876795628206752,0.2796514074645897,0.04617372826366317,-0.17593735099950814,0.876179220893218,0.2210759772609705,-0.9247575760443216,-0.6399990660369583,-0.00022473019287283513,0.9005961282256423,0.2543833080900251,0.5651660606443847,-0.3042928663077076,-0.9908599174363852,-0.5287219853415659,-0.7649843545764161,0.06039804185616182,-0.8086322900813678,-0.2761973908136628,0.5222564784702974,0.07944565277607363,-0.5614477326837779,0.5406625662217175,0.318654316784571,-0.44714683215217277,-0.612562013973607,0.5932259432854863,0.37048750883015513,0.9371476756257469,-0.051174320317583843,-0.6473523652589384,0.3402852702539121,-0.9137687973077953,0.28972167319347064,-0.429870959973488,-0.1306567154618834,-0.3314107415554026,0.6103073491167961,0.5168160416654888,-0.9133650346931652,0.48083376962626834,0.8497226914370155,-0.6482247835688948,0.5709840361634675,-0.02987720795119242,-0.767869829075642,0.7901583498015974,0.44280616111786486,0.18541332453134318,-0.34805537135800324,-0.6024972089069076,0.3537050917502158,-0.34863008215929225,0.5579505579193362,-0.3477355505856565,-0.8038717323971041,0.47549573201828377,0.7397726058953378,-0.24893522424451797,-0.5586744833956703,-0.05801948033135762,-0.031184568191478412,0.7809776877740779,-0.7101174560760684,0.8557742328857414,-0.09001825484542914,-0.2253393922226865,-0.7271907708385559,0.4396424322449404,0.2640422338037218,0.9511117826356668,-0.5955782184617022,-0.7455764706120702,0.3844210590223347,-0.8806965607314683,-0.7269970013035945,0.7033027330865604,-0.08284215005898732,-0.6575973665663664,-0.31284798354128673,0.7728179439181313,0.20727196569425033,0.5790939300442546,0.27599842776000694,0.2230561808582856,-0.6601290318649793,0.9402716838234011,0.7100080434933647,-0.8270513353989104
0.7139475274349567,-0.02157320287527087,0.9913286747998387,0.18316174259020368,0.673978052478476,-0.44165824332082493,0.4600355092899555,0.4723577182382117,-0.5066916458631838,-0.3454081053398741,0.15893406007299715,0.7836452562731455,0.1835432640649728,-0.7020605964399171,0.14740156975763719,-0.989844837519946,0.9603680825862912,-0.9198826403726117,-0.05869473914092338,0.5372127816709329,-0.9327588911995643,0.06224345258355357,-0.04146132156675297,0.5960350289442167,0.6425826415121436,-0.09511726356618055,-0.518977014972396,0.11697393287835545,-0.9751540170139099,0.4635725677999567,0.8998677912057411,-0.734575996422683,-0.4084191435715201,0.29528039692270247,-0.8185409901152527,-0.040434097215002796,-0.3903267955511387,0.4066089758170073,0.715844222461891,0.4945733932206051,-0.9511730525430921,-0.09031840467809693,0.5436700156126009,0.7483980760445428,-0.18927925549528402,0.5797174255781143,-0.2591590787945546,-0.07140842521336599,0.2668046057427471,0.7207653019920739,-0.8586028160917869,0.7868688805513178,-0.33418772323548307,-0.9345716491849725,-0.14819549392330633,-0.46042123886860953,0.8921909870580023,0.0848702129010761,0.5889575065247181,0.5753836882809575,-0.8380819168619036,0.7616944959118168,0.47152157026891794,-0.8903766495773722,0.8906444595754759,0.34930593317732983,0.7759558119112637,-0.7780669125474247,-0.26881828210722114,0.23826690079084534,-0.26885771205376097,-0.6494651936266922,0.11758091606011467,-0.8659881716853648,0.4186742719050571,-0.5905748138069242,0.9625032445032846,-0.5227345892841544,-0.7728846423471214,-0.0430130699667326,0.8782958649438193,0.16023877071039938,0.9182074621743501,-0.5804120487991946,0.49003342927822313,-0.5491255474021464,-0.2945766613195384,-0.46528429532697846,0.36045347784353976,-0.4457093320122363,-0.8732616398809288,-0.30954683642967584,-0.02754618970379097,0.05336519821822372,-0.7545811314856434,0.4196505774841379,0.3566165838447066,0.06571093051807875,-0.4154712937477474,0.24190253567912934
0.5998077343896995,0.890730644661532,0.6175917532754605,0.8817517740000833,-0.8687448175496821,0.7838064265844074,-0.08425176013546065,-0.8396591932969915,0.7958917197408053,-0.42325462463115904,0.9132538598320976,-0.7812701588158875,-0.44811452758275605,0.3941642217033212,-0.007342530034511352,0.7499862790741942,0.04137527871288005,0.25455239448979894,-0.41366111611520284,0.9391492110848929,0.08286991613688266,-0.735945262403713,-0.3065995064358418,-0.11227989587621034,0.28936888309541775,-0.4169664056739113,-0.8741009828144817,0.7435874015389248,-0.5353438729800655,0.8948974239769649,0.2893440624457204,-0.17661654086851186,-0.31441504276155685,0.2921024529162699,-0.3473871724881472,0.18671451011084517,0.39372716143974995,0.6838157407711254,-0.10948739263404783,-0.39183532346410077,-0.7360914960759593,0.5786965237035602,-0.6565257491280481,-0.47998508473065593,-0.03151377481367734,0.9414480967543466,0.5394994742499843,-0.9053621270010124,-0.2937582092824276,-0.0881469256249987,-0.6672738549317387,0.8482632809995097,0.423624344696353,-0.42950683560549474,0.9464121785068413,0.6786633537428253,0.38571853793727073,0.33271193198050963,-0.6930303996614411,-0.5241893512469928,-0.9176970870230641,-0.36674832441620286,-0.747052975879779,-0.4791856055010537,-0.6310068338341213,0.12497448484799834,-0.93062182269166,-0.3661124709543204,-0.31230596977555436,-0.25417012798146765,0.07973319255509481,-0.6748047838562288,-0.39688046095535134,0.8408679518837512,-0.19087533755497765,-0.001166168324378658,-0.7092322267921412,-0.08391852784438014,-0.3595641381136587,-0.991411388365177,0.47698996284820994,0.9512020723135624,-0.3374387078397878,0.410902713172985,-0.052178652644493395,-0.42034563467494324,0.8880190514648205,0.9613795577595492,0.14745516578685836,-0.7058330506149506,0.13046302986955305,0.8137615758522168,-0.11578893156819903,0.3782939629601778,0.4632810425606553,0.8003489381086961,-0.7211534130870054,0.10191998059862994,-0.3838355984569253,-0.1967401561510267
0.681753832405281,-0.10805461768219549,-0.8150377373938789,-0.8899327276922584,0.2826253055803438,0.1668628830676353,-0.5557122859167554,0.8713301534517872,-0.4441456616563251,-0.9549027072848448,0.07682458832042482,-0.10908383612240291,0.3431155526283933,-0.8252461258196906,0.023575043595188916,-0.6110999213089741,-0.3644843756679912,0.21015564369493478,0.8868043282039106,0.8168939004356619,-0.27787026170554774,-0.704108123243395,0.7076081399267982,-0.26074006578158415,-0.25433769803954975,-0.4306992688041895,-0.2972899331437746,0.9550472564336066,0.7486034715329559,-0.82480273819424,0.4557067139119635,-0.11155927566397694,0.9851943316401506,0.607371009029513,-0.42273196333959207,0.6113455702066519,0.9407213464040101,-0.15233560310892003,0.7928576531141069,-0.7208646262360883,0.1743601351668791,-0.8278440513664591,-0.5844324185962806,-0.05077373998787382,0.7350516397550857,0.9732766946467271,-0.8677684376664014,0.9201905964416099,0.5122281070913732,-0.8231034426894954,-0.18107872249475143,0.8288209926087984,-0.17097197212438275,0.11162768992960381,0.4204940135466504,0.5104874955843703,-0.7261459201684959,-0.627987163777892,-0.23646093473638352,0.10773385302104965,-0.9155341711223244,0.6524966106115713,0.6691704032601156,-0.3921712414309311,0.11856211334252387,-0.07309633158862261,-0.9463199706193872,-0.9951066500839001,-0.4746459528778584,0.9120531922661543,0.6684861427033071,-0.05491766148541988,0.3076259444045044,0.7853730512811099,-0.1656864556763724,-0.01622699339995992,0.3756863719938075,-0.5104994769626472,-0.7612906729471929,-0.4455659316025642,0.9886659081373412,-0.8665503472254974,0.49113114717244355,0.16213154018649312,0.13114917928082503,0.7366918363856008,0.2559920949624901,-0.04791857340546346,0.3884901973348973,-0.7608326319873004,0.025051738812882585,0.15052737321771792,0.6905601361324962,-0.6743055346361624,-0.882979212013824,-0.36063777713412115,0.756634528834865,-0.7290052122267268,-0.6733822963701439,-0.4546592926805699
-0.16097198968757498,0.824209242390936,-0.2880313538206385,-0.4202876047542081,0.05922465978483138,0.8726340394739311,0.027732986119610503,0.5328848753575972,-0.6335050051705633,-0.8109826952403414,0.505257012950419,0.08742467049668501,0.7448862689168814,0.6536439932136964,0.36993430256660575,-0.3978553820929085,0.3708874389226362,0.3766932839531105,-0.8083331803318812,0.1600932829324806,0.6466296336608754,-0.9742046723224307,0.036341492554810007,-0.25397160978901634,-0.03020195049055663,-0.3193738174303269,0.8215759569857886,-0.795164283843693,-0.6908901705833839,-0.5577729965511926,-0.623166430069406,0.7941134655275226,0.2268567188032391,0.6628323637320876,0.051305649370994244,0.06419130731444245,0.10222565684117191,0.5126134872821015,-0.7720665273465774,-0.07901728278352094,-0.8471993488585108,0.6376894881014845,0.8468195053544549,-0.040963540252895614,-0.37685306830628673,-0.27486286850252784,0.6340774065544887,0.7794527707633634,0.19529727880837178,0.5271790917234338,-0.31590974074293454,0.4197897658450045,-0.9424809255531399,0.629148216822697,-0.5552843044889797,0.713630418393675,-0.715281327246917,-0.5468511386598898,-0.7493116377317757,-0.7395634952022201,-0.8427900757669649,0.3816362733099412,0.5680594460922805,-0.844529404956007,0.5493846160807443,0.5146680687553804,-0.9149661183900983,-0.7843652362705364,0.5861103633014684,0.026958385008218455,-0.8814695258575329,-0.7621555640022561,-0.4939750575530306,-0.8675052776687473,0.33517284706640815,0.5091005429104505,0.5647416282265416,0.8401961416273112,-0.5891976268946673,0.8023497343066994,-0.6304363508433009,-0.2969326670578254,-0.8184413739210818,0.6917230449050367,0.883689959010119,0.8975832101665637,-0.30432691645319365,-0.6788853279480624,0.0012688306093533441,0.45710817892784505,-0.5163549556596694,0.14047071439530012,-0.8017886307897195,0.156267356324852,-0.9720313768261859,-0.5660038483766969,-0.6169049596151144,-0.4362864170704268,0.8033205830159464,0.07425297803176822
0.9471598077617489,-0.8026285629833922,-0.5719692271876757,0.008390543629181346,0.41551218144171687,-0.26707394870917645,0.17876114227065099,-0.12066834161392315,0.915495471765466,-0.6383029247113743,-0.29035531012265214,-0.24076988661152354,-0.5714519990347178,-0.544891574865908,-0.7743090426711823,0.9692255007368367,-0.7527691950514661,-0.7793676775734488,-0.7281752601889371,0.5245473587699301,0.40946183038162065,0.11426424566114801,-0.918782873716236,-0.3437691853387237,-0.768554786074443,-0.4327771148540711,0.2007790168549779,-0.37598617841233994,0.9523580944700565,-0.11208825966904423,0.10783178221109835,-0.41882134996410736,0.7107313339108476,-0.6224300286654569,-0.8607816860861386,0.6821165502434432,-0.048646406246990015,0.35826221655966917,-0.6414054332258428,0.9974466513717011,-0.01670325291014496,-0.7896562308613992,-0.12388329919185681,0.31709652657089626,-0.8299881798145496,-0.7132648766813956,-0.1987514243269397,0.1811144646640248,-0.7965556868697383,0.8505806310836617,0.9557066584933283,-0.8705791776819529,0.950414988384938,-0.3227367073258238,0.18992165988727638,0.9813226372642669,-0.7544756646026727,0.6762182626829176,0.4504010006652788,-0.4429633354422897,0.42698761472064484,0.16383724799230648,-0.45405441885735187,0.5789854645875725,0.2876623562458911,-0.19952894216630912,-0.04834743340794745,0.2063308648785771,-0.1911128016185284,-0.030934281477115855,-0.4422187336180494,0.5359991111551932,-0.7839266639621547,-0.4986202792921457,-0.00545243574944454,0.25674205932621663,-0.7307832385640813,-0.8007932195395477,-0.894295158530586,-0.8635426536480353,0.3562148813418877,0.9441451009973241,-0.23473403446996333,0.3584087241732461,-0.6945266976542384,0.2439335230474564,-0.8073327428076946,-0.8469654819208294,0.5032194930307403,0.5351442171959206,0.5854628304544363,-0.5961364910965723,0.3241864666029668,-0.019499279487211307,-0.4766694524520918,-0.312768700577593,0.7193446239907888,0.09324006762609449,0.9051609898204342,-0.9368029536200828
-0.13918718874267255,0.8298783171047881,-0.23274024650282388,-0.3708816043604273,-0.24732687409883525,-0.08068752235202314,-0.9342804077734177,0.1133331009657832,0.7207214054373274,-0.3939108567729559,0.41211840754962314,-0.01704078270970122,-0.7310235155752351,0.43144637926042795,-0.025090146601034258,-0.781236014234197,0.3500491602801339,0.3201571785477384,0.37074833421993825,0.14442046686736298,-0.048177889551886954,0.7087029390977464,0.01337009751405005,-0.21723036075545887,-0.0106177390956117,0.9417415168553247,0.2338793527556624,-0.2944724594582504,0.9555658889478078,-0.3590344330456261,-0.9437060268154231,-0.9097630958527616,0.6738683039905145,-0.30224642441342153,0.484114268183216,-0.9462003146828113,0.7826857809000163,-0.31748695104459856,-0.8052999015428397,-0.3097139449127686,-0.28526783865795147,-0.2974614790611083,0.32248001164538986,-0.5047721380796719,0.2961656497731733,0.18506333358499005,0.8207780374287257,-0.8689995278576024,-0.39017508753431906,-0.32481148586006103,-0.9605760196087241,-0.34776632432076915,-0.07818122718084197,0.7267370435964022,0.13609880976021005,0.8028196904237959,-0.4667622294962068,0.39191695257574155,0.1759784671997493,0.971529563017403,-0.24452481314013097,-0.21939841922489767,0.14507728960701316,0.6166531367355379,-0.799886633591891,0.3502225906537222,-0.3280650750289651,0.00553704517270881,0.5298078010587028,-0.32092115034718494,0.2296557471084728,-0.27333138928670064,-0.12801773545505668,-0.006096577116188495,0.6946681883053072,0.5742992173928196,0.6807609774222119,0.07166804692268514,-0.4252888818807141,-0.9049372777742108,0.992455386720906,-0.19594529562289997,-0.5482280459318716,0.485776051252202,-0.8160843295200642,0.6883737680046744,-0.8105327696820401,-0.32632387767188353,-0.8654604469771938,0.602371342943067,-0.04946326573035287,-0.5805216826898385,0.5913034986952184,0.303073627110406,-0.3963059707784724,0.608253423868254,-0.13417903090332906,0.07989515831102367,-0.5998460290683174,-0.19539808852576046
0.24992775194897088,-0.09354278934657212,0.5268844298655164,-0.638798298226348,-0.9627933557652841,0.4066632913980499,0.725419613518401,0.15368659048085842,-0.5740943899630575,0.9242341492162345,0.48441602197442934,-0.06540937322473606,0.8743258511711114,0.06543867005308668,0.22884459574184768,0.5382383302872751,-0.1325510302985322,0.1322328854592898,0.25351694315495577,0.04453917146694697,-0.2714506616817909,-0.7045126223508427,-0.6990546919936909,0.3706132734645915,-0.39944865041789424,-0.129222431626018,-0.3626936396928737,0.660428761111763,-0.8711449409436065,-0.592883917004362,-0.1751232405463643,0.6474214089966503,0.2920853072491929,-0.48710673023976536,0.2024645393510136,-0.18826812150354066,-0.772882846743431,-0.6161679770394539,-0.5088267803632505,0.6544576482555353,-0.07168059817876893,0.1196500210656688,-0.12773417797656172,0.2938441024073306,-0.9259925305546746,-0.6812830228699451,-0.7271387423702798,-0.48320630506173035,0.6070763659145233,0.3173414252803639,-0.6480295562104312,0.7050420350168998,0.9275737810503542,-0.028316068914029824,-0.960182516942512,0.7191680058316212,-0.8321409178688413,0.20319948044388236,0.734343559497322,0.801149769948251,-0.18598629688064405,-0.2731315095473519,0.31486120649754024,-0.8193874150977278,0.8863242840738663,0.44846890632436076,-0.7188796961897441,-0.776135272220174,0.4689608141816932,0.8658708947992713,0.04391511774386658,0.6579631653490623,0.8993490006791927,0.8631112504789253,-0.4963838831119076,0.7691297246552822,-0.5238462895181579,-0.7554463330925871,0.6133744912357677,-0.3414281780669963,0.16865244116241263,-0.22009866228935726,0.49674845850406535,-0.5281238416507827,-0.15426200303422832,-0.7114441825924216,-0.6496914891286398,0.9398469518802661,-0.12104917454159936,-0.4913881590530287,0.17896188878901897,-0.019282839693576692,-0.25059003085467646,0.8974217789316377,-0.36702010712407485,-0.15243736691990328,0.3654768950692815,0.9266306799312496,0.7588670817654317,0.8739445827143122
-0.27400397546258914,0.4313424582442533,0.6427307323838978,-0.9578515791088704,0.9336103186790559,0.21162946574105956,0.6829459330357568,0.3244468688807087,0.881696552852874,0.38136491056468014,0.5776054214179305,-0.5206483415814804,0.10545580662325338,-0.38146299661771876,0.9169672235938429,-0.2742898031598764,0.624500597793584,-0.7558924625082213,0.7339058702644987,0.7152942782998502,-0.22305797028741092,0.8195781999937886,-0.21404886353749952,0.955985708801846,-0.4889326199756838,-0.819499344582522,0.6454154514769901,-0.5290790900972053,-0.5792270174709451,0.7804934555325989,0.8317816024846709,0.26270540531254327,0.7589344950355255,0.5334818012182339,-0.18742236808959545,-0.9322366375619693,0.7328891766085408,0.646395560792933,0.8809908403708318,-0.05781743322399313,-0.17407736291740528,0.6823269327390522,0.43477203581282486,0.7535224544785348,0.6404826209008032,0.6488017314723631,0.3969643750931333,0.012669027840602753,-0.29628730683221627,0.20423188402103754,0.6268560968000847,0.47557104120803384,-0.09347649372801037,-0.9452982133332575,-0.8958023541961195,0.28318502282708313,0.2603126830369973,0.5820386356279075,-0.727815553500119,-0.19867630004770587,0.25659254648607277,-0.37255639469907664,-0.8355358971531959,-0.6843551211118168,0.03273178210204741,0.9393291736782692,0.6612427629408324,0.5263254065825484,0.6939208596053141,0.3715067566978365,0.5852845898183914,-0.36120174152419127,-0.043269040085288424,0.47034421762093603,-0.4786402408260253,0.37493374337286367,0.6535372186836663,0.5990573358803588,-0.6026725607454935,-0.17100715089441,-0.6362214923874412,0.7527800258594755,0.8895143096846199,0.7686828608869098,-0.5510257330427375,0.8962184343184543,0.8462247037668522,0.2942133786082737,0.25325471503596364,0.813689561023959,0.948255143499745,-0.6034675946565993,0.4025223084066938,-0.6624880872699177,-0.19793017777794542,-0.14219326376329766,-0.47968444005770694,-0.8218774652774206,-0.2641596917789746,0.8944870169049932
-0.7652989623827502,0.43716684767362013,-0.1296825293696029,0.839978097800685,-0.09258426983270884,0.3472200854740892,-0.7629753019737611,0.4271274239293539,-0.6189116694621397,0.7238734485717477,0.5642438868612474,-0.4240760542982367,-0.011663684516049821,-0.7396013374431643,0.7126754553110293,0.2001655729944496,0.9904148999465836,-0.43406550993460336,0.3543773023689265,-0.16333801775619583,-0.1829517961671423,-0.7081142957691384,-0.419614076970098,-0.47640107221177797,0.2353604801144702,0.8146564699458771,-0.26072452093805265,0.36853417228513297,-0.08367177716286966,-0.9793595154750108,-0.7335901279532393,-0.3535080406904345,0.38604711588553653,0.37370489853944866,0.4266718981190838,0.41690633331672755,0.47220821078413633,-0.4875488121352254,-0.8094411558359866,-0.8824953727109341,-0.33427491886817506,-0.5303171206871806,0.8164530747279775,0.9934788734670648,0.8786438803492715,0.9344196886159255,0.19646413191506196,0.49648368075270866,-0.9089762567674968,-0.4926862343468965,0.23931575389113524,-0.3949852887164971,-0.21060637129452808,-0.2581975738370681,0.9361156209144881,0.11912077726609982,0.16097381978291603,-0.47941669568618406,0.007493443680402834,0.8606538823124279,0.7557935039413699,-0.736160932635546,-0.36536522641397173,0.06084760178520754,-0.7164085319577753,-0.7663158876706719,-0.9116756770235808,-0.7442570105312674,0.7433591183032315,0.6696080756336547,0.4956467354385883,0.8524740849448147,-0.43414898361574616,0.7538727710130271,0.22586314126236995,0.523127837877227,-0.4724841189835567,-0.373979368272791,0.7853436196593018,-0.3689141610731299,0.9891301317702945,0.5273508273072645,-0.6974705076862171,0.7060673225351095,0.31483895535248796,0.5964403665064215,-0.8935556234580286,-0.7027583859180337,-0.5402789088615578,-0.9282755036615205,-0.4795520728296794,0.4119257251491075,-0.12714026695454073,0.9904034867163778,0.8544126822786149,-0.918416582919364,-0.28695976750823005,0.4180582845338361,-0.029600971076493066,-0.01402289997799877
0.6916767018998258,0.7337586007722274,-0.75269153193229,-0.8128442435900316,0.7363462192433543,-0.6386900717771999,-0.663409996778717,0.01747552786129347,-0.45441689248014416,0.7817890444865476,0.17135480362767197,0.16709478196508498,0.9432547093052523,0.052030813199991366,0.14157562226904696,-0.16716201722006208,-0.8463290744102385,0.5365068539695557,0.3538170321927252,0.7747353960373666,-0.9480756627875382,0.3626246896584997,0.36127881887541613,-0.21166039446654472,0.18067699565214568,0.902439700157492,0.6739544171622147,-0.6924490626324042,-0.837873526510102,0.6613984511450923,0.3190786463000639,-0.09188896971409433,0.9104030619460111,0.18840851870188557,-0.9883892785098118,0.9395410276032536,0.3123455140347011,0.9017919369504153,-0.35016906339796794,0.46309043466778244,0.4686391190719359,0.9148055582796553,0.13831687166273876,-0.577266277920025,-0.9026355027920312,0.2872880590402187,-0.35365830662627573,-0.888929952028394,-0.8585518219000665,0.9038003772838641,-0.23721814017666865,-0.20228300608450334,-0.6439783984410745,0.9300986196231467,0.7310310214596578,-0.8216233846468921,0.704691666487198,-0.674118632249491,0.5589850902914439,-0.4301282220010758,0.5051171325807637,0.3081285976489583,-0.7587960317947469,-0.01830980478077504,-0.13528316116498007,0.6127063918367,-0.3797973855773469,0.3699238837288856,-0.7374266630553565,0.33104059243368344,0.6641057486453179,0.025306451318729772,-0.020753928341829653,0.7708260772837627,-0.04712062674046469,0.12611415386707692,-0.15385883912112797,0.5129812869807533,0.6219887192284468,0.22773556688958152,-0.131788154979255,-0.14796580235738377,-0.9191238207617185,-0.31651030520689805,-0.0729502487713094,-0.5515395753441661,0.37247307171874455,-0.6898605982859789,-0.009355492483396732,0.25911916266717583,0.04935556775286942,-0.4185939510432011,-0.1252889621379507,0.8144154221049649,-0.04477726965556661,-0.7027869226904775,-0.744420503313632,0.8058072373331882,0.6830759085514173,0.04618411403494771
-0.4090367321888255,-0.9045434512049806,-0.8469349605247078,-0.9098101926831228,-0.7847356571160022,-0.15017295758397275,-0.8110312750241684,0.32171050787433964,0.1369564207319134,-0.4932393378696198,-0.490279591298582,-0.8364608769320434,0.006889134887884341,-0.7721290180010176,0.32315664683101986,-0.64089560827349,-0.6355837308926908,-0.21408532492430932,-0.833418869730062,0.7535106942710064,-0.4047049684234507,0.17441677636049202,-0.09000370267995805,0.3405197329811438,0.24762078833332746,-0.4698512205282692,0.9334392535405147,0.7426896364987792,-0.6256165323992318,-0.6298252183464093,0.4940586385456649,0.2081057467955003,0.7432315896959418,-0.7873386825055047,0.06875200596325426,-0.9883058608333195,-0.7666434792681844,-0.6565292975932215,-0.04576025217528623,0.3836124599738655,0.737561041976766,0.9316076151169363,0.20377488025890877,-0.02655501212477729,0.23699874897498585,0.947843784343374,-0.2785424338182467,0.34760628585728415,0.38058670871112166,-0.21000552468537204,-0.39468668270654783,-0.7498210201395461,-0.9722481639563727,-0.776174995065209,-0.9682295069689686,0.9410407273206278,0.7180240605296984,-0.5815410393310012,0.29724644340804485,0.29947965207368443,-0.12842305239901397,0.25211830225869036,0.5800230732348939,-0.6181710945651897,-0.3981642608386109,-0.07314888912192519,-0.052021824987542375,-0.9563663435509977,-0.6677890136478046,-0.6951555201592867,0.40519621141651174,0.9277337414778297,-0.057021602695766616,0.7195928908812443,0.1704525387678988,-0.5973231599505038,0.13886092349068457,0.6676770656069129,-0.8981556395612649,-0.984251438041575,0.26081976067467805,0.4261856292454591,0.9589738758755608,0.6972325220063806,0.4741566267410109,0.19167910115537845,0.10860905049780545,-0.4184509361234723,-0.02500697374820171,-0.027798078755204125,0.1820785511227574,0.22299058638931735,0.3573358342807462,0.6333784739320605,-0.024197008730385106,0.4285806575522524,0.056617617890531546,-0.15599090492124335,-0.36829969952619557,-0.8729788621090522
0.785754392270748,-0.16572508381097628,-0.053324056909371365,-0.010422399301876384,0.8779289520707698,-0.30647177326194375,0.39502888077840215,-0.9583861505786564,-0.42397843709276417,-0.6155974049979385,-0.31230522039367736,-0.5357937737161527,-0.5605953099182441,0.8181403083350371,-0.3216940027216735,0.20420026560803928,0.6849342691182965,0.3139162729452145,-0.7376828658107908,-0.413211916044429,0.4227703718896392,0.9196067365536253,0.6661614915906933,0.34621458727866683,0.4691692644395762,0.5919453274060016,0.5995101179322844,0.6890625679794811,0.2436847568632452,-0.43508556946072674,0.49850860366511185,0.33411290471091504,-0.7418068919585481,-0.6010315543962406,0.21149801451244543,-0.7981925488489501,-0.16803127612092061,0.9875344707626861,-0.392696213204877,-0.5811341172929032,-0.9059013277402339,-0.9637388086499759,0.76181221396935,-0.28591225032615886,-0.6827890697909178,0.6558973768273244,0.7889149413031176,-0.9360599844632218,-0.8726688275078722,-0.13875907489703176,0.23512584308818352,-0.758623934358635,-0.5518087225203918,-0.4843557179918465,-0.3193515720235438,-0.2895180468354539,-0.9066472832844423,0.7554272943291418,-0.46501752888682946,-0.6976432524113634,0.3802711646809529,0.030774885479949,0.3389717803022565,0.41280983463558596,0.8532641969065029,-0.12434658707697865,-0.08572872038711465,0.6831939482057741,-0.7781383100947774,-0.7882162812105955,0.2211450876244283,0.5643125155327826,0.8947669878880387,0.6472204560409913,-0.9160611255868416,-0.7891778324984566,0.25985223230807986,0.741738948306236,0.8219715410715107,-0.6859349052853991,-0.41575402456278576,-0.1169641798441905,0.011793233430251293,0.46510378823418486,-0.8014115221158307,0.2941859418710604,-0.3307849493747834,-0.7244550716432414,0.6971901834292757,-0.12178307816927636,-0.16850032256216863,0.5380663276700313,-0.5093678707657254,0.6182904314050575,-0.31735986043873,0.010045456458058766,-0.8295322766003665,-0.25512728519440087,0.5096904250235648,-0.27871318713664417
0.32999050982968914,-0.6967775709449313,0.5070143420942168,-0.1565555812833348,-0.5436359921396625,0.603537357282979,-0.1731811625060431,-0.18138136121533432,-0.08249387216805615,0.7047809588336242,0.5892146927445923,-0.2764512606897913,-0.9404741459700661,-0.708831388203027,-0.980102573072527,0.6124937313400014,0.8872856806156215,-0.8304435709371623,-0.370390856241422,0.9638898487742638,-0.6713506365705688,-0.877063343029227,0.5183847701116462,0.32035234455047323,0.2829315088831199,0.8050222631477901,-0.8843803409079765,0.26321512430976424,0.42673903404281677,0.32072326355894387,0.03955672640593555,-0.4085511502727077,-0.19599436393703762,0.3617413148401736,0.10722085645118895,-0.3913539540536548,0.48539500405930314,0.8184617064022623,-0.9841955329924292,-0.4404385104744357,0.055583471214786906,0.8409011832902105,0.4005901277652095,-0.10762189859331639,-0.5897328572335876,0.0888505820089529,0.5766831579534331,0.30407417479371746,0.3949419311471374,0.7753497930143933,0.5631261862629204,-0.1909885886996936,-0.6054084914777476,-0.39693717532931383,-0.9260596552873628,-0.3310141505301962,0.4501973646712383,0.48010444462114,-0.7479887080122576,0.9838479390858146,-0.4321442810634597,-0.8143608642865479,0.10357170272249583,0.04267173023088078,0.5140926485610828,-0.6799453195419649,-0.9442175494086842,0.5931973984827494,0.18500720349982647,-0.5173204417194579,0.5483155742875052,0.4530184927991907,0.973909400482097,-0.7791161875130808,-0.880108522749194,-0.25404226392870477,0.253979064635923,-0.2910533081917015,-0.9045342541253576,0.3019248387417648,-0.7505003892073501,-0.40407777469701656,0.4737173915686219,-0.0937056788954096,0.9659011250152785,0.6107751242184349,0.9780001577972444,0.1311944531596767,0.7886777957907232,0.2554887036311706,0.0665773130133116,0.1910978292500658,-0.29932572991845596,-0.4309290101092702,0.5695785256487016,0.4297089364046711,0.34486760407643735,0.4287019577274578,0.03933329489100457,-0.5047333373840612
-0.3443060738377002,0.16473809171550347,0.6456854459427224,-0.27746493437424924,-0.8040243365384154,0.42328084149497935,0.6568752588637612,-0.8361056731306225,-0.8756126549111796,0.7770185936996834,-0.04749385692500474,-0.10767182591449198,-0.26141156737770976,0.05251120631029749,0.17647891579521358,0.03788999883569355,-0.21043504965283288,-0.4726125808908974,-0.002345388584418018,-0.15315561001730305,-0.1198400901404344,0.8620712153288725,-0.020917866651461337,0.946544966353809,0.6476236606067831,-0.7113076373072582,-0.7457520442491115,0.42230113532711266,-0.7412296240325005,0.40904936959125804,0.7265433151891991,-0.7638836846579506,-0.5747149220789616,-0.053288876524457685,0.492992612076397,0.8881391221139832,-0.2613358807310857,0.9036435055548855,0.20320042747732692,-0.1827602817068077,-0.7582671438219255,0.14352950885281812,-0.919435716826059,-0.6933909786083965,-0.2570652916293654,0.982040202237066,-0.3934798345866608,-0.028148918927046962,0.582407402140936,-0.7157203885347769,0.17924848827357542,-0.90269790683954,0.7885058567697398,0.7781144124788388,-0.5688370885986518,0.6382501384565282,-0.022412687508974294,-0.7553441889951036,-0.30270211297922534,0.7408530718785893,-0.16484969137346117,0.14611818357857875,0.13152795214018842,0.8005745759281999,0.5626986977056507,-0.04954490312248505,0.4400669907582322,0.2114194204331874,0.5239024629968745,0.00952772254437595,-0.07812767085911676,-0.10014121730296699,-0.10185052232470237,0.7326911051253102,-0.3495674269003426,0.599623242389715,0.32900462483748005,-0.18074334580845952,-0.5343554332815943,-0.20920574159923389,0.08198890158265382,0.9161589841610764,0.7800863302215366,0.47182558890245985,0.291833059318809,0.7319071466567333,0.4144172523141516,0.1439895872788013,0.5923175628720989,0.4147976980931769,0.12208871014654155,-0.752436777294961,0.11870564647245452,-0.6151465333228063,0.23740810963264591,0.1537111663462991,-0.8942512280152322,0.14048876645794195,-0.6212082542395805,-0.048328615685719445
0.7937285604873905,-0.7594336471221685,0.8723636199811016,-0.6405131971481925,-0.9620528329169376,0.5735140920550374,-0.5094266112194874,0.41123540459450236,0.7753116574816814,-0.1115410613321075,0.6138420482507922,0.21370964229749378,-0.19640426950316092,-0.9100327120501841,0.723948671428096,-0.9534735032922543,-0.12596516042190786,-0.1701271530381303,0.7192968208775186,-0.3652351292668137,-0.48564441366456323,-0.7707107517155094,-0.8013327339026441,-0.6636880146659654,-0.7119314941366177,-0.4888909493639366,-0.8207428730394339,-0.38641156327479,-0.18544713141607394,-0.6616179040236216,0.2289508575368424,-0.34941860763046395,-0.9456576151654033,-0.8829964354928683,-0.22012057753288428,-0.3599170723190823,-0.17435437600298198,-0.3515644184062736,-0.2489736833933367,0.6554827973172292,-0.7580674729961439,-0.59488108397092,0.504267477944562,0.1720581536962258,-0.014041118195336155,0.5047799573007412,-0.22990264073972333,-0.76983725623358,-0.8787360441932612,-0.0703529335093338,-0.18584707281800794,-0.03165698008378692,-0.18501242051212063,-0.5325190884808437,0.7723117920551126,-0.4616805232454053,0.9269493756618006,0.3501948580370755,-0.5073678081783908,0.10941490011738098,0.5704283733006021,-0.39077431606880375,-0.18650815716412295,-0.8321832888382994,0.27159798890996534,-0.5930861863064532,0.9358230254406783,-0.25338955908358485,0.9706174309281754,0.5640473253303986,0.07507125962693428,-0.15249508676898338,0.8229854636662042,-0.09651599762153507,-0.997997882773821,-0.07069589255579656,0.6587435695637749,-0.4215010903319889,0.9441636080649745,-0.9989141365859655,0.8670136320860788,-0.03562748024906326,0.19573550300134634,0.6789754432439474,-0.23969297112164112,-0.2971641593808134,0.26441388149193124,0.17031833292073295,0.020656843204964526,-0.9090305393723206,0.4783658911897135,0.1261631558825853,-0.39872330293483893,-0.20939019771770684,-0.754046070121257,-0.7206994634110664,0.11295816300543016,-0.4410834032553541,-0.13607513590380305,0.2208906189325488
0.9148343473979317,-0.36339211636883606,0.36420199193669056,-0.31472948737189355,-0.47727893323242165,0.5053880022131516,-0.09456383775155053,-0.5081434300202576,0.9660438943153358,-0.3167403905000703,-0.08040131689619012,0.19902733457769806,-0.9682507676777508,0.38369012078234155,0.2928865838387278,-0.9959049730183669,-0.04694209986509024,0.8028899879690796,0.34541280826234844,-0.17367393440320122,0.7905363544298698,0.4065993501093492,0.5249304829953771,0.07626290740294417,0.5746104698884529,0.29819455223182545,-0.8449537673793834,-0.9381049589429471,0.6641677292593806,0.343226156311881,0.3444918263467489,-0.29401053529919663,0.6255624946411913,0.654933670182688,-0.2840685190744545,-0.6456267261632416,0.5359316887240066,0.3940602687566801,-0.9831372480874678,-0.07461493655323048,0.8724956988243886,-0.11084468648786405,-0.5569584705957109,-0.9604366606709214,-0.4377310323632606,0.8427973793327477,-0.28435796213877684,-0.820066961403477,0.22688541747982138,-0.39364293503143655,0.4356190595201801,-0.5314841124397649,-0.012382656823150873,-0.27400164251333425,-0.43848728399220316,0.8090151802308514,0.4139360130731309,-0.581827357305059,-0.6078264119585823,0.6422469413047447,-0.2078276409067732,0.7398324650130801,0.13820446283110432,-0.011977357112212594,0.10357037475362785,0.3196768423738303,0.13141409564279827,0.36476720277924146,0.13028046750320255,-0.8692787499999317,-0.7435072102252627,-0.8699013571823999,-0.4807510385876388,0.13980658137021895,-0.5440696495621937,0.04615991903690775,0.5645054172624344,-0.6162969045688633,0.3559574339258298,0.983902707246106,0.38597163077793195,0.06588303468311651,-0.4941578555005737,0.12023195450159796,-0.09214775261350039,0.875780737804092,0.2819325726196136,0.8861484475438304,-0.8962744049152762,0.8775186586826929,-0.13490365677563032,0.9902129531931265,-0.45192880747142894,0.3603469508632311,-0.06682654476799499,-0.2770563137940034,0.518043429307113,0.7676048833313625,-0.5509035878335737,-0.4441339385749179
-0.15987586181744518,-0.1022770059668725,-0.9896814317724276,-0.6107837209894387,-0.8363821971401804,0.14363923382271682,-0.9492561222573423,0.47488835790199024,0.9561912222139382,-0.15235948625541207,-0.8511192661971567,-0.500031676935005,-0.6710368494805004,-0.3783882847004516,0.25198937394164056,-0.8065478052515873,-0.04006715965347096,0.6161181483272242,0.18506154115827234,0.2525942166903734,-0.33139492809016136,-0.4991810583002334,-0.7843186933759374,-0.5232815748631559,-0.3183960641545429,-0.8911342796439858,-0.33282308996207965,0.5882222389689633,0.8870951544182126,0.5514989435667499,0.2391331112165671,0.5281971409271768,0.2506975151070383,0.15786893851796346,-0.8289306018572216,-0.8786261094106083,-0.9333126488716137,-0.3734411315607469,0.6953842892253945,-0.8699435624085927,-0.7449284186660912,0.8382315755246146,-0.11616319336311776,-0.3970578519889916,0.2523704235529749,-0.8684194817866746,0.3551289149491481,0.11851610321109196,-0.41016645953164543,-0.23708903190965858,-0.8083394971891944,0.5039267154203058,-0.5337760319622944,0.19915170650891656,0.3194480631352685,-0.9787869087843413,-0.23215995037244141,0.5903293554202576,0.7598763349683686,0.23846110852476832,-0.32076705022273333,0.875169704493524,0.5658582750852714,-0.09184647325854178,-0.34361266213933606,-0.6150373651384327,-0.794620692546836,0.19035021533518126,-0.8649110556708799,0.5788328474876203,-0.6127709164564314,0.14642426559301636,0.2747274713054002,-0.48742779559804195,-0.1579859930068359,0.4492460730798673,-0.11075137278551761,-0.5136950442541734,0.5940511680255947,-0.8790176342773326,-0.37666628383811873,-0.1283037437032799,0.9194827027872945,0.5087472700736468,-0.37762351954481144,0.7704438200763419,0.5509913287404877,-0.7051818747889436,-0.3826511710386056,-0.31419936878883936,-0.26234000965548976,-0.9838363153088006,0.17287982490177156,0.35660074866712654,-0.8853647077472904,0.014215734886881437,0.6703498595871018,0.7174044110567463,-0.15587771916663495,-0.6091857407016938
-0.5992561930335345,0.8170004368016306,0.5705276141822899,-0.3168961526549523,0.3357202779609718,0.38956315356256055,0.9638465116531012,0.19952460665127392,-0.3377091310619016,0.15682149776960763,0.9261297782608937,0.2322062745635447,-0.16260942327053773,-0.6754400267474667,-0.09139581209263992,0.5783827738544796,-0.9156157002459366,-0.5611882370717289,-0.9926058554833077,-0.5539498225864685,-0.5394519795993455,0.24784003515747943,-0.5219619202502639,0.4691723550610005,0.90517645798106,-0.3369697808135852,0.4801627751575679,-0.5893672794057048,-0.6315109755682302,0.9797560871649591,-0.2743657080845223,-0.8525376862602434,-0.9399648226098478,-0.7696214148044294,-0.4188475692211373,-0.6111931110719655,0.1713727848635429,0.5310654693828409,-0.912190348277848,-0.9406288534533551,-0.6043500112876166,-0.6517067817010727,0.7707644591033287,0.4376733478052097,-0.3203650139639649,0.10900991031474261,-0.6429171383978791,-0.957015943883696,0.6857628414301364,0.8212979003964396,-0.9580124790751081,0.35490475799506194,-0.24215448416964436,0.574828161075883,-0.7780619809272398,0.8722282083367909,-0.389855243918245,-0.5197001342528962,0.6189755405835844,0.32181743042707134,0.8823235113460828,0.9542036920640293,0.9953898284316625,0.7633275901335188,0.7567756728968342,-0.8692449611649913,-0.7111355083775057,0.8483109344660442,0.5897962330228257,-0.6166374156988457,-0.24360894122192422,-0.25148939612579935,0.19909832521587845,0.9539630805871329,-0.5109007221309305,-0.9076096152799968,0.23205601554104494,-0.6217956713671173,0.07093668422375221,0.5791755787814694,-0.3446387909774238,-0.8934820498606693,0.5912238401185468,0.7457029838332314,0.7030052767436128,0.9367686150086256,0.7716685755400454,-0.5815248530015567,-0.8371845962902127,-0.05866541279856552,0.32700439713726115,-0.8702539180601607,0.017227610768613788,0.5026160759094667,0.2901431285014191,0.01831703445711863,-0.002824447767550309,-0.07146544487776585,-0.3563537342475822,-0.2522425573248317
0.3890193474784054,0.4312997453771812,-0.01041594931843659,-0.46332908300777254,-0.19810785892448446,0.842370447376735,0.1679652430077978,-0.9267910241007866,-0.5609474346803931,-0.5939990065681926,0.7263365273830977,-0.20820004912326162,-0.38800192736055195,0.777417859093591,0.1427407735170323,0.8709978139762817,-0.2517852894286925,0.10110394782958787,-0.7313393689450212,-0.8319437012814281,-0.11098936917154911,-0.29685009672973206,0.16792444946084784,-0.06949377786722666,0.24225163961014107,-0.1477953128345133,-0.06489802252492827,-0.18209444928896534,0.60900893058692,-0.36595914851100053,-0.23525814675214596,-0.6408685379968808,-0.5324192007537951,0.2907097052915162,-0.281814129628601,-0.8351629779559699,0.6852067783737914,0.025581978956638052,0.2873087984049172,0.5717465918723486,0.8532118384203551,-0.8031817805977481,-0.8573026454413402,-0.9234372296031408,-0.5993868062830294,-0.6067073542608721,-0.3415174148973281,-0.3945688345251779,0.6311295594048925,0.36707865961563924,-0.4510708869897957,0.4112852752809828,0.9959914108792709,0.9968101956695199,0.5047667133239708,0.4796420118678455,0.8247650602629102,-0.9829322431970227,-0.40105169591538226,0.6446177117024712,0.56625650818411,-0.19237771711029117,-0.18848303225843144,0.15990756091186498,0.3106170149429248,-0.055992012409999514,0.025293946106353715,0.5223210744781621,-0.7014377137204093,-0.20498942989739044,-0.5461473953226823,0.49827415063791003,-0.051123496387553535,0.031650700971538326,0.5719492964836246,0.5152425984850275,0.4450207026958124,-0.07719772546500625,0.5838297767322638,-0.3738503330081453,-0.6243068958998774,0.5402621320177581,0.39588253822457586,-0.5808304929929853,-0.10005612890505611,0.11689363464868174,-0.2505996653594045,0.15501689722761824,-0.7433087184194933,0.8867080023557701,-0.9806376919180124,0.6208027699418086,0.6685977631011968,-0.3203555162922944,-0.16170536837399996,0.37152561176756294,-0.1932625656896596,0.557286809243539,0.07520801275427935,-0.3478409709490078
-0.9535203193489101,0.5707156215937284,0.8442883810272028,-0.6926175210290653,0.9052750914433205,-0.3394989435644318,0.2596786141268279,0.20600557198751246,0.2156745429914999,0.7338895110917967,0.9603442308503174,-0.5915907629029056,-0.2187277069135123,0.06898116151144862,-0.6233226437154762,-0.7827232878082788,0.13903002384212826,-0.09692934693391186,0.789487589964948,-0.8135169867959073,-0.7913736451434266,0.1058135506158484,-0.9358816917765913,0.37804909949546905,-0.02277335484566545,-0.6266157895475815,-0.8610179288484856,0.9259891120477632,-0.43236475876134195,-0.5339211480154764,0.3191397864281489,-0.860041134734993,-0.8850936387680135,0.03706336037884772,-0.6563485663120141,0.7194146947534745,-0.17827753139875435,-0.6859290899396671,-0.7785121034214249,0.07290603843947041,-0.04349771524753043,-0.8624740184993611,0.9101935312686487,0.7313989878666354,-0.7401354332201322,-0.588645990047497,-0.13559864732777926,0.41934322811354163,-0.05043995143799118,0.20741889737682606,0.8783085094439049,0.17498390679020925,0.004950042318881076,0.3696718582355445,-0.4491180449470471,-0.9851133824723197,-0.7146160238127175,-0.8720599141034093,-0.20152617089675973,0.6151316649740952,0.0517130096091547,0.8206050778810541,0.758478782936314,-0.07959087993658409,0.15226550458497967,0.474581421779136,-0.42417643001229877,0.7619881468846776,-0.08738675196793921,0.40063307944893034,0.4232958673290428,-0.4051025451557284,0.22605502342327832,0.6199695296562298,-0.6497474250934607,-0.501730364865391,0.7999292406102494,0.4664879058610887,-0.08434369586907353,0.8216661909085516,-0.6331113621812756,0.13723053180477263,-0.2128973648154029,0.8913747227737971,-0.5206094848283855,0.7410791837860975,-0.4524474459505703,0.2561664065381517,-0.41622081895683816,0.8325926671437003,0.3960879851361774,0.444818778369348,-0.5654902620801856,-0.013024845551280029,0.9847794437685726,0.10564778925822105,0.9906327630390535,-0.8469327277631036,-0.7895508780420597,0.5330781605766808
-0.34797372802948856,-0.09812803320826435,-0.4944667636249649,0.012129143545555499,-0.07566502650502516,-0.8536090159585086,0.38897142820987196,0.49947228225922524,-0.23768886411700096,0.4919148743054542,0.7115462898374136,-0.20665134433247667,-0.9785252772181372,-0.7706345661118688,0.834273951299199,-0.3457792748466795,0.49735205567248975,-0.030481525341317095,-0.8635256576158312,0.09685708071325116,-0.515412781930245,0.9000368481535264,-0.7194884796323222,0.640853379355995,0.6831250661815185,-0.6588218087182067,-0.9638677446992912,-0.7989697578961164,-0.4117106925822589,0.0693076661444676,-0.21830099570075623,-0.8448294003100374,0.527178093958059,0.35476628353077566,-0.693007045378417,-0.2838260206887093,-0.5666551334498484,-0.9311103091733501,0.35008826154915695,-0.5676670008591096,0.393484727259815,0.6730022823034287,0.6230236518811354,0.28202437851637496,0.4328208664065658,0.7940197602330636,-0.21876322194417264,-0.3833514981867867,-0.8951694876223006,-0.9906685345073836,0.5448193904369403,0.5342284769078798,0.8576411046043004,-0.250710593033487,-0.5229193538429486,-0.8172271398300166,-0.15663453894936796,0.9785812499308579,-0.32576671510150224,-0.6156963604694676,0.33789891098695213,-0.5588642960973793,0.764572115191865,0.5938483303097646,0.6609013328568452,-0.6642342250941471,-0.6659054898617789,-0.16863998007029157,-0.7846323428209971,-0.34571706767857724,0.12410823444703856,-0.6209049280781544,-0.5857613692532873,0.08340530686175684,0.8778464559894843,-0.7583920772014836,-0.5724400266127987,-0.2868473481630114,-0.652756884470663,-0.19572102049003903,-0.3675195572975074,-0.22162668089914428,-0.08244813650703153,-0.8679674318736539,0.6301697832116129,0.2998899910436479,-0.262040077985243,-0.8653374629399173,-0.5628782896534081,-0.39693150270663025,0.19773819296920325,0.9662049858342749,-0.7963728202502265,0.07236306058257469,0.9810625750157818,0.7009300674379626,-0.6570817790636398,0.9180694087556684,0.1997342903070789,0.9628317897151994
0.3926307318890905,0.35580104477038077,0.9447337056905984,0.3874414881010566,-0.3359069053034329,0.2707069033640068,0.7679340643826886,-0.3640660497841013,0.7031084249372868,-0.035739242024518836,-0.32978956375049373,0.2170666443124898,0.17007382882999722,-0.23525720073243783,0.2811839095028328,-0.5351490452376002,0.17493709481699948,0.9767617287232231,-0.5347881910024082,0.232697349174932,0.7935588527330184,-0.3823027426541401,0.475826567836074,0.5144914871982593,0.2395324569849615,-0.8801539668805081,-0.2509527430128087,-0.4067705392537746,-0.6966588292159448,-0.591229339807646,-0.9241865688850885,0.8468182791070404,0.19615037722217088,0.8917529947120875,0.47851127203303423,-0.3426202962656766,-0.4437471133837305,0.28720414321081145,0.5209877645910899,0.04174571919113035,0.9551350089146702,0.2960928501592657,-0.42308979108108713,-0.9526133354155717,0.6938696910869051,-0.3374594547938048,-0.5155020325509097,0.07862350425234399,0.8132641154181683,0.3300120381768983,-0.5033239006779819,0.37469967747148925,0.4390044394499666,0.21612639535525102,-0.23702815888118867,-0.35672601783952906,-0.11527821973290275,-0.9879146804717649,0.7397334797925097,-0.860030160044712,-0.6150691054447464,0.2687339185478175,-0.7169359782595259,-0.5915599744683355,-0.8164812151539949,0.18526130242417893,0.6624417572503252,0.8636253804620107,-0.5273797436442293,-0.843670972790721,0.44997820954135426,-0.37707406037809243,0.44334753152037054,-0.5101500835416202,-0.647128990205359,-0.5020611390009417,-0.4292942199644174,-0.10345761526039543,0.2712075442284494,-0.4562784304853451,0.5625778508360788,-0.8399680562166396,0.9451104009089162,-0.20351105365578115,-0.6644679237795847,-0.11724785830531648,0.010585108539375776,0.4698562090610039,0.5206489288192757,0.6392076157593356,0.587117202311765,-0.9603778457354115,-0.237161376664083,0.7080844206099637,0.517716644800559,0.8430649980937175,0.190366723197664,-0.6944025821558815,0.4532964702799813,-0.4854165556959773
-0.07269753059972417,-0.09279378826579832,-0.2497062301316546,0.2120507133132865,-0.8561207006389777,-0.7266873014738655,-0.061483037535611684,-0.6905510885099779,-0.6207483708235539,-0.974331455504073,0.001399617349634008,0.4506907518842489,-0.017092564634155538,0.8513821425411128,0.8805699705280317,0.9409852734535036,-0.25371020460073024,-0.02089777130170445,0.2820974437523194,0.17661801086715379,-0.18242483012378852,-0.922346204631441,0.843206496901475,-0.23034797709987243,0.1312171841019747,-0.6115435993231706,-0.12740410928283818,-0.4894831661690717,0.8261719905075042,0.4444905869450968,0.01921672685635767,-0.022756313756410185,0.3769787902858932,0.39291082408584077,0.30181266941626594,0.8530375126606276,0.4713284112035008,-0.5152942616086371,-0.9309848558683911,0.6262528205128652,0.26190542737482403,0.35285119754457583,0.39494284489267506,0.2906670741421622,-0.4773386030579265,-0.08905845963559722,0.3621329687143473,-0.4914239310113371,0.20429865387591395,0.9035564908773401,0.6830317998145135,-0.9753252250443305,0.5419443710491925,0.2887947814406373,0.8337657061867076,-0.20466615697637547,0.17232085725882018,0.8019912999920296,0.03707408770843057,-0.6223534960149801,-0.15411028018856654,0.659499130053393,-0.4942575292015554,-0.3955608680747924,0.9353668620169358,0.3169721199073028,-0.23442277929067967,-0.38404226699570665,-0.1767820156743789,0.7528009403395739,0.4553041587683253,-0.822253121297448,0.27236049730497136,0.5533822297682456,-0.3112143752838967,-0.7145730365958611,0.4974601449001661,0.8600337318821287,-0.20405956061171016,-0.38379931440323145,0.9740509862959188,0.6327787561971434,-0.9968428448308906,-0.8603170100786741,0.39263341453432443,0.04992397750679123,0.3090423835566678,0.46608447180613255,-0.6587314877450274,-0.2506972225546833,0.4080943932284722,-0.6039589421976916,-0.6360313370434383,0.8969666229223943,-0.09867843140524446,0.628740909882983,-0.6287239163973801,-0.8820358701062838,-0.6345412014547196,0.5183293699008946
-0.4812961670317186,0.8045465778055123,-0.1824151956926221,0.25367475916402626,0.2488429115592754,0.7367239838307147,-0.6677477347879142,-0.4137488292797349,-0.24454292469201122,-0.4464755942782397,-0.3156961645235621,0.17129280022949156,-0.04420576266654819,0.34560918451150635,-0.7983817158712958,-0.8778870662140736,0.5035973929645676,-0.985546683291759,0.1648908971131915,0.9752376681843302,-0.8063162980814524,0.04466908859888519,-0.9854760859062404,0.20596974372974208,0.973793684870867,0.5227279404675333,0.8642567617584191,-0.053536433623557755,-0.32594006353063065,-0.14109275733604743,-0.2584297555407884,0.7803043923240518,0.9988902705196112,0.6336943840920481,0.8819820934714468,0.3301565706502101,-0.2431286035357556,-0.8855169121130548,-0.2879415322381642,-0.3394894926805765,-0.7996452748315832,-0.08616148128298673,0.39661653938603925,0.45044037454457797,0.7759411025797891,-0.7222739454257425,0.20381835286162087,0.7380105634127458,-0.4410649396320889,0.39852924274563395,0.6301035173019414,-0.26314020973566077,0.23670339116729622,0.317752210346655,-0.04960114486643685,-0.17374681442635653,-0.6241301297675208,0.9723628109406419,0.9150942853381887,0.6252380955544645,-0.9667393917772578,-0.27958877573259944,-0.9084914331198102,0.6151156237097535,-0.3489496010850457,-0.11138768146099687,0.213526032634618,-0.1996696183203961,0.22518469086230364,-0.8372615374872989,-0.14416743905716034,0.8629669389348864,0.8616890084165618,0.9737429269900768,0.7142000004574616,0.810405524081822,0.46855548597661456,-0.41227405358591973,-0.6098460896023814,-0.7136771102270676,0.04010885769477479,0.14378524996134545,0.713605220864201,0.009273231502558987,-0.7442772910308086,0.5936415208442491,-0.39730339002081605,0.34612432116724157,0.0974933205130637,0.7495715538681007,-0.6638942972360764,-0.10742659933788756,-0.7686427163754621,0.3252842208842621,-0.5181967728829981,-0.5767183576459736,0.5065050414831918,0.31949020475013556,-0.821136368729626,-0.13021318624375078
0.4315303121391203,-0.6795294444411477,0.8579347182288883,0.8052970377130777,0.5326176476531899,-0.55924793006219,-0.48474291464786723,-0.04739536417269896,0.7950217674762199,-0.7538037796992605,-0.728487135131118,0.06908660581034698,0.45082881289659116,-0.8191164911457829,0.3835690965175793,0.7438812140197486,0.8635599102969778,0.532674773392789,0.20135884083311284,0.28797308121958043,-0.24597935512412916,0.43488546822917185,0.47200497575146083,-0.23669899025679175,0.284204405323891,0.12379988977682577,0.7122820233846046,0.6168949638808883,-0.5528983286158153,-0.768620069459431,-0.8246393187138064,-0.8217211464011991,0.4811624376803707,0.8744213013076241,0.48923550459753984,-0.7677875522846132,-0.26452594805631846,0.7066606180872363,0.9081372377305492,0.1538336833852214,-0.9966430170715017,-0.8762301267674599,0.07120608076241108,0.6942371932885874,0.9596989963009728,-0.36071402175305933,-0.2699523151290695,0.3586043407607846,0.5931306053147816,0.03950276469801017,0.2032352773960826,-0.5557168855281782,-0.20937523232119504,0.07658588666263255,-0.0787944597612884,-0.710598426816643,0.88577981735503,0.6744333091214929,-0.0003346699479085391,-0.08843093890807996,0.20293082719136502,-0.7082586028119933,0.33070140852224017,0.6025835100971353,0.4059336190572955,0.19776061654298527,-0.38221714642080684,0.9806702239602803,-0.7530719746134797,0.9936972088764497,0.4130445357258907,-0.04343450619165501,0.6573746087507166,-0.00994894964255244,0.4082809532656624,-0.24658274562936167,0.9622855903239573,-0.33371090661433,0.6557693886275038,-0.5787738286246369,0.4653162052397861,0.620837304369684,0.4008148273188705,-0.8948673915392482,0.7308637913471272,-0.6419595352295222,-0.024990696796842515,-0.21638427229073987,0.9687790843101167,0.3185006218012625,0.697036492216486,0.9821264299983652,0.09588581908174709,-0.32517970468942137,0.35579737236233955,0.9806285999463074,0.5154283701086448,-0.21787381065155254,0.05568886886171387,-0.43392026003652706
0.3927526313523022,-0.6098156466914912,0.7125044397713247,-0.2124550924104518,-0.738198633143029,0.5045329599272825,0.16076735952281096,0.6101435728985563,0.6996194412496004,0.4191750631343425,-0.08493499972471619,-0.6726110640591769,-0.724878081055228,0.3919110519057767,-0.41783686135384324,-0.7103542356227883,-0.563727053934955,0.49676503532610927,0.4706377931123673,-0.9817349707748626,0.45191502356739766,0.15136419388574107,0.3566356120332963,0.9769683757190519,-0.7047890815652045,0.9007963088557205,-0.14577787102095408,0.6833201820883588,0.8519706734468266,-0.8079045361938499,0.9483175199311338,-0.6407342412313344,-0.8950557691254193,0.9605535196577784,0.300195609606591,0.18678478052946068,0.9394539467777061,0.25394509319291125,-0.19201200835405285,-0.932014344352446,-0.5182891577982189,-0.022748212476229712,0.3759682118319789,0.9091107274962513,0.30559393383860933,-0.24925671851858788,0.38358969973272017,0.5906504194548112,0.3170377029420606,0.555461622233298,0.7297915789216034,0.30062187287361786,-0.449567919487752,0.3063909477758151,-0.26535388810034966,-0.7599992287661488,-0.8347260188750691,-0.021563118079165777,0.3375844196748501,0.01949699558220863,-0.953946477370702,0.14596381764634447,0.14526113092151816,-0.4525503859858835,0.49071858964194703,0.5886874287259429,-0.6378068121677656,-0.03161704540320964,0.2891932979633953,-0.13268704267794873,0.14284619875604565,-0.8011174898560498,-0.8730033976768234,0.8177610466213596,0.5904496541248421,-0.6302203028599842,0.6257358744851038,-0.960507223102502,0.11212032761369395,0.07283357953242287,0.6243925173593707,-0.022873475194995718,0.03780223186528575,0.16944307891997368,0.42749824850004314,0.5801353849724034,-0.7518213428034155,0.505976382009145,0.9313620874074455,0.7952045964796255,-0.6386716535388912,0.19820521317744078,-0.6401248871486784,0.10944353710461963,0.6010259436711085,-0.7539093935617334,-0.7423680189984885,-0.5875401995682643,-0.6775794761207563,0.1249924191349816
0.7029002123038282,-0.929989440968479,0.959856869648652,0.012296621480255121,-0.27288071861451635,0.08885430055265409,-0.1538973454072612,0.8904569694125557,-0.9998288713643391,-0.3988000445639155,0.8924292317896274,0.03888614333599061,0.5656036480277302,0.31831515631232254,-0.110159424843564,0.15414293841187376,0.3902029888769394,0.04533251987074527,0.9720390438556248,-0.29576574852806137,0.07641897366330541,-0.5803209887753382,-0.8019817372766587,0.6395265913715296,-0.5257992887983629,-0.6238526978840333,-0.4005815408217137,0.6652556093813915,0.9148458560438155,0.20428877401457157,-0.5679200650485883,-0.28186967555588915,-0.7430157701804578,0.24462548527143912,-0.8512806810461193,-0.4900652578372593,-0.2364353738759617,0.8073198670643473,-0.19988124883073954,-0.8334918477424909,-0.4916412133496155,-0.14931327193678445,0.38903074179953245,0.07180863922481073,-0.8588839079503985,0.465349797448511,0.99071853806257,0.39360586770730044,-0.6147451592319464,-0.25571548098858976,0.3146361060108409,0.6410164164219414,0.20988938456837936,-0.16062705484676654,-0.6930171800202083,0.9848979828921565,-0.13274573715117732,-0.9481802737114178,0.20721449326720354,-0.8449508060496267,-0.7507575522144114,-0.7800197350385898,0.09673756967158997,-0.8680812816417589,0.28035497797987086,-0.2743610306196602,-0.3329653027941146,-0.4534939952741619,0.7377107411339485,-0.5484690625422182,-0.980273334712582,-0.24568803638986947,0.9375469717715019,-0.24273529720629972,-0.7899945410678744,0.8512717205808087,-0.648537255429094,0.4566548299120652,-0.3869008930202269,0.6426864982664311,-0.020762799746683935,0.057920237614217385,0.40091107148167593,0.7307966989576327,0.1030844639398747,0.21493388860026208,0.7931404865974676,-0.6585051667988839,0.8930206112842696,-0.22087333827208755,-0.30965422382824137,0.48259427663403565,0.9360005675069598,0.06336427556979185,0.18923395696313872,0.6992600322164781,-0.04627626251712269,-0.7448555937549319,-0.9810050623616824,0.027130837935546825
-0.6890174350505631,-0.7472632804115096,-0.2423986707991248,0.47084474962010825,-0.8942707491153234,0.45083854554881864,0.9489996935449643,0.41500483121764886,-0.5017767447499153,0.21740598109727705,0.41357352521697566,-0.6337909484064579,0.9724925511181564,0.5969377974967034,0.004458491307789858,-0.4483540512231541,-0.14446983455725526,0.8833540189037741,0.7627754200072876,0.6280465011114493,-0.3896251375133508,0.7158429486593942,0.8949092970141992,-0.1869704310509801,-0.3745261751823783,-0.8197188133794564,-0.8410502660767256,0.459906060100149,0.8897338970546962,-0.6697737488848463,-0.8851769553931785,0.4868189139045902,0.10831954970343416,-0.014298933620051857,0.7487059237166445,0.9243326626479131,-0.15203275267730576,0.01736472446384152,0.461594732648557,-0.040688104960245,0.030022974090603727,0.9959088515754664,0.7761610676707229,0.39576390571432674,-0.18905709663182124,0.23257321402704711,0.8217728112846228,0.49183452140227324,0.4283201459792092,0.4051834275472881,0.49933590509087766,-0.5115475059416601,0.4779663035448507,0.9017367798158369,0.6467267870779023,0.7606637916705217,0.0562228364360049,0.21838721696072771,0.21474709285277171,0.9292947675069023,0.3490443368283711,0.7638611311273342,0.047032831665852814,-0.5498628441272051,-0.8497552518986027,0.6788178702193319,0.027368968029193974,0.904967204494872,-0.15455546236771567,-0.24181046827906427,-0.2534326021413744,-0.7735329816049548,0.8280903500178929,-0.5004695529978513,0.07823924497927792,0.5328278222353184,-0.7642691986253152,-0.40164401407354067,-0.41290992103888424,-0.573868110742654,0.4760514442797965,0.13768388917478136,-0.5650736104986613,-0.3903604011370392,0.8662228876223406,0.28594727092279504,0.6514547749372996,-0.9291417459336762,-0.07388603847482944,0.23549738300370837,-0.023467077948201798,-0.2885118722037807,0.23106049687197605,-0.34289639743640055,-0.29221451122814335,-0.9896911777597415,0.7803925532465217,-0.6276845872094023,-0.29093535231256884,-0.7973244424044519
-0.015907761491173122,-0.830512441261164,0.02863719908162876,-0.6925786672425411,-0.7523147029711439,-0.025175690547966312,-0.6887391989015401,0.3132668919881396,-0.5478095342114766,-0.2092823479427477,-0.4014300947711513,-0.14331706028888558,-0.6356359193261358,0.623087708197261,-0.7826100142394119,-0.12285586213648858,0.6787149226569638,-0.6763313987869859,-0.29252444584531956,-0.13207969060823,-0.28152650768196197,0.7410281406226669,-0.6030707640846724,-0.6208658622965253,-0.9194873849499177,-0.21090798942661637,0.4878479738714323,0.8019956206024668,-0.6793749978213786,-0.6020161517206455,-0.04141002953501283,0.330485790713559,-0.46840075971495665,-0.15780935452777411,0.10024734579872474,0.5996401709576915,0.42864191722026446,-0.3502246029512599,0.528785419171117,0.763533061740935,0.003717165082611773,0.8471225014611063,0.6861258272176878,-0.2223029862133017,-0.7805344319689485,-0.784240830053196,-0.9576955865901176,-0.6889160224181332,1.8628485343175072e-06,0.5347699028914819,-0.5269901297682549,0.356620637026962,-0.3157180036654317,0.9528770535750213,0.47486311209244847,-0.13134297012995177,-0.42106674191022875,-0.028141512235777322,0.5217997942708721,-0.5045054015872903,-0.6950085501484786,0.022479671044055127,-0.5010664272138652,0.5334552096578475,0.7283336112429308,0.9885141208910311,-0.5052912583003872,0.6412188325697024,-0.6031750817016837,0.4129217979716795,0.6199049368957412,0.4022899080880986,0.004667887257046033,-0.63762350099282,0.9851033367942559,0.18239239795368767,0.26895438356289403,-0.5412316155364933,-0.7354083746480471,-0.9232671369036789,0.980797591688892,0.8581966630549598,-0.14739404592422645,0.23293471633856733,-0.8181291391797347,-0.8980892690963649,-0.18540561907036346,-0.38710810690881536,0.2666199502367428,-0.5371447023484821,-0.3276442970920228,-0.04160952476635993,0.0197273854475144,0.28774631100379655,-0.39142002001322895,-0.4615078216258266,-0.4388881185203979,-0.2979509724440337,-0.16385160018550415,-0.3603182301654484
-0.9048872115947064,-0.9182217419067633,-0.8957387259538361,0.4895094084984004,-0.5760448979539132,-0.05588367163897545,0.8169639498967203,-0.7984766001864148,-0.6303199939092541,0.8966563715232363,-0.2728375146644988,-0.3912866098951011,-0.8062255580880116,-0.9726768332278504,0.10353645340299056,0.7239485402451169,-0.3375765329514637,0.4825842054193503,-0.27723007287186374,0.5576166151301722,0.057724127243664825,-0.2568154299519627,0.300496686636611,-0.5799333962153315,-0.23190128673268617,0.7743875996226894,-0.7390291895038095,0.48517487349860544,-0.7592913055265109,0.1731229121734228,0.8243536633855308,0.3087103190632037,-0.6191327990155295,0.4093201077844171,0.8510012790357679,-0.8502407976714075,0.09315804569438635,-0.31420406249945754,0.45070131829676785,0.9792892301229836,-0.59600176612202,0.4415389322291665,-0.9123777877117405,-0.6165865448383607,0.10099136399631381,-0.4949489848079287,0.7541506850623361,0.7068765885545019,0.8136296951822346,0.9502523146173287,0.7898260558547381,-0.10303555980526458,0.43465174909575177,0.8216983591932916,-0.8645830082473067,-0.16199167782421786,0.8626646541423235,0.0077388553453261455,-0.9562502031484974,0.1983073245607112,0.39341245543192227,-0.7421315269223399,-0.9091095483928484,0.13234953672876038,0.5887807603549062,0.3876066683261232,0.4814303936739788,-0.2050123438980298,0.36938855845436214,0.7405114399416399,0.9430768351999748,-0.6689635598995547,0.5014555828165763,-0.2316991603002163,0.558744346950157,-0.19830208111974046,-0.45701162208729107,-0.631867319291822,-0.6799938891545241,-0.5643845559341796,0.39344349516721544,0.7583100338075652,0.5812937544702839,-0.0891180261400677,0.415508042582559,0.05014640478543364,-0.3931796572733659,-0.5593273446505713,0.4165094087796606,0.10430184184168856,-0.6577818062315963,-0.9087750683193536,-0.5235664503001676,-0.9218186491785147,-0.703721047311336,0.7672049444579556,0.8544959147717266,-0.4591302890571529,0.5812426366138452,0.2848262485865303
-0.5019838513503037,0.6468205334242043,0.06918984824694441,-0.9972000770472662,-0.3050762022631932,0.21031907159415808,-0.261779676011773,-0.8335076876516965,0.41092343455532765,0.09855014479217195,0.4441591819168864,-0.1833142355332411,0.22296406768106425,-0.35072971902398353,-0.8854731377071843,0.6318443121076849,0.6478635721725694,-0.5614408145773908,0.9304549288703472,-0.6465295217039109,0.9432094099467767,0.07477738942679135,0.9575247744915176,0.5563719859572782,0.5610263732561649,-0.7871145349353226,0.49153957796268744,-0.2360380449048236,0.3076494374475651,0.7400515768860225,0.2686110824993504,0.1017556072199195,0.6336940592852962,-0.5587219249566939,-0.46241299504162936,0.1633275990158416,0.6154659220311243,0.5057953953066976,-0.6887170456937566,-0.536553714725198,0.4525722478911811,-0.26271998661258555,0.8043362867684198,-0.8126178756958071,-0.6369729122610375,-0.6299439547121826,0.7247043427245401,-0.6222801570645276,-0.018963233480527197,0.45895998448739395,0.29512854340738426,-0.9579053921973673,-0.6741627024821484,-0.6445314613357307,-0.21160532999982218,0.2156441537715199,-0.8610917606424935,-0.8559026207567002,-0.5094923309233166,0.8182621098327449,0.9407709300891205,-0.799532402689652,0.05355709995763425,0.4535292498833565,0.6159854533044773,0.20658703296974212,-0.2442497404815176,-0.9585681690270378,0.653124496542693,0.5268915121334363,0.288964225868549,-0.9125199149224306,-0.5033141110819932,-0.8328089078119922,-0.7147287884563449,0.2547687530463514,-0.9730061919629511,0.9327215255706931,0.9152353821942314,-0.7873221107964194,0.47226302054904923,-0.3232201657783955,0.41491150982626057,-0.5953567156310366,-0.03914913893235106,0.1257024689374906,-0.11134760356746742,-0.6737111165019127,-0.3364873606129233,-0.6909733527331225,-0.8882489868473049,0.38408239584351533,0.2549717060269847,-0.7538489696203485,0.6498498029191173,-0.7943693765306161,-0.40652301754704,0.023084832526100607,0.6729667695654133,-0.7163299470959543
0.8243339244173875,-0.9519982602197656,-0.1457291337045572,-0.7052469796939209,0.3107291949815483,-0.5482312154517932,0.7579802078666906,-0.2305123852675217,0.7684478270240305,0.6455697402598657,-0.775182657065681,-0.6608818770830625,-0.7797286924045912,-0.7965274906684983,0.9116981369527319,-0.28538419192597364,0.23139353593773815,-0.7632980590985194,0.846639214824173,0.8397472066403076,0.791172981908125,0.20901276396368385,-0.6438644464518368,0.06096128128236611,0.19922296973117404,0.35886662342018694,-0.699559928579367,0.3345467699641096,-0.39687246643367025,0.6351250899881951,-0.3032286334722911,-0.79215487433831,0.832468710828584,0.3234634305404498,0.865763668200388,0.6214388297048903,0.4226133644384673,-0.8472610147467834,-0.9956424703938669,0.866189896733305,-0.7027141037913556,0.3117082438854737,-0.35948799330323666,-0.21880085100687463,0.44268692727164516,0.571092188005734,-0.04313597359285115,-0.8653727305954095,0.155685758999782,0.91917062888604,-0.4430477150579122,-0.8191059630654245,0.9895433653523884,-0.6362553273508638,-0.2299652047066576,-0.36136844017794023,-0.15233586011397038,0.38684166927410457,-0.17211130854870227,0.5870031809300806,-0.3330697098639419,0.6042818567757346,0.30790844442851695,-0.5081837567212402,-0.16268073693902418,-0.0057954111881965975,0.06754129368962936,0.06494886482078654,0.6428083960729019,-0.23074549311969106,0.16192787460865143,-0.15631847788474063,0.15575287903238166,0.38699790554183844,0.49656699924668635,0.4061866266615721,-0.5296138620121862,-0.9942677884805253,0.9878106243997082,-0.9656906967997785,0.1167489360857954,0.9152315427898268,0.8418082015239643,-0.8808452202176762,-0.30130493103178546,0.6975029982526468,0.7335450169242452,0.6380209049485515,-0.4106054237427059,-0.7117195153943847,0.7066244118139204,0.9436392028829717,0.8259078177970196,-0.5150051830599105,0.6556436154929874,-0.8882686682493186,-0.7243973744327457,0.9241039707628,0.40792571221406115,-0.2450784335571301
-0.9473062351923804,0.92982638515098,-0.25663153746599954,0.4028035269083057,0.3254946407915216,-0.8524594086881494,0.6748743890810853,0.7409539544310151,-0.9396285392807922,-0.26951156346086425,-0.8420134150230021,-0.84586940687183,0.1383663092712757,0.6274225177838633,-0.7005655502465711,-0.6351509769295942,0.48711587697435,0.4962142486490313,0.3971278510803842,-0.4009846080812143,-0.17695503350261732,-0.3253260188702698,0.5627938158042303,0.3904940487922641,-0.4264618588795266,-0.6882253280281903,0.7623142844804269,-0.9357617854450109,0.5022658582565218,0.0065908455900667295,-0.9782648474515874,0.6653601888361687,0.35980708819988294,0.751953027461417,0.10831184255192805,0.6590364613839141,0.8383004601607491,0.0037448749845319096,0.4187056307094521,-0.15265947682484637,-0.6863987256314219,0.9462446584096031,0.04300208952367712,0.9558525674204981,-0.749733287943382,-0.5762715130984424,0.23808752083773643,-0.5621871740774669,-0.6326124545558549,0.49199147486667916,0.11858857579653548,0.6834259789766257,0.6331176711980491,-0.06312780860936251,-0.37362067918926556,0.2837816686198096,0.6545073595713087,-0.6703512809474521,0.6066785212081391,0.2932943913969679,-0.6105388213706082,-0.7831982358634464,-0.8443828469112273,0.20638033418055257,0.6932185491244742,-0.9439022803376629,-0.43558613713442695,0.08313582996226154,-0.8693616656674454,0.1942215116467625,0.5130428807390781,-0.38175977486753765,0.10338275435158484,0.27677792205217333,-0.9352664166638978,-0.46166397504449863,0.9533262933808977,0.12959362633339366,0.12747864405056775,0.5804514062971917,-0.908638774632679,-0.37083941559179245,0.8870182828397282,-0.9830425384559986,-0.2867017127323237,-0.43519564034433644,-0.2037272229758489,-0.6102325869430238,0.5036845414436057,0.45137624972816237,0.947701485894872,0.40531362108418967,-0.8052403281432661,-0.18542687749100972,0.4829026833709835,-0.7979942336354091,0.6149886664012101,-0.6996266838359042,0.174351018608649,-0.23577653651009456
0.1727164070131233,0.7040541922659915,-0.4197612380799205,-0.6969243782404964,-0.07378755392502478,0.7704077456288445,-0.8134182698604719,0.4369254146750281,0.7688041361517786,0.6149520677545626,0.3084402999410423,0.5376514303468842,-0.6779059470680859,0.9273347184303389,0.03260159480987279,0.4574412794223266,0.30278983001838733,0.8604544068669708,-0.3171694212037295,0.5707037170409794,-0.3219585822397235,-0.2793672885973639,0.7119051060101558,-0.1381971085069642,0.7813598619813096,0.5483500016163807,-0.22473145665063532,-0.5823587179629581,0.2207744659018076,-0.8500034219322257,-0.6951971863672011,0.25557929269082136,-0.004954351523428713,0.6094528885922097,-0.7147549574625893,0.7409149603477463,0.09427210491200788,0.9378942370024774,0.5628910347094362,-0.8256646320385894,-0.8117720118938707,-0.37256259963337146,0.868111942643049,-0.6770550300454821,-0.4397653553409633,-0.2733434684072662,-0.8215415169129683,-0.6416274948320535,0.5438810208550267,-0.4841118009963139,-0.053478092275802025,-0.4879473930128462,0.7533157384700384,0.3005841661119575,-0.7191055128003736,-0.7520675514387989,0.1374668998756854,-0.9208147173602566,0.7180065108332792,-0.198121571406227,0.7140019181323571,0.8342802327958461,-0.7420315229769399,-0.26653546821356944,0.6896712873076185,0.9040899174458594,-0.25263380879922903,0.3644017936765287,0.011884859950725302,-0.4743451345353036,0.7510729132778666,0.3651111728351648,0.2412274476503078,0.2877335705914894,0.48208512053773744,-0.5103664293923187,0.6424700701355994,-0.9841141081666616,0.7061195687249004,-0.4186787996318686,-0.683588391987477,-0.20143915930644885,-0.8540426459453809,-0.22355400213362464,-0.07544285551979302,-0.8129937596777386,-0.06824480789171616,0.28496896527880056,0.8002530309303066,-0.07029400603295799,-0.8283549073297776,0.46355624658388384,0.8349207037619968,0.8449814974806438,0.5364333008693813,-0.6010580003035,-0.3425587257076572,-0.3654302754637073,0.9928764641936036,-0.02740996759183445
0.4045816770387405,-0.04756106265892934,-0.44324987449379805,-0.9234353222685872,-0.6885177649776091,-0.06006490967402178,0.28043276389643745,-0.35962676155259365,-0.9373534919647764,0.20215482673355223,-0.23943035211562735,0.8729193331082699,-0.27701448217691294,-0.13978052171229094,-0.053180721202182424,-0.891844969816612,0.7360412034830857,0.9052900188955126,0.3673428807097725,-0.4603037796605933,0.27137458586850194,-0.8328174331525282,-0.8614819009020134,-0.18986303982572106,-0.403326394054653,0.4244134046349066,0.7425782594043293,0.049555886001957816,0.3392887993614879,-0.481105548380639,0.6610981830022078,-0.8151174799359355,0.8032834742744905,-0.3159617042039966,0.5063521012202647,-0.6709334373681948,-0.301447481782114,-0.16179784414730602,-0.04900116420527878,0.37766098654057667,-0.6786216800572005,0.3933801716086862,-0.2906152470022767,0.3858028735267649,-0.221724065795307,-0.9801369821889931,0.5661447479393971,0.1942572772288318,-0.8443825733255792,0.335924976743599,0.23302474833454534,-0.35253485047723454,0.9727358940765829,0.8779381175988403,0.485672694820686,0.4734385718871148,-0.3669694212945287,-0.6989874408170416,-0.08268186548621359,-0.7050268277608505,0.7286026971996997,-0.772786247849214,0.9399522494367556,-0.18722672368880078,0.04138339642116473,-0.9926462175214499,-0.0988820650678317,0.6650216558168391,-0.748565589870616,-0.10134269835179466,0.9389150228854568,-0.8051078910159175,-0.5627544560177993,0.9580639777728459,-0.1596477821998883,0.09217245540595642,-0.6677979439356423,-0.24488685703073032,-0.30382889196629725,0.9047537623518556,0.9434890103284752,0.1536728584036895,-0.9712579642198025,0.6275586987107165,-0.9676174625464609,0.793309827252707,0.004170400188140633,0.7355162966958484,0.39863429217235224,0.2978233545876765,-0.08800502994576509,-0.17922637832568622,-0.29557755845508193,0.08493403234853125,0.04633964559540371,0.5301622798417003,-0.7732400011070244,-0.6483723899897402,-0.14323277215478591,-0.6462096787578826
0.1897836202778984,0.08552575760895254,-0.2368733542408359,0.6901832172215818,0.37710131228390087,-0.1250126565380807,-0.4335032745883969,0.24075297918769012,0.8502711937708074,0.7139945343021312,0.9907264424505855,0.6118795251434224,-0.7923759208673546,0.2992491724554671,0.23252074319864424,-0.17744067156798704,-0.007190141827707386,0.5034535173151744,0.854457818638291,-0.800595855213327,-0.11179328704831737,0.16246716388867255,-0.9347289254112523,-0.420191081587892,-0.15871828478766803,-0.5542412582504712,-0.0907402403416051,-0.23784033783523584,-0.608879523629805,-0.060851515076287166,-0.7511188782660116,0.935232204105723,0.8280586371413934,-0.17413051563510962,0.640835950447014,0.4076699135398143,0.48230611377669197,-0.984789730018127,-0.2507123979598873,-0.5521268023913979,-0.4327911545692513,0.7592143216532743,-0.4710018588990468,0.6769683495562233,0.590276418765451,-0.17056695113627907,-0.5168911218023666,0.800374506548927,-0.17088667999692841,-0.968939870204824,-0.6932493032439035,-0.25118851898953887,0.6334140229070668,0.6400687805003735,0.19989134844349254,-0.32982012375577185,0.918321185889653,0.9856582497063231,-0.5163377738633816,0.9469806461239216,-0.6146791932542934,0.2888687162595649,0.6570997990903404,0.6026632924667055,0.15570723159763866,-0.7422590711803481,0.2725469826223208,0.9547112692611321,-0.6525654583704619,0.8083427446801206,0.03455415604179568,-0.12519682599649573,-0.8008441521223657,0.6023439485777955,0.008514093136380962,0.26288213695486995,0.568562587976637,0.6860614532555918,0.2546367632845843,-0.47953975443038543,0.10581101714153829,0.8974006075025294,-0.5924748466423986,-0.81346918604314,-0.12515792233440104,0.25778825238395076,0.18657638360632367,-0.9443633315250333,0.415151827688105,0.8411887880027276,-0.8424549911648955,-0.23519030175671185,0.4846792479480677,-0.7389039697734388,-0.09258747645522436,0.26300358440860716,-0.28375729640491065,-0.5205562315505339,0.7958184811734441,-0.4061549873079522
0.07083444059575772,-0.5094911645902305,0.5600579054221122,0.5720963981465541,0.5407831707668262,0.31851539092881764,-0.45007035012597796,0.869951786753081,0.25487601791532066,0.2767731396078741,0.15870915155021903,-0.7931615395705176,-0.0817445527434495,0.19178888384527437,-0.7858466931904051,-0.4350739231408438,0.7892095771525456,-0.8144457179698137,-0.011509897639995659,-0.27720536421657926,0.6766317666764923,-0.21839958279324012,-0.017926085063197483,-0.9560860631801915,-0.8528480606300044,0.9184343461049014,-0.8473746298209435,0.3746728214607702,-0.2494912610990776,-0.3728301281697781,0.8166047997903603,0.6170981103346294,-0.6403871283120666,-0.9797194167429482,-0.642645855848992,0.13458769963999684,0.21330971799506138,-0.9370990527092349,0.9518317482294207,0.9874791554627376,-0.0321780145925874,0.22800999283779944,0.09296554334483376,-0.6832234632708349,0.4833936580196174,0.8531663584946634,-0.614309480695266,-0.9408895144469414,-0.953923649817781,0.02348944188596258,-0.6953079668237787,0.7337485159172212,-0.7704230860088412,-0.5660844291821479,-0.34492054375164183,-0.5604777770721503,0.4554877980292098,0.879696207144562,-0.46481893548866404,-0.0368502557391297,0.9064587219352995,-0.3028932406293814,0.10299422818309845,-0.41135824520820763,0.49038891209679436,-0.00839658921864661,0.02531309345879662,-0.2001156967528448,-0.6138915233300157,-0.6540809691268736,0.3741149134343231,0.7746297823994774,-0.43783447203231907,-0.21434815074660496,0.16729651083280483,0.5328977344569397,-0.37682974091689125,0.588199052301523,0.9075241494485786,-0.024336420990948904,0.7657146669351715,-0.15252535646662446,0.49415854024401185,0.631784399133156,0.24582192462025731,0.2145913002348816,-0.14137404859482094,0.1342840694325491,-0.25207902643241487,0.26539693503590955,-0.871467494228432,-0.665501894214009,-0.932479978232124,0.0227136202613063,0.1737384857208768,-0.4130529075282501,0.6533728372641219,0.29019594118562453,0.9302904982939091,-0.2954933285965522
-0.9401200992666192,-0.6401915280663899,-0.3546376760395349,0.581792744784279,-0.2845109664601364,-0.8547193375947453,0.3139092232534333,-0.25607143126369025,0.5590291070111526,-0.7553927896971555,-0.3628217177347479,-0.9781979513644783,-0.34226122179966545,-0.06924674559430422,0.5904788422817175,0.797487947831284,0.12328116694443136,-0.22881823355534303,0.20360382217429818,0.054524722955575866,-0.7941596126413539,-0.4439030629952905,0.21580874839828978,0.76672024737934,0.7198252777955676,-0.8503516081877294,0.7853280402164178,-0.15649971839589005,0.5124024068594808,-0.36443341056414735,-0.3597571820296286,-0.6057534955492656,0.605450384228442,-0.002698063153150132,0.9805194329383291,-0.15752550781877317,-0.7518146417620017,-0.6577205419327219,-0.34625048054499796,-0.23428496366110574,0.15282763572437608,-0.42992617163306046,0.28733321701445624,0.712206133838873,0.9759095311857313,0.8232862869169093,-0.43126836223813836,0.6832857276030413,-0.19437842015909879,0.7916590501884668,0.8360689659046185,-0.921759510973247,0.2895513328354402,-0.8610917706803478,-0.8097603644452958,0.6050265642267296,0.44650733919439123,-0.4506529075326078,0.50738455870486,-0.19931131482471232,0.11290040276368596,-0.3736506775942654,0.22464129398871613,-0.21334501656228588,0.3929138777251069,-0.09083651761209044,0.6973446256085802,0.9343050555955144,-0.7571741067904885,-0.25218783411825085,0.23595400307690517,-0.9414236363170392,-0.9043315228006761,-0.9792079457829235,-0.7897286118039435,-0.3542819192798621,0.37519782370706434,-0.12863507529584695,-0.6596170948741329,-0.6176806133373394,0.8045529695195255,-0.2622409341313301,0.8057611664765829,0.9791300595542989,0.8682207120692915,0.7360297449304309,-0.48062461788476507,0.5698880708676006,-0.778392805933902,0.8942897216124845,-0.8499156495373379,-0.341342051507211,0.22550126599710918,0.6249710526996324,-0.4601758912404652,-0.6593227397671579,-0.7244733485064925,-0.07861247480062517,-0.7474225860933561,0.723789798438571
0.506069653989826,0.7755968250357164,0.931672526828603,-0.17341216449583108,-0.10644051926977571,-0.7552533817028448,0.055177856095484534,0.15576944467316278,0.3225379510239337,0.9526989054760575,-0.35617727380031394,0.46172916118363005,-0.5483389632135725,-0.4723759328394834,-0.4075316233727131,-0.8344114519207226,0.1170304691127253,0.7457446641083993,0.3189615554680565,0.47053655767237346,-0.5882175312196454,-0.8439665425547302,0.943530417898383,-0.8794661430645665,-0.9737437863573588,-0.5677290638066772,0.6370228884378109,-0.6241651402764683,-0.7909305640988031,-0.582677083998987,0.18104619922641696,0.05528927615176604,0.7169176684820506,0.5209759167489612,-0.3763491405768342,-0.09195606924162303,-0.6920021497039948,0.009022818590111559,0.8282505293199496,-0.5624303383127267,-0.2727124335531035,0.9501293667023165,0.7357175740670867,0.02692808513374212,0.5600421190292373,-0.6240930547022923,-0.44432313109794297,-0.6716073500176372,-0.3857064403370829,0.7396627601570229,0.29676592502093824,-0.7054205319143219,0.7523924724336473,0.4900519864290829,-0.5188750771196495,0.7881961086518587,-0.6259404679126044,-0.9428275007569729,0.32377100781925616,-0.09471816790168264,-0.4688425493489774,0.853855439280037,-0.8318664676781471,-0.1370527265658077,-0.698759907529831,0.00438078389835983,0.015853648390464548,-0.8936858558455021,-0.4548222665521402,-0.8043746046850921,0.29724349651519244,0.4640032191279524,-0.15482325562936627,-0.41198821083531345,-0.19461579357616454,0.18809833043702984,0.05912550698888497,-0.012767545601450658,-0.1328693165006556,0.3623210497181333,0.2926897145650422,0.9179434345823942,-0.5608404708625689,-0.8937244579932324,-0.9286240849609599,-0.4676435107176433,-0.86830522817177,-0.7979360181769808,-0.5470699685424525,0.24044148176181723,0.4316466361963658,-0.216183820472875,-0.7973914560692268,0.4678487453470923,0.7590553416562644,-0.4634661004666738,-0.5885892484928801,0.5714553028877896,-0.3047337735161304,-0.42401490053753044
0.1926267935034427,0.46776454155306313,-0.8115148665744243,0.006480305012798837,0.4009424540716162,-0.04648334176703184,-0.38935162346714836,0.8133355332603442,-0.52276102944862,-0.3697750019812214,-0.8610907321178101,-0.6253111759997114,0.7997384437205839,-0.7163326894902733,-0.9745303442175481,-0.05079861837740918,-0.3318917003150754,-0.6449698958639674,-0.47233562348399283,-0.8460458640646173,0.35840588450820365,0.7061793358584325,0.1880103104135935,0.9390830617223702,0.16631771625588043,-0.02338531802269017,-0.5049791414653027,-0.7812280052128955,0.6378528776376071,0.13453346014091738,0.9808262033858681,0.6707180623454998,0.05053836857000693,-0.6653905249388148,-0.7068340811840215,-0.8121798023582629,-0.3907954573051242,0.47237292432304234,-0.09476729496327274,0.46963000820250866,0.9795862368600825,-0.48532097543167296,-0.027013372577177952,-0.2714213362522311,-0.9728778924383301,-0.2947472438047227,0.4203143020531366,0.7827448326026059,0.5490525910844954,0.7139123211075027,0.8043336546971964,0.19148708111576496,-0.7744778652498507,0.371568315018846,0.45643108546436295,-0.9585454441919867,0.9572748751985869,0.7125310483612954,0.31873382619153046,-0.7167337483585716,-0.0043355370923181535,-0.5112643900873632,0.48202485882946955,0.9465811763811187,-0.28116014292377955,0.4887302382182177,-0.6123157751463764,0.9096288141277171,0.2774675057520217,0.9309061210442167,0.7542880717946843,0.357603051437682,0.7984427647648817,-0.10146130640310558,0.9166122507466798,0.05381375811922906,-0.46938133373368784,0.3581327251917876,0.7759898056268046,-0.21794754878956324,-0.16541142843266599,0.9878874164260496,-0.38135340525846684,-0.9178000453186508,0.04015546592825103,-0.3134511137877172,0.22473485951067884,-0.1330807537535892,-0.08994465221967674,0.9363060711700553,0.5846810243576439,-0.42318293288066133,0.9389397801210713,-0.002145962011322,0.3710533998479111,-0.06736505507047386,-0.6995444964887774,0.9333429379728699,0.2475902670344836,0.32864064220498235
-0.3927088009294153,-0.4234800925162958,0.5995701297331859,-0.9688152007183704,-0.9180938122075006,-0.43396540246202653,0.18614323621147522,-0.8936134355013603,-0.38835699848696237,-0.1393543429336621,0.3205066298560806,-0.9987165771439368,-0.4971330741387787,-0.2995635289144205,-0.43346892617250554,0.7180210873781625,0.33065199790186117,0.5377707564942407,-0.6899259693371467,-0.827993069392486,-0.4586622097694242,0.9918285121478607,-0.6065451736442629,0.17044967291146262,-0.8385641233503518,-0.5622844691256184,-0.05364446441926418,-0.2907355241666958,0.6234181773439089,0.2740892974472169,-0.15487342478165633,0.9338136301064912,-0.8037226067031378,-0.47747817754456223,-0.39595468942763223,-0.3785283986732071,0.12781522327387718,0.35784642213482254,-0.35504019551902655,0.15633483438456586,0.3666423673579149,-0.6009866707023912,-0.7286184964133458,0.10856753885035464,-0.3978754683584558,-0.8288041457931081,0.13333018015501863,0.2566376546197291,0.09166135167140022,-0.2480681123971087,0.7518429582395008,-0.12621436870035097,-0.72278024961693,-0.11619733729759774,-0.37347907567299665,0.8697596294457208,0.4251970105999556,-0.06324225136348849,-0.14466165801059372,-0.15898867008914186,-0.17948275117152956,-0.9446541232979553,0.11781820694241096,0.9149835074956669,-0.15816275643663147,0.5117129108397005,0.23041710118724068,-0.39522002955329305,-0.5147086891483901,0.024413591222631092,-0.7454502788053492,0.08653910308945778,0.13114920076437642,-0.41331362644529324,0.5106703466938038,-0.21468135526871923,-0.19411574795724107,-0.9880943080364495,0.6149620527475403,0.7498217451275628,-0.0795584941029841,-0.8913075315258043,-0.8906144906554396,0.6597885785426723,0.2997598813034432,-0.33303309091419453,-0.8052018758365493,-0.41884615174765294,-0.03706419928978533,-0.33738480710515195,-0.8782704603457052,0.4809458789917451,0.3488259987655411,0.47872684474216953,-0.8939594670895836,-0.5898711008390185,-0.7116961991481596,0.48084823738453464,-0.009390694850642367,-0.5529128328702997
0.3513615226696152,0.7045113914426488,-0.39821558254600387,-0.37821834207859584,0.9783172597964287,-0.9870983987209672,-0.03008971179032449,0.375549393902717,-0.7705822726019911,-0.9999285764541912,0.20758132457582734,-0.7579311651017882,-0.8062727265476275,-0.5914126917182354,-0.05251519345259115,0.6654529050857498,-0.11236825003156237,-0.8886936765008504,-0.7563771709811129,-0.19088532799900304,0.9653925327069153,0.6405419146258808,0.6834416068751854,0.09343849510359048,0.6433729173654326,0.3626408940424002,0.7186277755820649,0.23431703631872725,-0.13529260238637986,0.2723943296321909,-0.6303842940675293,0.6371002010196221,0.3149307257038636,-0.6584490163398535,0.4833294406477906,0.09336205125378116,-0.04768320202132381,-0.4199276225350943,0.3350710585716319,0.9181828288549749,-0.01407172728569206,0.3353993188616833,-0.21762155911593473,0.39530540704511385,-0.7853283216958689,-0.16620706299701937,-0.1503340877865773,-0.9440586822715071,-0.08583544015695921,0.12841816826804564,-0.977960712007611,-0.3944768602537583,0.29021797553334117,0.786441946881882,0.2397529251050856,-0.9147364063842844,0.8141168706823418,0.9255930504099059,-0.06418578501903749,0.44613053587600837,-0.446191921694278,0.9635073715197224,-0.28450467436554483,0.7116791436228478,0.006411242645682824,-0.30233183648361983,0.4124492336072869,-0.2187513483607002,-0.8744684580788482,0.31183849500719774,-0.2962659946689996,0.43841821794432034,-0.3214178463893871,0.430364666263221,0.5733937343960895,-0.4433197113132339,0.5252151736385218,-0.3941402297693948,-0.21214254098817564,0.8323200470108612,0.2902680111489393,-0.2469545310354977,-0.05649537435409746,0.31794362038932045,0.1520779089406159,0.8548244909492166,0.5507959970668717,0.05086781470814361,-0.7411560610269203,-0.3518467755786763,0.9103891936052548,-0.3038095595763144,0.23495004817673948,-0.19245229560777588,-0.9101417358290875,0.7040623684656246,-0.6816406513496591,-0.806919117789552,-0.787559129306169,0.8684678178924661
-0.04717398697645403,0.5198185627391123,0.9626567925772564,0.6171109664033094,0.46529410474903776,-0.5267656280781061,0.7995886188858063,-0.6520040820812709,0.7849457023156203,0.5116277482110221,-0.15988768752849403,-0.8712601950477565,0.22380724922543527,-0.7710524344828984,0.6936037056138358,-0.8542366111050779,0.5267038997161702,0.21306660221955243,0.6813587103703536,0.8471016909788136,-0.35768157083301255,0.39745145215853483,-0.24474210838650712,0.9777417277901734,0.1475593232582244,-0.6005311430138656,-0.4950101153388171,-0.12497029187010211,-0.42782133481656714,-0.5976145156897024,-0.6758208359172493,0.6276754815657353,0.6173444359005125,-0.6154083745774881,0.16421589291457894,0.2582313263391305,0.33731649959394505,-0.5929207796865823,0.6200176945412543,0.7865820229833764,-0.28087799587271123,-0.18394525992430721,0.09316168523566648,-0.8560697683585985,-0.6293912875300467,0.45995423134779334,0.8219770003599451,0.28446475458375353,-0.007649061230765364,0.6648058177154477,0.140740138703223,-0.052534259843077136,-0.2957878953742208,0.23695772736900667,0.1173946239564061,-0.7242529272795337,-0.8656906420159629,-0.14497650227739367,-0.2477635461989507,-0.8582647656030593,-0.8437123875738326,0.5647747146673032,-0.4035460337860435,-0.7641450092388355,-0.5388529889065177,0.20297917039003988,-0.33816041018750553,-0.5519575503270657,0.881235037593491,0.8445466582201198,-0.4972363056178928,0.4065466278479277,-0.8640943635636191,0.742946671811685,0.9362296355973034,-0.8504457543131143,0.1507117486208438,0.7063904332780799,0.8636180998570822,9.401607870040962e-05,-0.20156068178050357,-0.8867036022850632,0.39503581660700404,-0.7782510581199451,-0.05804258678962482,0.834782674684136,-0.4738938562090398,-0.940043940659244,-0.3239095148234712,-0.4782377898616903,-0.3309175090785619,0.5294718304185861,-0.7214227437342211,0.09417469526473243,0.46774533882154756,0.8483485245308988,0.32667225468634853,0.7565403589953259,-0.5287655965454114,-0.8541761963715842
