-0.39827895039932293,0.5290284612574949,-0.3248752802205861,-0.13355872750800768,-0.35114820876258923,-0.9579762102324811,0.5046269864106416,0.4530851565583174,-0.5173941963365258,-0.8909691779023754,0.5668424114132564,0.7824008147783761,-0.1475496923810713,0.4053104398521634,-0.7654418302980259,0.4059474391524509,0.2729357782516777,0.727628922733109,0.6757144793522005,0.6753903236271039,0.9015457456275013,-0.3311701235130231,0.6995286321260403,0.7947210440465222,-0.560544105822437,0.6706810860413335,-0.9746146452132218,-0.5923200581069381,0.7503954153321049,-0.407324326561161,0.08634465331451557,-0.99986018313558,-0.018518243590867733,0.05637046799513468,0.26989050047045193,0.6642762931862614,-0.7021342727723527,-0.5952143957851774,0.8691072847768799,0.6061719752750432,-0.24433705044638732,-0.29676623839652994,-0.8876653689294625,-0.7768936923352359,0.6844570644271559,-0.13633857074261924,-0.7564852476521193,0.20780131302151128,-0.5594924772759506,0.6947285364577678,-0.08072014067054578,-0.336678734776676,-0.8827921559036638,-0.7631730568464863,-0.07975768064082445,0.679706194611192,0.2795708306858935,0.3621018002820209,-0.11386976228979973,-0.13851656504373233,-0.5945364519371228,0.18884457014882305,0.9575082553192178,-0.1751829021697584,-0.9354410384935952,0.86017208728087,-0.22551513205320162,-0.9026191301717734,-0.07762831045471019,0.23177529007481157,0.6547945301119458,0.7259948871838926,-0.7008510439830089,0.7256398339593115,0.022543612405477864,-0.963202230436869,0.3390629999482524,-0.01982404975510188,0.03415246771231839,0.4242992620034698,-0.09536282942425434,0.1263704380267643,0.01688119629506657,0.009489627974191839,-0.48806961212033206,-0.5664075545181437,-0.30356881586132567,-0.19346423467681495,0.06205813200491761,-0.21658293101353365,0.3731184964001939,0.9924653049851475,-0.10601685961316742,-0.492728741160084,0.004442858508170389,0.8776250436309687,-0.531335770901886,0.745417666127443,0.8900725846850082,0.139760892287337,-0.11945094071622853,0.7987635034986327,-0.485313050625817,0.6287469913504979,0.1808191089032598,-0.29013444459504867,-0.7686786530552427,0.9885179429411768,0.7040516251489017,0.6037238380478618,-0.5678383054637262,-0.09534460517919996,-0.6972250234063977,0.31573552024139095,-0.8687272245393705,-0.34494055238577737,-0.10784444563511597,0.46374840321962063,0.9341245005448875,-0.44595323476547977,0.07140308856041178,0.8125880440281319,-0.6349783696614386,-0.41244756054373344,0.6645292104142122,-0.38282916041908766,0.2182522362852184,0.6597134594994962,0.5916315438021715,0.6261958497616726,0.2814250922199464,-0.10123933732913426,-0.15971923184205994,-0.34789521908854537,0.13579756436578827,0.3402157521229243,-0.6646588494791053,0.6204830673727322,-0.5667682936688874,-0.7883343789920183,0.8126370991775327,-0.18337366523316811,-0.5283803422870708,0.9667851856154854,-0.828414785917003,-0.554576916722028,0.7639733054289459,0.6593570204265877,-0.8745306526932386,-0.7875838501355439,0.45425142458917,0.41832550229592447,-0.23758550275640178,0.16042951946450934,-0.9531337167869023,-0.44846350099587085,-0.119804120151082,-0.9036820783635406,-0.13558227220684738,-0.3894482660081664,0.19685027393280596,-0.8800335560740924,-0.3057666170246318,0.6108200184454173,-0.8701797078757072,-0.8035176902286998,0.521169829707427,0.23245458684800724,0.815570118363407,-0.010972327594091613,0.12926660309185434,-0.8137531876614987,0.7307464883226602,0.2519472237978837,-0.8547108825705956,0.9547971291196895,-0.6789314980206642,0.5792128718174414,0.06981002683230719,-0.8913056251241465,0.2472617998798612,0.68778049936092,-0.14809590641834514,0.3563127525147842,0.2809841695837094,0.6537301975812537,0.045272440800291136,0.7850781077348881,0.6651882423684428,-0.38339859455622616,-0.8385595019325716,0.7929597592158057,-0.1467181314366035,0.4450294433346276,-0.8079658135350574,-0.04618534804522878,-0.06680764727538824,-0.6957752878180199,0.21864276048997056,-0.6736155156739165
-0.9960827319439023,0.7771521786664584,-0.06242059096466046,0.11423993064568938,-0.9404017427223001,0.4807587492298864,0.4880745556750572,-0.3107211358193871,-0.6928458470086671,0.9978587728491706,-0.9767016730465705,0.24615232121248876,-0.04076071851659657,0.423377345266418,0.17881733141794265,0.4044613737210403,0.40332969254497564,-0.6467209564913574,0.9969303757960002,-0.9330363984335559,-0.8825603247091782,-0.8329743092432589,-0.8709998615620369,0.5727538096893603,0.7296932997349825,-0.8152720116477714,-0.3049017699140504,0.11677199019285056,-0.12959238621483293,0.5463515095760065,0.37251915499740273,0.22154571568592218,0.26733545854543417,-0.06350744635842887,-0.4720632486750489,0.9193990096530393,0.22004291818262223,0.17959193833567877,0.6856163046693224,0.7276900784083447,0.8644073190073431,-0.6377005726783835,-0.2742064136969551,0.19816742200536752,-0.9242025303430832,-0.9799553880648981,0.7217583039582094,0.6196187049674322,-0.5351891635022792,-0.4752850542625109,0.24552686266691426,-0.732213929544232,-0.7101538860340912,0.8386884443747211,-0.02734601948621318,0.5195823233347396,-0.8902698527052435,-0.34525229666746804,-0.38811220451691875,0.35798648246265397,-0.15471134325632274,-0.6553932244362224,0.23400274900675777,0.4870740228952506,0.48278986470000396,-0.4721613049729645,0.3882495206334833,-0.48786403926896393,0.5756796625530058,-0.8171932959401351,0.04517517437918106,-0.9916327578248219,-0.7585700405635012,0.2959076591982581,-0.322257913987517,-0.1892003029283824,-0.44707165988271225,-0.8006923992603965,0.931240132013823,0.7401900138566733,-0.7946830509495579,0.2451286844263476,0.5256181492345655,-0.2749946268994974,-0.26317629507206886,0.9525749571385751,-0.6858116998424839,0.8701880753752953,-0.05889529941058358,-0.972150586482283,0.5161888035492321,0.21958719931500492,-0.5155734402327767,-0.0743089866695339,0.7944563950126649,0.6316218870845143,-0.7006930607344517,0.9612954514826597,-0.5592697985886446,-0.4424799198697884,-0.4977693453629446,-0.710509716033884,0.47752540118271614,0.1378764413212994,0.5953613481248081,-0.034893277412633816,0.15220992097032116,-0.13509813955581174,0.8862805729683492,-0.668439007525029,-0.9870248214776576,-0.6054435687291657,-0.5546182189317668,-0.9619899241281189,-0.15936617986176005,-0.48194296871594067,0.3815675575389852,0.5425940800617695,0.44086270813944584,-0.9114017635730287,0.7865058080080112,0.5638512450236697,-0.6586179045870848,0.7846316440791783,-0.9166656959674386,0.7158384424260156,0.08210784434133744,0.038783585712947266,-0.62563612512776,0.46934222202448495,0.04313450218268433,0.4969957050636373,0.1530802725147391,0.7345816751203158,0.498308382210245,-0.9534038787163412,-0.1444532591603771,0.5053532594029118,0.26007303058795106,-0.2775970865944959,0.013279705520659935,-0.07393360549288075,-0.5648285242836271,-0.9610611271325262,-0.8790251706959271,-0.2958795944080943,-0.7340422000524407,0.3528764566165645,-0.163869736438909,0.5114649713465678,0.8741601065804501,0.32878586773119833,0.9439198286647863,0.9872338989404634,-0.2534488462032425,-0.9598260810447301,-0.8312856946871825,-0.6040672682208674,-0.7286423051966637,0.882252342242553,0.4945300225087301,0.9764103259956738,-0.5699452037283064,-0.3985185061845553,-0.8090931798602454,0.8090057354332745,-0.4288044283209549,0.8862552559946228,-0.0464013081062844,-0.3250640517902419,-0.24054095370793438,0.3959265581491602,0.018647547015464783,0.35128993423923305,-0.5769120196087596,-0.024892731163656867,-0.5272605123036178,-0.12083837408423803,0.18022427838818356,0.07425447512476602,-0.9841970872131927,-0.9379508366923777,0.6175777716978617,0.9421839393560407,-0.33445751297216186,0.011754962568150118,0.0792487850044723,0.16664866433675063,0.4772062152068506,-0.8494879484460607,-0.6483269228867492,-0.6999295256329054,0.5656423684449248,-0.5539922120503866,0.31792852087144574,0.22348575875678978,0.602103990728259,-0.3398100368246304,0.375865530189182,-0.27246555916908743
-0.6094936764319729,0.2903163654613601,0.5842005425641887,-0.22215768292800764,0.6128719193957457,-0.33564953336458525,-0.6829352136513065,-0.34461614598689194,-0.23310155936051702,0.8786614413415228,-0.6936163602467667,0.08330447919224548,0.7535439082503734,-0.5889745982747365,-0.43874489111288684,-0.1843054915797513,-0.487219278862965,-0.4623448282482918,0.9651536812113313,0.17617259272601182,0.37443650862273214,-0.22671191212499298,-0.5806018036930742,-0.8862377636497019,-0.8496564543396101,0.3555531037209474,0.8852999713433105,-0.9112707090999455,0.4577848826724704,0.1406023739668929,0.5948915727763131,-0.5951638131557009,0.19764928911616098,-0.3202616114282837,-0.9261229343538377,-0.23133022102678913,0.6978213865947838,-0.6006379348233413,0.4408836089367074,0.23270569951667675,-0.8587935510108797,-0.7085937563425688,0.16442921036923908,0.9998603721057475,-0.24457506813541574,-0.3877422110137858,-0.6289177613743597,0.013695722419874379,0.4021972491646546,0.5899850994164739,-0.7883798666268569,-0.8855340593238707,-0.1569815032045776,-0.618698259681802,-0.9750662839368862,-0.2467921138033744,-0.3338901601531903,0.9069287128822348,0.5112027140731779,0.8258311178715114,-0.3680430557347991,-0.9308760212871352,0.16254102264820602,0.22700199931982912,-0.8533636310671078,-0.5714852017297771,-0.6637774326336923,0.05739607730952612,0.22890422616055872,0.35022411932940667,0.6458888203154691,0.35472190329744446,0.8864881627027339,0.7791666912201036,0.5193914437801526,0.0379835804698061,-0.23280099388172237,-0.9378955882000197,-0.8628205643331688,0.7687916144113178,-0.9927489241899581,-0.8010755288251648,0.19167853511202448,-0.6511603308605123,0.9176851392438645,0.4079808652438819,-0.9486657791661206,0.5599136944591647,-0.17200804484875887,-0.9413091166676073,0.30030733844181823,0.9631188297026014,0.3246899471519695,-0.42759179679943626,0.564105730799926,-0.4560097573783968,0.6044366185762868,-0.024051604653436476,0.559142933978579,0.6808262347937231,-0.6524280692408446,0.7177662967187635,0.4279138998812617,-0.011298075413995523,-0.008434923683431128,-0.16664421241858784,0.7279815906147447,0.5626769803879945,-0.5526949647698289,0.8854842941858863,0.4302065608999095,-0.8481539534934046,0.8444699124142885,-0.8903566926563997,-0.3911406512121107,0.024953721343090596,-0.40592216404633974,-0.5186183892688583,0.5422781346928012,0.966747290923859,0.13998936069852097,-0.02357585237249582,0.9171081151270728,-0.24839932452717894,0.4319401053652634,-0.47715630864237957,-0.7655102825861577,-0.7569414145329685,0.5184845173472681,-0.9341056933148697,0.6214701313616244,0.6964570246170998,-0.05495181263575688,-0.07469427338046342,0.19677297907316782,0.42680151691534984,0.3850087805199376,-0.5432044848084912,-0.7539147710876302,0.9290477840072882,-0.2863898781073482,0.3835060066098741,-0.38166106659697663,-0.985259783011623,-0.8854763041266016,0.37207690197991483,-0.7862236330966486,-0.8556672112744856,0.055648835201958846,-0.10445978065503847,0.5023915621185511,-0.3831599179247951,0.40650131172683635,0.737325551220122,-0.012139978170161658,-0.37057115844066724,0.088887535801625,-0.816215055094855,-0.8412895868262296,-0.3650693355346728,0.6238197262101965,-0.9516481546386328,-0.5627098079874211,0.7140708753721792,-0.7673028799734283,-0.3118605892317261,0.7309853055108753,-0.6650709826228451,-0.2075139121796068,0.10646946561623682,0.132857070906794,-0.9806319836557673,-0.31175104938079845,-0.8062722692759918,-0.9149556008189512,0.9471455499361352,0.6511857817984243,-0.08063269254615468,0.31762276349830176,-0.6382553762534631,-0.3522918661767904,-0.5489950120902456,0.7348823940341636,-0.6602058089360436,-0.6100632914421169,0.30468559291966013,-0.84967681444691,0.32500886095736403,0.9099797164200081,-0.6467460091427091,0.7011434073103247,0.3053475601574742,0.12005057763541793,0.6945090605463455,0.6650410234444455,-0.3765278159844103,-0.8505014499190686,0.8317579888636968,-0.4455025734280482,0.23226139526837608
-0.8352694978519362,0.40903394276232263,0.6319218636003674,-0.9282905319978121,-0.06915117062134857,-0.7143486902939797,-0.018145156551607533,-0.927346547949782,0.485982735191854,-0.27107711063972784,0.39221629072731434,0.1428177797187029,0.1028140337348078,-0.1321900675323442,0.684973148942684,-0.590605442376523,0.3703940344962384,0.7700270615641889,-0.5426193439814819,0.9211821437896679,-0.27516037185158737,-0.7759300179076463,-0.19550024404738875,-0.6250128236232262,-0.7359063874861809,0.9482676397000991,-0.9286653352929775,0.6861658965578286,0.15238365936437082,-0.24426785203276058,-0.7609657274879582,-0.5114928925708604,0.7569719388241303,-0.2736278375157357,-0.8507635323683032,0.45844528000965346,-0.32414713352181335,-0.5861195739904208,0.31505294331275446,-0.9413635493564296,-0.2083880537281917,-0.5939710430039438,0.7298989424824611,0.8684552846326068,0.6698106517922013,0.6540570526255507,-0.7003406093505558,0.9509280920046645,-0.04448230103553197,-0.8132731521468566,0.6849547356596042,-0.3240645443340666,0.2635324102681087,-0.16078550495396282,-0.32513205351144614,-0.5269973492106055,-0.90022454824602,0.590714087842275,-0.5494244298199502,0.9606019484620996,0.911875977407165,-0.27619292616076496,-0.4440991848615907,-0.5574299304930586,-0.7976416410797251,-0.3598308582068559,0.008740827730788103,0.4051416220018851,-0.9446709931581041,0.10524127332038291,-0.7960566670917228,-0.7167741405715848,-0.24561227130677432,-0.2788404517799692,-0.8149543745313852,-0.37983978643231664,0.03903018297505678,0.29677106620784155,-0.4640199781756307,-0.27455407372952734,0.9301766280884491,0.5631496163873604,-0.5497020694979229,-0.4886512790838169,0.26625005757841635,0.9707842822398001,0.7344951010068761,-0.27849128081096364,0.4332198005246972,0.45259843347311324,0.9011942787536042,-0.2229798009939794,0.48577925991377713,0.28566573800648154,-0.8826912924992962,0.004009024881584056,0.5255540705562365,0.8297147094876398,-0.9574869254165199,-0.5727822308364163,-0.9956187442701712,-0.2493954602250792,-0.30388577125727245,0.20009378377052833,0.09509457545456446,0.2079982013548285,-0.18806453430459724,-0.9683536910552637,0.18766980040209247,0.7032873703033318,0.5312739811697549,-0.9353125027352951,0.9380714348486912,-0.760031358612473,0.9662496409263821,0.15673863776010677,-0.676967048795776,0.6295101032198454,-0.07704632769286057,0.2679953031885547,0.6048269572987914,-0.4388725548797596,-0.8117124604374599,-0.21709511209274823,-0.6810201456863196,-0.709265713786492,0.27474668484146725,0.030404964496113962,0.8918275726403917,0.9832081078928574,0.46673711544417706,0.3477365438831248,-0.30844665430522045,0.07586254000307369,0.48694485232821627,0.2729167276337514,0.6632491761242989,0.2779688909506357,0.5691678666593758,-0.6706646232283413,-0.7156343327721524,-0.9930091163949459,0.6906329835926772,0.8914012842731136,0.958159155937609,-0.8393344597553258,-0.9402473296462766,-0.5452630462727912,0.5659895490650246,-0.3212810571866864,-0.4313893245475531,-0.246810588954679,-0.4092915492000082,-0.4949571893890181,0.5703898987569838,0.4451645458314344,0.4213894286824893,0.49242169363819577,-0.7700047688748239,0.8137580690092345,0.8712132787382496,0.8753242089664075,-0.3257684675174526,-0.8711469789798796,-0.40681379492092207,0.16093621206585929,-0.2897392956118945,0.9143832856406684,0.9218842990833989,-0.9005189814396601,0.256258869427622,0.795466706431873,0.9601256314892936,0.4377982554247408,-0.29981614194795303,-0.05905812686980716,0.947764148043621,-0.1505493534911979,0.8347788192969059,-0.7295376388512482,-0.10184304881203943,-0.7220038087144038,-0.491587546421163,-0.1743374075116535,-0.8143279546794131,0.9078697976965453,0.22040042318112674,0.1309856104956244,0.8808237337989566,-0.47785827035603523,-0.886626964137295,0.043033422774489516,-0.4717671765421969,-0.13878751300254288,-0.405744933456883,-0.9175901837517535,0.6720780014710204,-0.1633150427634924,-0.12061947143671459,-0.7753085271718456
-0.8815028550572355,-0.14421598594257046,-0.6651829306265624,-0.2739891831606671,-0.3287477594166974,0.8161326485240328,-0.5956923118123119,0.3168381762543513,-0.6235848925321432,0.4860054268435585,-0.09978648392466383,-0.6270496250099664,-0.6265810646714332,-0.9436701996999859,0.1519952766065007,-0.4016627084299156,-0.8614723013075225,-0.2600474466993892,0.3579347138342297,-0.807570734793428,-0.5053516927739214,0.9556153334547735,0.22811852449435222,-0.29800933940173424,0.09872959953787963,0.10893491155986812,0.10741906037347815,-0.10877729672300496,0.22712961143502652,-0.5774264819153767,0.6956477703300195,0.4857898266032834,0.23687405333793765,0.8076105282205763,-0.9473995751017275,0.8343123191530872,0.5264931900694008,0.9040369174358158,-0.6727312534845935,0.1700854364526987,0.30344715209244355,0.9512017571024558,-0.13186603855754098,-0.7818230221179434,0.6243728855387394,0.5628823018183959,0.8850771245772777,-0.4302166493763979,-0.44444722353141564,-0.18241356556537647,0.8848719894881791,-0.04098107850516297,-0.4805730214188053,0.11000752175741813,-0.2887947204349264,-0.6608538131282649,0.7979220606049533,0.11016118916099349,0.843389024630063,-0.8840625026124884,0.3610004347228759,0.29754240612583116,0.9974737448349451,0.8852699146524481,-0.5043733299628739,0.9683996264364445,0.9298983003734433,0.16069824345090034,-0.6895145422789133,-0.06298582430501432,-0.9687726664449268,0.16024599341975843,0.7682878251467908,0.029282933949376533,-0.7603879569726475,-0.711491249189272,-0.31129736261601715,-0.3301063811077183,0.6653678135137024,-0.4982314223286921,0.057425360026720274,0.7166434996296223,-0.35533155972543184,-0.33287387876279273,-0.9775866829437776,-0.6286843577201524,0.8509984563675332,0.7380480576306885,0.08300883712221263,-0.18118829522509072,0.6657616580191126,-0.764358438004217,0.5251065785366626,-0.7556302568152558,0.6784272128760536,0.5833112277744354,0.05819319241230736,0.5579045168889951,-0.6286472748207543,0.7124994725757501,0.618642830919174,0.5427412092633592,0.7635311937735358,0.7004019746313905,-0.3222754270618897,-0.9697742168492292,-0.13387235270461106,-0.5613724158769902,-0.9700602630681963,0.34148835452299675,-0.5500395475051485,-0.8938360478431431,0.12402483673776898,0.05458824767931025,-0.9628788813262663,0.4752440218741576,0.27469325773054876,-0.07216334653276668,-0.19630408894314288,-0.7153591707937015,0.377261204585271,-0.8696659120667656,0.7301317400737213,-0.7539617905847038,-0.9652442883196211,-0.9745961599856845,-0.020785661322612947,-0.7969006213748528,-0.08360315807158059,0.2037535809575841,0.9565392357861398,-0.41352523905700056,0.8225969487356437,-0.38692926841453157,0.8724135116735778,-0.4453069564029737,0.6993240481092549,0.18219531988650295,0.9766683875675586,-0.7672860936876029,-0.38118932772824654,0.01966943524178677,0.596962860733091,-0.05835129011780027,0.1046090221929008,-0.3896228336441043,-0.7671074156208764,0.38365532347189557,0.26747163113099437,0.4902210205940183,-0.25468305627775645,-0.009321996202906746,0.2165666716465917,0.19892750553334193,-0.07631639205021079,-0.6730019366264914,-0.24573351174508917,0.4737239093920176,-0.5468387132277357,0.4319932829717943,-0.5631198411077389,0.9265795687507259,0.895540240829616,-0.02194524174860124,-0.9142193616829044,0.35277901383821364,0.2694006057947811,-0.8423070226464404,0.33355265838343917,-0.9194198351135137,-0.18185868255049464,0.5295789736679897,0.3664742381238306,0.9512801782669043,0.8478404721083503,-0.46888099517090165,0.37045587947329106,-0.38361768139610786,-0.9578855798723838,-0.10333760980999807,0.03672673779543212,0.7118493650954443,-0.6993737526338581,0.1545991268779674,0.014029911815491625,-0.23069949730247785,0.3903395019070752,-0.8283008241513297,0.26613020522203157,-0.13709147224734242,0.8652146958443887,0.62069953562285,0.2545345736555542,0.16602628086916127,-0.0584174872571257,-0.9851323193290467,0.36141632896700715,-0.6278289278492628,-0.5245132531559471,0.49870539069645115
-0.11712683364223508,0.45777260752892723,-0.5699583074078489,-0.5012325266880873,-0.9094817181321599,-0.564290404766973,-0.849509559191292,0.9905997106849211,-0.6144434468859021,-0.8498582215839294,-0.31108355731535453,0.3479298871986034,0.4314939993518552,0.6095856791353187,0.4992230767240786,-0.7142220673851023,-0.7513295998367737,-0.7826941499047502,0.9976144028745619,-0.07746731666100004,0.8504030689122204,-0.6588492538754296,-0.1095315783474935,-0.48932304291034834,0.07735537710004925,0.7716521291605218,0.5002243105911603,0.46597165381624617,-0.37592831073638777,-0.43885900341247686,0.9283419448677144,0.8634804390220254,0.587003051256674,-0.16488181247083178,-0.3893621496548596,0.8054264625496248,0.9796409635841015,-0.8715778939141752,-0.8045741054648181,-0.20714547467446676,0.06758395324373057,0.18490693235581257,-0.19095007475579506,-0.5372115899113015,0.2741760868750922,-0.9623323527903229,0.09087490839029866,0.29424575750057547,0.7760214299621941,-0.4629312124312961,0.09763771585143033,-0.9093051832232562,-0.40357362408924313,0.3357915038750816,-0.05215501029636749,0.4716003536493001,0.7801505342729256,-0.19079821745272985,0.8039470975632845,-0.980452827824916,0.05903010022608224,-0.9055209623271623,0.3556494979888669,0.8879983613580817,0.7941284338910755,0.01651082461755582,0.2416419243476866,0.5021110467593803,0.3419868667402759,-0.4373966413090711,0.8960078567586351,0.6128581272900337,-0.6308335132040592,0.05371682020647173,-0.6590540791715638,-0.8687960137830912,-0.5895491054310975,0.38496311571498576,-0.9320314239337262,0.8786906571913666,0.09021542157994933,-0.5649399345502122,0.6167189990569708,0.6689975142719895,-0.8436150809838221,0.12794877879540234,0.37909485539330157,0.03255881496346458,-0.6200295768466133,0.8217977156295841,0.5262281768277914,0.17894482222401087,-0.5971547585711183,0.48885200911208426,-0.9861725821267244,-0.3212742506451127,0.2998675887168776,-0.9934295300210834,0.7961990779964392,0.04931448082796552,0.47687118097926473,-0.4456316595124292,-0.7761102817277303,-0.8381847381317462,-0.4275432156013965,-0.1751617155213394,0.16126196361961287,0.4507093649696894,-0.6048231041302587,0.3808749612252931,-0.18575569160307825,0.619780467387431,-0.593070285353221,-0.532267944129686,0.45611946992671015,0.2979507763906304,0.7761035069622462,-0.677269762223234,-0.025235506745711067,0.39118042261822805,0.11679256116248782,0.11653152220238328,-0.27244260392553654,0.7961461425951537,0.3183244851177849,-0.6291937177621774,0.37675011908789124,0.06985776497528473,-0.9316433976214542,-0.6501873569432997,-0.599804842508953,-0.026635362752383207,-0.18382193071614106,0.30332707224073796,-0.5112979337027992,-0.37818297635510323,0.8277392197545246,-0.05287826420029762,0.04220796309525743,-0.19267110506684593,-0.6909189893171179,-0.01376612022860213,0.19569574287680158,-0.9712575454700454,-0.680271634256284,0.8267071350056263,0.3714188672732621,0.06150802238005526,-0.8580891936451098,-0.32299335755654557,-0.9394358657571493,0.17532031369322798,-0.16510234056752804,0.07405363134350362,-0.652731962038789,0.021457264858484093,-0.5133062534894117,0.21916575184022435,-0.5572125076988739,0.2962387135631859,-0.34212924680549883,0.2684053863186324,-0.5534149715040961,0.5136657952597783,-0.8842734429673256,0.11231498260438988,-0.6894746874937145,0.9201555370209353,-0.6323272021539927,-0.1039231472276454,0.9099885898365458,-0.8071883429006503,-0.14860258143882676,-0.3032560460280245,0.18713026220652096,-0.509827243871463,0.5479852620027059,0.18012069935474861,0.4582422695852031,-0.5140559830304683,0.9329891618532327,-0.651330887634493,-0.12265763927410145,0.2646786317305576,0.6284391658258357,-0.17135219128231816,0.7196256023513985,-0.8290057429572875,-0.1363699018989457,0.7787775050405918,0.6629088042391791,0.5622776262826765,-0.6814180280089539,0.9867976315615445,0.6351965620371676,-0.222394369567968,0.10508114143250191,-0.8709642785910905,0.15200724124071585,-0.22856802506427343
-0.9251860082898631,-0.8306955057836993,0.407508209103715,-0.8450798265820512,-0.6991684204137367,0.774752095272073,-0.9982491842609158,-0.41029202286119393,-0.789613336445588,0.9690532220448784,0.7279457920560473,-0.9257033171174363,0.1236824572316717,0.5145627024744224,-0.7436792062972755,0.096997923350856,-0.38485877955271475,-0.34054713841238016,-0.6283610282232344,0.632557160387544,0.08907676706523149,0.9503211312913744,-0.14854298975116653,-0.8595518398337474,0.8533366206491775,0.6059686362912406,-0.7401320368384965,-0.09579565436852078,0.937723761904651,-0.9493322416618872,-0.16797028520363488,0.5161535171901448,0.22244132870443178,0.3003202332047281,-0.3363503271248631,-0.8674652024224734,-0.5196423618847272,0.1146635497959112,0.7196247217376457,-0.9015260424220033,-0.2805324677734855,-0.05096463424298925,-0.8510939970904887,-0.1742305965175701,0.0975604541749926,0.288832161118153,0.9160850776391005,-0.1695830165644574,0.862978796785548,-0.5126332539997085,-0.5068198669608335,0.4826746707305585,0.66558398859992,-0.16702846018886186,-0.8287545754582679,0.7212663219452113,-0.4552824593552123,-0.5571430572471949,-0.03629551153053834,-0.036680240713425016,-0.008065553170503836,0.04916108194279056,0.12571695652747317,0.37598466291106103,-0.4468501066485251,-0.32160220287589025,-0.5325734702646956,-0.8525788853209755,0.945918138044191,0.8576440633038565,0.026119022250032042,0.39571377920882944,-0.12037671667878147,-0.3758906641404818,0.7523525739546264,0.8079441214531158,-0.619781840464722,0.23893637786341304,0.9789515044887325,-0.924936826794627,-0.7389460016984759,-0.4660420518458739,-0.9913067641494406,-0.29718522976928585,0.6944716034820357,-0.006936257475141927,-0.8755231327503066,-0.7589153947518119,-0.04122233670932007,0.03407217820075448,0.23569767673114694,0.5789655291975198,0.17542863719748358,0.09311446417846803,-0.856751160127839,-0.20407289625668623,-0.7831468772398769,-0.9932645266870519,-0.5317052090442416,0.44153695420972716,-0.5833538656822355,-0.6763031543925406,-0.41649481650361464,-0.5544130528862006,0.584585182486894,0.9856750491177741,0.4524719261663277,-0.9381008996960489,-0.5722582714133451,-0.48907734319527374,0.25027238066142843,-0.12591343207738004,0.783868474095857,0.09784603026232852,-0.9807857347651201,0.46230210923139325,-0.362351695909775,0.7171668279189378,-0.9696406047938875,-0.17359258567245517,0.7064325228582811,0.2294375125396786,0.18717422280487317,0.8358833339906693,-0.9938377608861639,-0.00794548022802588,0.45075486222344563,0.004876661404642935,0.24929098473046452,-0.5867503184315987,-0.8398445511622583,-0.7441898342597209,-0.3920190925556628,-0.6670640308224061,-0.05810293861714988,-0.2657160373322236,-0.418137413537341,-0.282068566951468,-0.914387403935802,0.7747018179367766,-0.19293212334096133,-0.10338118129311047,-0.27022443235899263,-0.05044333187817607,0.04285440412203423,-0.5756233687013128,-0.7030771440976251,-0.8575163487711028,-0.9784891056196987,0.8131749580250105,-0.009180252706433967,0.4964302741658144,-0.9936317237583354,-0.3182374776259913,-0.8813625593267596,0.7783395847288359,0.981464450278069,-0.04231007083981164,0.04674185390881602,0.2511042321192496,0.9131979322151558,-0.4323023838430975,-0.8984132770859552,-0.19054670622006853,0.5576226715547108,0.492736256593318,0.856215929679992,0.6560959833329363,-0.18395951571160984,0.9475684136760854,0.3480920025928633,-0.8663227757812835,-0.31425492176892367,0.9668488812340263,-0.11898950668474484,-0.18825000493456678,0.6090121819513037,-0.6709523455309434,-0.41625769892902453,-0.2509494814782707,0.2016522357318189,0.40476072713540745,-0.8171941710969006,-0.8307564661897462,-0.5741556401529437,0.5182944341074462,0.7921728771749927,0.6337605921486953,0.7336177322238857,0.9502305902771633,-0.34371859642608893,-0.3352004163420632,0.5841731483033141,-0.47428549240233275,0.570619732390383,-0.23098895614453596,-0.6189242859434811,0.5496439039635697,-0.638683297963127,-0.9572051409971438
-0.6112877393444331,0.7421462912096213,0.09310083325805207,0.6257421617157348,-0.3794087378978641,0.40885952992470287,0.9052000855689442,0.17677115500354734,-0.24566668680407466,-0.8996419825146358,0.4084084746449297,0.7098867734867309,0.45178053994258804,0.37101620607547425,0.027786991987418297,0.5155968415770251,0.03505673342904836,-0.9276053564481785,-0.784040744764714,0.27884960203842857,-0.6140738961244214,0.9622569564440402,0.8753543839723827,0.0528855390088625,-0.47979790965252667,-0.7894038686437372,0.6039920261969196,-0.21931594429999945,0.8156485641562319,0.7596703356673364,0.7331576861468694,0.22493080879037364,0.731888192366297,-0.6836688420928319,0.4848289473927927,0.2146549553914059,0.7583477202358833,0.20132106015927298,0.37569261031180257,-0.4113875297390135,0.8875068566129198,-0.8596894340737553,-0.6733489768986907,0.5821604460075125,-0.45064407596538136,0.6997253106978334,-0.3529159526473451,0.662798292033765,0.21331756727144757,0.19313420400850356,0.8393907851117872,-0.049075034476238066,-0.3147231727678288,-0.22527675656017898,0.70389047045409,0.5115637117179546,-0.02977299494862584,0.8770735151997404,-0.88519766358152,0.2812700153848584,0.8823005023464185,-0.303083919782261,0.7270367522072934,0.9504127680969874,-0.11587910804463442,-0.8525977485276623,0.362021183524873,-0.7816816424591315,0.5750026710719778,-0.4303634300970496,-0.5277133971611316,-0.028636240133170343,-0.03344889053114519,-0.24070885782286822,-0.02677807798674814,-0.27745771699335475,0.16002129996460313,0.3864002621734237,-0.596545983204509,-0.7427602005077414,0.9043284823387887,-0.45738041594212486,0.20295420859799473,-0.04111998948273543,-0.06417089582137558,0.17870665224904037,-0.05669457743156325,-0.3431282523354302,-0.09689698245196032,0.9636112767200169,0.6181151737597719,-0.9397843057291897,0.2095827058812798,-0.33103429877799595,0.34003196692335935,0.8451630944495943,0.07618626512383075,0.2491590661317311,0.3754993420516006,0.8043142303547091,-0.5932447081831436,0.8515304585809318,0.05664393511782917,-0.24586457251824378,0.17601101766335758,-0.19263543827200147,-0.44233952528296583,-0.7578354293771543,0.3501820771195425,-0.22623626162254262,-0.46092766871255053,0.09180253030220276,-0.1471327566924845,0.012416371767744572,0.980334856854733,-0.21830390986019865,0.7432265580915798,0.03872438916579113,-0.042141474511964594,-0.15224732112966266,0.1296901987926944,-0.8425601871773345,0.9082355692538326,-0.7555961081500226,0.38540298103317183,-0.3528957875954277,-0.9236585237698958,0.44966725854813405,0.24644713528904738,0.21980954785553775,0.37399740936535264,0.5799072279189541,-0.4791759183039548,-0.4423251571318856,-0.08391694645142334,-0.09453730079967904,-0.27539771348004116,-0.45461125159874993,0.4526847176337472,-0.039154402006861044,-0.17607040608311042,-0.8781752496723914,-0.3319082967557774,-0.07986621816136497,0.29845924918516653,0.09921451621135535,-0.4454685314769935,-0.890373863929899,-0.3647884282448486,-0.819265531419457,0.22728644677531862,0.2219020444736859,0.8631572612010039,-0.23634042147030065,-0.9854177498931629,-0.10233200272711662,-0.663319856202873,0.11770246834498654,0.7642857436983368,-0.5432245535530729,-0.1721897941351771,0.8992813914765425,0.21862250103410097,-0.7697008300428907,0.8081182989269955,0.11965794343015834,0.29345781165478146,0.06988129757058092,-0.039382480695084654,-0.9991511122786048,0.43915856584447477,-0.2835429008394037,-0.7873760880322827,0.1514386781163215,0.34469393825657324,-0.5690148347908437,0.6053271085117808,0.25584569831703097,0.9702566314087664,-0.21262055682526038,0.8971622504569607,0.6750475855463407,0.8606579601255082,0.9996340124668053,-0.04371266526560347,0.5431328908276722,0.546395326800698,0.6198201536299828,0.628944937062679,-0.8160190021533664,0.9648470950007726,0.5554135811684664,-0.865902669448052,-0.1934895339415057,-0.18733704974672327,0.46223696231307376,0.46964268036537016,0.7016939003396012,-0.177675469666694,-0.19249132421558257
-0.535135197706061,-0.5470743065237431,0.12341759193433055,-0.5847405077350067,0.0682805943396696,-0.5164197532780368,0.8769063532036998,-0.7151728608575081,0.5987448753427653,-0.7403486176871326,0.36967922477817083,0.22994432621766814,-0.15724184657396378,-0.9455482272797562,-0.49427069123983336,-0.20698613872725669,0.618320715800786,-0.44638956238297056,-0.026977964453274828,-0.939369726512848,-0.374396246299179,-0.2117053226091996,-0.4619515990647247,0.9109199166724213,-0.5031118867229554,-0.4865851556389298,0.12629177644609557,-0.3270307438483211,-0.7936293016082641,-0.7821255825049303,-0.06984504490657728,-0.6592258207738897,0.8101086101066319,0.3042989079863474,0.6956875484624023,0.4012619730328526,0.7280737091755454,0.23148584737677447,0.79346684000883,0.8357758299660547,-0.6729598711038329,-0.9816964281034015,-0.9528648586592594,0.34822017832429975,-0.6742008205828265,-0.9624413347937104,-0.5078094622717473,-0.22935768483064067,-0.9482334660167195,0.2659690880014729,-0.20122631602531005,-0.14736730428052902,-0.1624677241046968,-0.921142562652413,0.8547737908308375,0.20221901192378455,0.7531091156375169,-0.6237125681419069,0.5712684974988005,-0.36772607068668517,0.6122937098215013,-0.9708382643819591,-0.455232264215621,0.905806647581324,0.8557040589043601,0.27452858472126773,-0.34589164683179163,0.37902202109830063,0.39038173558598177,-0.7092171987567908,-0.15369025592104224,-0.16551479732900964,0.6912120296537247,0.3033076049505743,-0.6508917438928059,-0.10186979451518585,0.834367956641763,0.9096986627865351,0.14123689745012014,0.7000413268409342,0.608655530832839,-0.5475996250059756,0.6579299469102271,-0.12822102101673272,0.682863766186715,-0.3785741194411165,-0.6906236705195419,-0.8126417465297742,-0.46449811374399586,0.5930485624146811,-0.10450510093959853,0.926311647567239,-0.8320516584192352,0.7376150164944617,0.43457588059434715,0.8892903801090604,0.7684670921457115,0.682465431561557,0.8278667884306425,0.5426597649454958,-0.8939011733031621,-0.17116394219783038,-0.8693417755679815,-0.5723885733215037,0.06926964680731951,-0.8740080202174845,0.30120728817384523,0.7563326506508248,-0.026324899677267588,-0.5085523624961679,-0.6388032192224178,-0.18411687957343648,0.6527685245954025,-0.5760992280299693,0.26907534896081753,-0.14394677624918595,0.40228026946203843,0.7949824387133704,-0.4371144856588798,0.4955370584658927,-0.7450510737567109,0.31818003654790705,-0.8768898513856307,0.5216873848335359,0.08328612566659666,0.47485475210580974,-0.17727928675768978,0.3508350427973854,-0.12881354599730388,-0.39457026608487844,-0.8964006591420457,0.7453789204656018,0.8868935677721683,0.5073481725605233,0.23530452211030028,0.4107215849409427,0.020270539793128428,0.2032302635092087,0.785224382580465,0.35929541602964177,0.6547093888215152,0.9641606541278989,-0.3206990528630167,0.6306096261832537,-0.4757019307382191,-0.6396643617324305,0.25918051175895207,0.928001609720202,-0.14044728688341546,0.6588002739167884,0.06589856249617498,0.7269977543180624,0.6122072450510425,0.2930388599981808,-0.0069876805906925465,0.9794816450950976,-0.8306848133252789,0.5172228552111926,0.5643417530857266,0.9982424006876898,-0.432549074756587,0.4232106276544958,0.5901782562299451,0.6936265092042675,-0.5102725365911094,0.5293960311608779,0.5492371774221574,-0.07360277067631116,-0.45358190509024676,-0.8235802277476982,0.7388863971119579,-0.36541621359503007,-0.251392041164596,0.7538748463343945,0.7693938161244391,-0.7228878785688193,-0.4791271976859761,0.5164243779445807,0.34323997696892183,-0.3694640730493901,-0.4611298826684367,0.4248333923715555,-0.8438402841815364,-0.8810871481669429,0.23364427720134895,0.3237445149918512,0.28936350987489656,-0.7827008203311063,0.2484720788418322,0.5645160484614806,-0.3024436120495222,0.18373911759753847,-0.5629503333691195,-0.12074178225495813,-0.3436079585790459,0.5813472420134964,-0.5359305870706834,-0.3688120166190729,-0.454256797155967,-0.38124839621930806
0.931841071901061,0.19186678204792762,-0.4994787533362912,0.7840752427864899,0.516899319406039,0.09409973049794518,0.37591077864791567,-0.49164948355017146,-0.9662700435343177,0.16891406461333136,-0.6701817396338743,0.8220289756557977,0.5083791048929744,-0.7850678477437649,-0.29015867510306825,0.8497341133330938,0.9116753559138389,0.12040179217621683,-0.5141271797553828,0.7610316552515657,-0.31546023958116276,-0.6221014025534823,-0.9460563235114179,-0.9241086357847705,0.5180121253664312,0.26803749399089005,0.527140611893687,-0.5816623576642084,-0.6276280619798715,0.24551046131638454,0.7598632631952715,-0.715623750908551,0.7872127492848766,0.3627132082626996,0.5379448489695369,-0.26461850543529497,-0.30761614532247505,0.8569259155515725,0.9853853640343846,0.6379136465142419,0.7762258724121702,-0.39693330813944927,-0.004348555632418982,-0.2308767915270047,-0.3097998986656181,0.8482255405570871,0.09273066656951023,-0.5607196266308248,0.968411666307821,-0.5411269129172207,-0.5141039400940783,0.16090270538449158,-0.42142948199032504,-0.8567196871417113,0.15670530024228535,-0.2977929252468441,0.9421851119324036,0.009168185419783592,-0.2930204158744323,-0.11016017873666883,-0.12021813495822542,0.8422611234606323,0.5704248380763624,0.058696760836838946,0.7107443066705135,0.3577059782517227,0.13173169404425722,-0.035406199394017346,0.4520842860499714,0.660732604708373,-0.5155019968152197,-0.10860437872361772,-0.6028463540655806,0.36423718711643094,-0.8576284861437307,0.20502033177695345,-0.13567044118608296,-0.2772683556204649,0.28687801343967356,0.7144141907524408,0.36082800511464375,-0.41517918699663525,0.5117444067220325,0.2700753911111673,0.4624836745519314,0.6651561923457292,0.5073695226361281,-0.31705492929955437,-0.16089008514039094,0.3386286544707682,0.3578294328814291,-0.2456220442007453,-0.0644839107462134,0.7919159711777992,0.8244012170514889,-0.10498180837324189,0.8785874923212917,0.6144665276834982,0.015148810256303546,-0.28663804351676925,-0.0960024472693346,-0.34358206311680983,0.589338415559614,0.10433305607266252,-0.9362713446538007,-0.7356848562574936,-0.028725738206485385,0.7721391168461897,0.32602189341574306,-0.7462527894132482,-0.4958336889685846,0.5862993880244496,0.17084045575873064,-0.9060082452495559,-0.07457834510695549,-0.4249409108138513,0.16202791066273559,0.2655749231413056,0.6517651864841854,0.8391885687852942,-0.4972085881231654,0.9912224932749714,-0.619713312180675,-0.664506360271077,-0.7019091651160696,0.25824123314658265,-0.4891994770661907,0.7922201272701657,-0.46216811220302145,0.3641341995844991,-0.5289459431849286,-0.7975165162361078,-0.03242738424678815,0.8178514024826837,0.30544384753916676,0.497999976167939,-0.9991674256206662,-0.8648650768268955,-0.8841509259150906,-0.6082832849425868,-0.20487239229236187,0.8195644643873452,0.2208480042387546,0.9407947756194859,-0.8559711167965174,-0.2104298678281158,0.610934922549103,-0.49465064811987336,-0.7493494168936174,-0.13288693007000907,0.9575967287811875,0.5532526818205012,-0.21538704015152366,0.32457449168407715,-0.45082650358355103,-0.8674370498804573,-0.9416182862413833,0.3887580122521488,-0.5602499343966283,-0.6340987765346824,-0.31669711440354553,-0.26666191018852436,0.9772953346521598,0.41449733115642373,0.0874160863155875,-0.7872062928423391,0.3693846747441514,0.7900870704930565,0.5022257744189365,-0.9771274678197566,-0.9896686065906988,0.4730211553909818,-0.8398922140070924,0.7315858829750335,-0.5575872335065379,-0.8188417206625653,-0.6833239944402838,0.13748057089591503,-0.9064982673612993,0.6782446049862343,-0.015416185629276269,-0.8610688327649463,0.4766910133240341,0.7525595035783956,0.4226839646061302,-0.4644157706082581,0.8988019829643317,0.09967977371496972,-0.9515981852583819,-0.40647077339340254,0.11243885542939269,0.32688407950313625,-0.8071546942320218,-0.018529457743540423,-0.5754804889752947,0.7026054857859283,-0.3986052813830254,0.67355221121736,-0.4957328142897468,-0.43845502325600827
-0.76863746288215,-0.23844048308962273,0.5814555942036992,-0.8773861165335981,-0.09155756295634676,0.28779098744537546,-0.017112226666701202,-0.09374294387752613,0.0632682276598473,0.23711733765185383,-0.8552005401903882,-0.7555024393888721,-0.7642434084511551,-0.8800739577541996,-0.6781178294670724,0.21615266837812386,0.007565403889162603,-0.48557216717416174,0.24130642130898572,0.888042104716692,0.06612726628771548,-0.9070254456041007,-0.7905350229844104,-0.8099383494839045,-0.8780934254102444,-0.3103095029682539,-0.21858773721123081,-0.07009876314226138,0.7397907626331861,-0.14287646501960105,-0.3379155019022173,0.25958905175871316,-0.09091435735902587,-0.2706795565804718,0.18513216110003383,0.7727995250414843,0.6111122329757124,-0.5501624137391874,0.2568639287526626,0.741368438724133,-0.3595999682958342,0.17814066634113845,0.45582960428815555,-0.4409896169869374,-0.021592171018331774,0.20640712942428818,-0.8337651963016757,0.9456395062912903,0.6366793898211176,0.5219026896057972,0.4322576317022504,0.16795097050637686,0.25162911739117555,0.4845690403076448,0.8831438792211219,0.0585073870771311,0.07986804420100824,0.7062102616163388,-0.37102313097961237,-0.5655753944678192,-0.9140332559042146,-0.9910821722595031,-0.368367152818903,-0.5719861061335128,-0.4708717185709326,-0.5759330388187693,-0.47252348643735664,0.6356542489613535,-0.651805489867322,0.5750533858389952,0.697315976504647,-0.9957105364880685,-0.692170435299734,0.905922245521156,-0.06277657524475622,-0.32489730027480057,-0.10665820021603234,-0.5953588513666532,0.4178042825433401,0.23212904384979915,0.6098869039209815,0.5798043416652225,-0.8212795414257361,-0.15122581704230575,0.058007138066019426,-0.31700242935615197,-0.7918059755697069,0.7075470658927783,-0.7178723242849852,0.9724154864945338,-0.5953556887403431,-0.6150818341570008,0.6183972708725636,0.013914468345850084,-0.8205372769430268,0.6030151986752905,-0.6494431796394846,-0.22342048650001,-0.5497499453252983,-0.5036071260932795,-0.9416274049269744,0.5333434031439181,-0.8941376837675337,0.8919880799752755,0.836049381766244,0.10677947004484745,0.9467404163317557,0.6273809766361973,0.9780801778694355,-0.9739766637196203,0.7780535473134316,0.031045834921020088,-0.14152331828262188,0.3892799627642993,-0.7853714053889194,0.5435453112026334,0.004235118935972393,-0.3948299094356873,0.4041753393373182,-0.5366691192973099,-0.20438447622101252,-0.3628810691622142,0.6578636434501819,-0.07114914174985398,-0.03258400966420116,-0.814488275350278,-0.7329231583293954,-0.7859647616391201,-0.190661869696791,-0.788594081986085,0.12933354870679148,0.799967364888674,0.9291083065288006,0.7020671912954375,0.7441537596862937,0.9984804006750632,0.8006017868058333,0.9483523105528815,0.8257185871519497,-0.7426090972833701,-0.3323484189474415,0.8642215791079464,-0.03201162514125566,0.656246478162013,-0.09680089183828344,-0.8546169696376475,-0.09599975101903668,-0.9868596205712115,-0.2101274649183218,-0.17919921091229374,0.28955691208159906,-0.45181495816730854,0.9841971358385078,0.6629360214939202,-0.7983002768334031,-0.05468142201941828,-0.5295413382363638,0.7497331739496702,0.6798190371820618,-0.144537291686893,0.13854337238793502,-0.6171390468508517,-0.06677290362387645,0.9540107128878232,-0.3144156907142033,-0.36498313457718634,-0.1114842157753766,-0.24033800455378795,0.16588310650882288,0.13928378582118772,0.38947281973530035,0.43489857736804294,0.622483771344948,-0.5577991801423614,0.6592552300176224,-0.2521457807952572,-0.22394152542220924,0.8010218051932201,-0.9319867905295847,0.45028802992531247,0.948329086125969,0.30162682010463215,0.31317431450517774,0.4791978572116957,-0.9397352769993428,-0.4699230838365358,0.44899524773610144,0.763690331802289,-0.2941240860151795,0.2929631615616086,-0.8764501410888836,-0.12020913070407846,0.2921849162983592,-0.8466476447709359,0.28826740377534676,0.5352676823376996,0.24197001173974564,0.8919625040885677,0.45679009955270633,0.26234043743349034
-0.554999751734234,-0.5528065702623941,0.30100018243427185,-0.024671809213063334,-0.01738269402165371,-0.32642223361533707,0.18202187744623255,-0.8493962481317185,-0.8170702850610316,0.2772660399153992,0.2848836572265838,0.9533325538806157,-0.3108606832221428,0.3694499228737178,0.7169767205407904,-0.5397921382732449,0.5555498526263931,0.5471248670102848,-0.8167478234537502,-0.7485902916778748,0.5135248003612316,0.3667575838613357,0.1593290371222169,0.9445970938900834,0.8030314709889301,-0.9653828824399608,-0.6296318389841651,0.47022065168534555,0.017710657225391113,-0.3581740301901173,0.3911812861142441,-0.18274007145158566,-0.8928609242791024,0.6566788076098351,0.8171519516857442,-0.9465757463815747,0.8602455642176847,0.07029312935449306,-0.29728172806431963,-0.8323056453629669,0.04395062052407073,-0.47388278050634836,-0.5999303568286964,0.631349601856267,-0.5903345881788096,-0.5006427716950832,-0.12976282049046883,-0.8775265262665812,0.9924964596751835,0.044602848571157594,-0.11414810097901329,0.25799165545610525,0.5144267822199289,0.8422217853192617,-0.43125098217663504,-0.7100535438240558,0.8042173490119273,-0.4788220063731681,0.40766399241096307,-0.07247043568431688,-0.7115086750039714,0.6014753660079941,-0.01845424256936501,-0.4195391648797224,-0.9588187691981471,-0.18584788909480654,-0.0004476114895746175,-0.7390340625836629,0.28056083919165364,-0.7198819608861307,0.05653509849692684,0.45873569401852854,0.044983677313009895,-0.9516380786294474,0.43846611603901287,0.2767852719463124,0.16740226519905743,-0.3288014217578179,-0.15875052404377454,-0.662418267724652,0.4191139726226363,-0.9189706957863581,-0.37566150205657833,-0.4703736375836507,0.5792442285174879,-0.24474583357787538,-0.12384382669960581,0.8115581602712358,-0.5535100981283465,0.7231025237539637,-0.6255086312052762,0.042419882061736525,-0.7387309570550327,0.537095456585194,0.6827640169918543,0.8230721721792915,-0.2133017929970713,-0.19514587189345067,-0.46809490014582367,-0.48778924647778266,-0.7914282884765185,-0.11535209454998863,0.7342718950254523,-0.4953806063348791,0.8400562403695611,-0.0647771891157991,-0.3178480459000712,-0.635790141675161,0.5383141805091101,-0.39329783021009845,0.6896073015161854,-0.19777121370965323,0.5965537180166316,0.8801607752224978,-0.770352133926401,0.18543650475113016,-0.8669380474587649,-0.2585866738535425,-0.07725006186497052,-0.5049263779585547,0.3753480711139794,-0.7128345574590116,0.10674775089430844,-0.3445918968237851,0.28479383072671327,-0.941669617419056,0.25235919407025253,-0.345819324149115,0.2512322518677832,-0.29110585442816217,0.7692261701765815,-0.4803672927178402,-0.3349493785317834,0.05309179358180294,-0.9129178898826817,-0.1680250701381727,-0.37519354321537146,-0.08074300709877824,-0.4037658555055963,-0.5483102568145981,0.332980055357891,-0.7621134343922071,-0.08772578186232294,-0.9070745930760835,0.07154976983405592,-0.530253899149483,-0.2997049747906977,-0.42769873826714955,-0.6470789665400152,0.834619818235786,0.5626594592265461,0.8403318264502506,-0.27538426031473673,-0.42612472435669324,0.9069456577818666,0.5139074406189048,0.07350205061878134,-0.226196723093816,-0.9690682342147905,-0.6220032441622314,-0.27082176794222446,-0.5033630980668007,-0.7842324154495772,-0.1521647468184355,0.6594447099096521,-0.37719354916536907,-0.7867352544157016,-0.4759046271636125,-0.7935968988429054,0.5312668469354542,0.31157238944193155,-0.9347939691823277,-0.8003659949764437,0.34716565573030245,-0.07504789733337791,-0.5552249913189937,0.28175855667078853,0.3610271049556,-0.8410022612012109,-0.66116068022975,0.1539495364791863,0.6387170352380698,-0.5294042983553637,0.6100104348865516,0.03955494240523705,-0.43653828561226415,0.9664933218831133,0.4200619013338416,0.3484011903263933,-0.7306627711849574,-0.05034825096300333,-0.7290745394432132,-0.11511626869967051,-0.020324383716172623,-0.7897795451502823,-0.35661978445684794,0.29434939476701305,0.9911956688478485,-0.6107291157903776,0.6676023245092366
-0.9910105193694729,0.18128720069097604,0.3622972436382348,-0.4364318360178021,-0.025093234033556566,0.82010733997564,-0.4951841978131366,0.8242902834141383,-0.9960166267004857,-0.6154017742157607,0.5866640627699218,0.941629139750459,0.5133705964365594,0.19020254513061818,-0.6800518011067163,0.13234997742196009,-0.9105515649584872,-0.19528783468269184,0.6562345340384956,0.2100437673586497,0.5276886133709751,-0.34841429358946585,0.49769977175319013,-0.9341269261456562,0.3890700871504107,-0.509789743057139,-0.15843620521083324,-0.356095550555767,0.6428543540234326,0.2799109566060569,0.11019470472135429,0.9323443938716576,0.0493582042195706,0.8575955058425708,-0.5239944823065941,0.757139539492631,-0.35950655609694926,-0.6431607754425455,-0.17189092868941924,0.9750955702867878,0.10884714138730778,-0.26988834769108316,0.08749970832056642,0.33825479252380775,-0.7597513964324014,0.051361408358889804,0.10342250036385003,-0.9729832707803421,0.39800726245982787,-0.9998983591726105,-0.33564043152716505,-0.6097657016506104,0.07615892818236847,0.09230929571502977,-0.20541377566357388,0.04778317713981073,-0.0418753232117175,-0.6794947268668321,0.44911908590267524,0.6940268371568328,-0.6908319137824162,0.8167010509335879,0.997127953032154,-0.979838155890951,-0.8589587500480693,0.9700922050879002,0.08478659484566986,0.7992670500813925,-0.15179642183924846,0.47587967172347456,0.879075812791329,-0.5898630041912343,0.4152081249701598,-0.065245950542961,0.8895221300056302,-0.21682446945704625,-0.7743031178969455,-0.46177202360191316,-0.30320598406761157,0.9557516678693927,-0.864476591713145,0.15687248099050288,0.12261286466582288,-0.10931840535091775,0.6767815020471541,0.357929645400769,-0.7462230257042799,0.46770851513878986,0.23930105065037788,-0.6666735137727755,0.6428939207574005,0.18870480817934188,0.6977680894956841,0.8643310093087548,0.3244082563907815,-0.18220096503704752,-0.33573482129070653,0.5378217228051134,-0.5245778216965289,0.16750389587125003,0.4069773686233966,-0.21911440491328915,0.11889153097012484,0.5427171572395146,0.27358954876713404,0.08121713231992156,0.2897306331248388,-0.4613389281069393,-0.35239038838226455,0.2180138392514972,-0.8939671276602879,-0.7184088413231311,0.5477323196302983,-0.5405979761459541,-0.5204816407046235,-0.27351472006469124,0.048946909668328376,-0.30312419748992836,0.6904656584018904,-0.7029823080863327,0.030918443939968343,-0.5578689685084735,-0.199995373863062,-0.5689054333025314,0.03128005290092828,0.21795870508918425,0.7749714320104666,-0.8367107113806604,0.19974014202869572,-0.2997105073753077,0.9200505451898322,0.11017539334669313,-0.26864297378128277,-0.9628984377056289,0.27249053343514307,0.17403817786844145,-0.8274145830888469,0.43915001429895373,0.20290284856025975,0.5159944602414817,0.9614142744167642,0.7504933130221512,0.7165626261208393,0.8699818642395922,-0.4046878060030301,-0.14280796843743038,0.13260381412127797,0.2544345357811595,-0.6863474003660277,-0.9157036515012045,-0.07159694141449813,0.5614978658622507,0.01604665242342329,0.3644584228187129,0.3794465675335934,-0.45032295095475505,0.7016191521772617,0.8442754826159771,-0.8382455734969059,-0.8579339003201671,0.9047613086696833,0.9168006497769015,-0.05358809789516972,-0.6765262557070988,-0.44087458644528565,0.566404111923055,-0.3982968846554442,0.4773530734128659,-0.4591006251140717,-0.48507295484950186,0.6833347386734405,0.1526340226642786,-0.6513794448839394,-0.6323020226861964,0.8226317134478816,0.033520310672494835,-0.20433578868814273,0.4700383624444313,0.6805822256523177,0.9601017219613721,-0.0135008445861029,-0.6292015912042515,-0.957186895188197,-0.8883904880665603,0.2754692086875903,-0.9549919015840769,-0.08633753952136769,-0.9586738634059793,0.13969020401600662,-0.004524241608014901,0.7281269760477751,0.9288440758391276,0.3151920238790691,0.9886644977599417,-0.1072730970157667,0.3712253890463617,0.31519162517238963,0.23381535900902217,-0.33964828634495436,0.9889162006867078
0.8092815830930997,0.5187709983231319,0.7464868372129299,-0.15666364878090944,-0.9510173990994311,0.3751422546392744,-0.4629297938295094,0.6359022647111441,0.4578382374832439,-0.9971277251252302,-0.3210790649866797,0.3066236013490846,-0.7775608580155122,0.5607945503453,-0.23963956747667603,-0.6953094709933025,0.40743744652320046,-0.41320556967440436,0.2910432365719202,0.3671342326021674,0.5694441271349246,0.3567679380948945,-0.990662423738544,0.9461865411878159,-0.3100925219641746,0.14430517990319625,-0.9204273761340012,0.7925493069123708,-0.10305494212884536,-0.7220391436179694,0.38882247014813265,0.5622031155969165,-0.8987653013841297,0.877504667036825,0.6176374995972964,-0.05392389462745251,-0.030818031764929588,-0.6813287461156017,-0.4254722664854207,-0.041591130429540435,-0.4223097494530885,-0.22732238109683944,0.9052914514825594,0.9141042538636979,0.8878507567375458,0.06285153646208519,-0.3333988422234484,-0.7359376598989495,0.07319476609257802,-0.9407693751942781,0.2359450771583682,0.7173090246975875,0.348643080246247,-0.9260928822142367,0.3815862958062173,-0.16486166045299377,-0.46593070565247374,-0.07959268529125252,0.25510763779761514,0.34969096005710565,0.009780019735678769,0.6399440208696805,0.7787538286281834,-0.7307706617480505,0.3559138946828526,-0.6862223566359915,-0.9691798937912057,0.5619710664144753,0.12734257395167403,0.7512651137149975,-0.08662506566655082,-0.5704029204832424,0.5543120924551923,-0.1345570684573678,0.11053229532589182,0.3049591146544621,-0.6255307654922964,0.002500144376952118,-0.0396506729998245,-0.31155547562912433,-0.10135128557801765,0.4553358459059882,-0.30590881200459075,-0.3362738116245996,-0.17275717023836434,-0.3524530985842933,-0.23165233616826852,0.08121292829647286,-0.9510598968756523,0.9129788492053552,0.5244099704103946,-0.465253353331069,0.935483656837999,-0.046093336863171075,-0.6643924168073747,-0.1982873035985253,0.7495847191395106,0.0203004549887007,-0.7768664475654947,-0.9100757829655428,-0.8924984607733459,-0.31319099139644746,-0.47761268309936766,0.28214881218998533,-0.31885618197158205,-0.5013477021654136,-0.42857164971941986,0.2434082107203488,-0.30175602233064835,0.1699304471240235,0.2708696071308432,0.9515532927024908,-0.42768759596604355,-0.08975733807604036,-0.42671078714341504,-0.7634695963645883,0.39829946028244834,-0.25624476320704326,-0.34211855133833846,0.49037866869027735,-0.5759835874266792,-0.6083487200381983,-0.9192561592549202,0.20671541854013364,-0.33027343975365286,-0.7881914399154477,-0.8686566722009288,-0.7911040545919823,-0.21219695138436045,-0.7587480217542719,0.06963404484000968,-0.11825154937050963,0.7493713552351584,0.30991023207963186,-0.3034882943974089,0.12769598185135322,-0.6729359302198237,0.1497329104615892,0.8784143940090006,0.33034287677634566,-0.507698090605395,0.8620956487608977,-0.6964798824666298,-0.8468860743046001,0.3354664387486057,-0.07947077084860621,0.9235756380917619,-0.07596373977064119,-0.8257569509598535,0.03960466393543305,0.7215073869816147,0.4276566608778185,-0.2451436751859406,0.39427245831153157,-0.07843258538079168,0.8816681626129663,-0.6126463505771944,-0.8967960502233843,-0.471981070257665,0.2474404718293508,-0.994949059693987,0.1862546133960412,-0.336318543499488,-0.6894991630540892,-0.8012768030945912,-0.48341251576913,0.3689035388175532,0.14688369288525904,-0.4573918212901231,-0.4942128807482671,0.20891405948242503,0.9385737722496019,-0.3884669277735109,-0.04007547512001297,0.39448495132467976,0.03355891307016434,0.1646059485112803,0.4306584224945884,-0.16417616484320696,-0.21807532561043907,0.4746176464957206,0.40122206393654447,0.052888641734457176,-0.03897165052334217,-0.08118795777709309,-0.3857447658839599,0.45434917981013645,0.04701144507369892,-0.8884730556656886,-0.4141712309561396,-0.8374110342649339,0.2366232486703932,0.2689589011381146,-0.6748720895404519,-0.8653119816603079,0.3885018296096485,0.6744551146683853,0.47211059982002657,0.2803871749062199,-0.9446040859886873
-0.35742813060111334,0.3265033522961518,-0.7316707075710858,-0.16015793353561025,-0.258981252930236,0.39382548400603756,-0.019815813017014294,-0.8757664540418735,0.8133630101117097,0.9899662554234094,0.06304894018918072,0.8590089872776423,0.8528747757674848,0.2423425371550354,0.07550462726529816,0.9370525023704479,-0.11634983981461655,0.14645128430421184,-0.25134047023535744,0.7419361746307434,-0.8118561559858388,-0.6588600215947547,0.0317006571660563,-0.5457027698346526,-0.008004538440270714,-0.516456880405221,0.7336406291977249,-0.7816087338135842,0.040432955249007696,0.37957392993225736,-0.3028930488002122,0.8374979839779326,-0.781773728563647,0.4731542056194322,0.5298469922478382,0.9781044313559142,-0.3444355937391368,0.4336056585971715,-0.5963585350447735,0.6218132878807245,0.3860728817631598,-0.8884110008981676,0.4982883808184373,-0.42204969603525355,-0.36149049048580184,-0.0001156318551192026,0.834126503789786,0.5317129847885627,0.9876335736980923,0.6219212517060713,-0.06954097345484667,0.5429261655757023,-0.3341146245198836,0.8208017465964745,-0.43401227001951326,-0.7488797081362586,0.6432356746741317,-0.5976764986843219,-0.008369226741283375,-0.8905797428807831,-0.5889314994270483,-0.07065616165942945,0.26789697859847195,0.9136462216570531,-0.7405774515172319,0.4872204970459231,-0.9110565638200787,-0.23932170863630597,0.562350565661818,0.7063203228204775,-0.2242597008881555,0.660830755483371,-0.4524116783166099,-0.5847445833707605,0.3594469489919949,-0.9958803924700936,0.29910540580393197,0.9328711910035363,0.4946205522918925,0.9409939342755194,-0.5838800930136687,0.44912210653186246,-0.20384122017425144,-0.8523269338853636,-0.1930772716057656,-0.6415435732540735,0.6093848727238582,0.3279393902809413,-0.00936056617305514,0.6230611528613454,-0.3384517110772789,-0.8107242381574717,0.44218706670488706,0.7517054094097317,-0.4620322335062985,0.2796576910700592,0.45505704325084473,0.8942171238512384,0.7089259307457292,-0.8093612868361528,-0.7385871164557221,-0.6040177245654226,-0.2373465311081926,0.014673879233835008,-0.9128863027209342,0.4604431650704328,0.5885685035453423,-0.37601958906673993,-0.2726723377485243,-0.2230800531612116,0.267001120502109,0.5023295304434241,0.6438929546240346,0.9833840317400582,-0.3323969500168453,0.3102759640005641,-0.6924697179012567,-0.6630854717423036,-0.928937034434345,-0.36088655996917796,0.4485516240120482,-0.27961175437619645,0.6265396013347131,-0.5256866060874092,0.5276866764665589,0.7897395205029698,0.922396721183123,0.9868250224841626,0.22561542715138638,-0.9914641787656842,-0.26885819947685086,0.061653657447406696,0.20863104068047655,-0.05345834249570092,0.6912842487478144,-0.6697391838383502,-0.46408443076158057,0.013162188109975048,-0.928478483080722,-0.2519051221187423,0.12481768123371317,0.8051556047828381,0.9852797190044575,-0.5490688797990366,-0.33106266906882653,0.9000452661173044,-0.1963097864410086,0.01823777512661584,0.18013227812669763,-0.8733869712678215,0.5402749799764224,0.11308789641611394,0.7659198077007474,0.22504853552326254,0.5558212166839829,-0.40582378909178196,0.5804150758616404,0.1596974217973075,-0.9153138094574882,0.7484602085536136,0.43314154981929986,-0.023337830432666573,0.9180118472650749,0.6512298712657916,0.6818205148345056,0.8148795146439305,-0.9934042027466088,0.24749579986323456,0.4687762106873492,-0.7484528212836978,0.2593268213914872,-0.9980616632401191,0.34759243263215445,-0.9799181624653621,-0.4962628266818634,0.7689584927115323,-0.2594587053920887,-0.7948202273997549,0.6146097230111944,-0.9689613084026065,-0.17525139928746714,0.6775480120134112,-0.30598007467733046,-0.35351743525529833,0.19050648458792252,0.22389105906834006,0.9328038654864006,-0.922175576604519,-0.20455148334689865,0.06981480022240039,-0.20619058806424317,0.18149980152900613,0.7306924430895436,0.49745276140796424,0.42514702876015775,-0.6723900407261312,-0.6615197615403949,-0.6366369270960859,-0.4958850705589193,-0.963713853638493
-0.20140722037734937,0.3804010311376138,0.1483076081430672,0.7348070597228182,0.6532319848177732,0.7051531011418104,-0.06133558097291192,0.6916068956364705,0.47797642421340747,-0.507501760396339,0.5176003611412607,-0.32023755324281455,-0.8429319596026219,0.3433108895565544,0.6058287783102796,0.6902632013145364,0.9640894341281132,-0.706030162671818,-0.9011762294782295,0.6726757310924867,0.09517408010207995,-0.7823784927490884,0.6314557216229144,-0.5674042380196576,0.10754544155534473,0.3586518296040453,0.8323602672197272,0.5205089169832215,-0.4608619808855823,0.43154446440136884,-0.736796965658433,-0.42487047717135185,-0.3402294919200757,-0.727270645713171,-0.47750442120070047,0.18924083048402496,-0.6583810405843895,-0.5202840563303335,-0.7026730443322551,0.38269317346067666,0.5479953393706509,-0.8885486123699564,-0.9455412760897068,-0.6186371426371813,-0.1048195432659027,0.8764904529393174,-0.6574008681688728,0.31858801353095223,-0.6777684947139442,0.32458559029988976,-0.33417838720423143,0.2813873825378961,0.6723501009986919,0.1343489452583002,0.4282927652004611,-0.533329690461597,-0.5394932365576546,-0.6764017849539805,-0.3545717601004632,-0.2387351823363575,0.2724357238558093,-0.03061220053700442,-0.17831131542036838,0.17676641465243326,0.7885424753504169,0.3926659750855801,-0.4504071264282057,0.47050546837139695,0.5996913816906622,-0.4282465866803442,0.7992245520297239,0.07471155753161907,0.9330246433354241,0.720848181785362,0.7364009388432937,-0.08325598269668877,0.8678806329205795,-0.5689382348065981,-0.8617704524829233,-0.44985795015877317,0.10365419371752727,-0.9994661414334376,-0.07012791872407087,0.19482962867250708,-0.21577770641470195,0.7922458787246056,-0.5250361654651501,-0.890500111447867,-0.029691175395036407,-0.6246230913714004,-0.7560381036800004,0.9392253508323256,-0.1538561214524059,0.6790284473305004,-0.6722678777367352,-0.8622798399644624,0.4917736788469633,0.8282996979462951,-0.6043863083523264,-0.6259620698139072,-0.7088397399860782,-0.3574976949147568,0.19643538696334994,0.09042333919091372,-0.05861264902810026,-0.0990542193508468,-0.09023387438830066,0.0877827514154026,0.482489275668633,0.382418413471056,-0.6115101136811896,0.004900562110539575,-0.8719442296123023,-0.13564662387704018,0.1880158060785968,-0.6684922995258391,0.9832209521623627,0.8922865469765451,0.7082889262301835,-0.6064133268290186,0.4414409516210571,-0.8345709711782867,0.0002053966941037988,0.8556029696081806,-0.6467964839656568,-0.6733216461916178,-0.3242972999604412,0.9887827936999194,-0.23043615900653758,-0.029309217905499674,-0.9451870505301516,0.1618053743511063,0.41076371507746323,0.8387417344269115,0.6363962866586648,-0.9152661729239369,0.4381868047630655,-0.8082095384795798,-0.4441991105780849,-0.8511795524989065,-0.3770010718942607,0.8488840633690724,-0.6289501400252737,0.9746955209202481,-0.49671995921474177,-0.2606379928012119,-0.11444953567756788,-0.9474344622730901,0.3306845698378129,0.29004647683053775,-0.5589678499805624,0.4124643985434526,0.8101109545600871,0.3946783489601813,-0.3030945504515532,-0.4409161744269259,0.8177551501433271,0.3882756079051195,0.22721544938634852,-0.6216566682366151,0.28544586829029583,-0.08183867814638268,-0.7741261072097032,0.8462895780317603,0.7181356451214254,0.10563347963987724,0.6249168772609166,0.7696777422604211,0.7276712988956253,-0.5855542314696367,0.04457559357255381,0.016928712188192918,0.8865472910182259,-0.2695779534017477,0.24827678620348137,0.46273000397750774,0.6132585991356607,0.2188192460184053,-0.31930912670032363,0.5248890523950656,0.15861154554795776,0.48916271728228344,-0.3194446331055043,-0.03556358275698912,0.14076491215178133,-0.8816081805710958,0.3986277578964763,-0.6296690352951939,0.617243065075985,-0.04600032971634738,-0.5500099631860258,0.482115383418541,0.3618136225802946,-0.9719824641096981,-0.0358923076915969,0.11911750467674054,0.7479530109238834,-0.8599225795633603,-0.12853667731576568,0.6267751053497301
0.005910647299937732,-0.4040459484783465,0.3625426807460306,-0.429742746556127,0.43819105073968223,0.5064602397394402,-0.6636247524149039,0.23954306688866134,-0.46224560517501434,-0.5007749387629861,-0.26653410562664903,0.2926435378316592,0.7388780022123116,-0.917320421993751,0.2760500724778694,-0.23802091819977522,-0.7272428026114135,0.6767605116873876,-0.08385108643111017,0.8774292597848219,0.8703433075634919,-0.9986484833616038,-0.6545750300148176,0.6375231017200287,0.35497492079692194,-0.2620345681481244,0.6035285239687562,0.33598233322486837,-0.47163662474884727,0.25180071746265065,0.591963441827462,0.49199074011959354,-0.8758000598526223,0.5008687954283866,-0.26408688194920726,0.4777286560904932,-0.6441213391222995,-0.3934370431533951,-0.856586349862297,-0.15435851127335876,-0.18368586233708784,-0.15823820387801946,0.28970604400933264,-0.9476594956822435,0.2947260876535609,0.13920873146361212,-0.4693837024321448,-0.9012913891826797,-0.373848727815983,-0.19540731158529012,-0.03225444204505412,-0.5032896518650807,-0.15140836206831731,-0.4667270307164588,0.682735030190069,0.684779417003335,-0.3501816278736447,-0.6027901473877895,0.4302964233738591,-0.9530757303509791,-0.3596649129591247,0.700691844917372,0.46500666774691757,-0.7195352617156898,-0.18404830047604892,-0.8656951443116099,0.9770894530513254,-0.40325689511781104,-0.8826851443128501,0.3315024212849691,0.7894355184007014,0.5328809022140615,0.6647306562625352,-0.0430887777925173,-0.3095400013125371,0.7792605287116756,0.4225205371751113,-0.6198715896177145,-0.7604745023994053,0.21739332474706408,-0.329701428475645,0.6866239448767886,-0.1774761895314383,-0.5050831936218518,0.8207011525357168,0.2381921397698623,0.7865078708105715,-0.2696871572618158,0.4532130355844812,0.8963889044229656,0.49488036315954176,-0.627329764313507,0.9827936494864664,-0.673133704995698,0.7198194976349614,-0.19629677719421323,0.17292544907653085,-0.4365494185980052,0.09804720377240095,-0.8765232945253578,-0.12336580976060474,0.25213774543977463,-0.23732822700631995,-0.4363797729711876,0.012525832855362795,0.25451064015132485,0.7382056151741205,-0.925972410042879,0.9653291204429493,0.47410374924408316,-0.07959414237438556,-0.8413370887258502,-0.920413706723797,-0.8616290281241759,-0.926675914091817,-0.7295861051332124,0.9990850812093861,0.9398609890042775,0.04742276327866346,-0.9814632628572062,-0.21654235413668754,0.2803394540743691,0.884889306557838,-0.7904298586775294,0.4777817354987144,-0.035267154762291586,0.4329156366946112,0.30582334130625943,-0.9489628630956182,-0.48764594518881155,-0.8608464624490435,-0.8907102546409669,0.9378899451981888,0.4461939791102678,-0.12135748312550043,0.3972639917186276,0.37542708324471685,0.46393075346877666,0.6112047924613702,0.8350308771433765,-0.6540234685064488,-0.9384660678620746,0.13688021303637976,-0.5839978007037003,0.4258825325610893,-0.1715032266205072,-0.8868031816456285,-0.470199717795871,-0.7398164708408039,-0.8820074281331838,-0.9197982002609211,0.694817189492243,0.3701158906186284,-0.5861114252352733,-0.9415569037092513,-0.30396817072528015,0.5716922880609756,-0.5659463094448354,-0.2711353193530439,0.04438757171577179,-0.08858127072998512,-0.367005183713186,-0.22592505193864976,-0.9691615436856975,-0.13869433932196795,0.9333321125784155,-0.2845530264454732,-0.7684751411188595,-0.7679685761797581,0.04477306049979002,-0.30887372885296593,-0.8560525874475944,-0.19372458724648411,0.13361539469928285,-0.7591189702475836,0.438753815466018,0.8626639464173835,-0.05174203139915434,0.3705988847625492,-0.8699196973031558,0.5568741445293142,0.07976610047044508,-0.7702834441554913,0.9292297562204885,-0.7556706649440259,-0.841454626512302,0.4187056784991334,-0.6516680886593476,0.44981566773179993,0.6921387031110364,-0.4878908066778467,0.5028095002440347,0.23267364789259526,-0.4735106809159775,-0.928477206932208,-0.789923002613232,0.7140147599855298,0.9269700992944325,-0.9791649336844079,-0.49048982629511895
0.39502399970986923,-0.0021850289884968177,0.8940956639885449,-0.30447403765542913,-0.7570273451602698,0.39753097349454913,-0.0064444810141881526,-0.0014743969337802643,-0.8512365194128066,-0.7087487428352794,-0.12257684551132408,-0.3561845908513299,-0.9363175251224596,0.2959018347926916,-0.3876354050505031,0.6273688036890079,0.49523017073868636,-0.3987177472352197,-0.9599983610392571,0.0351208960556344,0.43842106746389353,-0.9310352394031081,0.2194194559531477,0.34850662340195404,-0.7433422607540938,0.5315027824827514,-0.5395280597721597,-0.5304210125280995,-0.9220476880798572,0.3443057837327488,0.8455113907259437,0.16463984154735867,0.3097761364743217,0.15018482860255244,0.5642792295570964,0.6663013826526345,0.18156194661708525,-0.8032254585039795,0.5460847125229249,0.6746626983417583,0.5451855817276479,-0.9485194264153032,0.19016320424015842,0.36601466693086726,-0.771472541023182,0.6692748623914913,0.7228628937055548,-0.09665972081582419,0.4145847426443774,0.9878809718986654,0.1744626780706251,0.32353136987694264,0.6906113742657585,0.2857746956457443,0.0326960909483911,-0.1050712934490996,0.7972595588252516,0.4659635585080688,-0.32913808956774715,0.18231397663894544,0.8077078797950576,0.24524480327998122,0.6010439448944027,-0.4706230366837567,-0.6165637478552284,0.41538623468244507,0.6416566080443902,-0.7027016370717469,-0.1472544631272723,0.28955057522224625,-0.04159289236591879,0.06509268189735984,0.41966427018483365,0.2507029115441066,0.7084654926317087,0.6796936904988515,0.7884708535441902,0.09740951750504778,0.7574532640428959,-0.9249487767476636,-0.859859899398767,0.5318745400169531,0.13105260790203377,0.4591802080820562,0.3976777624781074,-0.06334550457576582,0.6383867304189459,-0.6219485399241733,0.4718553040335616,-0.014581822294798208,-0.0046268460522504995,0.033309507870368904,0.32644340970238717,-0.08896645219964072,0.015197531381984097,-0.9768551812593749,-0.9939106626707233,0.38233160809826106,-0.7304951809131499,0.9212763019473582,0.006634006048434005,0.5847622487408892,0.266107147313811,-0.83351107365104,0.38923081548866567,0.7728203269687575,-0.6180092283726091,0.5239465102119354,0.9867305063525587,-0.09118958448867054,-0.6431704751437546,0.12385385007099403,0.34366675092201415,0.5829062526266653,-0.22931086892043573,0.6572574780952531,-0.22524983222883943,-0.6720487771011663,-0.8353093647030494,0.6525316532640937,0.834099905953251,0.17926093655144437,0.9343227494566433,0.4669965821077684,0.35841806442177093,-0.23728791409117544,0.6853112112562094,-0.19765722665271523,0.7632277560528864,0.12450560802561816,0.7269344690214821,0.9022103784446198,-0.15346005892925207,-0.7792903784282221,-0.8251288704446578,0.9285335096702139,0.10935363577110313,-0.9967089046030027,-0.5212628301265116,-0.9460682162302099,0.13597250253750848,0.3165780552506643,0.3432187429979807,0.9988195967307218,-0.21783946606240345,-0.033185627812841734,0.5148196579812307,-0.9587231312017745,0.05726384248465388,-0.542947025776118,0.6085983098564034,-0.5629119900431521,0.16642990105639854,0.2963422681417227,-0.30712760919267357,-0.21774330152506338,0.40441845960025,0.28553517158884856,-0.013546996888391671,-0.9828253270380967,0.43201238424135036,-0.2915582802921495,0.05225191482292901,-0.9469818823247336,-0.926164025965944,0.6629566240527931,-0.9026647705021993,0.21683354755251205,0.09679751423169924,-0.9138977763639469,0.25146701368537694,-0.6263624077929988,-0.9040878908061811,0.41940253362863933,0.523266337886549,0.6589026009388577,-0.2970305683681558,0.9521934831644974,-0.25846024019807845,-0.1378395717125136,-0.41001133156375036,0.5999701034699703,0.17007736226787484,0.4976169807899369,0.5496727834273791,0.6884465534508875,-0.47750141901995957,-0.16443976661812698,-0.21512380170565493,-0.25639609973353883,0.3983324942001476,0.19245150142452805,0.5031829320271004,0.1687348426881492,0.9373475319491151,-0.11956416966127859,-0.8155755314043014,-0.76469853874561,0.26069603122403207,-0.7808828094307281
0.7965110525506072,-0.37900944633336553,0.7547325273841632,-0.579011255308133,-0.013368494482683513,-0.47294533833989205,-0.9713050836770205,-0.7321356112124726,0.890968711579951,-0.10016264852214496,-0.44183353240055556,0.6670475446531283,0.3910746290322482,0.9481665062740419,0.5336492579912704,-0.1290930295156505,-0.3343191836573227,-0.9534187470518862,0.3862000405315653,0.335763525816966,-0.9187108534712107,-0.6234497155885708,-0.012586633280058379,0.28337180421946173,-0.6018480846612078,0.7489822373571384,-0.3351911631446354,-0.10844955810284906,0.2892486444064164,0.3296413400720697,-0.7354549632499641,-0.6452738997221805,-0.35551591139380334,0.4323763331529529,-0.5044205513113351,0.11789571335408788,-0.9284430905104808,-0.6043383189018356,0.16647383658420845,-0.5741828318759723,-0.008595685792901264,0.11043090267996747,-0.11579226180427349,-0.2798632698880228,-0.20872955811051108,0.9030329192761111,0.7068504721429707,0.5440433441804071,-0.3500184872374066,-0.8499782400040938,-0.3690437041471455,-0.4825776567847695,0.39744316013126313,0.957318536844884,-0.43109076914281386,0.19691352447991495,-0.7267407700945605,-0.9979218316358267,-0.7906927142921047,-0.886557780829164,0.09138101406045052,0.5251058761247884,0.43041363396897947,-0.585023172310301,0.07954670621450988,0.7124938071091753,-0.7686474471828457,-0.5018439198432472,-0.7133863299756757,0.7308739424574653,0.005556093934562911,0.6941511666675402,-0.4858342274036256,-0.8063260940798829,0.5368706346305403,-0.9807418048787224,0.37071979961570944,-0.9508247140526334,-0.07192365307366466,-0.021869023080260064,0.040510766726264524,0.6132790117983078,-0.29290586540444585,0.7732491999946403,-0.20282821231532688,0.12501369444245536,-0.0026346462957578254,-0.20751514642341506,-0.3751399924477754,0.7915911316755935,-0.9040477234021354,-0.5532299014318478,0.17996123863651725,0.4897124569325695,0.4121836854801497,0.7738850027125901,0.4350438129140768,-0.13165949346705696,0.2937119177179066,-0.749724258639475,-0.662196219188113,-0.06752369270000091,0.6801289600364249,-0.11217899423489497,-0.1369451715848624,-0.9626916894245559,-0.4628652515929559,0.29636259066475823,0.7144087396041299,-0.9247937773261483,0.4483402875299001,-0.9613451995601332,0.6986380842339999,0.046445737029462864,-0.3954519204582927,0.5904043378274035,-0.2885987502182905,-0.3378164979111402,-0.7157705440694442,-0.81796122033461,0.060802498277304995,-0.3658724966189284,0.0818588511220002,0.6166029185162336,0.806451771410934,0.747090443640047,0.24952244126992307,0.795323196310072,0.6996213822361124,0.3373508540539565,-0.10042239756538973,-0.45114290189329975,-0.6196140218254336,0.2129788095264047,-0.8732182453238724,-0.9147002521719734,-0.533443115039236,-0.4119279152682691,-0.11821066721350637,-0.8314828457698908,0.27799828803134696,-0.3926780483869208,-0.5522848109615166,0.4322015471342888,-0.5508124877568257,0.3517033572234385,-0.1176653667688794,-0.5363056454398838,0.542273933352609,0.2919066106825403,0.24096094025909176,0.691394851534624,0.024180804629448716,-0.12328671903236788,-0.5545512619925439,0.4763188133812639,0.20570043185294096,-0.11442562353096153,0.5075074764501133,-0.790624446740338,0.43065302398528327,0.30784924708198513,-0.6405568464028766,0.1448519083267088,-0.9739428287975807,-0.4289782802390205,0.18727776655465478,0.284561164486437,0.0744393607502225,0.5923433503790541,-0.6858603381075099,-0.5946749404757796,-0.201010618739645,0.9010143974197309,-0.8431566757359399,-0.8612155945674658,0.9530018701775504,0.9197248989291349,-0.7772765643076001,0.62851137558369,-0.016121455978722388,0.470297992296953,0.6412120688414722,0.8627587945540585,-0.18220341139697038,-0.822750910822575,-0.24381119094153347,0.7843201820134789,0.7474083202681325,0.011348946178132202,0.24336496659784457,0.004074509109162738,-0.6798697157847755,-0.37913280532606475,0.4700951482284019,0.695062941633823,-0.2789337254708355,-0.7384084201535446,0.1532690259595626,0.11358387497046851
-0.3407107256271993,0.4048924690279043,0.8331022566781237,0.25590712814077365,-0.3989135068372043,-0.41084004005779606,-0.32650321695562323,0.3788370226705382,0.7625447895267796,0.10106954573693394,-0.6127228956370734,0.767160697358299,-0.6030236818417436,-0.49247775410099726,0.9601796261738555,0.9802342860408553,0.20534643166497912,-0.954672820520772,-0.7603929490006951,-0.48502030530253903,0.21431899862077364,-0.2173952758843849,-0.9129022041343753,0.21004147397187234,-0.19114642152703154,-0.33851744252124316,-0.5497423532112198,0.3746631824358253,0.41934989232178577,-0.5541334172220878,-0.8465431728280586,0.3255931129390419,-0.5971935239112449,-0.04125630830743243,-0.06740878683285301,0.2018474757359583,0.9810561851323341,0.23593738738369074,0.5918574972672355,0.41092976222720723,0.3920464142589313,0.03277165330693754,0.8876259777378244,-0.8485945409698274,-0.8757702482400096,0.42157378442805316,0.27455167176894624,-0.5482142282720246,0.9227943157963137,0.8598072826303105,-0.44569649086339647,-0.3625424344772199,-0.6413029043945824,0.05562699063074006,0.2057956008878945,0.29118790840905096,-0.4970591761609553,-0.4532514996294337,-0.8260762019760575,-0.5825294077500454,0.5574791952397489,0.1201357919108299,-0.7838989152860727,0.30120874183555313,0.505526034626022,0.41696386497565885,-0.7105889039703168,-0.29988372290678167,-0.08428758676690329,0.8297579930500956,-0.555252886915786,0.6883201171886637,-0.9083524969103902,-0.600001236873374,-0.28890793284668215,0.3466345229680847,0.3007301049081752,0.6050617554113633,-0.11343296604809017,-0.14439383972827002,-0.1070799698358249,-0.33411502340363186,-0.9988269949769011,0.5546027618773308,-0.6197794829040706,0.4998070198101434,-0.03167592293877686,0.8155910797461083,0.2740638648314726,0.7854561927679506,-0.2324226094338353,-0.8807018004013554,-0.5601075978210457,0.7172568060806552,-0.5820431527901155,0.9948687313355673,-0.8640756715964752,-0.6384727213964232,-0.49359171879645025,-0.4383183556119352,0.9901852213783315,0.528961760226325,-0.8136938388500359,-0.1309046188803875,-0.5522111482943428,0.23163886839134196,-0.12652783966447,0.4175659576712558,0.28252935819704494,0.016609160318511895,0.5386865853469092,0.590894515670922,-0.6874712115416004,0.3989036867682165,0.30516574147458453,-0.16684904244938625,0.0913541665974642,-0.8496128403601815,0.05498883369510099,0.3907742120266162,0.3623795712245277,0.4891602023758814,-0.051855084255843176,-0.8796536063779492,-0.22635318237073454,-0.47913542582981083,0.8248248307558161,-0.9410346138473484,-0.014798318301157742,-0.4901675467805622,-0.8280564159830461,-0.24429408749082704,-0.9486980602420234,0.45139624268108336,-0.8771958079158229,0.456819543066199,-0.6898315202086596,-0.17536201064880386,0.0215066044043164,-0.5954876854281845,0.6979804437884494,-0.3398986916658653,0.20102031014525013,0.8416470650825925,0.657969029641212,-0.10778176009228702,-0.5011875685174587,0.6143361920747739,0.11372069230478998,-0.04484220626144242,-0.23514903592341674,-0.47858448326367786,-0.731867622965404,-0.40467722804994777,0.99485436783878,0.5238134283037152,-0.43375996731891764,-0.7710408585377317,-0.6134714863940491,-0.4549075266913827,0.7561464608685575,0.5591109116035062,0.06340488266188138,0.563671189000871,-0.16369825872108423,-0.2878447950238694,0.6260906404982278,0.5430187349251041,0.9282227507506988,-0.6383213464905302,-0.5544965727167341,0.3352551516358029,-0.04264394399605642,-0.22301344307146231,-0.09144940421231462,0.5232849754664723,-0.3179009754328488,0.649881873405842,-0.9722479844933025,0.5581625745438208,0.16829235306225843,0.9372947590077982,0.5119719205392179,0.9407570745410965,-0.5063966273508012,-0.10211802480744203,0.24034950670645938,-0.3415297234525898,-0.20137949799444477,-0.4032026286664603,0.8782040353046421,-0.6375941084945327,-0.901810782312781,0.15676319989567533,-0.12393158624132838,-0.33661308501602427,0.7708796003455904,-0.010248454427649545,-0.20456079605145838,0.008654383962139578
0.41740779129119954,-0.5982254950652424,0.3231361207132808,0.5343739495861433,0.7082967753230482,-0.9776571680894166,0.8897329801648115,0.45711045943287343,-0.062993669732061,0.5450253142600334,0.7475967199605817,-0.6712452495869825,-0.10744985845034138,-0.4548808506485005,-0.5200065894209964,0.0803474684232679,0.8094007778569208,-0.7065105011142887,0.7411955523411462,-0.09851233567628825,0.7025778424145948,-0.2936304395003604,0.37922398027339344,-0.5333130319205022,0.3028763826549512,0.2972090956306428,-0.4669729735745467,-0.9506947825632428,0.6459387925714668,0.23975005282711237,0.3245062450490652,0.7971777277708996,-0.519876442117766,-0.3641600264499798,-0.45936642776653813,0.6945007022729421,0.6062503051802428,-0.8786241835976034,0.23058134163914645,0.9909138943164615,-0.48093369871183644,0.7752553602400079,0.5293037743480269,-0.3969134137201358,-0.1513773722117886,0.05031577326708514,0.40521482712048007,0.7797571216201327,0.24019747542210612,0.9154542022640941,0.27254186007100767,-0.9064764747133438,0.4243504174259185,-0.19886275828833755,0.7767564490013237,0.6814092286667452,0.8761904784615324,-0.6518021451288487,-0.6688844515779291,-0.12160742573118366,-0.0693002625763477,-0.777133534089435,-0.10913813784911186,-0.08779228935347794,-0.0391493025116838,0.8857162078770517,-0.8298454978856848,0.7784895510470335,-0.7548121833965717,0.7664750576564243,-0.6862804432961689,0.4811088664649199,-0.5767446700023737,0.8648146312492271,0.6894882185131801,-0.5309061744503292,0.05508128885173469,-0.009508159794086035,-0.8738869832193306,-0.9598949596479782,0.27961583407757495,-0.5689988597362645,-0.8492623482768948,0.3816780126613344,-0.765264698895787,-0.14967601872397474,0.7342668589171735,0.436651932005405,-0.15160429224944028,-0.378570441205319,0.3486597934514519,-0.20577233109878157,0.448760919951503,0.04544204060703705,0.15436487858070702,0.4645778452095495,-0.040962697865194686,0.8450672834111255,-0.6554145524544659,0.47310111039871927,0.004416810551526318,-0.6396862370964826,-0.07111459121856334,0.9473115448530041,0.2599922296605697,-0.7480825296397009,-0.01192958049746018,0.3045069422593478,0.7795436818658472,0.10409519707572179,-0.1200794571278212,0.9738035006366206,-0.08830888416618055,-0.21515417334283904,-0.11375513535734627,0.275730345661493,0.03762568035110614,0.14156339107911675,-0.07949200854175453,-0.7181138495507466,-0.08779149447714119,-0.2587949828526972,-0.6549324662643465,0.9132091301001328,0.9931757472654321,0.19531089816622949,-0.8896784189181599,0.9951384369416949,0.5702951940928256,-0.6217840121341625,0.5169304321733403,-0.5545902732414796,-0.11704674006734961,-0.4977307864856986,-0.46122787701224466,0.9912544382505384,-0.04333509754679721,0.7439457896096651,0.5122288628799456,0.9281411627752516,-0.3082766551404108,-0.3706222546414426,0.9837451753868238,0.7149891731252118,0.8972633937927228,0.11474317481031582,0.6533056432871505,-0.33350552492968566,-0.11076874893786148,0.5643755883523964,0.93589776757249,-0.09810628260916121,-0.9479802931132197,-0.08757887077102611,0.3063182149445729,0.9502866516630133,0.21144314404455988,0.653415439583348,-0.7660618095169596,-0.8056175888575476,0.6955860762476362,0.8034869114101748,-0.4045281065596047,-0.5124226279029747,-0.6071145505731768,-0.1995046602232875,-0.4080256646670062,-0.30243946131477006,0.9754388780611323,0.710499409182425,0.9219946169964133,-0.5103456490773914,0.38873027143266903,0.47545945267898904,0.4488766188411877,-0.6503318575717445,0.4655413938842117,-0.9338715806568798,-0.6790074655816123,0.8958865001784273,0.3962156087681328,-0.09769287217400002,0.5385327019665109,0.19152776999786592,-0.41553213329130734,0.17752570910044896,0.21060643133767476,0.6981497790044722,0.5259277351561242,0.5131506688744372,-0.0575480007785818,-0.5350547120676534,0.40576380200234774,-0.03982235488499919,-0.279249065688322,0.065718079476758,0.45110240766326215,-0.2606182910224992,-0.6076465966312523,-0.9177745272670128
0.7979417482875772,0.6032243359501863,-0.5671935479380017,-0.3867675159738091,-0.22329524450588,0.8288742581640554,-0.6140513005017856,-0.20789814181937727,-0.05834206020716004,0.020584933692474827,0.37291890089993074,0.9665499176500556,-0.5390986139037182,0.0011047487494497688,-0.5294543740249174,0.2654128052550573,0.6647995457097877,0.9659405450382441,-0.37619699955945896,-0.38114436123137185,0.15909638267396464,0.752715842680203,-0.9392838528499405,-0.1923892508318843,0.9092602460680517,0.5031823386592857,0.5679697157816654,0.7188705570767933,0.5227154820097388,0.12907433717871797,0.2675184015500638,-0.24598573415449265,0.419400614266211,-0.9539626646823605,-0.7187921275563776,0.9844998654807273,-0.41094562192527206,0.23198069050650116,0.727560596766128,0.5126948517019903,-0.8208401707678243,0.6590156283217641,-0.4672875337764846,-0.4747114485948032,-0.57504290875351,0.5224250971022573,0.26139016957876504,-0.8997313912083715,0.2041023025468216,-0.03337051657594636,0.7993265117628001,-0.8804931256793234,0.1580529024878401,-0.5859043672287543,-0.03973819115176602,0.7497047650615387,-0.8112011978267959,0.8621035817045082,-0.5689389480411777,-0.6979517083869051,0.18409084700329226,0.01055927860691619,0.17504642541266335,0.6412899042954661,0.19162611484999292,0.6682227539533885,-0.9181234522930621,-0.2618381248597663,-0.9948423090427254,0.33294488416061707,0.5606161158914311,0.9529841448001826,0.243357320865639,0.8804660483906668,-0.01985761546700382,-0.14837683620116793,-0.13084695400579127,0.9752312563654917,-0.8781784814132949,0.25613512064599253,-0.22350407372626746,-0.9311259843405975,-0.5250318938773588,-0.3792832385391969,0.933844295962535,-0.9383924155513628,0.7288641776505207,-0.34653911468158616,0.9659041866210691,-0.45981884196145373,-0.15994248508199504,-0.9661096620672254,0.6077082708587904,0.5375812679613696,-0.7629891362770218,0.7383615211059209,-0.45158511085475217,0.8353074973858761,-0.16742561756115903,0.8314347171444643,-0.01279909518375999,-0.6079404475425927,-0.7952874491309054,0.7647215293008567,-0.7605663104352289,0.9715053192381948,-0.46787110605364113,-0.3352535125695195,0.26271617023858185,0.3112584299836241,0.24662952318866171,0.1558506799042494,0.5171550912171052,-0.05204761631436794,0.47081360174327025,-0.7844737530303754,-0.24214527245684514,0.9823836683162883,0.7703574094407901,0.5986501821569812,-0.9056156187911693,0.7285678396591571,-0.5301133784759722,-0.4144167592262662,-0.01979005868074002,-0.16740521316238732,0.9085266247296302,0.13796572579193755,-0.9638624502901993,0.6818530980749167,-0.2627644840140613,0.14789060209138727,0.08406650475381139,-0.5920302601728407,-0.2041610326609209,0.8020842756334126,0.9801518623127878,0.7797070127446109,0.9741006057639046,-0.15890890621396214,0.039686873757722285,-0.7851705736469876,-0.8357389816592982,0.7876930830202469,0.6483678767328844,-0.5666219444568612,0.4837886455111673,-0.9639109876145764,-0.2299974070192965,-0.5795758126904678,-0.40123040431859014,0.26333388454661577,0.9660940050424687,0.3104443589859045,0.789718979712732,-0.01419739115873031,-0.7478025546845584,-0.9940348587892625,0.16678140184362444,-0.9332558669757733,-0.766922557776961,-0.6071052352373465,-0.5970777749405158,0.2614171204636473,0.9491406946037144,-0.9420496320901535,-0.5591222021122735,0.5887742604475845,-0.31222392670464827,-0.13590413711937033,-0.654421852125727,-0.3834713149494089,0.9773070215814721,0.12118380586489508,0.4841898062595551,0.12325070272182126,0.9324626578157416,0.6403181548260057,0.07900112893342315,0.7283064097085625,-0.39913704999779576,0.19187810265206595,-0.9135762860666421,-0.17639761751479988,0.10273563688206533,0.40197115138861017,-0.35459297364537123,0.9631589202695179,-0.805463631702146,-0.19095586880787097,0.4644391121017706,-0.6740331542865701,-0.4343707854808936,0.6867861350328355,0.7845205033536666,0.27724844057311593,-0.09906530742765907,0.5856607060464771,0.9068206963199774,-0.42158748060848716
-0.8388963652899859,0.28039080747583744,-0.5902966801881024,-0.6019484167276852,-0.8037103768174798,-0.9970598632924874,0.026185969173113444,0.5522085067504701,-0.8528127864955062,-0.20710036435241608,0.5383384883459994,-0.0047724032311367015,0.3744432781123388,0.24894042115475323,0.35621142363509195,-0.27945869929829903,-0.8549895587222613,0.014721079377382651,0.6649022151867898,0.352902613644136,0.7009893056180907,-0.24253667100305232,0.7506423103234923,-0.9143151452964391,0.39007921510211574,-0.6217293798013459,-0.4791421272694487,0.179830119222552,-0.9345804602411711,0.5858026521619717,0.3537941077398574,0.06217771153108398,0.974180849536181,-0.34687543252612096,0.823287379558771,0.07965938491285418,0.26885232812847826,-0.03186284729954969,0.5815351784213791,0.2174774216868649,0.6377858662688658,0.0886609859032268,-0.6165432560703459,-0.9525858131892435,-0.09560967279236743,-0.5876995213102807,-0.8349037594585962,-0.8965143208470683,0.9343250476088731,0.5802220188821603,-0.18097197164786638,0.2849177075591287,-0.3882681351995192,-0.2904496013335556,0.38380992504283706,-0.08617412668453239,0.04100375561049896,0.8947179846646911,-0.8447160452040843,-0.6222664228626351,0.9501091990235777,0.4456122456867464,-0.30185005528686326,0.3076608645557195,0.8484007905989912,-0.9714847159472095,-0.8854122051056634,-0.8562065876491018,-0.7980457359141975,0.4208337194397864,0.4189695922477401,-0.8500696496029714,0.7572818403464785,-0.9952896529852744,0.9366826158188253,0.029410895999539388,-0.2843704923328727,0.45631169761970103,-0.7816880386511376,0.7006618048393669,0.9309870860133147,-0.7296716171202273,-0.6153928687357706,-0.4983257426867431,0.850482659094498,-0.9832138139801221,0.4502712276975056,-0.4311545837166235,-0.34928215793649087,-0.3633471678669986,0.7681736536175994,0.39943657177962444,-0.2296257295294426,-0.35361753639775273,-0.27771354568953277,-0.8433653075759631,-0.46213981358515777,0.8735356055999706,0.32632520736667336,0.4330157602303355,0.3847631779249714,0.4670908000693328,0.1279650709341804,-0.10910038558772772,-0.8746748281804353,0.680693165340367,0.22430545375877697,0.32267949177626676,-0.7576851795118023,-0.7087020488260227,-0.4885031117815992,-0.00749486973420721,-0.1373605562807667,-0.7786344871485564,0.7696429170817838,-0.3841924888624759,0.939043853196224,-0.6848997287378398,0.5002696767957566,-0.9244320005340636,-0.18755387143109847,-0.3144262890804028,0.514266522758074,0.8628409456724728,-0.17734752873527015,-0.8472090045852259,-0.7531002255080808,0.6356103686673447,-0.174138560947251,0.4287067437704948,-0.4028583539088848,-0.8239159745444593,0.40538920231636943,0.2742246845416403,-0.9963077891317564,-0.8714386349216556,0.41921562264906687,-0.5614982399772663,0.39199149642782105,-0.7548751619493066,-0.09048683077538433,0.6511829254261321,-0.3254806402066279,-0.26264247856072465,0.9738959579199038,0.3010769853696371,0.8113674856087159,-0.6264803227573998,0.09670455346971041,0.2942698418917675,0.9686846730778433,-0.6156818212832418,0.009882305673226455,-0.8011183098937391,-0.5183101995694335,-0.43689815114317043,0.7818572099486913,-0.6495682328648331,0.01061360571721015,0.4999338609973527,-0.47232191767602716,0.20550105934069474,-0.8884343756171764,0.9628075689034754,0.024877483754277563,0.9916013905350503,0.46077663557829207,0.5574005490644747,-0.9727774658391022,0.460239613260812,-0.2655718921511141,0.22952143495228916,0.8071125435840758,0.45881386056723206,-0.45934620258494174,0.049417162553627714,-0.8626249069572511,0.08680078732122909,-0.20549426745765653,-0.33728244971298094,-0.1087751464272082,-0.6417448209854306,-0.9474416717865259,0.0038495583900988173,-0.6299500395824837,-0.42662788996851675,0.8486540633784618,0.9068501152159387,0.6653565159131691,-0.25463717307139744,-0.840864450985813,0.914953707355884,-0.30034691481058395,-0.07886110387484813,0.7384573008502797,0.01786937933733901,0.674599435174132,0.7505131376397076,-0.2537479946081065,-0.32769691808408763
0.10361937153318368,0.18591122861636533,0.4363659467498542,0.5801104362018503,-0.6650675591423507,-0.15164857721350433,-0.506363233522785,-0.36513472884057574,-0.724544210791169,-0.03217248323189259,-0.7435700811193848,-0.389029053724546,-0.4710222664939636,0.04898632287301696,0.8523667848573602,0.3399949695403932,0.13304921291382832,-0.8805590769178484,-0.675792619250793,0.7822417639928465,0.2344366621385563,0.2871035177883281,-0.08208826200686548,-0.655327254772804,-0.3712825659672485,-0.7872643373344643,0.2957189417477093,0.43798801694356726,-0.7087811822779282,-0.37526327930212044,-0.3287901604025232,-0.018717251484184905,0.5070171521784979,0.9750755278544676,-0.5115499182538754,-0.41798042710278116,0.9176106268471667,0.7267180737815424,-0.7256278884162513,-0.2542457099685804,-0.8788859364587089,-0.8790748881740758,-0.7230119365360206,0.6997169861993566,-0.5607889590313617,-0.9695839417641177,-0.7737574396888345,-0.8681768583999385,-0.1514139130358778,0.6656761066232697,-0.6301726239375838,-0.43600713836648963,-0.0700551324755887,-0.04374188926558298,0.35577700845787086,0.3539263610212007,0.9290478504961892,-0.2573816875246615,0.3275813893727302,0.23433293607969885,0.47797049780395295,0.7831287455323739,0.9315576325991295,-0.9529256233211392,0.32118749807604985,-0.145156576438636,0.48097751000189337,0.12672655979364245,-0.20099737311974097,0.8700634338036475,-0.05393498223162929,0.167412128091319,0.9322604465208004,0.8730724818986568,0.39166261529671487,-0.2969262390904852,0.3437122939772952,-0.1279294692282993,0.559551467086675,-0.8442877521568779,-0.576618099992557,-0.9691649250082945,-0.10433212383100132,-0.13107610067336095,-0.4200861361901844,0.2451273706601873,-0.09659979987304501,0.40116081308167106,0.4130936623048522,-0.6199991670583744,0.12947381155010418,0.012059152518049565,0.8911420261868765,-0.11421465705063172,0.8214745835357857,0.23191222345203877,-0.4346428886189664,-0.371643974665947,0.3163250528098447,0.5618574076321836,0.26999558782598543,-0.7437264763492331,-0.8096993108682373,-0.7119329886978982,0.6867266712823683,0.6633862478075154,0.6291193039827112,0.946075260761597,0.4644438964419737,-0.7152219097526873,0.9124438270880559,-0.2613231251845418,0.13983790166640464,-0.5532005096156951,0.2978925364872165,0.8195711543903454,-0.5795428490048957,0.10381524392534791,0.61639312363468,-0.5354015199512905,-0.7765840231436247,0.7899795320168499,0.8999879222270903,-0.13723857723415733,-0.1877650359474361,0.7251645270206719,0.7594057569573973,-0.05666125852760029,0.35641707938009537,0.8224322330601412,-0.17336469021119427,-0.026872783308202974,-0.024524001561475384,-0.7759892254527088,0.9920245189525574,0.6141816931602777,0.16008124247941535,0.7950370768896105,0.5836139337709945,-0.7645920310903698,-0.011824137789716582,0.8052347966082836,-0.7432341837901375,0.16579498440070073,0.8270086377449939,-0.010561643281090882,-0.3560675286176407,-0.26210300720063984,0.8446938472357453,-0.19869983180667417,-0.6364642023691014,-0.39715066358107975,-0.5795324682711531,0.7401502605937036,0.44780447841475146,-0.3953251937192943,0.5939822421890837,0.07545046093034191,0.9602913154007042,0.4225216265965541,0.48153498144087936,0.7013518394007858,-0.10804001883880598,0.6248884540968185,-0.07662718524111445,0.10284542287685139,-0.30720727347858623,-0.9483863633996299,0.3401125821927442,-0.2860479705611565,0.38742508678915155,0.25414444603738096,-0.8650021867607272,0.9498104724160248,0.6900194957512515,0.05723518517865611,0.26426455835713303,-0.4418131403761787,-0.879106429872683,0.46659540366154073,0.6505996176666369,0.5477326588177445,0.20476302885247644,-0.6600297350260349,-0.3863204279961028,-0.5378820532327853,0.21486408748862318,-0.5902212350664464,-0.22053910154454104,0.9137687094831499,-0.4268152965671077,0.07746591800127733,-0.20551967940007954,0.9965552499088937,-0.08292619710076243,-0.7609421977614454,0.04805101567538461,-0.18576459485514651,0.052164378297269165,0.47965358927517876
0.43369498015240704,0.2892329129615441,-0.40830500686721116,-0.1091988613657553,-0.4235518785101071,-0.16475775184997254,0.944767661659125,0.48170941012627155,-0.25020465701429195,-0.7491456052241832,0.7919565921285279,0.38322459142911947,-0.5152924710181546,0.2680194771302531,-0.7953100407035982,0.0329717074264686,0.606374009007465,0.03994056738249152,-0.36470475173898875,-0.00898445655268354,0.7099244488015797,-0.7581839588363779,-0.5727543265947694,-0.32975481037369847,0.255739506594548,0.7489627694030658,-0.29620317602872515,0.32375173923650125,0.19434466148573382,0.2735482425563973,-0.9402047436851186,-0.07943565247762163,0.5673713493225465,-0.8779437321992789,0.7868729597622961,0.2838711597810655,0.6648482726327303,0.2618253177389447,-0.25343894455745253,0.9374213846098287,-0.946398630872179,-0.9605838496798849,-0.030132022562031402,-0.7922396991219647,0.8562125006644385,-0.7913405276633434,-0.05848756176101522,0.923076992503431,0.17550122999265438,-0.7831138128293385,-0.6331236127808739,0.252713822636331,-0.285245234043936,-0.10440440936904549,-0.745643805588293,-0.8954676335047402,-0.26794535902247163,0.5762371815105618,0.8302082512748041,-0.6748341571313787,0.7025372957911202,-0.7907888815094903,-0.06170744763735403,0.2693088878957819,-0.28956476701691636,-0.35856590932588395,0.8462031431508525,-0.19289119082638484,0.8250696384265803,0.5185988825435668,0.49771047040315497,-0.5679473513697675,-0.3843914843432015,0.010571997529429611,-0.7295071962161646,-0.6921417262603196,-0.6303271036269635,-0.8974237401008482,-0.8543115853737568,-0.1632225469861861,0.8090316887324476,-0.18836520549710123,-0.08478118237953836,-0.24801746993578622,-0.6872306359697786,-0.8765980459158904,0.6572537999768093,0.3731379226871405,0.4483602684526693,0.027095890959029312,-0.1612535112038378,0.2458178462266507,-0.09716808869546067,-0.5362547272574743,-0.6595187131474565,-0.9329010389008277,0.14715542254780534,0.9826315367340299,0.9484851526799081,0.4695236172221444,-0.31505718246514647,0.4413446015038951,0.9799627903421237,-0.6097447307524153,-0.6412521889923668,-0.2510335187246102,-0.9978604253757748,0.4565767250563857,-0.9166472048020213,0.7871721024561906,-0.22346447541712977,0.25673259963861694,0.34605332793017074,0.5361087468405747,-0.3283873660076677,0.08201620757336259,-0.49316308986350244,0.33888392673786805,-0.7467882451799392,-0.2061598561697453,0.1607472137654984,-0.4712258417578028,-0.7930330201167752,0.4853989485986967,0.6007647668309031,0.5895233584741693,0.3548175270950671,-0.9336253026460279,0.1394543405666553,-0.01665026837719563,0.4934768830849392,-0.40504823537951395,0.8952870337587016,-0.17615519249763056,-0.5100938089850129,-0.6269977525384536,0.6730142289784125,-0.760361586562893,0.9264845077737627,-0.06750404365293083,-0.7507821380749875,-0.2473845113400146,0.18048135627335604,-0.6423343883369284,0.15315886449432892,-0.9450746873419942,0.046021587109707385,-0.29270887025660697,-0.8387698687714356,-0.4587775665708722,0.5931542845338054,-0.45903407188022705,-0.643725809760463,-0.934387601982611,0.653617203931161,0.8041656358063431,-0.5660232144792423,0.5800556344511547,-0.9094995568428892,-0.08913938019554246,-0.6632553463284758,-0.7131844228303732,-0.06643464783135133,0.23579780654871696,0.8986272751905064,0.7407497515152972,0.8250698522725943,0.13282248664615248,0.46774474382718845,-0.026723505073799503,-0.41388545685421096,0.08147425543698517,-0.20498821090194075,-0.8359171228685105,0.5475058315974561,0.9689577503012405,0.38190617622654166,-0.057657455389506396,0.7329167504577201,-0.09956380791337716,-0.5731505914694246,0.0053252840486146535,0.7505983340133977,-0.8852924090909307,-0.7923377742806079,0.6130959869416472,-0.9338280312282525,-0.2998577181678379,0.37407943508401775,0.16106967852105858,0.8899597109538011,0.05926144454659954,-0.2717802982951869,0.9301046157538722,-0.7041082350853982,-0.0690855459303148,-0.32914900713807427,-0.4604813264828398,0.591315083567487,0.6037768428023562
-0.20493408064564833,-0.5156915541114999,-0.6257687022694023,-0.4426859237215006,0.36252818419724475,-0.20175561981069445,-0.49930713460204346,-0.9307132023760687,0.6884761320001551,0.8525347252931941,0.425816583176188,-0.16375845514491028,-0.2079667490130339,0.4871479029421497,-0.35023516966400914,-0.37801365360920336,-0.06583385787096008,-0.5047365248741558,0.3173775611516214,0.1416105995897743,-0.8886165748197636,-0.7584661262044112,0.7677010491167704,0.3406769541036436,-0.8452013769557525,-0.228944217970118,0.6585245839397333,0.5157503490864226,-0.3762600053313234,0.3387850430616022,-0.8542791448465503,-0.7023680662340548,0.22143481459172532,-0.14546631780272712,0.5156861789299685,0.2983889130900581,-0.26651362682077817,-0.41249191638017635,0.17400143665419332,-0.9110022819402455,0.5924071411070804,-0.6031819360065218,-0.07016289432536449,-0.9337588374770134,0.23588999599568283,-0.1711269846796688,0.8492620569276432,-0.9342353741802409,-0.9787791936757448,-0.35722652951548284,0.5570318077051382,0.6640239532050025,-0.5246728368203608,-0.09779277715799739,-0.6263115706985938,0.5060184340809315,-0.20601831871944554,-0.46295591039029316,-0.34900473084804173,0.9815649510695728,-0.2055534420965699,-0.4117877254293483,0.5200630858124442,0.7801618182253665,0.7446490241053945,-0.8299446912832831,0.1863261912967431,0.8228254676550588,-0.35954819988113806,-0.21416260701345236,-0.5293610963830122,0.7229439196904817,0.3465755344071879,-0.029563179534642714,-0.8574346935672745,-0.769283010409231,0.6284540964869427,0.017360334646482345,-0.7718927237435331,-0.3047186046424335,0.42284702019937725,0.3631399341539321,-0.6429078311247229,0.9350763198989618,-0.8456435590174611,0.1937085880513405,0.8882663121762404,0.5255198053394803,-0.7385187464902103,0.6961729169924231,-0.7159357231251471,-0.303697865504587,0.09256208326290705,-0.8586220808035285,-0.11383991941289584,0.5812863537828747,-0.04318635215392175,0.8577693162897555,-0.8267224060005045,-0.18957118132163941,0.3592722786152813,-0.6764070665854665,0.33977783111264914,0.7256596522591214,0.8581869507437982,0.6813046562791383,0.7962739887573989,0.04092407192081815,0.7252279948680198,-0.5288940156102555,-0.13422179201154694,-0.0006977381511510394,0.11925208890867678,-0.5302002430397192,0.3257850152646613,-0.9046978277895414,-0.5979548732477566,0.6272837490237162,-0.6109858680977773,0.02248929766030705,-0.21526934429583244,0.27101931143381,-0.29663449774379,0.26903680825684995,-0.634985583247252,-0.22187724091637095,0.04489674278814193,-0.23491333954856608,0.03533263539665543,0.08418866909385114,-0.9557396995823153,0.17768265857130516,-0.1658404866471661,-0.5228367440275652,-0.9495116017839085,-0.6271685538952583,-0.7137592958727781,0.9975365603654935,-0.9729589579118334,-0.5965734766137067,-0.18166892738620066,0.6284252258502916,-0.4381731529483306,0.7474488616843091,0.2375837289599838,0.12062893861016133,-0.5302751079979067,-0.5557682297735824,0.6034469617455542,-0.4702709892092243,0.36442990767152805,-0.5681600599814036,-0.05545699166232354,-0.1008509870764922,-0.6469110623177701,0.6556663448920881,-0.5446610066475805,-0.6491517032554823,-0.7122390019113032,-0.18472023324130693,0.44758320902859516,0.0066069159224873,-0.443356962888914,0.1411555309255177,-0.4799410975306795,-0.0025080766793048603,-0.16682443408031733,0.7519922275239488,0.22148798773255618,0.4578689594403562,0.5217059738419589,0.8797769903424424,0.4619251277164802,0.7443068767484744,0.0215197982529729,-0.7173814661502236,-0.38124974027605285,0.3580927770037796,-0.6522773683338539,0.8331111001232436,-0.8290552380385947,0.9842695387759823,0.6580202780011966,0.22343640777978102,-0.790366446515548,0.8199565957050918,-0.16710375368344166,-0.8493883510709785,0.002360955260028108,0.17904941438775146,0.012334507984805843,0.5023231510939006,0.19959778389721805,0.12261434977994834,-0.875202890295186,-0.961174031719999,-0.5842882956396853,-0.21192701573406936,-0.646009885704645,-0.7068158835876377
-0.46262362930611345,-0.3957364808125847,0.6581255365464709,-0.6286431776895527,-0.28121415373245306,-0.4820165911900145,-0.2205831484716243,-0.5348612994363948,-0.7322994516863695,0.4074749754499589,0.4121224356349522,-0.641101804593669,0.7913018338040121,-0.7961826354196189,-0.3692523688574225,-0.30338640156220475,-0.7079880487906045,-0.8996307883092198,-0.8073307813353612,0.23699873484805956,0.1569380639135367,0.5546310227178806,-0.6281894360974694,0.8646875010073163,-0.11482047656770966,-0.2770169213920437,-0.8293110772278678,0.33020346454727467,-0.32349680640082057,0.4046215413315424,0.5613905903900049,-0.863007524280504,-0.9915710457169118,-0.20203934351369357,0.5498287522662002,-0.4076542581134488,0.18577685629229101,-0.350020365733712,-0.7875203605780299,-0.6014107230147485,-0.14953535160280218,0.6266932147972304,-0.9906936742463344,0.4708933822866088,-0.3179475392708033,-0.07142145449359383,0.6876681767246253,0.2828164484346214,-0.18779146082526932,0.48774174310007457,0.8135208630502944,-0.04219496152256119,0.952333952191434,-0.8129963202471095,-0.8285658178896194,0.8251337691621679,-0.7307845703012501,-0.9923624179739583,-0.6899131656690163,0.4736367400489827,-0.7626396777786164,0.4196449680219263,0.07467577253414803,0.9467531055154652,-0.3407674889799044,-0.2701089402978323,-0.8915620628702692,-0.17842038069275645,-0.565375515332355,0.16059714101344724,0.32882718529883603,0.01717298239796783,0.9937916682022303,0.5755363861225689,0.9398798700901518,-0.08374685224529688,0.47482874795965513,-0.1589620612739795,0.7480144703487517,-0.2896110919110171,0.23732496707182738,0.5044704762169965,-0.8495444962152063,0.9157792716763249,-0.24181510510760407,0.649482003039993,0.17060290936856282,-0.18805390504833985,0.48127970373308604,-0.72417677644921,-0.24352247603626842,0.9668829039685103,0.14420158727825938,0.14670273353116592,0.5974103413143774,0.37256468987675073,0.6950925631719327,-0.5310069702519127,0.3332583606918216,0.47590469224639564,-0.6057956235502868,0.359737623511875,0.9476702385407405,-0.4064842968121498,-0.7928257755702246,-0.16381752259534044,-0.14034956399303766,-0.7607182041190359,-0.06416394607163345,0.5279002677139211,0.41640475244346686,-0.45317233878501817,-0.6377872206997033,-0.802469702693136,-0.628140260581268,-0.3969627301217662,0.9341253287450744,-0.7845706222938953,0.43323792210159495,0.18069264056387446,-0.0408532590896038,0.9465738909425432,-0.8147113521672347,0.46516169419698894,0.6044403565298857,0.15267926496648032,0.833520490416505,-0.4852527313864696,-0.5919950439936372,-0.0925973158081903,-0.7981280381790552,0.32327103878046315,0.18184272837808302,-0.2692927935652569,-0.5271792005190012,0.11903706680130877,-0.9705162270945802,0.47108346530481104,-0.529699919100231,-0.052089615149474966,-0.9512085870143658,-0.37185431707992356,0.47209434145652907,-0.35474884379540605,0.9305353346107552,-0.3643456749589975,-0.14702068668805368,-0.5964865984811851,0.34415603740463485,-0.4104862064685455,-0.5496541549945115,0.393546230189441,0.9260756981052267,0.21089128663701406,0.9273066913006587,0.9325191090182583,0.787649333476937,-0.23856585874805813,0.8595322788716462,-0.6088076120659669,-0.3035264870346799,-0.10752095836075659,-0.8297716423634642,-0.2829590458924731,-0.47906285725010744,0.9821049006458666,-0.5137838283660041,0.27786665609120087,0.01181812502463786,0.7989127809759176,-0.3527064576343679,-0.7844952421670461,0.6016245545471759,0.08902097599869907,0.9278392812720242,0.37867547085944775,-0.7057679141669617,-0.203880385711114,0.07880772848354911,0.139223723807812,0.28993647682469437,0.8046740401660246,-0.49058554558468015,0.5449911736109279,0.3754995173447564,-0.6525515775494415,0.02444396810516314,-0.39272012790185706,-0.07827703478192638,0.3485627108314071,-0.16476108770215991,0.9083059681458958,0.960206390916992,0.5130553627638379,0.32762064999945095,0.02845303672337751,-0.8294448788878293,0.4871038522719622,-0.2617054441358013,-0.41332573299226194
0.21009366505554428,-0.7864432644802182,-0.3951251011752628,-0.5023865889064827,-0.16354043277037134,-0.8003738045646498,-0.5660304587983283,0.034590139483667404,-0.13276313079924829,0.5733843777036183,-0.17145203849754065,0.3846636904893368,0.6974058059756425,-0.8365306790012708,-0.7990659411348928,0.652068078679559,-0.3625652451410202,-0.5179848488194227,-0.09464955803822672,-0.9603227900847826,0.5046815822749002,0.586569543098421,0.662445563628165,-0.23489349380701663,-0.8435446601055012,-0.0036885335922973717,-0.4806768226044944,-0.991877609229024,0.21094987918274266,0.8288314022783256,-0.2502605026474527,-0.5213199883015778,-0.843791854767804,-0.7839654765512098,0.5788697828150982,0.6306036973877456,0.18962568495537435,0.7125293761552678,0.32609131466550045,-0.2242601421208199,0.5392266728140604,-0.7191464753854837,0.18816218415176977,-0.10739131292767845,-0.7183808110051195,-0.8947522152535288,-0.8218542254774079,-0.13993429884756692,0.22571409039761448,-0.8696326223632567,0.5118243989010955,-0.7885721527805587,-0.2459716366399971,-0.11242028248378721,0.851221589525504,0.2656146206299186,-0.37295669699626344,0.3790405085087596,0.11639945782909855,0.38049801078210455,-0.01720143907411109,-0.4830256102342352,0.7773003843297763,0.7670215981754787,0.2150656554202246,-0.7123591953786139,-0.27275569223582496,-0.506473751708532,-0.758635111852719,0.948997532350935,-0.3475920885912094,-0.9975786468312631,-0.217816459567433,-0.7943861866823383,-0.7756109789764865,0.4120045190151287,0.08300404020662966,0.4663625345017932,0.8610379438378415,-0.9022740538910861,0.2060114275372933,-0.06788530758469857,0.6907936987077692,-0.04646683728248191,-0.43731677017071546,-0.11998567852131625,0.6370490430139897,0.2645112880679412,0.16374375364590588,-0.821975018709918,-0.740942487779495,0.8674990484130192,0.5048184553058273,0.2330246918295935,-0.21536585395602525,-0.18262897912824916,0.4624843903813245,-0.5638635380647667,-0.33982174625507366,-0.3557436889340917,0.014182847078668015,0.04570061245625623,-0.6203415525572578,0.8810999275762363,-0.7028621194103044,0.23932720708422628,-0.14499960115265864,0.023484874012861923,0.788080570444071,0.7192509369355109,-0.5946541885513559,-0.2821349719795363,0.3985601169336961,0.3422879631037161,0.23518497614487166,-0.7838574220024035,0.2129471222049253,0.7640839036587146,-0.06772538409689988,-0.5055321676694395,-0.27605538797655527,0.862345030781754,0.4072262168056435,0.31504114829862506,-0.7039405235386014,-0.33179101776144515,0.2943070485837129,0.9765013198519776,-0.5468355940619358,0.384630075201176,-0.6077037390927433,-0.1895078841353155,0.005179949064910927,-0.8060930210824746,-0.07708224933757712,-0.7682507043321365,0.6152710234704606,-0.25817123262264796,-0.5756366854130728,0.2738422802462068,0.1939377450553117,-0.33432390768682185,0.9544604151736502,0.21099012001372386,0.8504917527631226,0.6135773367830653,-0.1500175198096243,0.1362402665819673,0.23067102338203038,0.005105581558352057,0.3146471996376905,0.21383291875823218,0.07623786349602946,-0.5290564331144767,0.6042353967001899,0.21347991486990403,0.4620296427863462,0.4077558390866074,0.0410187890160878,-0.3494580880629934,0.25574450607172405,-0.7571981929738232,0.1607745767291704,0.40161636222581576,0.5374621393717132,-0.40159401428144115,-0.5613220619387855,-0.3755363837317296,0.13194503940364233,-0.7625738045080204,-0.6822228296000628,-0.8575444019403597,-0.4951334400471772,0.44442057420598724,0.9575881790250067,-0.9336501124531937,-0.19724039044064656,0.6852688400354399,-0.7059356374847627,0.8195599040777293,0.10049165716723141,0.9041480475772761,-0.010752942238725138,-0.9340117378646486,-0.9548197396326534,0.5560373421021672,-0.6822313257367052,0.3394691600169917,-0.030228501012640407,0.38145614363613944,0.9836310733635409,0.5805429372151711,-0.5978800599548155,-0.49702480553234274,-0.07623293353608518,-0.23928064206361466,0.6270122349244325,0.6287419830480898,-0.9000157421123103,-0.0944457234538536
0.9291729578212014,0.7630502796405938,0.14067715126170244,0.21532035601886745,-0.35905697827162975,0.33420307404940264,-0.9990745248976514,-0.9436820090527722,0.40798612915859644,-0.29272812952766647,0.6339814657897833,0.8203115924963003,0.24291786329195286,-0.4341090318096572,-0.024668691015517163,0.6531281590461493,0.9325577054689025,-0.4390195913521753,0.6094919205924734,-0.7949099188662765,0.4527799195312754,-0.45610783817852263,0.42428490132734176,-0.8749113008525284,-0.9002562535796466,-0.6941198622645499,-0.6969095000750087,-0.8947025747964372,-0.712924915210523,-0.3645808832639341,0.5141260281204261,-0.5787836072119394,-0.9432400762383235,-0.6413268061706003,0.3765117728098679,-0.9104751935001452,0.5660949608100199,-0.8126645340941792,-0.11758951460249989,0.8057532709008683,0.6579369730627951,-0.10846629475825109,0.2338011648087197,-0.890371863420403,-0.30512942374918595,-0.2597119313180223,-0.7469035351181352,-0.036832816838947346,-0.6244217053916337,0.23606663983932785,-0.49509108642940003,0.9203466909417064,-0.01092887900871009,-0.039821703698530664,0.5399762137675039,-0.373383665431388,0.8565270236758245,-0.43360322291325004,-0.7271945949689507,-0.23564865839644655,-0.6088395087311136,0.646685644142557,-0.5087370160692879,0.797516805691675,0.26909781333957405,0.08807328181898888,-0.38492243164307993,0.4606041441337976,-0.171243960519885,-0.8675800029824381,0.8378313190049376,-0.5856469465353413,-0.41808792112091653,-0.6003394604923875,-0.8938644296056992,-0.7242447242947168,-0.8216086893014074,-0.9177148175610725,-0.15552193232404798,-0.901929446971601,0.3236508782350651,0.5797335394423873,0.3229619690433163,0.47866131757119357,0.609087222541203,-0.9179594188727973,-0.26771933378542867,0.4885421181614529,-0.5138275791045182,0.9907138092913919,0.8545244624116322,-0.7624822264136257,-0.02935091133639256,-0.03193816931117599,0.7682097349354335,0.961574110306088,-0.592219661404112,0.43658667336805523,0.30281688621226754,0.8705798201403272,0.41734624848488244,-0.9150559610557967,0.5162193880012957,0.6685049968445826,0.8320490785521917,-0.7779387601159793,0.43942266431167587,-0.6962804968362009,0.9521072223763523,0.2511069454349235,0.06263508140448515,-0.8159556418532057,-0.2341881890514741,-0.9662555324350404,-0.13233326874447715,-0.6233002309653592,-0.6700757300617868,-0.5605166991497785,0.05616886807404109,-0.24758193699560116,0.9828034733946083,0.3316084522161946,-0.773017426205256,-0.8300877859977338,0.6111647907502671,-0.9454536654945134,0.6048447183993269,0.8580758282653391,-0.6914971034908077,0.7402205502321972,0.8368093601117594,0.1142179256826017,0.7746461540328975,0.9944504138408541,0.3598487299629711,0.8196687103252032,0.5407098930440435,-0.7191308468915794,0.6802930335719575,0.586151277361485,-0.10053720164077262,0.7655044692227844,-0.5204579862603955,-0.28458456064634063,-0.38078206374597734,0.31871204173320633,0.807035342894618,0.2114481576604348,0.3632031111308165,-0.30264077645568666,0.8198171523254827,-0.097285573274428,-0.6303666305039768,-0.2186157666293771,0.18366697400428156,0.13112832160900978,-0.21570463236360182,-0.38767022181671673,-0.9666787138050468,-0.6863797123500444,0.004398207402081633,-0.4751448487066867,0.2460132262690511,-0.8848389949578317,-0.8593631912040067,0.2673509768397213,0.2460803698793519,-0.47730648039614,-0.9799604921459453,-0.9112165331616049,0.28540396725489714,0.30979280458758884,0.24419927112584183,-0.2695662861003756,-0.0414850691193378,0.04238505504998247,-0.24738455391356795,-0.5169407931735048,-0.3200177813238516,0.1526354245956021,0.2783273724049784,0.8806032222149269,0.6636210544352368,-0.9508828016676651,0.7003046977210594,-0.038340222440954363,-0.5596422521312463,0.8393547761395466,-0.631377034714157,-0.23200227364610426,0.9727614718669741,0.6400735708534746,0.8960719818028431,-0.4090252736174982,0.3396898217866853,0.7182043072284021,0.384506334363641,0.15296456797724312,-0.21757955072619506,0.2314692076270226
0.4086351569186111,-0.5290597980790468,0.11467941645075763,0.09568383313848838,0.4491076071739202,0.4781574932101198,-0.9455624807860497,-0.9967695671305603,0.8456590043291952,0.9639919047722803,0.3987420491992528,0.8069388671606135,0.8493854226450277,0.3595922941586893,0.35710637733492345,-0.39452630618524775,-0.3836513675664608,0.6984362350410704,-0.017425349434707416,-0.7175913750542167,-0.10683340920470319,-0.8861142938369833,-0.7903037250259815,0.4556295100395238,0.38272494896303577,0.7109591509488344,-0.06752489486452973,0.947019535135923,0.3570449670354652,-0.6598772242266147,0.44514907377539825,-0.09587157582844141,-0.34358956492926107,0.22459118149655044,-0.7321043261230578,0.5547452755442404,0.4964270129335686,0.25423697526752487,0.8764121680892567,0.05923468233797502,0.14834165684044343,-0.9478923833196913,0.9698291005015882,-0.6481072752738462,0.38227323106387345,-0.7883456837668221,-0.8955255265600683,0.27980811129190064,-0.7375187649101131,0.5238779197271035,-0.8904195727815183,-0.699638248844435,0.5047685188254278,0.19489229401770758,-0.6553545356476416,-0.3168665495880365,0.6652194626338821,-0.3465359509951824,-0.2856026458051466,0.9381152706507403,-0.6884768391949181,-0.570789345155539,-0.8883224033773933,-0.8884441927988753,0.5252657325155934,-0.14730374857597806,0.853918104348911,0.31046548105287175,-0.5768904207967496,0.40389406715476595,0.5935108539563845,-0.6832784362293689,-0.79304953713775,-0.225748249450076,-0.12618990487330062,0.06507421468187768,0.222314688180139,-0.7638409896775895,-0.6715351717307898,-0.42865686986009455,-0.6792419538102454,0.7065609128460764,-0.5718319072888065,-0.2711568239762834,0.7811110871588431,-0.3047597473603896,-0.6458322012575526,0.2451263509238233,-0.2649473702616112,-0.20427207743025533,-0.2990850150918771,-0.6807620515833537,0.16010710529068706,-0.657804852754946,0.8700169134940718,-0.3476627790185871,0.1965265725981835,0.16693040573864404,0.4679294909063043,-0.3921089787064578,-0.40602092333010975,0.5014117702625924,-0.003084609441763586,0.8371141732937186,0.5220078295319124,-0.14481248191041907,-0.6080597377525752,-0.09629576264554718,0.11128233234746254,0.41994051604092686,0.6458473678734031,-0.3022993212741756,-0.16515749789491263,-0.4157763455860628,0.016103377251235118,0.08679514271632938,0.8194930450876607,0.9902858361260587,-0.1260641602025443,0.16711398002657285,0.7973068604474332,-0.3534834582063049,-0.006676130203894459,0.445826739139491,-0.3568861616013721,0.12147318432977094,0.7231409902178698,0.8821248238033623,-0.8954860359979899,-0.07208179534857595,0.4593929018691021,0.16214042028126352,0.8467620652921606,0.7286112805770311,-0.8667590603316513,-0.2518876554683207,0.2823250741548169,-0.37396938180558426,-0.7253031600489332,0.9954721159234554,-0.33724538366749623,0.006158999448538038,-0.9944441123246162,0.745164426649982,-0.15049762632935448,-0.2441920793439829,0.22071161120413496,0.2346595727966725,-0.9072273247230371,0.4589617184617949,-0.9057806911296002,0.5533089086324594,0.37728345986349265,-0.1855359250417068,-0.9865439729001728,0.9039645735632098,-0.22051921158474608,0.014436151148714549,0.5644151541427356,0.6574258384636062,0.00906150596261912,-0.9366746885176609,-0.408498851921995,-0.16494059350759582,0.5260510662896327,-0.3395204395047098,0.7178480595145507,0.2592871284368339,-0.6744783069550573,0.2787962945482749,-0.6841965737862108,-0.33074025549320485,-0.780191910498699,0.5319066312225298,0.6269176933797163,0.1221551598982007,-0.6508835765592649,0.6340321402547155,0.44277027669112967,-0.46909107714981557,0.6402178761699011,0.9581278709651364,0.7576980269238336,-0.7311700150664338,-0.014781260817748665,-0.5130381386849003,0.9126716363272007,-0.8081520067622914,0.7425499304181986,0.0229898462300826,-0.4728890569491475,0.7059956263198188,0.2600904418768062,-0.36977054669899756,-0.8049097786612254,0.3458509534205909,0.895687525403591,-0.44840296552027903,0.5075844199280917,0.12061108050188007
-0.51920111879517,0.9696717939702701,-0.37370480263823236,0.795132333518044,0.9798336456073897,-0.5458985666707661,0.0004458407118519414,0.321514610846239,0.1409611494705878,0.2546305184958162,0.20588956300183092,0.228265342762066,0.5046452740809428,-0.13348563625827925,-0.30510385002433127,0.8879760853674648,0.8444966340333997,0.29025738906475373,0.20009553003768987,-0.32050482715438644,-0.7330591894667675,0.4309887211543477,0.3045520436696669,-0.3566135007267033,-0.7405009718026407,-0.9859714422920054,0.3860073394203454,-0.868514857467896,-0.8203705624261564,0.3347344443489366,0.5081283833856229,-0.08497531340378517,0.5322929928194033,-0.7549993234938372,-0.42573842564693987,0.21447414790499653,-0.5223669378466862,-0.1527387820093251,-0.949088714055254,0.08556846693396758,0.4359800084873853,0.8586385528798632,-0.8924026889427181,0.33890165392940186,-0.4363321561730389,0.990589227547533,-0.35554598860196984,0.5038334487305354,0.2702222444057498,-0.7960183677308048,0.3088156201285739,0.7997403688555862,0.9242928217230866,-0.8768074955344407,0.6937923536427304,-0.2757037041037147,-0.018496343984836905,0.5530846792433037,-0.5841263046603637,0.8221589874087014,0.9841425462194808,-0.28477773665739736,0.47080128301012425,-0.6639403836576341,-0.9670428675996439,-0.400624645309007,-0.9666088867797413,0.017848907483245746,-0.4111837921493644,-0.8203907776413075,0.027346658512459543,0.09068676273797172,0.8524377189461749,-0.18586821376475982,-0.4571332101483061,-0.92791924129189,-0.06957188923374158,-0.11411826053159912,-0.35113691793456603,-0.9303413822339186,-0.253469686048742,-0.7611385235995869,0.985285727484223,-0.7584055124786955,-0.9036867831086262,-0.5898765853344266,-0.26065974183508955,-0.10451522828444193,-0.06824931530084144,-0.9955454471363916,0.6721383311578548,-0.11437641339899574,0.567984038282348,0.9906150010090136,0.31473705027542365,-0.9407397212542712,0.7152305943036523,-0.19615419070905338,0.8163763086560683,-0.15246938784478825,-0.44881062041602626,-0.577491078370225,-0.2698993412215407,-0.7988480899954511,0.6342914930280321,-0.4748914571377718,0.724499576637194,-0.5900406482834024,0.6956650108240059,-0.37366446885071136,0.5527398405198474,-0.2799397321348269,0.6595421934796963,0.07619094803037019,-0.6797596740070275,-0.07395574842302022,-0.8768227742139318,-0.18154453362485445,0.23876331517904092,-0.7372003214628038,-0.7270711449405878,0.19809990881092232,0.31257040963201543,0.6412505116252367,-0.2226734971500366,0.34564037131351855,0.7823030092094454,0.19606219274734582,-0.13007621636364286,-0.9583117239040104,0.04743627674881967,-0.6437988505165131,-0.1505652647552158,-0.9611258356158547,-0.66058119071065,-0.5493681080025699,0.62851162369486,0.3160431554541894,-0.9457493733928468,0.24782019500140118,0.7359853723469758,-0.26912067841449594,0.1727137969206336,0.555317765232032,0.16707500978824585,-0.33134454561052884,0.5622327397664908,-0.5890103175654897,-0.47815782426445286,-0.47729206262811075,-0.6106546735395615,-0.30782227326495004,0.26953920216033644,-0.15375709235015322,-0.5909649658701466,-0.28295031835006723,0.733173214076688,0.38998046101851047,-0.4628569246492271,0.3854189974817983,-0.5145153443159869,0.08122407995866521,-0.05289507075251043,0.41346862209951984,-0.003975378413389796,-0.994563101038364,0.12232384854354561,-0.8228656257706732,0.5669160136925349,0.37702917836709604,0.41000476003837427,-0.8251874428989578,0.441715795255881,-0.5327014357392204,-0.05349471255980598,-0.34839987937491257,0.33700312579023217,-0.680327978604093,-0.5959264920091316,-0.46810119993793053,-0.6671506125407627,-0.8369246925488276,0.8104774719800372,-0.9750959028428128,-0.06937678339640052,0.516894366771701,-0.8034298100389323,-0.020655848037840263,-0.02967968923032238,0.20338555300622785,-0.520021420036475,0.49135848149494143,-0.029373723872563318,0.6259937676233687,0.2917623973032135,0.6833590643506053,0.4493099759309269,-0.616036151721091,0.8950189675714264,-0.6546459535306366
-0.8989765818337043,0.014980508956827565,-0.7165702703438792,0.7583799519267387,-0.3895260351609373,0.03811847111195732,0.31761793515265846,0.4326166546228922,0.7230504351564813,-0.7755691319149092,-0.018383018450331523,0.5526157301181225,0.5566059732702724,-0.8038126764389295,0.7614147850187292,0.1722580098101134,-0.04837813807414104,0.6062476897073463,-0.9312235146579912,-0.41817767959252805,-0.7175377358702428,0.7407398125635041,0.9832568708383627,0.1824079307475288,-0.9702806815012872,0.5634804795024853,0.2639946071263801,0.02242087266826709,-0.6718749831153279,-0.450013104604736,-0.8050055131530287,-0.9125751896723786,-0.7511943796399962,0.6014356282529094,0.30695661647872496,0.892644256122777,-0.5537013135574866,0.2536358801314711,-0.8086440080619097,-0.011151336249791477,0.3519293408955688,-0.5807747057461046,-0.9301678057884415,0.9739241732614201,0.8149620750438991,0.6792549094765388,0.4777188549573623,-0.05401394406000959,-0.658866743265188,0.4144189925021926,0.2782366140318071,-0.003969621312155169,-0.5540709309886547,0.8434686414513584,0.041111619997302284,-0.534715512268159,0.0016669506325157624,0.5201172107793894,-0.9062461393818615,0.25634133634834444,-0.33065490638211936,-0.6880847571313538,0.9119568754350389,0.3777617288605599,0.23253854242646765,0.10607107532050342,0.9985785080157614,-0.19191060698501694,-0.8373336480198272,-0.22924944828349192,-0.09663306163711005,0.2677461959949521,-0.16587581985997146,-0.9128867162144683,-0.7261927434055526,-0.7884610023580987,-0.7345622290994511,-0.9802846393427058,0.6795382913208148,0.31284569766360115,-0.1345846014547607,0.43806857819433076,0.27227177229300326,0.3356369110521329,-0.5738309265841008,-0.6952686037401787,0.15007907342715887,-0.7674571908063303,0.39222675927339345,0.7772712517343272,-0.334609284343909,0.2659723140847805,-0.7991781517137171,-0.5203569640090624,-0.4874266099331417,0.2114834543612043,0.08353704093499337,0.37737935749914997,0.9679560941742187,0.6409561869497171,-0.34755319316598055,0.17980127234137977,0.6397004509481772,-0.8347606980524942,0.6505144465959247,-0.42939665155508644,0.8809968022324954,0.8607954918366043,-0.486846367180771,-0.4568483580857299,0.82289476277641,0.16789935943492718,0.47057286789713904,-0.12164422659874208,-0.29639842667068406,-0.06761053439018205,-0.7065453580213601,0.7985614502958789,-0.88987195061379,-0.02100841327449232,0.5737675850744846,-0.38673043263509577,-0.7489008951352862,-0.7844787918363763,0.6732668185341373,-0.1761483366648473,0.13801481212870415,0.1736008972211991,0.882639754755494,0.626617794994633,-0.3488750591741321,0.74599059348556,-0.39788663001961355,-0.3896769669555944,0.3875308901215133,-0.2737903969736297,-0.38107464437467664,-0.863558518913196,-0.41518350334103826,-0.36359733104629743,-0.36585230924739665,0.406623019090008,0.023236524406179848,0.0216145744046794,0.33268283005377075,-0.2121925905646238,-0.24218667569753727,0.7291797104056843,0.7695578420200802,0.22075315161552234,0.7901357118023558,-0.49999552610173414,0.9624030751319872,-0.048681394332139805,0.11621046503999777,-0.6894889909559372,-0.5248089739809481,0.191904486684765,-0.5523804459443613,-0.1262677356167885,0.2187283578135688,0.8968593999631687,-0.319534193565957,0.053868356627060576,0.23049320600413536,-0.02464769058087901,-0.03257455087515293,0.998817222304744,0.49680778052205343,0.9929755544855972,0.47562512937161183,0.997274031669636,-0.49728158360942265,-0.6967785036082654,-0.4852287007035969,-0.6716638953159135,-0.3653258685664875,0.5251067577054367,0.5915384441837668,0.4331564784580828,0.7036198605158226,0.35479966119771844,-0.4498911536146668,-0.8041176023179606,-0.42405615039457745,-0.7251110050018481,-0.540836155792225,0.7299027421396496,-0.08937798568971678,-0.7075238072340644,-0.11090521071073134,0.8280010680681331,0.19839818005288512,-0.3089251933018162,0.6461989652739069,-0.9014061995898832,0.34958010989364685,0.7117964838385089,-0.5275839245141305,-0.530518284503211
0.8340682376127453,0.20826221342453355,0.32808324138841205,0.11106557999046385,-0.020884425371801907,-0.08790480778012899,-0.5477721101635273,-0.25435091317743685,-0.8060588688815764,-0.9987139473709772,-0.31705771511693404,0.05888681395634521,0.9353254681849381,-0.07992061427673325,-0.2872442352416231,0.8576992235492573,0.785089534302764,0.571155833888433,0.9386853935578146,0.8883740339631736,-0.6817656763270932,-0.8247813950859331,0.20723477424900527,0.6001959739298943,0.5418618286531167,-0.2608830797818338,-0.7998116653075715,-0.8781244522813996,0.04663773397602733,0.5304412023335705,0.12784304776535493,0.3781440940264402,0.03178684373555751,0.4199988345505734,-0.8133412967954652,-0.7550675435077399,-0.8005783438830363,0.9085076093918092,0.24070957705778984,-0.637311971763346,-0.7597900405985687,0.6358060820222855,0.42156016171404675,-0.5297035234375516,-0.7301938417549756,0.28505189719900303,-0.176523353826896,-0.6206004589725402,0.31604607281440833,0.17646298922907655,0.3118138446388421,0.9640209573382053,-0.32119598704465946,0.6215131626829402,-0.6090669902028605,-0.432415625991849,0.35438146373247115,0.4245739444910144,0.5373067050544882,-0.11037677336308027,0.25089098531874,-0.45922267361751157,0.657300053918259,0.7433795864150909,0.3499602219975284,-0.5685795070939674,-0.41791878419642514,-0.44593918658531173,-0.6080505873567597,0.253293051885747,0.5443104332143307,0.6982586835613067,0.7318135503592949,0.22581746645588985,-0.8379040557043456,0.48093047687097457,0.5257836499742652,-0.5500564856590078,-0.24763996611959693,-0.5568997392985611,-0.41321963596429856,-0.5451709925562214,0.3153188901509476,0.31066733295244986,0.3298849686674916,0.5298030966628557,-0.6585859610768954,-0.4910155463200596,0.005453113304332291,0.6780187125926718,0.4734789435327502,0.8455830437830045,-0.7623372242510635,-0.7292708295053132,0.8214279846088726,-0.66596742919379,-0.008482461878311476,0.6223588815285364,0.8848683176644359,-0.13665147223263463,0.20026890910668693,-0.8437786243878289,-0.707021857749103,0.7028362916631494,0.13780333085748553,0.006241989673010373,0.6305971541858408,-0.6416797865814112,0.5304724896376489,0.9927842807916247,-0.4182420871935608,0.24697292387414826,-0.6470360010925678,-0.9253662013910233,-0.23219785734206422,0.16581403655572502,0.6292964529557952,-0.2886750229694628,0.632234974295093,0.08086723402893092,-0.8294798122342806,0.867973294470062,0.13094939982164155,-0.01399227221709487,0.15252546007691548,-0.786517732944662,-0.18862008514587147,0.7089405643066016,-0.887308971118588,-0.7868330198641464,0.06972707880014917,-0.8947181050116639,-0.4479097381717212,0.9469638320928884,0.5028559586990913,-0.06645897868905637,-0.22029518993056674,-0.7657313843761338,0.7305903602608437,-0.555456025938627,-0.22207459602332547,-0.3209901177345167,-0.05729948926132633,-0.8157827850505179,0.9658308034186083,-0.9613041100560629,-0.22812889724565633,-0.17799611761568412,0.07488711698074657,-0.05704711584834432,-0.37548957408733497,0.17117288378965356,0.862550139216081,-0.05042675146866826,0.28580074365101993,0.09738117858963014,0.7152285992795613,-0.0979426358411819,0.27778190101746514,0.588332892821402,0.49017335017275987,0.09356931253497591,0.6038580076363305,-0.26779554034888875,-0.8509365638229236,-0.22318711538804248,0.7219767875590628,0.8517663356119021,-0.7856899622971387,0.18448579020697298,-0.8444242248541942,-0.682126668214792,-0.18590458938934606,0.964657244880103,-0.05084177893210384,-0.7318029205470795,0.6507563309850093,-0.8132576921679626,0.19150733446726687,0.04258951446759429,-0.9374285974512038,0.7409836084481967,0.9100606553944257,0.4401709599261321,-0.8945638812447931,-0.23870071540943982,-0.5350497895380664,-0.9507410025160197,-0.9258850904763785,0.5646579035276176,0.34679383478792225,0.11398757580967778,0.86536477766056,0.3529778771166936,-0.6798618307147875,0.9917701803506391,0.1515173190791519,-0.34798328159226233,0.6977193786187916,0.603036931057501
-0.32666748831092063,0.6336995326793315,0.4077297400296158,-0.4428592995656715,-0.2478812750795587,0.6234900068770628,-0.13500632938876111,-0.8155151412353705,-0.25883374580889185,0.7987553267950953,0.9043360925074608,-0.892884653712771,-0.2302452573429501,-0.5493868089467349,0.9980773292165082,0.8508415051284008,0.7787459981759961,-0.6828876013605232,0.8626048148277947,-0.11806359649885922,0.9763393100724593,-0.4887249106617473,-0.15172187310613072,0.733846297621354,0.4907120443137487,-0.7486344252919608,-0.18131220472586818,0.39591660323495304,-0.22031888255662468,-0.013978461859643021,0.2880322402747766,0.1760804356912915,-0.4450108736046161,-0.28867679841758553,0.5032087018390667,0.8793792153317554,0.5122570118727894,-0.41150920504240274,0.5136294688388634,0.38416807417922083,-0.2799566299114862,0.5634614292796454,-0.47855117961630866,0.9751447312134514,-0.26755822764375026,0.20857677534066,0.06480215568242564,-0.2491175342825962,-0.541177012290261,-0.8337868509086181,0.6839252850812352,0.9196699359267773,0.853895059200519,-0.9199966535776245,0.2936184136427087,-0.41989875062594684,0.5014639467537789,0.0231535229439499,-0.028362722508136873,0.8909928980784811,-0.8618104292671811,-0.1436025642396901,-0.7542772241238167,-0.23984849682642562,-0.3135543579675,0.7759694439788232,0.13230548207435167,-0.2589574875663374,0.8539629443276595,-0.8082644973361606,0.48431214152547364,0.4620839498691076,0.36370176550669675,-0.44008158427813426,-0.6328811607499756,-0.9903383092077342,-0.30541707541176355,0.35318372758223693,-0.4777729628432341,0.6812367981571643,-0.06937867982587798,0.9514590470336168,-0.8783889159001754,0.04935728633243697,0.6754828326114899,-0.9464995781894958,0.6091935263831212,-0.5180771896481138,0.054604228113192876,0.49670190169257533,0.7848263286395718,0.9720729962386978,0.28978511612681035,0.899172860747645,-0.1456826737394834,-0.358626883284588,0.2672955477511323,-0.10333379547213073,0.5310560854215824,-0.10209793486505547,0.1303089525095602,0.5224406825202166,-0.03376906722871609,-0.734028393783553,0.46730149228048945,0.8439510488811672,0.26409397394817,0.2959534076379289,-0.88434739811394,0.5373119391224421,-0.39352123121922866,-0.23081555172507429,-0.6648474067857486,-0.04513211061631939,-0.19282735116584004,-0.4883657755674131,0.9591022207550126,0.7724069606049835,0.05599962663356739,-0.8765384136617289,0.3855644448076183,0.8437365212011931,0.04499311539306872,0.2817499022782244,-0.1377826346844171,0.6041233015240528,0.8528153327302972,0.5259236889695604,-0.5348619363199634,0.5187435077366727,-0.7860152820713739,0.05987946697629232,0.08666729716259858,-0.19189271385348872,-0.12184023078622741,0.3493269946832738,0.8495864106145383,0.19071981700568297,-0.2537349744393256,-0.7849594824594919,0.9083784356002125,0.20489843045164258,-0.5551054972510616,0.8112065025618704,-0.6825058489522298,-0.4331929920207238,-0.035327627196494626,0.2914121853394822,0.2850207770270796,0.23381895711142509,-0.6913946350788973,-0.3275928173798548,-0.5672764116659097,0.7994900510534828,-0.9594555068461976,-0.9831114750525796,-0.7062093954058419,0.5935908797784153,0.9226851879356401,-0.2636948992541279,0.22487115324481932,-0.22869713320533513,-0.3636638958195004,0.6032141710277423,0.11898484598485393,-0.02830318583750202,-0.09520737743991581,-0.26752714508906217,0.629297810511771,-0.9168800627780844,0.4366561211002651,-0.2474590677573314,-0.5574813681244197,0.26241606503922354,-0.8697971509618942,-0.37647234191003154,-0.1852996159554512,0.5807813549807219,-0.7833000477883494,0.9155867320654509,-0.684571076779902,0.1287787680516823,0.9398084827736743,-0.4220525015744412,0.3155472287139709,-0.5773451860641128,-0.013866017340012027,0.06117230583669464,-0.9715821834265435,0.13658082158344564,0.44003537628254974,-0.6926126523441074,0.46001077848702865,0.5463332641585805,0.04862065453021325,0.18283638754737974,-0.9203948964052544,0.9205639972000332,-0.08787722769956408,0.6649493007302023
0.7692996119538353,0.5008418150011507,0.8992153362468276,-0.030923127711455223,0.2382175990924973,-0.7973171244706672,-0.4710425524099442,0.6670074680279299,0.18211919154337108,0.10377813078851617,-0.04781683087816102,0.39607406011414614,-0.048401739952776524,0.9421980475928147,-0.7888437215283173,-0.1677002489274677,0.1422357379593644,-0.7136224143589835,-0.3099274395463236,-0.6612139867195728,-0.3809440670344242,0.8529533005849934,-0.8313287490139234,-0.9675518427867276,-0.20057125930091657,0.21851648259316714,0.30363373182555553,-0.11495793654548137,-0.4158870123097784,-0.9967610747455968,0.37807983848377313,-0.8899073889406162,0.02726804040987063,-0.7354697082878114,0.2594392549333733,0.37812262449407474,-0.2035444024014883,0.48733827272875785,-0.85730583154889,-0.9826288762997464,-0.8124974667544229,0.05329483613979491,-0.3225353391998518,-0.5126512823883773,-0.09246532557882903,-0.9870536103900185,-0.875279846350151,-0.9586365058983022,-0.9876577270147586,-0.7006671912924212,-0.7190645168362786,0.44980317528127034,-0.6614518955016826,-0.20846865237350864,0.6575326207008576,0.7479424920497086,0.8878244998164118,-0.9163248938526063,-0.808403166459972,0.4903980051839143,-0.7562106561257897,0.9329729204212796,-0.8466899430547723,0.828922642665977,0.09211066229141696,-0.8636740932771789,-0.2423935746208996,-0.6081368358476971,-0.46278216352640156,0.1760441975578939,-0.9896176191732462,-0.23594112819591695,-0.07359638159915582,0.23199161169174132,0.8019934218653237,0.6861753473397643,-0.9206677699268009,0.9614655689877776,-0.4367750195581397,-0.3901689040756722,-0.836873757966131,0.6065613469501852,0.5539172588638233,-0.14890820936304294,0.6718913194458649,0.117285522070816,0.4873692415924187,-0.2743967158783418,0.1348395851423465,-0.48541771213696006,-0.7297628236993576,0.9398814427418474,0.18014721478364892,-0.34128700931564726,0.26224445381977857,-0.7569141770506438,-0.10786604663947452,-0.7829044898910342,0.7964856903901996,-0.030636012259712242,0.7352617201621234,-0.6881326911934778,-0.3464789501847987,0.7075969025704643,0.5733867856041959,0.19013260886781058,-0.3677090357714974,-0.9279327843776146,-0.6859022124691414,-0.44917048627808054,0.4776425683003873,0.8020998048186732,-0.8327430658863697,0.036510730734102825,0.9288199513072819,-0.7161558730016024,-0.34880084046973625,0.598996553769328,0.273027651382604,-0.899197513888258,0.3906321744114929,0.8950596354200031,0.23537681754119677,0.9418024618727696,-0.9960525634456143,0.7602693165932495,-0.4112014302365352,0.9367817230795565,0.30169655035958964,-0.7233632293502947,-0.5694609247877018,0.9297063555538516,-0.6411251987942266,-0.7692627957543077,-0.07410826341275922,-0.35931054819401176,0.006372622290731211,-0.004525304689647847,-0.7501052790304392,0.3725927466406096,-0.6114100939984124,-0.9952381975267601,-0.9667349100020541,-0.8198044793277188,-0.5872836468277671,0.6039651429291899,-0.7394831327446341,-0.5297883733232811,0.556294165909452,-0.16935827658157798,-0.1493769909187841,0.4640763966120156,0.6332691976761589,-0.4398507877108069,0.03612537509823621,-0.6655684683041765,0.020560871743567466,-0.021607673844107333,-0.9782449975759095,0.8240392684236495,0.22988249453575982,-0.9122059058968035,0.6681474581135092,-0.40143176001102887,-0.13520262792123416,-0.9374206409160983,0.15721987060460707,-0.22661356005939126,-0.21718484361524304,-0.10177457693750491,0.6734529202728512,-0.6507305865338646,-0.24331600916912555,0.26553431386737203,0.8946429162031004,0.4181172938449236,0.6979970698678615,0.8909447290114159,-0.3762267702170832,0.21988704201903908,-0.8598596318524279,0.9614894336080044,-0.916873302206122,0.5840179579670841,-0.014488799527156093,0.9679689320180918,-0.40438954797775617,0.9953671335481777,-0.3447092940671106,-0.4859366716827789,0.6609069402530823,-0.3585481548614793,0.0042591370449049926,-0.47062243919210744,-0.39063191549052756,-0.18592942738276097,-0.06445156839762478,0.4339328698305376,-0.7639239244890603,0.3757325681332164
0.800405884284972,-0.09959347380309458,-0.31085523668645876,-0.49066696811747246,-0.06882002201698234,0.49275975796600147,-0.5762026215253448,0.6846444185750649,0.04224911196412351,0.697818032864651,0.5395062299814715,-0.7079564342307512,0.5659800734646716,-0.6529527186479616,-0.06312069643273266,-0.24475903173908709,0.921728094226318,-0.4858827329250508,0.46726956269584363,0.2631493849982507,-0.743820063775489,0.722487543599591,0.5369589566296595,0.5408880382626924,-0.42071586875946254,-0.1433087335736587,-0.3892921158259821,0.25602282993699754,0.295280040183707,-0.6217905150021321,0.459078625292604,0.4401602302180836,-0.6893529647111827,-0.7997496299476943,-0.39949695417760744,-0.23050695038263824,-0.34728338186731933,0.7022994889689327,0.9299547011175255,-0.4122289514675219,0.7982412564070167,-0.5975084371249662,0.9801315300633282,-0.6555978062265984,0.9570085736375875,-0.7270993891325586,-0.5023245914927501,0.5789250873985641,-0.33419853861266313,-0.5106075671559103,-0.3017821403205805,-0.16553045042313475,0.618114458947054,0.9716936816648531,0.5483856165613394,0.047711232284760596,0.9265330990296494,0.5303566368727841,0.6319358999258933,0.5407300812643108,0.34168959213179106,-0.3934679090262674,0.8032604699491535,-0.7024820198932442,-0.9894055281103504,0.5744480785395849,-0.5578376376438801,0.3996796252540842,0.09435775877124186,-0.7739163607085573,-0.5344792632836779,0.27111796240100405,0.27765901977895857,-0.8535498709628304,0.22298000869137868,0.8003928119752626,0.34398110891778133,-0.03635770125961968,-0.9839419707760417,0.8284499840543593,0.753296540515809,-0.7696002285873824,-0.8420284337381201,0.4973897154932301,0.056655199944306345,0.27341664404345845,0.6754568689132174,-0.5762722481916311,-0.2926864736773196,0.21910828759262846,-0.679083979892525,-0.8533793670959069,-0.28362100503804966,-0.07470634765469408,0.4448431569256457,-0.18997805807175938,-0.9218952122799224,0.5515642026693419,-0.24725427922617338,0.7967217803022624,-0.10302263676395285,0.2751762027187674,-0.9546399210523979,0.7739663785572573,0.6405454984658774,0.2110059522569938,0.5711338037210005,-0.7257861924057165,0.7435066223513973,-0.258713482851473,-0.9230549386808764,0.877090060764538,0.11332501216917201,-0.8150451770108862,-0.9391448550751418,0.1564958968007406,-0.47039569474905263,-0.5580803004632815,-0.9290155896672432,-0.08113979565915708,-0.5494256147991678,0.5000299068411991,0.3546698149304137,-0.3282037914249316,0.13172005547732923,-0.7079280846347085,0.2864845605651263,0.25701794309462067,0.10721778882325861,0.6684261058703489,0.05228768547078544,-0.23470357263823494,-0.6046577254796135,-0.6700775940517307,-0.21284880027394903,-0.10947778199342761,0.47317760029921985,0.3899522668323425,-0.799084274653822,-0.38120825221413357,-0.8416783102362793,-0.8771898678124941,-0.3205892558592103,0.7190926312912469,0.005877775916319772,0.7064737361656221,0.7222606312593618,0.985003725862398,-0.44735756354364176,-0.46773016675516677,0.9535330677745499,-0.628101267935723,0.44241374574855796,-0.4163224230106448,0.18383950323970843,-0.938524949638289,-0.24720731868948342,0.9896605134129597,-0.48544602497612743,-0.2370720224289582,-0.7759653883980568,0.8809993743710569,0.012424062694649018,-0.5964437151889683,0.8103148151608244,0.012517852665193674,0.4919611821061698,-0.17394024882879755,-0.39907229380789944,0.44842608473247436,0.38105385810456815,0.4525196789960162,0.6662150668051359,0.8165591256415532,0.744145215319274,-0.2884719888522911,-0.4312277487420981,-0.050851490206051286,-0.5077497727029603,0.5809862253659606,-0.4143651055012747,0.7542425742156613,-0.7328343719771118,0.016599311659401872,0.17887275642637013,0.6022546414076653,-0.6761300913737625,-0.3896297911743829,0.6336837501395023,-0.08350291978577284,0.12784286671657474,0.88521423324349,0.08639982608717478,-0.6257288765047813,0.5952208830078762,-0.3202661820527404,0.38386881791200334,-0.9472390453802892,0.3024577638172692,-0.44086740685435655
-0.7557615187566098,-0.9811521006708559,-0.39958656376334845,0.18310267643760425,-0.20109042348782658,-0.7809684461196109,0.6593011593345939,-0.053553917325687816,0.0534918654221761,0.6004191678727491,-0.25647031949843857,0.1317418327765052,0.6724350698129677,-0.9373068254992469,-0.3072113329144497,0.40692790776410215,0.09278587073499911,-0.2313259849919007,-0.7438945475746712,0.48813534425372507,0.18911065424570728,0.6991748330735916,-0.5700934344989885,0.133036514198837,0.6024117207711865,0.8527771224000855,0.46196342758893794,-0.9832125599305472,0.4921131085108783,0.2576704903659024,-0.7442986271626622,-0.30718157085428865,-0.29750599053014004,-0.6093374551110529,-0.33065039127089846,0.31753360008153164,0.7327112799823072,-0.261535012717375,0.3863865465841454,-0.09113912518813794,0.6445669008417261,0.33638618508494544,-0.5636077507509163,-0.6485781547853422,-0.2824059999269526,-0.37708985265865125,0.06166986702967514,0.6805428786500769,0.6134039019338711,-0.7539739575850486,0.999626265391276,0.47617928406797394,-0.7660547783596721,-0.11018382979846697,-0.756156511745854,-0.5247679849410753,-0.5875221287483059,0.11436826282910717,-0.1774877437640845,0.7832268222270069,0.6646138364540253,0.2639569368415815,-0.7513367930516273,-0.826912919584017,-0.14251958460892356,-0.3819490177711007,-0.5594433761657087,-0.009056063206410059,0.09527764433021857,-0.8601667812822804,0.863619298762663,-0.5380395155600042,0.9018435282125372,0.7680242897356919,-0.5684971459427453,0.7920929893301707,0.3380944209322241,0.36171224094151255,-0.8323501361461145,-0.8871880037489166,-0.30037021959634225,0.641784880736552,0.07703399504130015,0.542537760378629,0.988516109795939,-0.3384071225938381,-0.6819014739754123,0.8172280413494939,-0.574150806502818,-0.1509395124606634,-0.4387575358285436,0.34663140444077456,-0.5957995525653277,-0.7506660307875119,-0.8351081495397559,-0.6915851384371932,0.28823539017833544,0.23277224810718855,0.8666724197475781,-0.1586023172596509,0.06706588955541304,0.4446963176678498,-0.04871008458204251,-0.41348130772754543,0.3332841648853282,-0.055767335274633734,-0.3389713301822659,-0.37101789977800004,-0.2059657326741562,-0.12052199557148846,-0.7264570884832802,0.3860001800942843,-0.12083105949578621,0.8879037312959219,0.8896925353067648,-0.927740680770776,-0.23234438336639762,0.2319153337595412,-0.7923168736090134,0.8664636707551805,-0.7431364208934266,0.46563630620424035,-0.3725417559473443,0.710525568399307,-0.20843259218354215,-0.34073973349670417,0.7224314253820603,-0.41738110663412153,-0.15925702027030897,0.6432197477200312,-0.526853677549052,-0.8013013189158422,0.8104866308539302,-0.8256982070231189,-0.23695852224851066,0.27443320613372335,0.08385745164321978,-0.3756480967355993,-0.9430293862499566,-0.22631900387230774,0.6860625613507922,-0.8012313914612317,-0.9174242408099726,0.4331402136860616,0.31265571393012226,-0.9804354650413052,-0.5089427269966174,0.9538804651621362,-0.5003539596530591,-0.5382089512833754,-0.26134837061608795,-0.7551888592561469,-0.34932472010003,-0.656560701957136,0.1893886574979864,-0.8220659877726324,0.6383045517519805,-0.2020461992431688,-0.6014598206393127,0.7900442043219913,0.6730393236907588,0.4693533899162492,-0.5190970182492627,0.24023953848422197,0.9095126902726764,-0.8429314993622135,0.3403185500350283,0.022337440984398826,0.36323024811316573,0.906466041072377,-0.38415837401535313,0.7395065307442095,-0.940689936220998,-0.0715885662178457,-0.41549776818508,-0.32614906408080446,0.3509260231749194,0.7948498273923483,-0.09854226204623573,-0.022696577476301716,0.8405606939048922,-0.7577881269417293,0.777283017240491,0.7973963978902783,0.6436586654308984,0.49654692150716917,0.5828766576398814,0.7356335982721607,0.0028525771195786476,-0.8058170169386971,-0.5110289275550857,0.5155364599082057,0.7713020945621649,-0.556617917725982,0.5705252431571328,0.7777592575881682,0.4115808968775234,-0.6062940800226051,-0.33496353839697424,0.46919312109332134
-0.07333386410025988,0.011293572390556061,-0.2405091314932073,0.7495214649405262,-0.09357136488516904,-0.8832870097929371,0.6545805470095369,0.7327287694299001,-0.9535435072111547,0.4381376950220277,-0.23641634840245174,-0.14648625188155573,0.8726864067696596,0.15115808905268469,0.34756379361634915,-0.9614384842573698,0.8729921335134903,0.42367287200663784,-0.14692543325009688,0.8971436775811465,-0.15827765296553586,0.23256365075345142,-0.2550955214181323,0.7190281129983747,0.4704973430810091,-0.7281098606364194,0.5264878567746469,-0.4907189980677895,-0.45771353146960414,-0.785409560076753,0.41827702909239206,-0.8717772337699559,0.3449761610034425,-0.9719997245912053,0.5051169818316952,-0.4800092399791722,0.1376094138019026,0.04077242737313469,0.029594553169424165,-0.5792997133977298,0.1661350546415834,0.5439270196523682,-0.8998318015467615,-0.9893085825165184,-0.865490160105026,0.3201748980045085,-0.6892368345300857,0.8033502923495268,-0.023460967754201256,-0.22504477750987983,-0.566538057756979,0.7747746043115888,-0.7564949304995416,-0.5689519388835966,0.35400507720895935,0.26280925632915997,-0.7098086703307169,-0.8375527476312965,-0.8098200186199944,0.18482739591153208,0.6135721090493482,0.11806370081020412,0.7120022491482605,0.907180258785957,0.06857169386557893,0.7504971862425209,-0.7428491846274732,-0.17336928349030134,-0.9945448920529081,0.6953253228177529,0.9101963203252472,-0.06928693149951859,-0.2759207568079247,-0.15803380691308555,-0.9840714916207465,0.02283278155305002,0.930430837272459,-0.13791837226161507,-0.12092777067908012,0.6843895959765729,0.4988000560570356,-0.7477187452987297,-0.7376651569275121,0.1942030904095866,-0.8269844303460216,-0.7426076280158096,0.03666217050959242,-0.5503086124650349,0.02073152523270405,0.8139578371643394,0.9740675663026186,-0.1925933380081768,-0.1270313957781226,0.5872577093461846,-0.8391501234845402,0.8962417913859335,-0.5981683272466614,-0.5875459300958201,0.6914996000273512,0.5355061412431421,-0.07821940033330388,-0.42071273074511906,-0.5080458057564363,-0.5214211445129509,-0.7247534586013418,0.9428190558120839,0.48766449822351454,0.3527345351901654,-0.14654799103580474,-0.6352688851443034,0.603021224508147,-0.31462649081871397,-0.5059239722422977,-0.016292282595137708,0.3184781427665695,-0.8747812197681106,0.7227335202496559,0.7562939245632243,-0.3590238327191191,0.5069096964217041,-0.15228260120687276,0.5479612549776067,-0.7794990035388947,-0.571003904996237,-0.7805764905249886,-0.6609862376928097,-0.8087217693438007,-0.3405679128790997,0.06960340877218951,-0.6114145902781478,-0.6556897679715694,-0.8139964063696878,0.4761294124558759,0.8901176779750315,-0.42534999368363846,-0.5314530762402343,-0.33250459993642,-0.6243410378443368,-0.43349873420221363,-0.9752495033501489,-0.05321990979962199,0.9834530292862003,-0.16836394599741378,0.2694061839759918,0.010023987903865272,-0.3484727524839051,-0.39695516756591465,0.48980279707570773,-0.14421147555341363,-0.3693931504403549,0.4177204408190811,0.07769155714526699,-0.7701992762791812,0.6946895254977277,0.7100236862007916,-0.02314594063653086,0.22958072991053724,0.11544964700227878,-0.6462132169942223,0.5162884164913848,0.7885752071428418,0.8109924841818337,0.020207130064082257,0.8788642658234875,0.9168070326905411,-0.44100919631996294,-0.9200281664749104,0.5579858772659485,-0.8838318255850832,0.5390550205875098,-0.3191168000357172,-0.5840047700652118,0.5282944390973097,-0.2415100876477887,-0.8922267474910353,0.40924769137433215,-0.16842333490823846,0.3866188290435506,0.2393183792033331,0.8395113561873166,0.37946624674035134,-0.5617144473565647,-0.01922427431936713,-0.46702146093315733,-0.04136137836298781,-0.016083269145896528,-0.5430549188267697,-0.8264426564374412,-0.32107247793278204,-0.5232910269318796,0.6032932626997518,0.6716758712542956,0.844283758127552,0.5536080247182067,-0.5021906753834844,0.7278390501622591,-0.825454860545527,-0.15213427888387088,0.5530709543634253,0.6540189221095105
-0.7293181626367995,0.4606677699826347,0.9549411084407033,0.2415455720469859,-0.1089292999866418,0.6777478960520513,-0.2666311052172414,0.528867053344845,0.8984895305792748,0.5466533756647374,0.7533975306301743,0.6359871998255442,0.2635464079567502,0.7340198939488931,0.7839337975812597,-0.5338071254789598,0.957920765517003,-0.11879982270361333,0.36020074020315684,-0.09170709169026026,-0.37721315254426124,-0.8100821221847594,0.7246707638406804,0.7919860480997674,0.3674000137848019,-0.49614615435938836,0.17081937892914056,0.804021211296374,0.4986938651213695,0.523831413864668,0.039543989092261755,0.9725018993707619,-0.8900612011237885,-0.9755150941336783,0.34253458555212757,0.8291754018569406,-0.9296534713764508,0.4714766032324764,-0.3293362001022502,0.5105941222778261,-0.6336465406812071,0.4720120531942966,-0.7732930493427961,0.7655412329081959,-0.6038053529339711,0.4597835678000737,-0.7295807329485509,0.9191534804585151,-0.8940415648942419,-0.8405308922482748,-0.9784704232641652,-0.20523714431274742,-0.43712450711224915,-0.12882654812449523,-0.28072318291002496,0.6850929103222214,0.0031200637235520023,-0.46644110270008743,0.01754942224444811,0.01642251757355151,0.43229035893026624,0.28498939606833784,-0.06599409094522946,0.0982150511740405,0.9760872618043557,-0.30068744937251446,0.0011407379169079412,0.40908018835372895,-0.016798919152940073,0.46492010175258747,-0.2889617314153492,0.4011410114314382,-0.04582080117907861,-0.802092801149594,0.7475977480231526,-0.8267921290084108,0.8347635263492685,0.20323228601541143,-0.41258276378010983,-0.8659272246464162,0.735056871356597,-0.8916782896068489,-0.24885148422559955,0.4169480637892422,0.8801131274837171,0.599836710472436,0.2772340881489743,0.14213747982730585,-0.2912988201315114,-0.9584977397485208,0.7206067390634991,0.9254863687714721,0.4454068210902984,0.4717912213777018,-0.5915606327614917,-0.7342067843388782,-0.013652612706873901,0.03349086585878158,-0.20458189558264395,0.040448872098967525,-0.14868294385077752,0.9423319050711512,0.9650298000341984,0.14260367341569058,-0.39665952107160485,-0.9645194855201968,-0.5420467974650178,0.8841320333669493,0.8786391736604469,-0.3380819401074866,0.2829535041498057,0.9920771129384465,0.7564615356453253,0.8317256590695732,-0.47694583097424514,-0.80671971630184,0.5098121042311146,-0.9213263730059023,-0.11403945091823964,-0.1859916541886535,0.6878122254489056,0.9969067246696697,-0.554089572787261,-0.32538206610409226,0.67831034306961,-0.43553454279617987,-0.2528750974478309,-0.1255146108114069,-0.5025834037065873,0.979012930846836,0.5062633390682267,-0.1648374667334307,0.3786950419940831,0.987650678012906,0.07988453314414246,0.5731161829024793,0.8837746178003174,0.359421634185795,-0.6708263195281148,0.4369994787959426,-0.04429311970267702,-0.397953066635542,-0.3653214394150992,0.04301661188770267,-0.15168226446590038,-0.1115589529509704,-0.8602803775149954,0.38950778172985046,0.1355968482590295,-0.1776477323336314,-0.2465000874945671,-0.7729315020168444,0.2733569881325284,0.7147819280052254,-0.3294569805261298,0.26204306365349694,-0.19194680823954724,-0.8635095060914062,-0.43851182280096235,-0.5466404559143914,0.7014929670168877,-0.31110361604337644,-0.6052433858140802,0.33028304451901147,0.024219656391906152,-0.6176620321876489,0.7587966666246904,0.11694466804126935,0.6698825305813794,0.15276291769424688,0.17208881248865993,0.7323022538821564,-0.509949416222268,0.8595191101191455,-0.6434954573192739,0.9695620523728654,-0.8989534820335208,0.039607074349560234,-0.3364576313349934,0.8452464795491852,-0.3763750039378868,0.9447549846576071,-0.940925808732958,-0.6492599058200834,-0.7919965240797429,0.35481262879317077,-0.9359751758735604,-0.19109359806192416,-0.4969431432586273,0.768907669837013,0.5964388175445974,0.44567038488760646,-0.5645416814442836,-0.5908857986488854,0.634499753020686,-0.7017928762537038,-0.8747874752826206,0.7688765470128878,-0.12034444326287397,0.6037551091995246
0.14468908158845406,-0.035305442346319715,0.652750125430948,-0.67510172955631,-0.8502860403114034,-0.039349872117277584,0.7647450487174314,0.21108594318565532,0.8541171947020236,0.6291762997760526,0.45436510365763194,-0.411345560437792,-0.7177806204286201,0.8929007447032762,0.21939724948488726,-0.8029077196856891,0.6312942371311292,-0.009976563814491746,-0.008540825659913986,-0.4648672112527199,0.5339052100983435,-0.8381856872359412,-0.31869478682605257,-0.8262104108494697,-0.039712551733428025,-0.32583014690038037,-0.9604285697334953,0.8663462920537095,0.3677128339921163,-0.15633915013158628,-0.839645069466348,-0.7124574739655976,0.37485523611854643,0.32487495044395964,0.4531346400646237,-0.45111676176217763,-0.22103107249037035,-0.8394103553545904,0.8006693932376192,0.3981913424115422,0.9476442580393247,-0.36202703279160553,0.22065890426031953,-0.21566207451075403,-0.03715310853859832,-0.4472962714597566,-0.03152841252811389,0.9781532946841804,-0.36717206349944,0.38023766176832274,0.8034752412025039,-0.1330195400287526,0.01488345020823445,-0.6741822684423273,0.5403114545804224,0.6953011038032049,-0.11659932864428768,-0.2559293851808151,0.5015493698202971,-0.07502032672570036,0.35218791491178303,0.9443949679003312,-0.7540436360547622,-0.8683310512420217,0.18146417395376657,0.9348242758955025,0.7085396750883695,0.3114634584152507,0.2101018993218453,-0.8272219375870487,-0.24063161430786906,0.4857551079731506,-0.9979177465162015,0.7253370248095481,0.9611216260412019,0.2738673241631373,-0.9971115421212053,-0.6574743442731585,-0.12289184961585753,0.7236163232310631,0.5497384095315063,0.47311945671808897,-0.3878317574138408,-0.6339229279390757,0.01154386982948874,0.6954145474764835,0.897996979891567,-0.9998441085309517,0.9387066812906917,-0.5611722527975691,0.09019721294907712,0.0014233535100047767,0.509428904056364,-0.15991112608303681,0.566186457381409,-0.4263165679032548,0.7961715303580559,-0.31902735183396214,0.12806976299757866,0.47557390625480656,-0.8246411732034729,0.5255932339332705,0.08103062830286323,0.085596556149933,0.4651676539139027,0.664247711062848,0.2021049507130268,0.02240516970404216,0.39390929448219736,0.20443905458329037,-0.6131791815343923,-0.6431676744266026,-0.5809594136223419,0.16261522682338736,-0.6662698927806632,0.10581607906486945,0.8629563957849105,0.002414233547574307,-0.9487324409459184,0.3700998009296719,-0.05912497092710289,-0.2556858812256584,0.9765891840739398,0.5850718392598484,0.06259480667172834,0.572260526696035,-0.426106239442835,-0.03177704356352273,0.38730291868768774,-0.22695687581859758,-0.3514051554446862,-0.9914866897465395,-0.7133764734765755,0.49448591401155473,-0.16289975810245383,-0.5897531953742277,0.8220353946875016,-0.7767507549747872,-0.7420681692645561,-0.6533912666736292,0.9569291243030855,-0.2587164935609869,-0.4826315928097804,-0.7237526302989217,-0.15687417398043024,-0.388182137124768,-0.5229388372270112,0.5955022778131378,0.46184113264640914,-0.9939532194734357,-0.43750907721667365,0.8119291859149949,-0.26026362228841093,0.47822568784456787,0.28859601085675113,-0.5351714775257594,-0.4270596091435088,0.1402198098703018,0.3189932399573403,-0.15210364130307408,-0.6453687824981125,0.6158999600662072,-0.49352648122143505,-0.1232137765218233,-0.9951181977773491,0.9600987815176714,-0.6955582975527035,0.3607167298612264,0.004629463842339643,-0.03742906508149724,-0.8594653001299215,-0.9020865389035941,-0.4898645830731785,0.05123585123614127,0.6909132557518429,0.05635502453112884,0.515785730310901,-0.4543288333236326,0.2579225668284937,0.3104852525522832,-0.5214224219647532,0.2060064649275013,-0.22171749751852565,-0.04332593674890073,-0.5107763758594166,0.7467466854577274,0.562859800292822,0.2793035987592023,0.5117072730578229,0.22562315711081538,-0.593867044958903,0.010945457155877358,0.44889381819842544,0.05396459171336487,0.6378737007017685,0.10783133674216927,-0.5794978357598155,0.43944237822990484,-0.20288497921818682,0.16170605705564634
0.05864159985858053,-0.30900422464720023,-0.7544793343604805,-0.10517625197181713,0.11457541392074844,0.43983613600854854,0.9335284611362498,-0.7950074834965088,0.995731180591779,-0.3028147789755802,0.48555575522855987,-0.5010506163146926,-0.9257098810202589,0.61653776210458,0.26995971207633707,0.6676195518797672,0.26361740552924884,-0.5287473726284149,0.08684009276208737,-0.019023310648735192,0.46550954329673866,-0.280181733771123,-0.7719875785743557,0.20726569775893533,-0.9498687926396645,0.8839878218831694,-0.4886968892278927,0.8295095949892486,-0.19224959566473054,0.33378820414797183,0.8591219068856779,0.8583294196324851,-0.6469806642196292,0.8174027776378954,0.5599720718979957,0.44939846323235133,-0.8849727579775069,-0.210778497700419,-0.6920658648372568,0.439223947439505,-0.18334866072735023,0.2623555873918566,-0.6298002222984136,-0.8236467555424378,-0.8868440918695424,-0.19168164669920795,-0.08618417768176356,0.9618635690849464,0.6130751486688839,0.07659347136876593,-0.17337867674488727,-0.11371514691876361,0.42400823874653026,0.40245366993179776,-0.03569897897189822,0.0655488222222298,-0.864779189477918,0.2176074988455612,-0.2822343460908363,0.1524534290708257,-0.4704606993886915,-0.1395916119012619,0.89924101214592,0.14831811032740205,0.13705569844951726,-0.5655837352126685,-0.27689827657442345,0.38430128225546545,-0.43874013359988884,0.33726639188030694,-0.6843358431076045,-0.4874238797979671,-0.2241725010074873,-0.8893354727449188,-0.5292308443544429,-0.6971485126069981,0.9678422295466722,0.3858441184794077,-0.003804487171686466,-0.2209357418092488,-0.7826468865848848,0.07309195807194269,0.5598564834244844,-0.7779389379305943,0.07304230069855233,-0.18228626617352117,-0.21309116361942926,-0.5770503708536765,0.16064133198776465,-0.9571233928171368,-0.5235637881694077,-0.2713406835236538,-0.05489384856093782,-0.471182652307949,-0.19408852087739192,-0.592213264116372,0.10146494728684563,-0.0484007482904365,-0.7051531850099446,-0.20652203767716482,0.399259008815837,-0.3543964619260962,-0.9775094916660396,-0.7202574081308213,0.8574970614447757,0.4138257697084813,0.6869814131650531,0.0162441082050806,0.4240993215823181,-0.2901817929048729,0.5495585184257732,0.5841603876395309,-0.9459673378029108,0.24383149760655454,0.1776042269612561,0.02192000193499366,-0.13262042553159104,0.37352439661091474,0.40001302314465437,-0.6779069187621993,0.39454458618046195,-0.46450946264158444,0.594811169452989,0.9778479086311815,0.3801726552310023,0.859552790622911,-0.8704079557771476,-0.46543334996189745,-0.9425931526652069,0.00644111269016312,-0.06566785651982676,-0.5530224540123256,0.44167008410930264,-0.024451995272825044,-0.453565847491024,0.6726882500513838,0.9026211171574876,-0.3568133974842682,0.9827967491999741,0.681749661172597,0.23724436112248504,-0.21649737506612476,0.4316307166442068,-0.025356002159880875,0.44319577393010134,0.1477442324936502,0.27201484806283727,-0.08695082154244593,-0.7010023122921138,-0.7172287002558428,-0.1414399250227889,0.7405080334462344,-0.2422750483384466,0.3499274713482492,0.5124053655567022,-0.3524951050531553,-0.5160821491935448,0.8996065413078815,-0.979044435206657,-0.006443798376494225,-0.7283774992791652,0.5503309870260804,0.48430149346417517,0.7121343440833767,-0.047492133939696535,-0.16105133585732334,0.7462301847878081,0.9793974401280241,-0.059259597003690434,0.7857130124102818,-0.12620558300921902,0.1260046548133682,0.7127709766853261,0.38375945446939763,0.7942383038875844,-0.7834580503084676,-0.2833097988319373,0.7416788422180585,-0.24532139824205967,0.18867367025452753,-0.9804608357397322,0.8612905656522218,0.03144338564405236,0.7454965572114685,-0.6901117300737876,0.9131507856517511,-0.9250373766130353,-0.31591810476251747,-0.9872077695330455,-0.9494053810455942,0.2237299063603837,0.5405846223959261,0.235556374253024,-0.8382445283095998,-0.3040383701630227,0.05948515064449378,0.8546649269221918,0.8558838601168928,-0.5619125684108621,0.17084346553235563
0.3233882063146847,0.7299007496781784,0.7332600840682122,-0.48772491039605925,-0.28815606320119325,-0.12774086983921507,-0.6345252661089951,-0.6370047758941486,-0.8081669315143345,0.48613436479238925,0.07216635324967369,0.23006806238205546,-0.4407200251998131,-0.8321575941214603,0.24380241038943185,0.547229253825698,0.14918594619065506,0.3119082165568192,0.8198736674669442,-0.19594723635898847,0.1993934541802851,-0.582780958149377,-0.8964095825185148,0.10326421378756101,-0.3663371289677655,0.16759798418205474,0.17451456058268966,-0.9168155866619268,-0.9734792955334979,0.4760164269700282,0.3476197088342319,-0.12929037812743682,-0.2613347663226877,-0.8696689454761302,0.678957796564428,0.6444445523208868,-0.5826635597467045,0.8069001303907164,0.3015800980519192,-0.8725950746561724,-0.719642467515234,0.7031897676688754,-0.41746154366379806,0.40986464629949815,0.004980678083412515,-0.7738529285215359,-0.09324470419522535,-0.618503988064794,-0.9502611057931802,-0.24848898384114237,0.5896348893810643,-0.541596266138257,0.06073442317940958,-0.8615009594649805,-0.3720601181337875,0.09045074046858148,0.7783307731029403,0.6107008683598567,0.1660121918096693,0.5154215481935267,0.7775943065449249,-0.20695231653814794,0.01062745714614044,0.9235439291473477,-0.5308651028954221,0.5616267866157503,-0.6258128948137855,-0.4262042782245896,-0.27876317285733965,-0.8505645915499562,-0.28165253926314704,-0.35916284645609786,0.7287328847078554,0.11926613652233997,-0.6204338856928473,-0.7863297526395892,-0.8081054367159362,0.3052237094699446,-0.8932480921942925,0.40338830246861423,0.09260467222162205,0.48858670888570943,0.0565842474588345,-0.15792285910324844,-0.4731110243013501,0.8714894734564733,-0.8640760399709786,0.946551893231599,-0.4553198373119398,-0.9690970242882384,0.7477785682948268,0.087226702925014,0.8808807705338293,-0.14426171253310383,0.9801139877416456,-0.08188867465579719,0.24441143528773446,-0.6265062555004348,-0.0008407437582831356,0.6889045378880216,-0.8971123890976151,0.9057939257138743,-0.493024639631092,-0.08528266391078887,0.058977387427167294,-0.9261336425505224,-0.2017788085257568,-0.6936490651214318,-0.9451023957446105,0.5717376608639904,0.4535184509649506,0.6673677619028344,-0.2150064409287531,-0.9864410670934263,0.2974509298692838,-0.3825341869560597,0.25229311572517577,0.7432104067216179,-0.27857722326348355,0.7181238248555211,-0.7229432338468214,0.7791285352088719,0.560103456270511,0.5572863031292146,-0.5576610279534495,-0.3309379510188821,-0.1659002692292253,0.25675099156759273,0.7195098903201296,-0.13446936255196595,-0.8894106023544046,0.9706569586690166,-0.27983941094437625,0.9690223984257451,0.23514868350058826,0.6688537822861143,0.7051423692818846,0.2878397013636298,0.39246676054250984,-0.14360202357427654,-0.030599660607775858,0.782622703529712,-0.5744791056799894,0.6088526170894029,0.1458679243854457,0.9347331709958597,0.16727496826975963,0.8534930587089165,-0.3832345234228096,-0.46689518949759434,-0.0766617037063142,0.7526827837072392,0.6866637407775964,-0.9166659309723721,-0.6186105262397759,0.7391716711581673,-0.8347018555714774,0.5814816768017277,0.5520864809531181,0.4638540436021399,0.8633447496236017,0.6160545922340355,-0.9634418399260973,-0.7505011256500103,-0.7238289496962871,-0.15482543548168826,0.5634514282940317,-0.00582007957627928,0.8185647541912635,0.5385803262837714,-0.3830369534001967,-0.49767125136291535,0.30463053625640146,-0.6633261579176828,-0.7985785145421367,0.6268146132282288,0.1617744423327161,-0.7384609812966725,0.2960697623570452,0.5238286059161994,-0.7326833421803425,-0.030077093094320162,-0.6157071442599451,0.2648041983217726,0.10443081124226716,0.5655767056227861,0.8967536070386537,0.577736724158056,-0.9851279465545497,0.812486380082799,0.0744827574993181,-0.8045224547877814,-0.47365194007762157,0.9564733529460521,-0.500218890744915,0.0680223542656011,0.5365145175951269,-0.9738743870364854,-0.38262260875289256,-0.5662645280330851
-0.6078261325090146,0.7641138312320754,0.029946929856760285,-0.4714616144735515,-0.693180400086616,-0.2711954501741223,-0.3602194874970408,0.9288188353014177,0.8146950833866389,-0.21462794521553086,0.5208245296996223,-0.9318551756751774,0.31679469285067774,-0.3326749813532335,0.10759598077439891,-0.9372511051651742,0.431058829431338,0.8148384922171372,0.15153614666452886,-0.3006527435668527,0.7610146358542398,0.5073253991487661,0.0889514552926911,-0.34474741713524537,0.6643463875720996,0.730316786356257,-0.8937264991869707,-0.8149405888730246,-0.372058655775207,-0.5582570331603658,0.0869968829672989,0.37655350187920567,0.6095092590459692,-0.33395772495781384,0.08091211477719695,0.11963509970464514,-0.9013531213793355,-0.038228817968155804,0.24198979089603223,0.8216506944957955,0.6004228781720935,0.23844629416463303,0.4479779291114958,-0.7867460429801698,-0.43590671002994275,0.061007514296046894,0.039234874715273316,0.6139408963093014,-0.30489391580662306,0.5153853869872689,0.26920381162457097,0.5742157524831819,-0.771698788476459,-0.41007500482946835,-0.14462828030671382,-0.8146864788442107,0.19324404981458976,0.18783036382682727,-0.4949262423735603,-0.09171181778306958,-0.9289328157346117,0.7353546296889,-0.1866541069938099,-0.2731163588907428,0.686830358825655,0.821398845248515,-0.21822279053634497,0.07265811492926977,-0.2759286419973599,0.7133444515432543,-0.3725951661609568,-0.33493828423404803,0.5545543264414969,0.2675828886774212,-0.20191034347069325,-0.004749209714519864,0.605345003251454,-0.1488812054163282,-0.2788455843256341,0.24143922164217324,-0.29560943516666094,0.19905340739414057,-0.6626319488479719,-0.5427335906694535,-0.43685437854002585,0.5477901368965097,-0.734448205933097,0.7881288945989151,0.1220924571496591,0.6694944266658953,-0.6379891606487471,-0.23760483519672126,0.9449788819160736,0.020744440648999163,-0.380549853832971,0.2924518005209764,0.05298502218916146,-0.21584047233024184,-0.3758933933835147,0.7729914212252382,0.0973340945948078,-0.5326061188594062,-0.5641532732199177,-0.32969675157224465,0.8809516885847557,0.3184135611958725,0.5037335486208825,-0.5984721468880421,0.31652136684607535,-0.8358707036085691,-0.6006776380951326,0.3551128354437705,-0.6060507842077627,-0.13805320689555,0.6304603384327159,0.8924811697643364,0.7933918089392711,-0.6722904371448362,0.013511304401301105,-0.050357353871171684,-0.4057914270949794,-0.08751897546604082,0.6608783539777714,0.5774387447750036,-0.1087707553683106,0.4962929960446232,-0.546674910637468,0.24118712378868024,0.6126567534685272,-0.7795130240531856,0.5273087826410487,-0.8477139829076845,0.3978678579932804,0.7354402155774225,0.11513036728619053,0.7622537638270814,-0.30751153048513036,0.09257071228511804,0.33256068746746204,0.04533612711964019,0.8954059024601901,0.6278589110577675,0.32305538947923274,-0.7597597656329462,0.2691794738943223,0.5025517540289359,0.39243547143755664,0.36160971962777566,-0.3911745844020478,0.05544691454511308,-0.3851102225931715,-0.45226137298926394,0.730511523062346,-0.6093879698204974,-0.04665407312687919,0.14941249234171017,-0.16025853001543866,0.4917119068965812,-0.30557418752720444,-0.3169021839009498,-0.029790228757702097,0.14347475484032146,0.6971874394352757,-0.23026904277942561,0.01357154396490512,-0.5141684600595506,-0.42166143264558587,-0.7013353656410755,-0.7513553636322938,0.012077406608770103,0.19464055174972428,-0.4785980532505698,-0.3735436934541463,0.170055775313102,0.898210252263046,-0.7479214625151027,-0.7910590563844189,0.8437778372967821,0.027743845555035396,-0.1360188836322167,-0.3774470605380582,-0.49779604366325936,-0.8666545009195703,-0.14815277092311918,0.5466105205882792,0.3416838415178338,-0.9040907190628109,0.66399096921211,0.3349994030689343,-0.49616045345606574,0.8202445971564025,-0.3914273633668226,-0.3491496263095022,0.9986610747195106,-0.01549150512970865,0.9207224897972688,0.6862968978169013,-0.9598590717260014,0.6379966193350075,-0.23766020517017905
-0.8087450075732323,-0.12924002199198004,0.34636914892757087,-0.2408012943732485,0.8902019157825363,0.9874618809907649,-0.2985936868028247,-0.05193060296922525,-0.6244217980627669,-0.14908148503944152,0.9435057568208463,-0.45974238206139684,0.44766599862414735,-0.8227396577357173,-0.4657405604168421,0.2585801853447778,0.01365675134657196,-0.968797376474037,-0.9884669261133199,-0.7774484072052574,-0.2513225900840401,0.2847072646339621,0.3139744841613641,-0.4018147900161946,-0.3103652581324765,-0.37674315895326793,-0.2831338182294669,-0.4404522391793082,0.7143027438308689,0.30301397083911574,-0.34621649187480785,0.5496050892684505,0.0852697117080754,0.7149531276923269,-0.23267928437822194,-0.9274349815295309,0.7441135714501026,-0.6503211767261157,-0.21191377302498116,0.45294836279578377,0.6898077706835148,0.034919903421606335,0.0701966175025901,-0.5175124869526149,0.040921472289858096,0.7698126892534407,-0.23476155358885786,0.08175829516252775,0.058925809561026776,0.7151908795297177,0.4270370031878974,0.9580719649102836,0.30427977271936735,-0.953605952513513,0.18902800387354945,-0.9370854429055031,0.8561035248262561,0.5752848880250805,0.4469252964412713,-0.2296643812138799,-0.4985177615227523,-0.993587028442285,-0.9562061926275898,-0.9862901810160232,0.34313362840682915,-0.4765678441879513,0.42641369586771627,-0.7512454588104256,0.22041454337051491,-0.9048438293989574,-0.8327120119536298,0.026490233531716978,-0.5384561090021884,-0.8944812561791204,-0.6452995167228486,0.27629826700891713,-0.24476967395605165,0.428994163791627,-0.7225811659131831,0.9976176240589976,-0.6333124165784179,-0.5865425499950645,-0.007508438498038172,0.665452039639947,0.22621682073334792,-0.3520471593849286,-0.47656032694654793,-0.5849180646815666,0.8335996515898094,-0.2283223138659385,-0.9103106657870059,0.17027567398657006,-0.47926803731431167,-0.5323521441722192,-0.5783114235494855,0.6867057404048149,-0.6713896480452348,0.515241203075625,0.31380252407306974,-0.26789560526347067,0.17941055008815132,-0.8951563542286725,0.5876120450524089,0.5229170969721306,0.7224298299732479,0.9227669232802023,0.12666753632184835,0.7772522447978545,0.5377349302951706,0.6869379486017357,-0.8069004685470647,0.3540933826355741,-0.30655972943673926,0.2291490076095708,-0.13131296193632203,-0.7098666366814141,-0.8815271163961944,-0.24031056726025546,-0.8761322242764433,-0.9489971159389108,0.12333058747876735,0.41317693082081686,-0.687329642965613,-0.48948127206436265,-0.9778576984903671,-0.3714885996324657,-0.48326977111808733,0.39843540254765397,-0.7710916561355816,0.7049175260477032,-0.41807930035698737,0.5822512666711441,0.21602129362417632,0.7092435224207982,0.40240714252165555,-0.13158094335813764,-0.16022119953527092,0.43437075688514093,0.9469225651161164,0.9560733848989409,-0.687219043103819,-0.2785881769030001,-0.42293091289371887,0.6528421517213305,-0.14396470724460064,-0.9157033501157263,-0.7456683585044988,0.504949594228391,0.1503503718806416,-0.633696464192055,-0.6213214170836128,-0.48049723798564625,-0.2799998096982135,-0.07500170753573387,0.8264172317983907,-0.6247465679381343,0.29255423839249306,-0.36161492878504853,0.1462500736208563,-0.2654345948098986,0.8093880051716023,0.13046454142367891,-0.6887808840567065,-0.8724070691918115,-0.03482542516692755,0.7343885971030528,-0.3558376703271082,0.19297378168676516,0.2453432149469863,-0.08315935201394575,-0.20370169928345527,-0.3706307693997881,-0.6752129418415818,0.6920021888158976,0.6205681638879721,0.34638556670132603,0.23585418866987395,-0.3337408751958524,-0.12871958014595664,0.07214112860168997,-0.14368433519523172,-0.18431762720015232,-0.30588701706414967,-0.09187164815921034,-0.5796485382276126,0.4703871906288408,-0.8434460734180811,-0.7447594906775967,-0.8572271429689442,-0.5510010027288064,0.5203275521515411,0.39965723403729436,0.03167138238270306,-0.2871252926286132,-0.5795663797705544,0.5540602755588788,0.5703293273109313,-0.6428911674961857,-0.3973874853962156,0.4741867260832491
-0.571035909287241,0.5855181714265902,-0.4229550111905105,0.5510241055167218,-0.33690710731562246,0.568322113962,-0.42292288595590044,0.012961037850045987,0.4243319724307453,-0.5378664341802641,-0.1501017527942241,0.04068267301595396,-0.5996062075804509,0.38626767884484825,-0.275965703268483,-0.25670360226044164,-0.42729581571921416,-0.928164264213188,0.7142362474246746,0.8764682761072813,0.3784974701538,0.8639362716010115,-0.3207539443242655,0.9289451549062973,-0.2960562249545553,-0.019625720445914707,0.3605542180686201,-0.42694318607816917,-0.2404474851492524,0.8911176450526279,-0.9574960032056812,0.5725592290245489,0.9057092298950573,0.44751466175927335,0.2806407446425312,0.6183793800009267,0.46973240349371403,-0.6967313740831069,0.4976485856735038,-0.05956926789870187,0.9249716752460293,-0.04835109741215127,-0.35821949816914533,0.7829266951292566,-0.9656297185191092,-0.9071512272288986,0.8200089793925813,-0.9222078949090593,-0.573324072074104,-0.959476259912031,-0.6409787105000799,-0.7948007923999225,-0.7202385781757745,0.16425611582772492,0.9223532432822628,-0.7867810252477745,-0.8069305738782107,0.6262686016786274,0.19262374210394162,-0.5510810891330504,-0.6179403937862558,0.11097385518386282,0.8224445471072714,-0.8025567194557597,0.9523600209737588,0.8709578687589492,-0.1814316985184108,-0.5386441405429079,-0.7338820038369269,0.48764042555000753,0.4930623490752908,-0.7724174068127234,-0.47183608532803545,-0.5941751016900312,-0.050389690601782,-0.3278487824499301,-0.9273024757702353,-0.35630518012290824,0.6694773676673884,-0.2144693957492778,0.08712155911136121,-0.11881861845043118,0.10089785605730728,0.6196006988322857,0.5315655742527077,0.9200163048274927,0.35798809118059793,0.27773437429893755,0.5231114418134524,-0.7991623102418457,-0.6427773025227033,0.07346548584868318,-0.6275940657303953,0.8127380486561835,0.41252682635393345,-0.2135114641461675,-0.3246135360698237,0.5861933271395787,-0.17095804794386948,0.3609533315989806,-0.5847534955702076,0.4345308301880262,0.6448974570050492,0.12526054241805173,-0.6234456287837875,-0.9298049974979941,0.7574767299406975,-0.31754901342940833,-0.8342711095873696,-0.09001564610985446,-0.6480232149324818,0.4064075730471821,-0.799606526583323,-0.4134345450887913,-0.3229071626417954,-0.09185914744404267,0.9760060003292899,0.11837359859913588,-0.06140612904667897,0.2776816603272365,-0.6767170186340419,-0.23809082796280245,0.7589561817370527,0.7576843383203142,-0.3405356492176195,-0.4316350516393599,0.97489153855899,0.16655890990381206,-0.9709139522532533,0.22391584157719935,0.23185806772223505,-0.13281830387071913,0.21406802502599698,-0.843399590258193,0.44851776023324175,-0.9750983643278059,0.3917257720333749,-0.1267465577208493,0.8759830231812877,0.9824007509943877,0.1390066828047185,0.21340622851566038,-0.565350388469074,0.049219905595480506,-0.7835294306489875,0.13897813853904162,0.29215863530832076,0.7738322897947196,0.2553269649766916,-0.41921590921342977,0.9400648447581907,0.8223892700968451,-0.07975379716049624,-0.22244724455908216,-0.6533491278516859,0.9264363744771342,-0.8330571264233451,0.3918689290008057,-0.9824412459713685,-0.7159601704914456,-0.8179106807367991,-0.3262975646096684,-0.011120098112723076,0.8256193448136762,0.03942459464857917,-0.20709356805634438,-0.564511345347048,0.8440321672161613,-0.09383420332159931,-0.3335273235385663,-0.5945995723333903,0.7590942006336696,-0.9314789156531496,0.009388413655448069,0.6298776059320412,0.20907195511210852,-0.1831983482421491,-0.1310335024949527,-0.13448246107567496,0.775141118991657,0.06608072473074023,0.6269141814013925,0.6666594109842745,-0.4628347424785728,-0.860805018411668,-0.22958174107125462,0.8275590101931618,-0.8812543941677986,0.3424888207622214,-0.18979536958737198,0.7264642543838644,0.5090513986979357,-0.39060673563519877,0.23150569577602376,0.6847476282962821,-0.5865096779605559,0.22727888725513856,-0.19485366740734356,-0.27267566793545295,0.5808782173719995
0.4981033682964855,-0.8436563757329325,-0.3201736010064695,-0.1221052036394199,-0.8672109296468822,-0.9096237282120452,-0.5901858407210556,-0.8899341076867662,0.32232205230802013,-0.7122023185946216,-0.33892809490456477,-0.1712992036120371,0.11444930614036375,0.25927538492966673,0.9793781128259853,0.5266504933040097,0.09601106320387309,0.21964942591436443,0.21580617411512404,0.9773146261534273,0.7352992373913998,-0.40121398562475896,-0.48829868582456615,-0.6777865262576859,-0.8003470709660021,0.134743798919587,0.5382820417496956,-0.6658636668058204,-0.7971583281632828,-0.30876690585611577,0.7396398628542524,0.8662530414493697,-0.1335178010855047,-0.15147612781901398,0.28539287997683394,0.522535190059169,0.5131878945912827,0.7907607482698324,-0.7850273765391658,-0.9109803634564828,-0.45492756295574943,0.3065610017515237,0.7456029186959228,0.4411189366707249,0.4565440837785426,0.2376529959551783,-0.7691306424593067,-0.7517401606115897,0.9281434759793197,0.49031046187621774,-0.4163794219176149,-0.28345364648762406,-0.8808322763687988,-0.302684560205593,0.33046686767329647,0.40807065728509717,0.3490008304452801,-0.041602065723429726,-0.45448351330787284,-0.6769047234911321,0.20281733107639432,-0.19692133502850107,-0.5616511138737474,-0.1707165352306066,-0.8556736575214245,-0.634748083773861,0.6074927212585732,-0.3935841701591787,-0.7286858212907816,0.38417926828475535,0.37863308517948013,0.3987224187685734,0.47960260306551694,-0.6433886694106385,-0.3188560722487883,0.19940391075889985,0.4477973788654319,-0.9737769984118634,-0.4215275030360637,-0.4929902847682317,0.07373693517384661,-0.8326863280899865,-0.4336492909813352,0.25820602888534516,-0.7235365306226631,0.3453905915810209,0.8581986363410619,0.3985891297728792,0.6450518180766995,0.6102908678448951,-0.19967152881737826,0.3026861300680119,0.5029371921083672,-0.6285113624899943,0.5869791032828624,0.8941459953118711,-0.1349813416136194,0.7122962203164098,-0.9616783772648776,-0.8042058266984795,0.2950325541038399,-0.7957874511858387,-0.6951739146313023,0.5666889396228036,0.5384467003371278,-0.22039404328272227,0.8714918085882117,0.7674438381129993,0.5586875195358463,0.07379376946576,0.21088641590183466,-0.023566022491438243,-0.677205636977994,0.2159609759129537,0.6841298113472285,0.17383756795426453,-0.9693861662239569,-0.1293564189362748,-0.5063254183836534,0.7335683541571423,-0.796968477502195,0.6612939936859694,-0.3636887427754938,-0.8451818812668148,-0.06163811174665801,0.29878492971099546,-0.5285319966480408,-0.12027633108383973,-0.729449619789243,0.6911665998441894,0.7906224459976163,-0.5215120092204568,0.19711586049135787,-0.9965916047784105,-0.22144739253175683,-0.3832402542513509,0.29434179120763493,-0.06457676346088692,-0.04280449567690359,-0.3088283903846045,-0.07848229735983892,0.5372887010543981,-0.6033751596929706,-0.8271667287894637,-0.7232855255085338,0.3693031238744009,-0.3533385808703742,-0.519747298551152,-0.9503756313414242,-0.6006024193024753,0.7373975543135565,-0.3266707368036028,-0.2344017092081334,0.825456586597352,-0.16857261551011082,-0.10992130989590798,-0.49715297048984075,0.8022834221593993,-0.6183112722045236,0.8124779199941643,-0.8601028483663504,-0.7992045230152869,-0.8171224356465503,-0.17087269569706054,-0.5463950990112385,-0.4186403455298624,0.07876951620819495,0.5791998012714625,-0.39772845569426907,-0.7179687110744026,0.3120145713144191,-0.6050049202604288,-0.26409028019557734,0.7666397722403206,-0.964764481887121,0.7610251282705247,0.22978806539407182,0.9936171353808805,0.28406208698718083,0.3062809250314249,-0.37763667566447623,0.13678163465110216,-0.5064717072833451,-0.2884339418864208,-0.23803751706193177,-0.3147654951216965,0.7177323970172218,0.41897580592577377,-0.1357940063455796,-0.8240833102590523,-0.1981213792246288,-0.16257216212648506,0.8139014796293687,-0.6084987025156565,-0.8330611177252405,0.8555647477728321,-0.35035748528295163,-0.6324978394055687,0.5097335076169989,-0.7286548880853749
-0.7215885388649617,-0.34973286558777117,-0.5673273379993158,-0.3824133647752619,0.3198976415543948,0.45035428087363694,0.6477384823068117,0.1911733366080255,0.524496385639003,0.1362521977979838,0.424066517586396,0.1921781576998629,-0.18734043307176007,0.9470460480172329,-0.0878484500157215,0.09956214189384838,0.9970457649425302,-0.55758743961862,-0.6474316698419296,0.3380514771852512,-0.00760348141009648,0.9585691792274389,-0.22487562456428956,-0.9869682944625628,-0.13356571959817298,-0.823331026082238,-0.6074422906394061,0.3841510853954786,0.5732475480151498,0.28132222706521826,-0.35307065724000686,-0.9181819683974384,-0.3836582264111983,0.9599185356530386,0.006073060696901722,-0.983314784116812,0.8930891819677624,0.7799486567678757,-0.9709309174559813,-0.20024092202148158,-0.716521598436701,0.2687888446589499,0.9172649262781769,0.30148286028717064,0.14224639706353748,-0.49461573210054266,0.731315598137914,0.3515229276754188,-0.7492612692651279,0.8970888198197995,0.25707074101069627,-0.5979866412113137,0.8571498306604033,0.8686797663210508,-0.6657365491321823,0.8651236616490314,0.46071180811733203,-0.6250052167294402,0.7474604160521134,0.8944117865948851,-0.47699961536806623,-0.3734166779943884,-0.43019772763998554,-0.22496051361489222,-0.1636422200550105,0.29574665344335216,0.5356101614394955,0.22240434521807284,-0.1330007988398485,0.318229545738961,-0.22026080668952397,0.2591537364647962,0.8539939401435872,-0.2271984875819335,0.02764426780250462,0.41851201943282823,-0.9904671029401204,0.575888486042565,0.3818387274811361,-0.5877526816636565,-0.7348170058699499,0.23009816966772934,0.12188496793283243,0.6048423788546808,0.4375505529366175,0.8984009941643163,0.6235672100578884,0.6597230501801754,-0.9976662967947771,0.28196293041107934,-0.16593239208625787,0.7219171447150441,-0.7587484478499431,0.13334495402585578,-0.8589779094366679,0.7134518862204893,-0.433767875684931,-0.8119546047284087,0.0801365874981057,-0.76074225741334,0.4694852301427759,-0.29062668349639065,0.9017620105025639,0.949343493816381,0.4780328279974515,0.5924355120787281,0.08944619123878872,0.1663217834911983,-0.34743928947025826,0.382097321007163,-0.20334462777899032,0.638255229871439,0.03087004841377139,-0.6321511590379727,-0.6846187268094499,0.0034568080070538354,0.13261841704525668,0.4213866800661703,-0.8567372961811859,0.5573537958358101,0.5066488088782635,0.13121947517396215,-0.23927458550727088,-0.8601299573121335,0.8712663109393408,0.2300262178439334,0.24129672170183403,-0.6200201785858854,0.46343601252656264,0.9063678227260994,-0.09640877652424784,0.19818924435932916,0.8222014687532373,0.009361585005938755,0.5937111807616784,-0.9134291347330796,0.13690832279522125,-0.6175392559938655,0.6279113844551802,0.7569029594997945,-0.5548535840868487,0.4718473963207026,0.9114161205684925,0.4734204387209937,0.6362812627725434,0.9205082768410431,0.4688550393460933,-0.8432968678473027,-0.9014676490825555,-0.062495571187561216,-0.9509669418421607,0.6859583206471058,-0.7220518901354975,-0.5312878359367323,0.0563267711598463,0.6303620779459576,-0.2747235501046157,0.14656071115133296,-0.33888628032459356,0.7443232360603784,-0.8052691266800385,0.3741322180523805,0.18507982233356746,-0.6918856802351545,0.9048771565436238,-0.07060549926087001,-0.7056647211760045,-0.9085805447489301,-0.5906944685798428,-0.25661017394102736,0.10689820572878306,-0.5548239912940722,0.1526893904945683,0.23457467072823657,-0.28125162321896835,-0.788872186858357,-0.7600651091738484,-0.5178102161515494,0.5290766804200551,0.2400943127656492,-0.005751523925388025,0.48279906018965235,0.838697311212597,-0.512707478686053,0.647412607988781,-0.0845361113307932,-0.6853319639115873,0.10258953260283343,-0.06444128766623525,0.9605515366436734,0.8843727489329563,0.6432503634150666,-0.5082720310762392,-0.9846217835721951,0.10271951130443768,-0.4139009239920466,-0.7395268441266334,0.5407543686507799,0.6196146886431413,0.5159370727515915
0.6722313822523032,-0.3419309839002518,-0.3908198884765488,0.37259754926291544,0.5924939589049529,-0.24639459939587427,-0.0809815634674882,-0.6040924933010601,0.7967817992409056,-0.6895504471650065,-0.9535542073529348,0.0556726465312567,-0.38115069753024056,0.3524918403267938,0.6887302779717697,0.2719277933055424,0.6189765269462235,0.22880948523046052,-0.7532775314508782,0.011477272257662818,-0.12191422073208713,-0.8992828104916735,0.6859283386195916,0.027865872966278404,-0.8740974782632858,-0.9798060989498876,-0.9905850363117492,-0.45663055423473997,0.8441821433138783,-0.5630980195848352,-0.7607193142223674,-0.4208470151062522,-0.8316614690541853,0.41091173216271315,-0.7676191515505679,0.9798333507100094,0.401500969530614,0.26594740805050754,0.18176285043673102,-0.501632751631391,-0.6099615391918383,0.251298045182341,0.9914139807417996,0.9973623969342074,0.5060834877476188,-0.4408709470710228,0.9189568510616823,-0.8944052328466086,-0.4354256200362423,-0.5219058715267944,0.7466461087883789,-0.11796463881703989,0.6515634185148818,0.18119341382521004,0.1407619797952362,0.7736726053072616,0.929475024431544,-0.7158330424702137,0.04016671003356165,0.9529259793697133,0.29972066378149265,0.5243744094075451,-0.7770491272779363,0.5681666494810427,-0.8270608831320256,-0.2444700212493136,-0.573793381766218,0.36771842780058805,-0.1830565510852562,-0.6422561515419531,0.661733643087999,0.03925078721310382,0.052464556197737044,-0.33911068764704355,0.7282259779372742,0.8888872547609561,0.30956620949050273,-0.14431304882997686,-0.7345702761333213,0.011872442122795368,-0.608376257270357,-0.9721050116579111,0.8004251530192106,-0.3597297298494231,0.42384762562410505,-0.4114988285830927,-0.9246820473238981,-0.04833724482471746,0.854400115590332,-0.6495749888659135,0.7060528208221069,-0.3307950705143856,-0.4644965660248057,0.43744557092044456,-0.7427437549810931,0.8622317444832017,0.5921549429604716,-0.5793303768875193,-0.30015456551805064,0.6049491529410866,-0.5314630819138744,-0.013862885281105575,-0.8534574807687565,0.5979033577236592,-0.17726489480031238,0.5747454729131614,-0.4439218086814922,-0.13254540546920723,0.6450219824974535,-0.45060178926714856,-0.04227505465761472,0.646200570316098,-0.658783529927911,0.8213071021403535,-0.8825988800480444,0.8034257754752745,0.5521002122588023,0.7747307595276363,0.6640980184665459,0.297766254857194,0.879803737080604,0.04283021051237745,0.7182115454035869,0.7140906255559296,0.7241143933078766,0.37028727115357474,0.6781158163911682,0.10182720970568893,0.0513030600729083,0.8314001429191407,0.6532814494460815,-0.8936402187682637,-0.42952635312107756,-0.9087160210066509,-0.6173590009524861,0.4910870845719737,-0.5000346021354687,-0.32430470535387146,0.5708603500134861,0.9433342724622922,0.018743964478499686,0.02049758422648207,-0.9705080971512945,0.5691822360557781,0.92368903827813,0.07570153644215516,0.6982236078468194,0.3864997065414817,-0.32680665807725573,-0.5443882672172327,-0.8368391782178111,-0.009642529235038166,-0.23490641422253766,-0.9018705763986758,-0.09402115501343578,-0.2059138035628143,0.1660159108053576,-0.07367276357596375,0.7922329102888641,0.1095013850330504,-0.4506954569992154,-0.06293202172839396,0.5429449779750655,0.5807143667322003,0.9166558696275575,0.0905637752519941,0.7075297924233159,-0.6024843179620685,0.9087140937415519,-0.5409045471672467,-0.002705549158248166,0.7963198936525877,0.4943432814732469,-0.3038293276006332,-0.822560623100048,0.29680366543017045,0.5257164201444673,0.433159340255181,-0.05135802578040627,0.9827489853154798,0.9797168765527935,0.1095023755823552,-0.6304841488918513,0.03431266791536669,0.8831859096045116,-0.5688578916529337,0.40860904870372194,0.3944907083819136,0.6771688835497904,-0.6546016289137957,0.2581388039284893,0.7115111364775466,0.6620172223365521,-0.3982145974343221,-0.53187225727872,-0.45194045066468,-0.4088719590137311,-0.2364196245806609,-0.07111521761827633,0.2535676000818743
-0.406655994852126,0.5928142268604988,0.12524399776307726,-0.5578701153349566,0.1592829962380371,0.6727841459311248,-0.9686000829826222,-0.9574194113941858,-0.8171256394573359,-0.09681534141609349,0.05190842926649886,0.4607715846458442,-0.5478435718008383,-0.4464831596657357,-0.9855357995453273,-0.4833601697684444,0.23691216653630898,-0.8214213152733421,-0.8267012357993737,0.25924848085319185,-0.5710462327848613,-0.11341223454388838,-0.2221267244380143,-0.21961666538514057,-0.046583309707717735,-0.22581403400240396,0.8596056268553243,-0.2245024936604807,0.44666752818133126,0.1127172668832217,-0.4647340051113844,-0.1724746031938864,0.5923593743163489,0.0769359122872535,0.823342474333723,0.591826701774766,0.947754547461223,0.8622597396271581,0.04441394640130514,-0.7470432738821076,-0.3809562658015906,0.046522988656591435,0.6666538400256683,-0.8582851214425462,-0.7888098875499752,-0.221531889228622,-0.21360824101615683,-0.720626157129939,0.561482299577972,-0.49117730711724517,-0.48781400835882827,-0.34686360702092633,-0.12013354685627764,0.7012814421043883,-0.3818227425446501,0.512071839887003,-0.6577407258310644,0.5817616317039587,0.5610458488867653,-0.1801507494828607,-0.6079400829952077,0.93012372260903,-0.6945652212857958,0.4143307800886733,0.16581235936851324,-0.18366801727400794,0.9006722369941689,0.9371093701199513,0.16842680688245215,0.8428314074061163,0.904265539489892,-0.04586406446088653,0.40166242655471596,0.7284987746733282,-0.863455669667162,0.24814473135139803,-0.8749283486771451,-0.8882132068461834,0.6037304757590385,-0.1530436130068309,0.6476578641985196,0.8433443810924823,-0.5144326863028104,-0.12425064840652511,-0.8002595946556978,0.09109000554336277,-0.2739639761048114,0.1095413204425928,-0.5690766447439086,-0.3083505255937977,0.8812224455206217,0.45329203783890515,0.8453281484646511,0.3104259975403689,0.6133719355490919,-0.3905491161134367,-0.9212108585385603,0.7288696159154231,-0.26762818256263765,-0.0868061618752276,0.6539218708305208,0.6080579334338627,0.6634041729051672,-0.3647403361160326,0.9228266827234684,-0.23180286799467287,0.8136867686055838,-0.44347578136864807,0.3611786131320469,-0.3689453691983011,-0.22048766285787158,-0.08489905156005273,-0.32965781601688704,0.5461184351549284,0.889180393697707,0.9422757935992234,0.64435964999909,-0.7193035328540054,0.8743935301028036,-0.9641020133410909,0.044618601929617085,0.31427131619591675,0.38517423477168755,0.2520083863506717,0.5360568548249836,-0.6164731716334315,-0.26555587992551377,-0.15447556241552518,0.2622931091440319,0.6166327176356929,0.6080064467817794,0.7683797837686801,-0.6351583546170501,0.4428755323797111,-0.3218543211035747,-0.30960974901278004,-0.15794034185735573,-0.3011214132863702,0.4228414552266766,0.8313247538611779,0.9754289519359116,-0.5247092517087955,-0.3055655826366934,0.6496816219001875,0.5961952601087845,0.026529321754165114,-0.4836926380468525,-0.9056588882136711,0.03144337859438817,-0.8688388391736077,-0.1377709109739147,0.5199983666715235,0.38239661806381053,0.033062156147190436,0.912565964328917,0.5036783368891755,0.6382488646040747,-0.5916911023816567,0.9074763230243652,-0.6778973550697056,0.20583276263206352,0.33088208497940386,-0.008030972776023493,-0.25270771657086843,-0.7384401734741683,0.7357564586978078,0.38187992110748903,-0.9933084686912932,0.42393380761805033,-0.5620017960514982,0.16587831890781302,0.13047592083216775,-0.5655746905565071,0.13020098229781496,-0.4388630538082481,-0.9051211290467089,-0.020023883397809028,0.6264756154267084,-0.1592618622676245,0.108289708335356,0.6674111744070985,0.839744536480886,0.31264939259361313,0.322780144703551,-0.9682075067455211,0.783416901589018,-0.9152379054481079,-0.3217122788332172,-0.3343432436021858,-0.9991905816189077,0.668183287262105,-0.09979162293273713,-0.023113801519933252,0.3451469203730526,0.6337265938649739,0.19556935200755188,0.22138521559395663,0.22116972589949313,-0.7139592516095039,0.8341600069545458
0.4709037334004542,0.12725603590811851,-0.4575317145748372,-0.6141920030872432,0.20926961092268237,-0.8639996978977185,0.18975840155333423,0.1507019834279124,-0.777160681540721,0.5300851791039483,0.5367247987044512,-0.16004933594328596,-0.4665556917990614,0.508351602267965,-0.6246283295692117,-0.7338364510451374,0.17350038751047547,0.897612294773172,-0.8409509150234644,0.4009455918349487,-0.22229510614900083,-0.10984823596821958,0.9334692578764825,0.7709303955207913,-0.08916729812061197,0.4187356003775289,-0.36343957207774813,0.19545283036005934,0.4317124772509504,0.3621729697368068,0.41321021764206467,0.8667384337380637,0.5771775123465079,0.377873292337807,0.24556632487876962,-0.28496894457029787,-0.45587324042147537,0.08051032770450517,0.2282258639058301,0.850271724758576,0.08838584615136114,-0.82414091122724,0.273062546026438,-0.8074215994751841,-0.7234827539649229,-0.34422514092296885,-0.6722881377499632,-0.11068933081264065,0.6451522182272895,-0.9291061556098499,-0.9236551256091985,0.06644306785819909,0.9489958952736055,-0.3243101100322676,-0.3240643137553181,-0.35578700259392426,-0.6739260961784035,-0.40941557522722305,0.6461283048134241,-0.8393054672558147,0.4855993084977439,0.5970903913514409,0.4917314033925084,0.44252289801420575,0.07331577737420925,0.3185268762880069,0.8291701731898427,-0.11619222884483782,0.9218665598589344,0.4312549288272518,0.7278889123347663,-0.797155347083043,0.7742928054031806,-0.7742045235612496,0.15399799050243934,0.051116592605427336,-0.8755281800294235,0.841917757367791,0.6758300917640248,-0.838614951091917,0.7513407046830609,-0.9560975864345964,-0.5184800732659849,0.6726142558964971,0.6311122723862477,0.5794783761793645,0.7169263856061749,-0.576411328433365,0.969780249705263,0.494292589641238,0.09165729081258767,0.52853383017799,-0.8496784428416362,0.7945845173397934,-0.966698686883465,-0.21917703484149542,-0.3760800737924024,0.06589694973029192,0.37465577911822123,-0.6079611063686199,-0.28457172452382795,-0.11990767826156579,0.5051600215578593,-0.5686750350810572,0.32639669124123816,-0.036956400935591605,-0.5455305839687286,-0.9051517173416803,0.32168885425430505,-0.9769808166936262,-0.38838228108724393,0.5531359210121067,-0.3802274853472716,0.3106053397061048,-0.43337577874237443,0.8057805783897187,0.9283942693658442,-0.642721893860398,-0.8743187937656731,0.4947169712431494,0.9700543588697181,0.7305551456716766,0.18773274603306245,-0.4081692105782917,0.20262027363527757,0.12425408391047066,-0.7965515034321471,-0.07900804576017229,0.435903037567396,-0.6236196002775709,0.5636402801069049,-0.055492958929014735,0.8639178723541319,0.14579225510942218,-0.8480248198645917,0.7407421428135537,0.14227045492583246,0.28202545535023127,0.9431050365146882,0.3040116994397801,0.6873268011124376,0.0019188798246645433,0.5973099741917494,0.8539141549310343,-0.44213884477622534,-0.1081683126185573,-0.8637008448634811,-0.9616205901400223,0.14853744763471344,-0.7637954489488459,0.5047081863825555,-0.5692274761982059,0.6799239717587384,-0.19206408069902126,0.9390793616025039,-0.36297298248950516,0.38623694178216894,-0.7340104867672876,-0.8864947560534067,0.9910298694106787,0.2516759871703873,-0.9326590725408417,0.0533462170636847,-0.3071013919467944,0.5162107931872604,0.7216076193799659,0.9478836909380248,-0.3131384495851266,-0.9533898230795474,0.6082950391591793,0.5303178318860007,-0.40436747261610395,-0.8526022680940757,-0.14712631923785424,0.6856593762838068,0.5368770417904316,0.35983880219219166,-0.9174739130569805,0.815107529973566,0.45413895620145706,0.7919563078341092,-0.006252447173592746,-0.13239075012867585,0.6038909388226912,0.8102471213096809,-0.6252293583491093,-0.6724711043594276,-0.09799664736812419,0.08135227215652119,-0.6422533419373959,0.842102386971741,-0.575774407916499,0.4010570052547009,-0.3591549069600668,-0.08103255883994631,-0.7649429329591371,-0.5463445090939205,-0.043782521652238504,-0.21516316082464204,0.4818878476153581
0.9332469544211015,0.33008184218995207,-0.6305262743710045,0.34354510655174475,-0.56691749166463,0.7820794840430152,-0.4415303838340421,0.9607540459608759,-0.6134038890766198,0.5521544984099314,-0.545147677540017,-0.0689829753165303,0.8469317776207261,0.8331471140036151,-0.15911231202582798,-0.048292732069868505,0.848015789255155,0.8710394706710003,-0.22406460545425566,0.09058167524913552,-0.5909881617015962,-0.6275261301206627,-0.7664859299717877,0.5247952236762325,0.010700617476082641,-0.6875813690040944,0.2990745153577352,0.12310613102202561,0.01658327836617768,0.1006294895434725,-0.929474370367692,-0.026578673104828532,-0.28199603443957333,0.7364474331374431,0.87063475379013,-0.12557411502048277,-0.3109692852250412,-0.32247627263149026,0.49963460026664497,0.09828903334910066,-0.21104528275751222,-0.4014025275902935,-0.824480939273105,0.3910620299245613,-0.6410283852064915,-0.7249085389309882,0.13564131024593395,-0.46927110275746786,0.0763207924578142,-0.7451205127319556,0.30502668942395306,0.3368558967037931,0.9053569490195377,-0.8175979495270231,-0.308256102436931,-0.6328206111933923,0.04274355606040792,0.9507198465596085,-0.5843998890185731,-0.7842683332192426,0.10153558055938539,-0.03891404673017651,-0.21338823079271552,-0.4808246494253472,0.2541311244362541,-0.45252030663716014,0.11957913491549799,-0.043110181910716694,-0.02955786226214041,-0.3988480501630052,0.8815246136127148,0.5551114707714,0.16838145920295733,0.31787174524456363,-0.8453027314838883,0.9378759264597307,-0.9635585368682906,-0.8653722476381958,0.0737635558671168,0.7051295902737478,0.9957734793355191,0.9082310620017575,-0.6418893263145431,-0.027097748612278982,0.13704821391338173,-0.1636466984654541,-0.8904630858468203,-0.18037951488247606,0.07872656741017581,0.5891483056833582,0.3397538420858828,-0.12381111580703008,0.4291306403688211,-0.43454961880406096,0.8386906709479831,0.9032737912112876,-0.33897763958501304,0.40580923900619736,0.3293580237108005,0.6827001918018831,-0.05866939522343828,0.9358098402027593,-0.19312026835317853,-0.7115171727102148,-0.860654318254439,-0.5815159192403163,0.5432582856262402,-0.33908131580586165,0.06254249395773526,-0.19061577532355867,-0.36401869696529254,-0.7734285392442559,-0.5345668630914033,-0.7347216596651025,-0.4138530359839099,-0.8565077978870612,0.717305529615907,0.42458560349445085,-0.7492862250115546,0.23151072117389626,0.2832734263204597,-0.031432962067029724,-0.9062060783558101,0.4974668000764808,0.4637678478683396,0.32186277969187804,-0.14558214970042926,0.5756795124418255,0.8414518779367457,-0.4930706406131302,0.6762374402561604,0.615542278484488,0.5666687308054852,-0.795030884531958,-0.9718469411155,0.5325062235886793,-0.30012639512609374,-0.5261453298616023,-0.1704346468580773,-0.9260120375898901,0.9914914205282879,0.6296652061897099,-0.33045283899319244,0.38401052157674,-0.67008138918911,-0.22468387621280006,-0.8443063536589548,-0.7325529714977335,0.9897817281759247,0.913609965153829,-0.25188576676177554,-0.6916478173691121,0.3161888112898765,0.4711249262257864,-0.27741067531313934,-0.02736391780919778,-0.09532479992512743,0.5878301705135529,0.8661889761039061,0.8391697006995518,-0.7705108019800557,0.08599515614634745,-0.720852509056259,0.881374728921478,-0.6401927745474976,0.5962217432802182,-0.07374956136046418,-0.7513230579712702,-0.5713742576165517,-0.838543243698977,-0.8996162852665193,-0.7137486475368784,0.49343863543900657,0.20151957152545985,-0.8970091338176316,0.4396325016734801,0.9509176095362646,-0.49196902747686266,0.9475184781219139,-0.36991083896843757,0.7073122163544048,-0.28018129696475214,0.3688780737800703,-0.506801392285332,0.3732972688256706,-0.5668079532730703,0.12080259890067246,-0.5422211306773455,0.21284930509763544,-0.6235297452301662,0.9885001132255613,0.4122570157025889,-0.8674183703989302,0.5840306702749325,0.26915997625954424,-0.16821450903673485,0.16029487269774245,0.45280125725908404,-0.4747299906063138,0.035061229004950345
-0.28334485608902815,0.025930190699319677,-0.9801358353440155,-0.4569223316007478,0.2008458154789745,0.6259680949730451,-0.00549892773755678,-0.7235814246888623,0.9609924224258868,-0.09368865352044109,-0.36872037484534026,-0.45424630110043207,-0.33019364734006484,-0.7166498232754162,-0.7859424069418002,0.29562002702889933,-0.06752018551033512,0.250258269066149,-0.48115819819621275,-0.4022853167001439,0.6986400426947033,0.05044210369306268,-0.30461498254590724,0.08361507918610411,0.22896381804751065,-0.9417904078677648,-0.8774310740887821,-0.201535285562374,0.6266370419874279,0.14733863319331908,-0.06525801830801337,-0.6031267795913313,-0.8906861123982537,-0.16665462930434383,0.8438343382562541,-0.14862343235291986,-0.18903448104115528,0.9695449073850875,0.0040730222420082285,0.06383518758417783,0.1324004022814982,0.10677950828820171,-0.6451092215485386,-0.4648171623362136,0.51829030067518,-0.22232005137322264,0.9176871474067332,-0.5149686771317312,-0.7153818498868973,0.05984511501073375,-0.4397006512181312,-0.7204178767303833,0.8577600425910796,0.15843817512464797,-0.6544863215307606,-0.38856955489651,-0.5086662071127246,0.134240714121024,-0.9114258499608743,0.03134580093694006,0.3708680582043782,-0.7135223576666698,-0.9238785925258839,0.9151290469153772,-0.8520255335981504,0.3116495027593702,0.9754434099567273,0.29085832364491027,0.015619029908712001,-0.8434678582815467,-0.23343607023912538,-0.442223861335983,-0.35058822794772104,0.6804344819214074,0.4301603643254386,0.33843066292870017,-0.6696598381363623,-0.5401410089648531,-0.9842984974202125,0.5327978661272692,0.7192241088456337,-0.09595469388129163,-0.04778925520496036,-0.8453849313484272,-0.8921114988490468,-0.9075180857532912,-0.648189244293824,0.9279641766156661,-0.13817682822668642,-0.048379402728075505,-0.4261219239214722,0.7447362909360853,0.01895452658773822,-0.42613143861541336,-0.6784710671580552,-0.0645942694674091,-0.4868280756375891,0.06387493475641137,-0.15557641875497907,0.9930810129020053,-0.5615246135349969,0.5528929093758006,0.6340806455238799,0.9784298719296101,-0.7193450597186462,0.9687607471935618,0.08951771157522925,0.328021553278554,-0.2920335261374465,-0.48491796489497796,-0.10681868023797114,-0.13066114547021757,0.7788175267145709,-0.5277594766747185,0.4939785950709117,0.09596287224969657,0.07612374684247691,-0.8456842210744187,-0.1543455737017254,0.4872716706636939,0.5241056433510403,0.20502856313831375,0.22553484767028031,0.0910545460659129,-0.722807716258834,-0.5879334942523502,0.823063748124109,0.36070045330082245,0.7585235100974046,-0.7014878190202529,0.9052956399387624,-0.2686213114551055,0.0028172657164944326,0.22688946902303297,-0.6091018209539605,0.23349927616717636,0.3786428750455766,-0.958079316061945,0.08691252946089922,-0.4655302597423223,-0.7447869193086813,0.5511070455366467,-0.34030408460843375,-0.9585251560363095,-0.17487400098842176,0.8060014256610555,-0.08546451481850781,0.6632282826271596,0.40692625455044107,0.46099969703828236,0.4392746635070923,0.6343262888122658,-0.6270810687296255,0.6836677387376064,-0.4926843807452248,0.42575600472267694,-0.3129083171420668,0.4722564194459067,0.8990683178439209,-0.3482403061675077,0.20497877841840428,-0.12378007070123309,-0.7937929297900528,0.6792979107823363,-0.2522726832587969,0.509462515910944,0.989949187863109,0.6008290279869357,0.6676485312948235,-0.5782195610237673,0.34755152525741595,-0.7389651045429328,-0.6853730173825598,0.6086533560704299,-0.3654136121066385,0.4504134476539501,-0.1414928304249452,-0.5383341376201638,0.8914567571842278,0.9328021917853417,0.056642477016355164,-0.2576361520059529,-0.5725486619957452,-0.8009083597741238,-0.9748788505745509,0.1450786592746207,-0.6152475199566616,-0.30760840244905374,0.3585945419216259,0.006849701881647574,-0.047534955512862576,-0.24397338643067612,0.36252281349071125,0.3901098490190231,-0.052911857515980376,-0.9310696894162551,-0.6253710315991081,0.26768960164405775,0.2118810289295623,-0.22226166269636694
-0.6314837469094507,0.49180240939104203,-0.6540129894713829,0.0995890614575985,-0.12227256873106862,-0.6752545397080867,0.70820731693945,0.908776951457591,0.09470330224947388,-0.02277063951763858,-0.13060191309662406,-0.17163533071023984,0.4747799618668902,0.5528778540203261,0.2750026778513852,0.13821481115094625,-0.012729852767938254,-0.2424807004830607,0.24997953808795526,-0.3742072346983769,0.42082224220780384,-0.9947171847798184,0.46787921612369554,0.2614132928401236,0.12639988693102122,-0.1906161209489503,0.26118094946964865,-0.46580488651052754,0.4902391383363316,0.9900612341049737,-0.5206351675764898,-0.17190496409615807,-0.6221870693392941,-0.33337948041845133,-0.9467602644538538,-0.8537127392037738,-0.8453856578164913,-0.7585436272223187,0.8676986841533574,0.01755080329761549,-0.9892604844797808,-0.9116942888418935,-0.9917520576702283,0.07516467380547165,-0.7199912044587531,-0.7443429531433663,-0.8898822313704442,-0.5284213553181745,0.4995997572960047,-0.9149702259631127,0.17287472240681678,0.15172273991262086,-0.2812799605208467,0.9717770631065648,-0.9014044474193892,0.14249473107365884,-0.939359720178458,-0.15066481556039557,-0.8582318745659216,-0.1060308349648702,0.6715918160852961,-0.9689829816745468,-0.8156813340483833,-0.05967325175806315,0.07308030398713616,-0.47287817584204195,-0.06842804216680776,-0.29510863278913924,0.13052036782874432,0.4420002564731631,0.5379350352551848,0.8091223759515462,-0.6170921688120319,-0.9120387466170681,-0.2156663623643762,-0.35160948249268187,0.47243728343979674,0.029794566793041044,0.25917361270866457,0.005317395404971892,-0.07590344969971907,-0.14078274698791415,-0.9225393655477594,-0.07031095105186624,0.8393965094812785,-0.7577615466010981,-0.9602055812086994,0.6583047954341983,-0.30322925667163103,-0.692540843952901,-0.38925428837969944,0.7408311864774055,-0.9687800944757377,0.6446320707687943,0.9040742993242068,-0.7467121520341726,-0.07396576129503063,0.6705921285035714,-0.878400505584858,0.38161102972919414,0.34462224467801206,-0.6910338723016778,0.8152311932352869,0.829775275111428,0.3220732952737091,0.8874581221858437,0.21683376749818595,-0.48567363950720144,0.5331331437186859,0.4863580810124386,-0.13746005449698417,-0.40043915239584926,0.07371965670113645,-0.242206566530331,-0.20690061489865852,0.27095623213603903,0.32027424472622323,0.42330667755516393,-0.17652990499100207,0.7138346871423442,-0.7597871083311292,-0.6683524442570792,0.010054816380335119,-0.9832824317016244,-0.9899058202721367,0.8079967176228786,-0.9729729170070467,0.3951742218396088,-0.5765448695414974,0.8815559292321893,-0.11280114556711429,-0.6172701947786443,0.02115905689032216,-0.021791909163247913,-0.8047582057529421,0.5158521156713747,-0.5194976701193981,0.6234577026708721,-0.6190454220945776,-0.6391137369383877,-0.3497619949716235,0.4470716557135741,0.3260489506291311,0.08437607720202922,-0.553964626443336,-0.03823838490995035,0.5607872869164707,0.8071343476240991,0.2843969126092827,-0.7174283285301224,0.9929639728229778,0.44135609619784133,-0.4628581504597882,-0.9111933392941036,-0.3153763819345372,-0.7627831478310398,-0.012376883553429696,-0.26184406188399056,0.07800319789669485,-0.15692111851737045,0.6293068742318448,-0.8429857188120493,0.3966273762507897,-0.8990736449399646,-0.9620038138749176,-0.29700706007396516,-0.827427553348971,0.9742848444369603,0.05934190596960387,-0.23757259305300038,0.2882418145497314,-0.4637400731507286,0.21678065884347553,-0.5225329157240828,-0.5695067997947918,0.9091492474990144,0.9141339555588388,0.01640362537970419,0.15579557545843614,-0.42965587890010415,-0.7432107568567943,0.9410404203659499,0.2842919480070174,-0.22217662686424489,0.8378171011115798,-0.5494144546062467,0.9182086485629026,0.9402845606106114,-0.304716547826541,-0.29803470259793907,0.0513969070887772,0.2969961765239282,0.006750367297496673,-0.2589256391186088,0.5446476390729333,-0.07814429210879936,-0.8029756404916555,0.37920140045866435,-0.7807053400730126,0.8579503560412536
-0.5532546529859574,0.44918163942641676,-0.7283749440652267,-0.6148391739844654,-0.8915596505210175,0.483989723585601,-0.43825691529190847,-0.4877585263824087,0.0719873597148748,0.2764078128290728,-0.9669432028323028,0.33524968025147595,0.26202667566647486,-0.8247207813776591,0.013106843335467078,0.42981973272531193,0.8116660963941038,-0.40332858484071243,-0.781707874698043,0.8819852815375036,-0.6460677442530038,-0.5484593039625949,0.9021979034386292,0.47970761775707427,0.9816131192919542,-0.09285908869006754,-0.868548788578271,0.7236002059268207,0.9185084694868095,0.9227608658194366,-0.5007926042595652,0.6819393019442694,-0.0256913056804986,-0.9239704598966771,-0.9055533495212287,-0.27729510974001315,-0.19674140149024155,-0.3080010817271841,0.5798748839539232,0.6524477238203843,-0.027219368771921104,-0.6323139299008007,0.15520705629817644,-0.8419719095971823,-0.9238691399395049,-0.6884117591618335,-0.22386419527190315,0.29456906986271814,-0.03900774616185276,-0.37289915355443126,0.6986313279656751,0.8485190827742362,0.1957334519248397,0.40724422952755956,0.4990359991828237,-0.13145028508920942,-0.9559293344515967,-0.7683425172353571,-0.13268805122020044,0.6415119079978506,-0.9786295054744925,0.9392763578805272,-0.2315545767109375,0.7277159965155495,-0.7993403064467961,0.6397189160737651,0.719501309933144,-0.6262581862412151,0.15440811410044142,0.7270845336758129,0.41228728022280525,0.9740077179791682,-0.3735755756100618,-0.13845526718763845,-0.5612519776665337,0.12417870475188919,-0.5250955220705109,0.17032169540299846,-0.35644887055140173,0.9772722452610558,0.38213745321961534,-0.603544114338098,0.9155365565695122,0.156506625784276,0.9638687512928095,-0.7307261153817817,0.2589476792773866,-0.18387489037972937,0.1577310725218939,0.032017166704585875,-0.1914222520578328,0.31853104345300665,-0.36047080685515254,-0.21061342141820516,-0.1360470173068924,-0.4993214770946246,-0.36568096787359883,-0.4502796709748149,0.1829224818854287,-0.23590582704110385,-0.44046664733434393,0.3681559289929355,-0.6549134250186361,-0.16790397749521735,0.654677015063428,0.13557915226911454,0.5200857009498128,0.32872858871774957,-0.323337319884333,-0.3137468318833594,0.5475965625137444,-0.8910587577396079,-0.6036997467315259,0.6661919556512481,0.06940370886119052,0.32773066614332125,0.4159346901146017,0.5541938462855638,-0.2635217546564992,0.25278371551392675,0.9079577214362153,-0.4920793511794468,-0.4203096387221563,-0.8062625867272373,0.7134879210930263,-0.921623967484277,0.03546670597773249,0.6856256609038873,-0.41947859553974665,0.1150478707971967,0.09266341090198482,0.842603997669261,0.7873092235322543,0.6675827764573727,0.8061850545767504,-0.11869529299809467,0.9770692909298024,0.8715649463648352,0.6913266769157833,0.6202353672396672,-0.11502648135909266,0.5667991818444096,-0.4228875332015294,-0.006598642722582815,0.6706382585404604,0.25261936798679874,-0.624176768397011,0.8794890635805694,0.0038883697837093223,0.8777322107093635,-0.8221313150806424,0.3242965709243604,-0.8279468730300101,0.948403306172442,-0.09616421661571173,-0.812408490192803,-0.9864665683223681,-0.4310194694480336,-0.6509837351252168,0.9285377102554617,-0.017122240785913068,-0.5624474668986525,-0.8679020777626958,-0.3781933587886974,-0.08999239270601089,0.9887806961195433,-0.7890309620838567,0.25325752218578734,-0.8672946467702047,-0.45601046623533525,0.056929349985204825,-0.964058387392746,-0.8756610001881371,0.5033314081335332,0.7529511127794362,-0.8195464875152503,-0.5224032840284587,0.6670306747881061,0.3744995242086695,-0.6629759859824633,-0.7651348668890221,0.6491044543319024,0.17753653255749313,-0.4894689185066674,-0.9839459645794459,-0.8126945238315901,0.6419159009641309,-0.5055289442142692,0.5744428302467022,0.2850786681580333,-0.6766701175429999,-0.2895493110939693,0.27247539994973957,0.7288106788182618,0.7596884828509867,0.1604445151984033,-0.06785813319890832,-0.015958399488944952,-0.7054884394024781,-0.4228234700887692
0.2902007169766585,0.42135941118756204,0.9011453880219995,-0.35539292726788063,-0.8490000588043325,0.4628637272076881,0.4832973909656959,0.8398309545256284,-0.14744231759197368,0.14681938125920357,-0.8026845548554697,0.807675863627803,0.27053032137955446,0.4887021456444274,-0.607872334027906,0.8242089360531129,0.8880220104499854,0.2420760804442177,-0.1137428237562017,-0.025226013601400865,-0.9110074649680548,0.9955151174892967,0.9253948865913033,-0.7914652780964806,0.030686340650705635,0.4842616020958337,0.3752564507529148,0.20651442088369443,0.39468889941722396,0.2179435752910328,-0.970130654190374,0.021805268352480534,-0.5515408482733315,0.8862275857056914,0.7760047187105321,0.6856351009887065,-0.2482521184154931,-0.1558774691628091,0.1331274877504387,0.06938370518470593,0.6065667536676462,0.16130038169920602,0.0869040323333532,-0.859037337666509,-0.24600704903651627,-0.1771422671749059,0.23394174248384147,-0.7636403831089278,0.45931148299303204,0.14813109999767238,0.13305772650697922,-0.6843452047004299,0.43421816793210444,-0.0848671515391386,-0.09397419282709207,-0.9463738251466869,0.6772420481199775,0.6236508583138025,-0.1513426051135247,0.569492360604253,-0.2898250154264097,0.8404589728283725,0.582507704145405,0.8526462843869211,0.4666718754800978,-0.25768575310895203,0.19428310468672327,-0.11536789441692785,0.9069958823882591,0.20092636210633774,0.8192936400171908,-0.019113891814868333,-0.03520171025483387,0.38373185195589743,0.5845853210348102,0.25331763188483536,-0.9686512643212508,0.8048992225880867,-0.36379370042691006,0.4647325547779102,-0.17704742365363124,-0.7337849260547529,0.3113120456188989,-0.5036260816403928,-0.05008011706170046,0.6757251158487962,-0.5520463799546362,-0.5223926711224722,-0.06474764984357084,-0.4349454985378387,-0.8133287291736147,0.32857933221603464,-0.6485750014483387,-0.0024840300919208858,0.0002187252691148167,0.631844615009892,-0.10240517478887412,-0.1064864062386115,0.28955013780404326,0.08924844719031544,0.8789094145310186,-0.47696419298477166,-0.19472201164036074,0.4877595416222307,0.5105426514059497,-0.6891797917879028,0.9461016127453667,0.9899820518172138,0.8777057857827921,-0.7294032563759429,-0.5029104617557714,-0.9939366185935044,-0.33546014854378137,0.5963214850248963,0.36087843120781105,0.16757537674089873,0.597834283539834,0.01583520360719093,0.7745279821016713,0.966272714203424,0.9663670169450655,0.5514585178522142,0.884859251326716,0.17684518779149916,0.633645643987008,-0.33266325626941784,0.5036741773879243,0.6339371278870842,-0.2032981869802326,0.513196948438766,-0.8896804971684897,0.04524526800929962,-0.5694240406428741,0.6284105432581595,-0.9362347507679893,0.1969085444795846,0.16422286220810456,-0.8631292010465976,0.3899309139297502,0.20243091558965953,0.4526513220392758,-0.16513626087610045,-0.6231532888861224,0.3244704551879831,-0.8337869592637561,0.48176905933076397,-0.5503038201789638,-0.3868758038639708,0.24930608389878284,0.12592109779471006,-0.015872041727872155,0.7858231492349463,-0.09174065287332911,0.27633041956950843,0.9431499524368367,-0.42946331886598665,0.4851260542422575,-0.02401919478109993,-0.7763950868955083,-0.12030883499268041,0.542576091861062,-0.4137089310638937,0.056862229574327294,-0.3676064486991426,0.17148683037059875,-0.5207835844740365,-0.5959205415473314,-0.2526816303972528,0.5751167233878545,0.4485003927102298,-0.9059696052980084,0.23397784308510294,-0.7912612346179759,0.8669663390707394,0.2622805341472365,0.558704252453313,0.5447547047107908,0.9279001422994437,-0.6430011799037956,-0.9783278032325573,0.21371102898473682,-0.672094396358085,0.32945796091083546,-0.8863871383164774,0.7808159249029383,-0.5068158784109791,0.6943435684001871,-0.25562919863243794,0.7060785799940539,-0.1523075632926636,-0.8762689521458147,0.3538339416052956,0.2393933397028325,0.02162187494475054,-0.762462370622647,-0.7775997518411633,-0.46447307190246256,-0.3327762675909385,0.22023934978647142,0.6042106538799574
-0.6826048982676354,0.7808740294735426,-0.04734786137979641,-0.8429800583413898,0.03143213490263874,0.21648302004220077,0.8674705575157966,0.9546261880152136,-0.7003014359999604,-0.8424603157893678,-0.7907305808010754,0.11050938937995469,0.29569504257426305,-0.9352889163318281,-0.9301061601817351,0.8376806424922396,-0.23042242066583385,0.736088006548222,0.2679833485168497,-0.052636485726802684,-0.4092720584586649,0.8765502717574769,-0.035050036026124776,0.41347954059783953,0.8225782228706988,-0.44234874237022925,0.6708310834158582,-0.30909849160590386,-0.3999350916197584,-0.8282178669189058,0.9721585837496838,0.9166678674120308,0.7187570662266167,0.8672098962138461,-0.31946958058808606,0.17401273660353223,-0.16994014689604664,0.9753292315460289,-0.3966113068759809,0.23939816783554835,-0.30211751675784404,-0.17867327621320617,-0.6132291104867098,0.3805086641967026,-0.236306411030754,-0.5346101595084214,-0.17586203344190499,-0.38453886644584623,-0.2007667521719052,-0.9618476621135381,-0.10708989296490556,-0.4108819922520224,-0.5824152927759916,-0.6412822917207421,0.6070124703209583,0.6944161750595741,-0.9971202751353201,0.9652348990240416,-0.8247364995893653,-0.26821544422205057,-0.20476363212393522,-0.0779385563778836,0.6141322164659728,0.302568039821995,0.22666082422439704,0.6883491398111177,0.2506385710796122,0.35732661902731655,-0.02911012608893815,0.2501288369161554,0.6445175833408168,-0.584071080912024,-0.8709871573904437,0.5935114971127533,-0.7005922455484168,0.8964454659267738,-0.44907224852506333,0.8730069314420306,-0.45058788700582153,0.1679593632344598,0.3701539459902885,-0.36730521595369825,-0.30780005578136893,-0.9509878222533981,-0.9653791238568294,-0.4690258622715642,0.9269204639071396,0.46974317367205676,-0.8482072378177996,0.0414731990886823,-0.9214465625953752,0.7744538542422261,0.8764521212676692,0.19714714815343104,0.20209997461918228,-0.48500781302181206,0.46361370986742156,-0.2720196381460609,0.5593217597042794,-0.5910906919124443,0.8351268091166335,-0.8284076742952258,-0.9309230104203836,0.23646452509594074,0.16569718873065864,0.7312485154416082,-0.1414750402283198,0.9071626364168839,0.808345180415426,-0.4394681009762096,0.505722526245183,0.9319445269770448,-0.46943769221984644,-0.055903334746874256,-0.9482488224970635,0.22002322317533585,-0.803981265785404,0.601678433391921,0.29422314490663415,-0.27525550054461556,0.8596377015959913,-0.8098702878680832,-0.23361587734782852,-0.5774575585255726,0.13309832924814646,0.46905401262813284,-0.6972011080560798,-0.5122496661806628,0.900624868284414,-0.21793275882190688,-0.36433801677029876,0.9934848728780292,-0.7318090219619011,0.10481957239651596,-0.27738638982776576,0.49357607640853374,-0.7605534477364588,0.9647098883148231,0.7256363617053632,0.21506211413192777,0.4165703548949684,0.957214513032012,0.4865255222937699,-0.720003984706659,0.5386017075775031,0.8202276643056072,-0.576177477797869,0.767601907649553,-0.14478260020631128,0.7419326937047794,0.5163062741161244,-0.7746504915902641,-0.5763040347185353,0.8472783862472912,0.3112886938839601,-0.6600765694938076,-0.27189148789736506,-0.17112731197668274,0.1410402221870588,-0.012882300464138075,-0.2000380140193494,0.36397030525355967,0.1461754208313335,-0.9842599855146734,0.2403399468919145,-0.8292382047342235,-0.05530316918127398,0.22587890846761338,0.8312738816014191,-0.7013249212928867,-0.5432043679664829,0.9658890769356305,-0.34745811574160346,-0.7542599849566021,0.4633093656534668,-0.27724744072171514,-0.8353637023903022,-0.2533174716347899,-0.29555062306269253,-0.6648626370452544,0.5087805620344044,0.7165046104849284,0.43906277622708645,0.4367144005164012,0.963220974118248,0.39611269278791217,0.2673605683740512,0.5428457151749735,0.4374881525272176,0.994656278353865,0.38411383372608743,0.1490226872814573,-0.7929396291604831,0.5867472208486166,0.33025497937840487,-0.8198849148147844,0.665230519013237,0.10122257718134042,0.06371725598263334,0.21978377607851884
-0.6536100644242759,0.07232582048366876,-0.7428290800716686,-0.42913247069469573,0.09480025114191304,0.6255260097594002,-0.8064872711870488,-0.6108179632515509,-0.7396563351468388,-0.02358451479809709,-0.5761324089290978,-0.13730998555906782,0.2851404292112836,0.2877143601564982,0.39283810497365024,0.9972175343562268,0.31948780475575034,0.283288500297203,0.756298202733527,-0.716978460983176,0.43327889088361027,-0.5645944341091207,-0.7218926555215994,-0.7236603311866427,-0.682565259097847,-0.13440701067519822,-0.0940089824059156,0.7414264165790858,0.4500805320566652,-0.2145137859516575,0.4922368985205492,-0.6828779080449707,-0.4972524031396546,-0.41278294708794916,0.9984179755504503,0.8677285242300623,0.555710010009111,0.882796195348428,0.08299817562273004,-0.04636918981118576,0.22205059241393332,-0.44494889291876216,-0.06880685265313158,0.39318996802387174,-0.1144381251296629,-0.37562808074310605,-0.4538224448434567,-0.844079896755568,-0.3116307339334152,0.17244135289709628,0.33545714217614564,-0.9327402206255475,0.38279620292394556,-0.6349879241636223,-0.30041378413249475,-0.6468130859877668,-0.5065538789025086,-0.7436017205106469,-0.4021875286723824,-0.4627602001613722,0.07520775131572277,-0.5361246574259155,0.4537374433012207,-0.7625971946603483,0.9010867563967107,-0.2619108212105259,0.8381301165396025,0.5069851212222827,0.30418398525366985,0.207347101711729,-0.03435523333945256,0.8441837252543043,-0.4723258242890245,-0.727418173596281,0.08748650229249955,-0.7582264282719935,-0.35551162557594473,-0.09906034130470642,0.8232312713255896,-0.15296515557277934,-0.3074460060640609,0.42642420531110403,-0.7929373129320525,-0.14239965470341098,-0.653422278356558,-0.9474452093131156,-0.6096212318632279,0.665488607415502,-0.11291259543776744,-0.7501759192489337,0.22526252069903374,-0.4294827647813666,0.852052293359119,-0.669970731709127,0.035987246786384874,0.1689312304050017,-0.7413686896912657,-0.7656976528690109,-0.6562053125255018,0.03769354330748986,0.5128389102943618,0.9561273705718651,-0.5246577411024858,-0.354556623824291,-0.15004488006911898,-0.7329816411712695,-0.8973350545754881,0.9627954000186041,0.7106668062071193,0.01742990576618597,-0.9573395740305317,-0.05213682887899718,0.00445624967955327,-0.9913728595678644,0.0030730443361264292,0.7952599999673629,-0.6579062193903604,-0.9279856893379634,0.6543691475596296,-0.28716470037496133,0.25223060123649343,-0.9921762995907342,0.40680214466949693,0.18676315655922338,0.5346125832825255,-0.6089397574184343,-0.3089917648026925,-0.48154956860670217,0.12980473163723483,-0.5768409662002345,0.45951204235578835,-0.020207243184445556,0.5570941206968567,-0.7385934056717174,0.6917454147237723,0.160407394338147,-0.6649479372032345,-0.8261737969107921,-0.9690819711197916,0.34513200690826484,-0.6643500451836677,-0.041613718901798435,0.12286290413874701,0.5959299376039515,0.6878792250322869,0.6750495949925936,0.14435191416432502,0.5793297971878544,0.6564973520116377,0.8005111593817267,-0.5047326038337019,0.5776485444956718,0.3826025546985823,0.4783904204884011,-0.4987073700373663,-0.5766476367587148,-0.13758026376553656,-0.9321043307776429,-0.6435821229109246,-0.6585265055351073,-0.9016689576067058,-0.9911190888929573,0.29759695332921066,-0.05278625127916037,-0.9357816575087741,-0.5340461063210644,0.5443912675105558,-0.7917693482232253,-0.7883977027688747,-0.30568173454369574,0.7924662438003627,0.08418745290879515,-0.7031570033179781,-0.23754674176121848,0.01250221595307055,0.7815949767639543,0.1240838586717723,0.17106570853558822,0.6436782416090983,-0.6766983128277961,0.34930476620770645,0.08270921299703127,-0.7658671148707192,-0.2837122070154052,0.5614557741103576,-0.7194201998991288,0.7202285902235741,-0.1667054606022662,-0.23362298365907308,-0.9091325846085561,0.9274450029810968,0.16676070724712377,0.437244869123647,0.9334088815692316,-0.42049103114236,-0.4386819911252431,-0.780815912741414,0.5585099673575069,-0.7800398115324925,0.9848140266941101
0.7961231032378175,-0.5305799483395286,-0.4086068595525012,0.8421600535634188,0.4413236750416232,-0.5037917126531435,-0.7483361706600624,-0.3121710030187952,0.3463164389393858,0.32606289948865586,-0.9572190827900267,-0.7886505254210385,-0.3678238004118215,0.15161629656066444,0.012279544462028946,0.042276392721826594,-0.5924777646500883,0.5201467905828066,0.3972980400220907,0.9716351414378266,0.8625063849257137,0.37542519631366433,0.08195738376818018,0.3207277719138306,0.25741597250459214,-0.8511839906094911,-0.3755189481698551,0.8790930508786885,0.31433102280479885,-0.6317353873036362,0.6453300823593182,0.6436242694703431,0.3797695750392178,0.7946662059391412,0.34631795616229066,0.8462443931035097,0.18984138606259227,0.7947283286455651,0.6063961756960012,-0.8365576745921426,0.16305108818441183,-0.1213661928251295,0.739076639041657,-0.006635486310525351,-0.9110657801072304,0.9697708202645565,0.20038430112988692,-0.8330770769460187,0.2884206727856973,0.489140881912012,-0.9058297241899353,-0.2669919105074299,-0.562106931185532,0.6295347246940852,0.8054717533190738,0.24814340693572978,-0.7711901273501554,0.8668849091262698,-0.640919563144517,-0.4685874430685506,0.9153303554417043,0.5065971707006534,-0.8266860191098899,-0.3589322487550899,0.9245813149453186,0.8618646196021691,0.2914408890337048,-0.13222029178641903,-0.504793736069991,0.8586307929489141,0.9668514081623079,0.2981221865428807,0.3334170463867083,0.0839407811504389,-0.8870578054281628,-0.7801690688088547,-0.31430096471459334,-0.7084478608033347,0.8031035661448467,-0.7682268453772918,0.6881602540602787,0.3936650681783713,0.5196951702270618,0.2413440466804242,-0.32399020177394444,-0.48642062250659057,0.418940780974318,-0.770645251513103,-0.7041067969023007,0.4199300167919704,-0.34951650095859454,0.1613163998097542,-0.7648151446005447,-0.5894221926811867,-0.21216851988151642,-0.220022597565543,-0.38905679361943957,-0.7600319642037594,-0.553942857858648,-0.5639949174371506,-0.0988979205299545,-0.4722781922937107,0.9824330026583683,0.4889409095140249,0.3998897387511551,0.13364341179754735,-0.8838136510464039,-0.7658479835722372,-0.7849530576944344,0.7941989065685722,-0.5039669937606104,-0.6707464280550506,-0.4525941485502496,-0.45724415428634346,-0.6821754517489884,-0.30533559958544854,-0.46898300997425824,0.8393839533412131,0.6460680772966232,-0.37152399003069814,0.3320537286079077,0.21570941247605546,0.3126687929197085,-0.7589764201382845,0.15854967366335693,0.0011704661537090821,0.32784480348733736,0.7174267370364156,-0.8698823304347731,-0.09973432722517206,-0.7744208969718982,-0.430002631656615,-0.5231246590509142,0.1582192563720084,0.8059937922721474,-0.9183966831489561,0.2829255297515916,-0.5729676742893701,-0.2656291186444506,0.42741136635193344,0.06767667763541874,0.1889597506064402,-0.9427614513833902,0.9907905799691323,0.23403661359541106,-0.9011863093895862,-0.9066305516914805,0.7568679909329308,-0.9330814636356639,-0.9885185000836976,0.17311503478693746,-0.1985447017367974,0.08186832209507289,0.20575609111463367,0.40303877317824366,-0.6235862980123266,0.9429560749501746,0.790309253195921,-0.8284806251888364,-0.05872360484148076,0.918909963344354,-0.6631102354920362,0.5984640923857745,-0.4238741395293397,0.52450406425455,0.6719473555681408,-0.5246919437108117,-0.9036309354460923,-0.3060301243824639,-0.32645568901410615,0.6373446371352962,0.13376462499915753,0.31096151391230675,-0.13872950854764654,-0.9588411373512102,-0.7693401864143716,-0.24898053038990509,-0.7794823488982556,0.15044857717390858,-0.11677522027720388,-0.24830658183208798,-0.8040980992070057,0.6090085477299174,0.9855789739793253,0.2106183046432888,0.6593063598703093,-0.9490442344500403,-0.23502124356984422,-0.5697202723574164,-0.002420048575053624,0.15843853759071624,-0.29226671620341627,-0.28525889347797007,0.06596637063770672,0.18789930922106723,-0.829811595004341,-0.2713598628682983,0.684473644656101,-0.13075485251522112,0.4658473538877508
-0.33546977853647997,0.7687735194668162,0.9291397369767047,-0.48847435535991046,-0.07555434174151965,0.02008676686875832,0.5860976151789556,0.5379235594059224,-0.17935182873591393,0.09661083689284888,0.4641600418718348,-0.9855490406012339,0.25545170787707705,0.5946634207697254,0.4829408609557455,0.7463696804030637,0.9865119457131828,0.41007987599339457,0.34324810263955263,-0.6483269772093623,-0.8381504476335284,-0.0712977939871462,0.2563569071213778,-0.5641198303866635,-0.018941407986139858,0.5530235994643193,-0.7586637070143845,0.4771647516462403,-0.7428408078911852,0.929637949442246,-0.6543957542320968,-0.3291665625907785,0.062171586517566935,-0.7720546113720648,0.2936467042656954,0.4334670131612621,0.2439924277406802,-0.7673399572757684,0.4754505819063699,-0.07327217729949753,-0.8029983061150261,-0.27479364199507206,-0.8092599131834723,-0.9410541288577841,0.9949740991423293,0.7193197200609396,-0.37788368572572306,-0.47348310963761,-0.06340689309334913,0.566379646955466,0.5929340268856944,-0.96113292781862,-0.4920790363875214,0.31690657053562843,-0.7221170245934143,0.9576934478463435,0.2165317601526333,0.7633929164900415,-0.36886655543811586,-0.8150735321100726,-0.3227820060160309,-0.4034815598351875,-0.2998748787483101,-0.3973428786184552,0.9694415098494593,0.1363558272209966,0.9564406096756248,-0.2942868458073913,0.1901715903125023,-0.8724671415348917,0.1472971417570177,0.8039587678801823,-0.9643242959632343,0.6901175836729647,0.9727206651851132,0.3185084567020533,-0.47073286729974284,0.3854249250655861,0.17494110698761345,-0.9570628950785174,-0.3929583738618041,0.289747987698012,-0.37747752881039,0.1429298136052286,-0.6600754611318478,0.48707938080461854,-0.25170945905635356,0.6565105484355398,-0.1579922683631756,-0.5076728082946498,0.8065267179173381,0.2300401398055576,0.6333782639501115,0.9017501296464705,0.48076929475504016,0.5883123067329328,0.9523122889524707,0.5875223861632202,0.34595169198742215,-0.08502507357778155,-0.19260191335716303,0.48607116047020615,-0.027867177775135588,0.4031398169956064,0.6936999895685945,0.2885284617171664,-0.6365280447288493,0.9347268766642052,-0.518780155423473,0.6755297627580719,0.5327034193391413,-0.03836712853276425,0.18745300909624496,-0.9818900614323907,0.8421339676113258,-0.30566749299174334,0.11483134427220953,-0.7950647622649805,-0.7380752969167494,-0.26246182982467237,-0.8832209587737476,-0.05440218094494664,0.10132561972415677,-0.1288785603085414,-0.3454068594780475,0.35121543403610866,0.24787630768879754,0.4698590414460866,-0.9023796636701193,-0.794137484299837,-0.721893087151724,-0.7074651500654103,-0.7604755049345289,0.5528558406002702,-0.1697451148730016,-0.5873655996241476,0.8156007916815409,0.29227593882282665,-0.28374983101770024,0.8073232236432946,-0.9975541668405166,-0.0777752697857137,0.25847518381742884,-0.10512667635976625,0.7183210017779074,-0.3133766899143082,0.009869919230575563,0.6757398977477935,-0.5919693838481055,0.585931330470224,-0.13079348059612017,-0.6201763401111007,0.3113703846064886,-0.4800831833816228,-0.7269060190755747,-0.09520827352369676,0.690519644055064,-0.989116250243296,0.3430326430096122,0.9750508810696226,0.6833403043574144,-0.7439773795927684,-0.5954930388016748,0.5492825783464228,-0.7347650581055427,0.2555124149784993,-0.8850878767440928,-0.6678572099760856,0.7244803744186654,0.368126395683839,-0.9138220954625087,0.6600138991698505,0.7386831003857903,-0.2018868852995912,0.4684333251248143,-0.9658531579248815,-0.09367130556864423,0.08908580130478905,0.5420562325286078,0.4368306517058207,-0.2556033399689104,-0.5351015759528743,0.5203485649454296,-0.31975639755118035,-0.409963448389292,0.014175448118464384,-0.35250751897493937,-0.1705629948123497,0.901845646506308,0.876787375485873,0.11109560551934483,-0.07851366192870457,-0.6133466409677399,-0.787004369845258,0.01811106888413372,0.0858528902177591,0.8665348417837717,-0.5264031702614937,-0.24260521996484696,0.12542449162409208
-0.7784850993063732,-0.6997757729814276,0.40731212303761577,0.8691403655249832,-0.17008453229945042,-0.27231229914368127,0.04183181325817298,0.5033458033670499,-0.24358656430247239,-0.6117873542090584,0.2230484069770451,0.4373132891527649,-0.5850161761828243,-0.7348533248754905,-0.807858252018042,0.5163165030203349,0.10416182447844569,0.5629211591705199,-0.9073090185768686,-0.9937518224767992,0.023793044029807087,0.7386843412130182,-0.8326393837955883,0.40156590675767756,0.7958286833586681,0.6575137277604355,-0.3275654541051689,-0.4742851559982688,0.6249366376306316,0.3463749004544414,0.7953995933211488,0.895841550904424,0.5068434084605775,-0.7991394523025459,-0.7923147299180007,0.09228623197130914,0.9253192229202387,0.38480337254749286,-0.41926778830264766,0.7097577549728309,-0.844094567460393,0.15008747150511037,-0.8552258969412678,0.8030764356868412,-0.4676941485139152,0.39468761845134437,-0.31627584055811786,-0.2685901987138679,-0.053100110657437805,-0.1260524580348823,-0.22355659413429962,0.1638325118304491,0.42269245351579543,-0.6989146121766743,-0.5967381833348244,-0.09737029920092355,-0.7934741064545807,-0.028983546453103415,0.49959694052244363,-0.9135913665867645,-0.3898596022252232,-0.2664209054415714,0.9430742037230708,0.3839165459333378,-0.7557175214281575,0.9590245480557529,-0.11127298562548638,-0.238745609752691,0.9589808711816163,0.6203698459070104,0.4422350219541398,-0.6545574336023563,0.9888861925276404,-0.9053843776139172,-0.7390652271372742,-0.4148980978424568,-0.6434727589925395,-0.5380567764057467,0.9192782260492935,-0.8168775081274113,0.9826678989091131,-0.37777264076483585,0.9760943683565491,0.3241375495522958,-0.6147707889085747,0.5988563277204011,0.9122426911263168,-0.28881101435256307,-0.8310527680651607,0.19868355427036644,0.24041185456006886,0.2537639847949127,-0.6802982849204315,-0.8691222508838554,-0.8625785959253889,-0.7330293363545552,0.9773093404413431,-0.6766164833019557,0.5039170063228138,-0.9825670594210105,0.5870632674294274,0.2310476739876055,0.36324479547755084,-0.5753650855208161,-0.888904252325404,0.6236868123882964,-0.14207237019309304,-0.48667216113682144,-0.9050657207612027,0.9023984479013778,0.3968027500621538,-0.766779948358306,0.5461960150812903,-0.002673329112311329,0.5189101671420042,0.3867831358773788,0.9976998604176504,-0.8496799463017111,-0.8444138759356496,0.225104687637123,-0.7705450351404706,0.9115020734225165,0.5319607445956767,-0.21527829712826918,-0.9038987186444098,-0.33691084107846647,0.29659943168634184,-0.9063628120520724,0.1708031645478214,0.6561037210682705,0.7969642492771027,0.06968614177054766,-0.198991690426076,-0.307202173934189,-0.9582621872389889,0.09661660852824139,0.19434039828653948,-0.5788807947609325,0.37128991831694136,-0.6368367949805178,-0.08125020902575741,0.41204282311880513,0.05859613761449256,0.6520405497207911,0.8116802600422584,0.47564266026645496,-0.9836791430931597,-0.3189299734050526,-0.5710660043152542,-0.3849953373095598,0.0576093873947332,0.08878645102492455,0.8574504408571253,-0.016567486927620667,0.9947040291013309,0.19713836635803306,0.45021660195077806,-0.12857560281608227,-0.07469757686380563,0.5887035786943098,-0.37108623516755457,-0.5733232860002195,-0.29498432632388827,0.19224464826242138,-0.6716095573584884,0.13363741487284697,-0.4873766984983594,-0.5279340034341022,-0.8541523938448627,0.7470902898338783,0.5424127920783481,-0.3150021480957841,-0.5270843467240094,-0.09284546581453412,0.16393143986752734,0.3608535374782462,0.7423013428909793,-0.8683877743909649,-0.8475609957246499,-0.931873161687417,0.018566165348361086,0.358080458736332,-0.06901772999567424,0.36140149755071027,-0.7589125997123651,-0.6837312110513583,-0.6732916502135573,0.28582581451042555,-0.4668636667873358,-0.45795129784414046,0.1459569602954529,-0.4208506155247165,-0.09180213825356676,0.6086645374842297,0.5930690810393671,0.07173569953093484,0.05051465861652038,0.570326218975366,-0.20983918341543695,0.23855617331060275
0.7440924456003861,-0.3792213603673382,0.9412804443921179,-0.8392480656557118,-0.47504812215084025,-0.763893326680047,-0.26403937543230094,-0.7191137131953262,0.4858761368159208,-0.813898514856038,-0.7349859866584232,0.43580104493283756,-0.04070208871043257,-0.5611650615486325,0.5785999831458557,-0.8293632973757619,-0.531386168248503,0.07015063061785543,-0.11865200991600378,0.5715327900890144,0.3262514531099414,-0.7694738366927809,0.5322185625479474,-0.5768765697872769,0.20215943979615525,-0.354859094859183,-0.2661625036628754,0.8476636402479099,0.27494448304969765,-0.7054133132648168,-0.3298828344882525,0.14219697979508172,-0.7764275396471534,-0.5840020859019377,-0.6544167274405899,0.9276737423314854,0.6482017846890895,0.5879448126047391,-0.11719987334984738,0.7214247832776108,-0.5645196577865812,0.8876216056974002,0.9250806372819431,-0.0782788759226043,-0.9472194576085078,0.7058732898762143,0.2237390685801266,-0.5722857824664269,-0.19933275044996068,-0.20972794054597665,-0.8982637269136042,-0.04224562132863441,0.9371082625867753,0.8955057593003397,0.12633142047751855,0.6334671169426189,-0.8255760258322482,0.31860252891725716,0.2811310527055728,0.9037046311840904,0.09801021117905506,-0.6835973632783101,0.8696967614303264,0.1288645241132329,-0.8322903586911423,0.6811171430532794,-0.5784655528760898,0.8363125432037617,-0.35908034424252255,-0.1151758397187268,0.2448141053373003,-0.39322040182023166,0.2771257004043166,-0.35631176323107594,-0.9781993424408648,-0.9263866485475449,0.018868001088002462,-0.30856197932476626,0.369373561242899,-0.46975594141319954,-0.7337753555088291,0.9383696988556796,-0.33266248710036694,0.539115771357453,0.2692009718266182,-0.6779203106254543,-0.06104183294261212,0.8767200664613892,0.5070770888429343,0.8519384885140793,0.34982933792531523,0.7510905074400764,-0.645696918520906,-0.5399128523763783,0.010798421922350254,-0.7537453329805099,0.8015712545070119,-0.46173979533098053,-0.2747986255655481,0.7369960371492885,0.9727193616465795,-0.8334331257721612,0.691759032891631,-0.4629044742469546,0.20507665652620366,-0.3140928118884285,0.30038940958639215,-0.8606207475654346,-0.48081747613955717,0.49918422419472264,-0.5117759027467128,-0.476780603506481,-0.351344610990312,-0.33271286189981986,-0.9933940903952909,-0.749774088629483,-0.7154398539693172,-0.8532092883061402,0.23413889071512206,0.37347660660397564,0.04247165690430643,0.9202925488767884,-0.40615669548745204,-0.7997352450419397,-0.8421953897454968,0.9438022383103943,0.9192804300470871,0.7519932628667139,-0.5099080643666725,0.10734918078673883,0.04080140020899137,0.4249853526682177,-0.9523984045207703,0.13175849171582077,-0.6959832511287511,0.8447615978916416,-0.6969244224987687,-0.9208354031306376,0.43496343425663797,0.845460792016361,0.753943682746455,0.6188252046675695,-0.1465527056524938,0.8311937418963484,0.18424487767618758,-0.9087440696342255,0.5974457400443223,0.6348248225404365,-0.1922849883020974,0.060995492358835834,0.3934820524973568,-0.6821909464493894,-0.6707312706388602,0.4149798215741054,-0.10326675639267635,-0.8792697685408821,0.8605520877002186,0.3324661851994213,0.19667340733185545,0.9768797109011029,-0.03828801978023466,-0.5572339247503528,0.38160702366139265,-0.41272979109977315,0.31720542027811915,-0.6294252520002828,0.33146235092188836,0.19538184031900996,0.1824486407372663,0.46144527368628663,-0.7177593545503591,-0.5652268623673362,-0.3351677966621498,-0.6221944682032352,-0.7636699354381189,-0.32380045619983244,-0.4950348781858218,0.9917464285871047,-0.13669687913566664,-0.48309534208716287,-0.1409307929652046,-0.5546941389887143,-0.8769287254483922,-0.048859631498432865,-0.3434796941919114,-0.13064549418624716,-0.4190593805481422,-0.578939905318099,-0.8273889233488614,0.03004078828522405,-0.6330434662175013,-0.8519170638984139,0.4542689809257776,0.8194640249321297,-0.3390355117249382,0.910709794679841,0.39571831366095056,-0.6389147189436879,0.779478279664833,-0.3059913013133575
-0.3594655248420231,-0.5458028292249872,-0.7983494043849522,0.6209385688468736,0.8741101434236274,0.4744885958558369,0.8125796434098704,0.5568619800665902,0.1031831926080744,-0.3512550461407473,0.6525287978618128,-0.36557830868962427,-0.6917387785388633,0.6475911129225502,0.19158585794480665,0.596916383018913,-0.9725127465629335,0.93399592523063,0.6327922971331039,0.4545358924838061,-0.8924360951396548,-0.6820425816059708,0.9706042194446995,0.005786542325120214,0.5634218093488697,0.15320903359804205,0.9217059605103866,0.1599399618771784,0.5866353471402719,0.6527084042441196,0.2685342575278884,0.11809558765366912,0.4221392677991367,-0.18737553244101024,-0.22371859095336277,0.15699312878283123,-0.9709236905283163,-0.9377156585467394,0.2648579877377608,-0.31896801381412354,0.5375827087350444,0.7746549356548573,-0.639949880089826,-0.3110323058799407,0.9101038323587063,0.4685195266554971,-0.9360220832525095,-0.650636648234096,-0.5773787238180017,0.9916218880600827,-0.7935632027900155,-0.49082794981994304,0.8929923886860638,-0.80880441617713,0.6579311309363873,0.8655920769241505,-0.5328886858730237,-0.10966506573764434,-0.07899401131296391,-0.6762674078851716,0.8244133332475991,0.41089920907172894,0.7921934281180711,-0.9098361898220748,0.9582963236986324,0.7730920585858714,0.27456913671450844,-0.30092312316680125,-0.6335896454776462,0.24107312103811473,0.607800465620489,-0.9906813668230727,0.889001674094017,0.14024865051752777,0.9915253106771795,0.20420406624250442,-0.11431262681356191,0.468374826922239,0.02519853181842202,-0.8333738588221413,0.8620915899066008,0.015634780666901493,0.17139649540631297,0.8766985885511671,0.5445895284052267,-0.95054327337206,-0.2824400534587914,-0.46952493234488,0.7640546981132084,-0.4081731653790248,0.5142366654741215,0.04542687956367342,0.26596610313721514,-0.38337188803032607,0.5354266510501289,-0.0011299853349873157,-0.7910914978343628,-0.9873049306886885,0.024465245895647136,0.5143773839983303,0.5675720649688005,-0.07410267758426992,0.6296071198043836,0.5187961958239669,0.6942046848815335,-0.8449502390135999,0.3962591281711927,-0.198836243005458,0.17756737515461984,-0.6788060347169507,0.18306861988658385,0.8700282371908366,-0.6009422323688243,0.2637704278216113,0.16463953307078283,0.25710630510846033,-0.20407035120316475,0.0469971937232021,0.348598182406898,-0.38369468303368337,-0.044623645442951165,-0.19241446719134392,-0.5287347103691495,-0.9770660880104092,0.24617403286077422,0.9554897685413979,0.16357896193662613,-0.05810615756406201,0.28225135201767926,-0.7998811557178502,-0.7950500115189116,-0.37111047425163823,0.9882226707098276,0.15288077571946834,0.5343302928588685,0.7802117690635202,-0.3960424789996977,-0.06546296358982673,0.889194205401814,-0.23989535137515405,0.6428318894168097,-0.08655173662061388,-0.7950707460429509,-0.32774784800393175,0.5572274095506384,-0.4401506942862956,-0.18375394143186452,-0.24985072369395178,0.925591922413715,0.11162221943636164,0.6546308907741305,-0.5880480306764042,-0.11344626394913515,-0.2441765621819525,-0.5268935353000566,-0.8638713709554466,0.9665985063598173,-0.7729342565776136,0.9147478402379481,0.6102372634101374,-0.2618920715502713,0.6217252369452482,0.9811454099252606,-0.7234819634152749,-0.8582660867936438,-0.011569736634655658,-0.1394451480782979,-0.012146945285745447,-0.018619886820930187,-0.6721237105949642,-0.18646123054475172,-0.5039598752128971,0.4641978254857062,-0.591960144441009,-0.3507060097485213,-0.979863522610678,0.7040809852165817,-0.945860577143268,0.31604877000914655,0.6077471216705275,0.11334700172298628,-0.5937741295452945,-0.7655538799621613,-0.46413091463428535,0.33389532228024565,-0.864761288913189,-0.8468735657151589,-0.8303235010840797,0.48305554880558765,-0.9091080455985876,-0.836668392316277,-0.09327991586556794,-0.3889916916576708,-0.48358768671350405,0.12019658227628227,0.9904988603787892,0.37308878414444147,0.13732781166125307,-0.8070511520796675,0.17608341380697645
0.6223688613488021,0.7722366322496346,-0.6223623934580955,0.0012980856969104781,-0.6278040298979268,-0.8645232443092317,-0.4848941814584542,0.6073331042150636,0.07804914048482647,-0.4747007659697364,0.5593224686061948,0.4990628213994055,0.017848684914129054,-0.9498488344337415,-0.003896384787561047,0.16932885617675653,-0.0773144734293314,0.28751668015822207,-0.2739294253496152,-0.4615495542846013,-0.6138474433165553,0.38784322571907004,-0.6728318880487789,-0.4509766522278802,0.3537009702561795,0.3578887501628931,-0.8784887500505532,-0.6555259617243554,0.24904508706833806,-0.7838579918549917,-0.36319011712232685,0.5859078863503728,-0.4155557841288364,-0.18861859386603674,0.2131103966512451,-0.7368104916535847,0.724029168508971,-0.032417568935397156,0.39801480135702594,0.14342281906474574,-0.7017500529953589,0.5673978292031339,0.5475961899085746,0.40158061856232985,0.4403379996425054,0.04646682214663911,-0.12465107476186743,-0.9490700139288109,0.7588100643492344,0.8840108318968043,-0.5183397202478945,0.6555425967870594,-0.39485434062919555,0.4657762538886312,-0.299189087292836,0.16433768629233247,0.8919776582703018,0.7482628656832937,-0.9064040549257719,-0.6552213196519461,0.78714511773221,-0.9592776643007332,-0.5977402634261655,0.027194719304065362,0.9946232188072437,-0.22123365550555874,0.7140175490852909,0.0032247609781324016,0.9127497544648804,0.11424930845436965,-0.4429953247021685,0.8667303461302507,-0.6927289597580499,0.035066547992301356,-0.16020343166247564,-0.7362431487586896,-0.24292848181454474,0.9390862868373737,0.4352023438840136,-0.44815160903411067,0.7936139299881151,-0.7824152308009371,0.7507551264542458,0.7633424295979967,0.6152562942342839,-0.08440763355096448,-0.889538790822415,-0.42730825460413024,-0.34745870408497104,-0.30757130333130345,0.7913649453304992,0.2659622372030208,-0.6665241360545509,0.7879040485322826,-0.9642094100042904,0.5188545350922757,-0.9578697398916749,0.07973296598009827,0.5989310423152807,-0.7416652254890341,0.3669157701369463,-0.7068935481998517,0.916007290527235,-0.9674395320744815,0.3638668751192886,-0.6554204584051015,-0.054824105853821026,-0.9828738656454499,0.27572817328158483,0.461496335152791,0.1045365205246187,0.2517320106639933,-0.15613273808267025,0.2630540626274813,-0.594938680458569,0.21923813443547813,-0.7015299025031467,0.9051835264271482,-0.7581138591798637,0.02804327827094455,-0.7930115550946955,0.2468604597580235,-0.5904035896829423,0.902697895769002,0.6391902049858769,0.6385592254557391,0.5471734400245438,0.8102317478436891,0.4337861820493034,-0.7010421868019525,-0.6671623960899531,-0.7127245630994146,-0.39006003351443064,-0.7236269225489698,-0.8571921006051662,0.5385857206721147,-0.2161185465803861,-0.8841988814510295,-0.571442908701361,0.050082310052514734,0.2885515342278593,-0.8370432666794794,0.5148853144538204,0.1682150609521662,0.18973541663625948,0.08388724830175609,0.33873230467366966,0.9815797011622367,-0.6718369243351463,0.37152795427389096,-0.6168919633790257,-0.6470901444239574,0.8788728077305414,-0.3978074874733004,0.5086379179029179,0.9729845135687352,-0.7610769927245595,0.1674046600918888,-0.11058613537128648,-0.9092054887366863,0.41442246874875854,0.5321704821143602,-0.19995778505791661,-0.7065862128632345,0.8316035405845716,-0.7781464570777521,0.28634406964147474,-0.10781419371407597,0.5054808958300478,-0.3639864516901814,0.889921228303427,0.710882696190078,-0.8386260602005915,-0.48007314883560426,0.3240217470703064,0.6508145228314428,-0.4852895074099457,-0.7375467247615313,-0.04384754556585779,0.42883631663427835,0.7465839276333432,0.9810620623220285,0.8162662179832283,0.8367741060452707,0.2740258815611427,0.9818515403929553,0.6042785683775951,0.5445433594919598,-0.6694002463136157,-0.6497884741778952,-0.3135277090472708,0.3658038803979733,-0.09511449634075042,-0.9363144901636502,-0.016763608857007117,0.030220446879793528,0.6116579676380878,0.2955030806691543,0.04931724387442671,0.5665802803383553
-0.12410530686612975,-0.4623455577103788,-0.5553647556147321,0.4684372998832651,0.5035203234047501,0.7769492565870251,0.9800253965290322,-0.19968469949448941,-0.9911374325941473,0.29622882279497453,0.10147208342734904,-0.9960618221899942,0.9018179544004996,-0.02497698004299176,0.909850514452303,0.4933304438620061,-0.23633161957584137,0.5209075117622193,0.9085983113609413,-0.28854208318055763,0.037619269516547815,0.8096280021447833,0.9099392010812031,0.45438624521493187,0.8234137406189983,-0.3656402756600494,0.6809696888084793,-0.5474292005209258,-0.33520787960559795,-0.5552342608341592,-0.5762563422498554,0.5317285801507516,0.1796492482199552,-0.9254517974801757,-0.506709582594542,0.4467339654303988,0.9841492436554065,0.18423664442485643,0.9215041889402562,0.5626566957667507,-0.8879627834778743,-0.12636222550059983,0.4628126217342152,0.3580883418255669,-0.08300473720109913,0.5241238043420473,0.9038898589003137,-0.6624617954591734,0.878224056040549,0.7723096538259389,-0.7604020513089149,0.48627075070936265,0.8029637343275009,-0.07716587773560057,0.26396903992913257,-0.6905106264373102,0.08192394727436714,0.7585922416214628,0.5951407345190698,-0.29365186157416323,-0.6802075615200098,0.3140418102269056,0.5087411471389041,-0.34455382188122696,-0.7683164645720069,-0.10025456969992264,-0.509103478521751,0.9470462567599471,-0.6975444398169648,-0.842259206236794,0.7021763284043872,0.3866317991959918,0.8851154897025921,-0.8727162016579582,-0.10758395014436273,0.2761229623870496,-0.33411257425640595,-0.21708978035044213,-0.0807521809265237,-0.4114282059681895,-0.5044082050267891,-0.7762375616560016,0.7798356327210869,-0.09340595132898177,-0.3926696648225263,-0.4058094730910389,0.38330523080903056,0.5790179462059306,0.5803830997361548,0.12730807047716564,-0.915087196447105,0.41851740316979646,0.8983924556443843,0.401984444239198,-0.023598318876545843,-0.01667185843935437,0.7923871255430583,0.4770986394833512,0.03049027997722531,-0.5299156752504783,0.6201887602463494,0.9541520370001593,0.9682990424521531,0.1512123919836228,-0.7289027241004833,0.3490207445082725,0.4608737379601173,0.9565727102733692,-0.9805854922524186,-0.5711930509752652,-0.3947122079035805,0.7966088285064858,-0.040367844620709414,0.947202386266113,0.5587960082314296,0.413715963259053,0.5800159675572696,-0.9634955973537709,0.6178915976877952,0.23405602016128602,-0.6117611519281139,0.5545944696689133,-0.5403819306261461,0.8863905795819476,0.871947497274969,-0.6192520446851513,-0.2616456259865634,-0.5884058459783958,0.6537741708992348,-0.5014254385080563,0.4713135990507329,-0.7813353665022902,0.8633917676092333,0.14239417566579626,0.5919922395699095,-0.9423232556171781,0.5498397986675032,0.10166098027361947,0.029719913407386,0.7163135256508966,0.8171323199964158,0.09091872138272983,0.54231021726792,0.08223160354256387,0.40353701062470737,0.13030326139565984,0.9779475564672495,-0.07506839590855274,-0.7237459913760185,-0.6451709621825243,0.16661332746108926,0.7495164548390101,-0.03804727606202807,-0.9220119175026427,0.18087324713543373,0.814397149114898,-0.5294279920675304,0.6027148470365031,0.3256303902722155,0.6877863040492254,-0.2077897308667842,0.7484472927146184,-0.8117141033846977,-0.9220129188962347,-0.6429615016098558,-0.44713245404879487,-0.1422628338562819,-0.08003277239510354,-0.17051570250620407,-0.6069572879702188,-0.9193789397421528,-0.5548409589701442,-0.8728325985133374,-0.22498709591030863,-0.865197376708527,0.14285301796436345,-0.4851280965607381,-0.21414297104364666,-0.9218674232409443,0.2980654594275689,0.39703684467565314,0.8979556044607804,0.4995660246455218,0.693470699687432,0.6385383793175352,-0.4548685576711866,-0.451833120188045,-0.8714837563037796,0.09141624496968848,-0.8362874680418049,-0.7884184667013834,-0.47455348567811106,-0.6670445287175264,0.5564012225252273,-0.6494275134365362,-0.3315207080861051,-0.08125298874743359,-0.9705340603509087,-0.7950448991076604,0.008206408424574985
-0.9070728789951099,-0.01134232974690863,-0.3250734731083911,-0.39715087152398865,0.7085515592135931,-0.9669996033426362,-0.6772755587003905,0.4634597819357269,0.8549801107664889,0.8491484940416323,-0.6406077074290093,0.38259193161614746,0.6627963240792138,-0.6835365278327623,0.37449195003274105,0.6851856850490015,-0.6639363693125113,0.5571560853673687,0.4593854542247602,0.8661537154120935,0.33357234518514245,-0.5172335942232489,0.7305627483213359,0.402125496661752,-0.5567874120595235,-0.8644233535492871,-0.2278020920797066,0.9163064936347183,-0.5322839536944068,-0.6826268670268643,-0.07597468139042429,0.5141856426804183,0.5892488596250935,-0.1216573248527606,-0.06975231407954974,-0.06768284574747852,0.3069767590140082,0.017857070273291642,-0.44977881897401617,-0.9468670881906422,-0.6226166680089333,0.8497058496058782,0.9052858709405676,0.8370804746563574,-0.33727662804101644,0.8128147935922103,-0.4271240547806687,0.5191090069984277,-0.8781562952137769,-0.23802930426011226,0.0764755194226967,-0.48087302311260616,0.2934692432577968,0.9088696306445017,0.5625863019482662,0.19092505431124707,-0.020514352711308526,-0.14580098248965734,-0.4194240308308659,0.9542314022861438,0.5772722834093531,0.22849682160954576,0.1298246993625234,0.526564590595721,-0.03942494464099622,-0.6139317394854267,0.5370521548307285,-0.34872485337506,0.5122657839502838,0.19406770172749477,0.8281542348811439,0.9789718321520287,0.8199076662118714,-0.8292176904962012,-0.9743033346036687,-0.936082653967532,0.699288870437605,-0.05822183876592191,-0.5270885233178833,0.7545342909829755,0.9839884018347302,0.036829394575490504,0.9608204984140112,0.46489601446123374,-0.5932788032800085,0.2787376977524554,-0.8586037965590478,0.07998841233057163,0.357726003901794,-0.9046686409745153,0.8231078264627236,-0.628060231838873,-0.8868995944689193,0.0304141355821006,0.24898550210693404,-0.5382340010257802,0.3481093071414312,-0.6782065708228882,0.9455994944895023,-0.4836098902156514,-0.4178026188367385,-0.2616946657733561,0.31962255676948215,-0.29996923019779875,0.9361668867408166,0.537447650480235,0.824364594850149,0.8944007033154915,-0.11262337090530439,0.8272921218617038,0.41801723241365085,0.6728215839668237,-0.41966752286716824,0.5941238617595519,0.6328944068667568,0.4577983869022455,-0.08057455834465688,0.6312169443938631,-0.08879339230342143,-0.9525420306915484,0.850816210984231,0.1161090789360657,-0.10128838466925694,0.5414186951198758,0.4913911858327553,-0.7486648281320332,-0.9885173785532204,0.5436772611129332,-0.7587850359275998,-0.05523114757133296,0.21855364700647373,0.06375232143062215,-0.6693991245169699,-0.09471220708138439,-0.8291972455055894,0.12159900562334625,-0.3657017353667056,0.44107266672063217,0.7135812028907644,0.6792848401082296,-0.5913908345703078,-0.940552837482016,-0.01531823697999446,0.7191044207131461,-0.012502229754289162,-0.9418370038254837,-0.8600263420226042,0.0006053743178091597,-0.8465955976221098,0.8929214191803079,0.8851484680377801,0.7965637803948509,-0.5654820007671717,0.5960435258514352,0.927945937434832,0.575603240063473,-0.7766973470845779,-0.13134577157711824,-0.8500722492694484,-0.6540318435421026,0.8069177178855769,-0.6572767321695427,0.4187645066474712,0.5118849104259089,0.472225086423256,0.2156712740626583,-0.6160099459153245,-0.16141789957086994,0.5939771528187405,0.5455329046768678,0.730467428090166,-0.41878229037197645,-0.025449355357157755,-0.6334245831140206,0.08222084020968423,0.7667100863578855,9.22717771134618e-05,-0.9438751530061997,0.7891796842114738,0.7339382345643393,-0.29032842985170704,0.3942973484493131,-0.8832596534024284,-0.46924697986887276,-0.6275991045449989,0.1250252571740338,-0.8608638861648095,-0.6867074444840606,0.5238400645514327,-0.7645960725325076,-0.41673953113745577,0.8285291137964066,-0.2053232839924326,-0.16218368066779654,0.8233896761930817,0.32196406225099294,0.02614426920158608,-0.9479897291548931,0.9430448278415602,-0.019611639239036638
0.19347940006462494,-0.4670188568502198,0.23006405844391353,-0.5679001528687384,0.9839184057053063,-0.29936985551758033,-0.5737616645267734,-0.16825935413634774,0.7810529721113999,0.07007513859434589,0.6048526951353166,0.06089316475886797,-0.3938515374544689,0.30601298960609813,0.4259748696604526,0.47256123096935077,-0.010666227886656277,0.22940249529685075,0.998322590746729,-0.8006639397648989,-0.41886148135136714,-0.3473208238440082,0.24729724456912217,-0.9942714645154531,0.4434692558778066,-0.45636802923841446,0.24313452466296748,-0.14690878465362367,-0.5005235405362882,0.02567890787091165,-0.8176277740805702,0.13995795342881912,-0.9215845559059084,0.8722552270165582,0.07913661435291242,0.5075858933239061,-0.30602969774864186,0.6129823910200971,0.1639245129745741,-0.5717890755234694,-0.4956362686379676,0.8715353143077151,-0.8015376620440333,0.6713208475976997,-0.2728436013376707,-0.6508116789341203,-0.09441407460223772,0.6279044594557459,0.21674255456321823,-0.05231174581361575,-0.7216172983686144,0.9309079928517183,-0.32064395438735915,0.5707931329108504,0.3170173422521305,-0.35823604394027453,-0.7424798025305064,-0.650597075576685,0.23399366808676336,0.788817610112887,0.6235228943474531,0.3241785937027106,0.7722771579815435,-0.6306998139803117,-0.05018450068321734,-0.25436269836011194,0.7605004502154054,0.35489850907023346,0.14019940509113904,-0.26854480908415845,-0.370300417763048,-0.9762270413745457,0.3619025351607712,-0.09413399433239555,-0.3656040348729275,-0.7349757800953023,-0.4972692909596672,-0.14410813943424783,0.9335448360489009,-0.7029786819559434,0.23746853135768564,-0.11653866370070376,-0.03010912954566547,-0.6174766784379437,-0.9781295216112056,-0.1123866838314973,0.7878742230011695,-0.18577468094883387,0.0869469345282965,-0.19867574533503207,-0.6379635720798258,0.5095472407762955,0.2430407393285401,-0.40213036517764134,0.21776632509428961,0.15669588500333376,0.7133930170439249,-0.9230956962855816,-0.5827502240725608,0.4405061026845245,-0.6603438613224599,0.925690825640999,-0.7772732749650848,-0.219660784688257,0.06561732314550728,-0.5649904698138768,-0.8621630030019547,0.26883649331090576,0.5390854530905955,-0.39258640630786723,-0.9492426562483491,0.4356648204074298,0.19018899023291436,0.8257262698404495,0.2228955680439877,-0.23534017305266142,-0.9613407900140496,0.6575224149956855,0.49491550807039264,-0.43844679653041907,-0.3984951664367118,0.9617903476835108,-0.45742333575140504,-0.6407941310424374,-0.7464370945432339,-0.5521582389314166,-0.3439652217459539,-0.19691006788692555,0.41815731128700806,-0.7303412729888326,0.18674148968011717,0.9510984324889049,0.8052914748197897,-0.8359841903571283,-0.02479169110548174,-0.39987190249343474,0.8770840613832747,0.022120515029754095,-0.18773436264121957,-0.16895290282895137,-0.514689431702894,0.08064716659885174,-0.9076248653215391,0.07777047534564119,-0.2166721081198817,-0.9334606457565204,-0.9880556514693126,0.8912886499462613,0.6931985804864649,-0.5422805199432075,0.34113429036741816,-0.7901836561123798,-0.25083849420797977,-0.617077870959269,-0.12493073701113633,-0.1558200131465315,0.739162088415479,0.7601436520878908,-0.9332671233845,0.3466809216726481,-0.4744782548158877,-0.2059125870319929,0.8485734111817176,-0.8471933192685235,0.768964353962964,-0.10628648575885657,0.18332894106899666,-0.20586150729673425,0.5329042997888913,-0.1563294330873124,-0.8997133295600399,0.07085346745647736,0.21737080224465943,-0.027320811746098794,0.9939883401246303,0.011270028566385815,-0.35994152434887194,0.7754242341629378,0.1808915823858115,0.3333271365891055,0.9885736635159548,0.8662700580280276,0.6782689255672758,-0.14829023612544967,-0.16149813659537293,0.26988469128528125,0.2477781385877973,-0.339939324884867,-0.7902242753748847,0.09837107297247893,0.5016071631961063,0.01475390126836329,-0.10922711661709172,0.28785746250667343,0.4103947054560786,-0.6117181958075868,-0.6386173653081595,-0.05056983768270662,-0.09481908389752602,0.01772305018768905
-0.35411878983120304,-0.3639058998021858,-0.42964977181884145,-0.045975656454742664,0.36346343848329954,-0.9533039272304507,-0.9206839424235227,0.5397942757267578,0.5896916291396248,0.4752567908061749,0.10423062326950627,0.015035236922513073,-0.6183752073040307,0.08058945523718575,-0.2535008510674812,-0.17162307674322674,0.5055760583891846,0.43817502605381664,0.8576706523691444,0.7070816675783114,0.41205393322070005,-0.3836453693762316,0.9482267343973314,-0.8581377606686489,0.6487072307132604,-0.14842478388730318,-0.6993284602048511,-0.09211419446369251,0.8271196199125603,0.8607907688981042,-0.3114347932240118,0.8880711791692817,-0.2343718385419904,-0.22051554320822775,0.7754927390279318,0.24794610685840124,0.07553200544822936,0.07966345633324412,0.6444414759793009,-0.7484304241747555,0.9741789818967923,0.1757728181701126,-0.9469748579697683,0.11652130373914593,-0.4903158039145805,-0.5236789760526013,-0.7961237963681174,0.4381011837973141,0.5403805565474324,0.8645858125875749,0.852445131675305,-0.9218586176674788,0.9509009374116304,-0.19633599170165583,-0.38186750465441976,0.5581148892785739,0.7241607928373945,-0.522491969393895,-0.3305378507234944,0.3890484246677546,0.0774537505297972,0.030480392585905847,-0.5967052172767213,0.6040781024824715,-0.546528448850979,-0.8222044071045429,0.1628882624059449,0.301721962610888,-0.2846895478525795,-0.4287477655527612,-0.3506091843389396,0.15592725106755756,-0.6708222701892401,0.6023180177200289,0.9230192695584845,-0.6522846706905538,-0.9840312757965186,0.8744007916275074,-0.21237670735066172,-0.13045577225280636,-0.5847175678806145,-7.3371746376338365e-06,-0.10308203226156243,0.3957119847665995,-0.8246662760531209,0.1347915086339413,-0.957116452579857,0.6884975066324093,0.8655578208330956,-0.9997594201676505,-0.9608305513080213,0.7917652453154989,0.4950117680152373,-0.2016265480317363,0.6981615586584076,-0.0670115417133772,-0.9738421066384122,0.4350574986850624,0.6499923975175657,0.5923129060391776,-0.3831186340142101,0.24989259122193053,0.4083174255542177,0.7856059978827827,-0.21704049448849516,0.9477692714876609,0.906783975574099,0.3895649982431695,0.5563177677093163,-0.3086275308800164,-0.7045635601340692,0.46457456959655485,0.5263148143142367,0.8676537240215305,-0.6763876623739384,-0.8751428163351729,-0.8298482424895481,-0.7337763486357842,0.7533229376956423,-0.7671383565432861,0.9132687628466871,-0.26314924355204994,-0.08698947239373922,0.9734874603970491,0.960388241585626,-0.6874554756849025,-0.03770145665062574,0.9179070680192449,-0.07200613820097868,-0.20973554633094782,-0.2112472667090819,-0.7675008866792443,-0.6655595408584285,-0.7274048685127907,0.5046432135487411,-0.6201267508774821,0.061041027678256254,-0.7811933484647893,0.33802685213761663,0.5276857130400618,-0.05118367250697409,0.3643071360057035,-0.7688474291782339,-0.07806711264695232,0.8357645408297403,-0.41262976365524384,-0.2075137046019917,0.07845531733407007,-0.4079630227297131,0.11824253067627954,-0.24948459468288808,0.1490220295948268,-0.0252617337798271,-0.35312265143498434,-0.08846353668568474,0.518092302327881,0.8377607196898325,-0.8096749793194333,-0.7359430348807834,-0.5901270922626594,-0.7694108507514898,-0.3622876725529396,0.36517484823257584,-0.4545793295123357,-0.0026714000505831947,-0.6538664236209351,0.6740512026849994,-0.42656138432759816,0.2768493150147866,0.6794089638253074,0.9334105646212094,-0.5574383072177733,-0.3031276448877489,-0.4036608173482745,-0.24046198606197566,0.12225754160920732,0.4734727354102337,0.38945483244212875,0.056510294754811286,0.15539095639750933,-0.6259785455641422,0.9029459981560615,0.2190832453687357,-0.09222603330062418,0.7448039185714834,-0.6146518147991424,0.2955576647916973,-0.10949528918905305,-0.21374851417339613,-0.6812752215233311,0.05150790944503347,0.3915729615746504,0.8777338541043747,0.5563254801215907,-0.17374680615294458,0.7742218279815078,-0.26725563523955964,-0.2884018025469426,0.33279970263407543,-0.9664098759289763
-0.7176700671556016,0.31542530060161944,0.3415868103889754,0.13346177054957975,-0.8381121715523658,0.8488164197913923,0.18416730634702572,0.1794174216391966,-0.7416236054662211,-0.6173588948687669,0.8017163773906404,0.1533832604486638,-0.5267464824950703,-0.984897910297174,0.547466122692227,-0.2247273122549489,-0.45684637771138115,0.46076977980153644,-0.8838303933033893,0.5832069659694128,0.2471048513032259,-0.42006322785227956,-0.4876251017923916,0.3559475788852067,0.17481281709071883,-0.7995346745879914,-0.37390538829841136,0.5412051965262956,-0.8593656569045243,-0.7263489359978557,0.27979068102235316,-0.5903332456293091,0.09055727222894738,-0.04734075066976984,0.26316326040090154,-0.8543380313084727,0.6746549568434435,0.27032894536150853,-0.9556544892838854,-0.4239332386487791,-0.7371589233474545,-0.7176190472214172,0.8355076625842319,0.6089823674877415,-0.9876884216980493,-0.42739754308388966,0.08266485460306061,0.21750319706689614,-0.2926557340581868,-0.8382781588965331,0.7957854875991954,0.05252908594032979,0.10246225344556636,-0.37256721705819285,-0.6494025983355902,0.35542009683942477,-0.3377005352436213,-0.1330879041402353,0.409050189215183,-0.2324653742796714,-0.715614912169962,-0.6692086217205111,-0.8896850801597165,0.49273067181341434,-0.3555281787095155,-0.4674469488380619,0.6127937301192896,-0.08002370464044062,-0.964626366686951,0.926844803424443,-0.23449554297510322,-0.5703772812998646,0.4642398974830746,0.24010819519318738,0.39598421554993557,0.6166802293752056,-0.1770204193285161,0.14676111691359783,-0.9340940793510211,0.9787417204560402,0.6664135363681634,-0.49762879789568704,0.032702798338592354,-0.015055222187646322,0.4298665708353755,-0.33116281392066593,0.048920303034500456,0.5550345777149359,0.5562030189966656,0.45747703593836375,0.8939773375025939,0.26542092718749744,0.15156258146340718,0.7727025398570386,0.7707108606961841,-0.8347571274322523,0.753027936284975,0.2713550796918085,-0.8912336781000254,-0.07070971305482954,-0.9535919123914491,-0.387662611587968,-0.6092343524443848,-0.9854252385035458,0.8983129478493517,-0.2185273449158962,-0.07570474035598296,-0.5026794541230708,-0.6597987210460965,-0.31427819709068383,0.09232893821029498,-0.07990612324190094,0.4595694289650025,-0.5680154329761622,-0.531541106760707,0.3935110393019159,-0.21068397518104653,0.5943319821550135,0.7322250921651292,-0.3253982803466682,-0.14874491286239033,0.5686987520493545,-0.39184137389817963,-0.5781801722130051,-0.5287329420236686,0.4930866313003228,0.4802506586455568,0.7907600246487017,-0.5362243375653009,-0.9943199147088921,-0.47986069476934357,0.8977666409439067,-0.4867780741447396,-0.034507895060328364,0.8548833098821151,0.8981161867063867,-0.5020683626796276,-0.8876067132659029,0.2044673111714974,-0.3465461918764683,-0.40971851499112644,0.7913224113745998,0.08286986224901627,0.39025911935345636,-0.876604330359507,0.16964312635351786,-0.7897570454361948,-0.9127680686999529,0.8036314118045838,0.38428327338683643,-0.960774655994022,0.5112341533661577,-0.5672410694090235,-0.9282916581099041,0.5270078039650274,0.16782344191377674,-0.8931893733498544,0.1618457971134304,0.7899647623706756,-0.5171812650569223,-0.4916615480031765,0.3272174832209853,0.6776106716525685,0.39375162154039245,-0.8903130631288569,0.05804346387209258,-0.03851334933717521,0.9136490882065322,0.0076500965912571495,0.3338995952416848,-0.21541255155894778,-0.3452891331699761,0.3413250938531329,-0.6890152817553423,-0.29691268227901735,0.6990482429324003,-0.1203105540551368,0.04514098691444968,-0.06487835443659784,-0.2675739721488364,-0.13054907558170403,0.5363291336015263,-0.4134895755094592,0.9377972206703458,0.16263278090069644,-0.011478431616763762,-0.317446484818215,-0.8271376549750158,-0.5796250977154389,0.6074444407158863,-0.7390150471331507,-0.18436490260472427,-0.11755088996685537,0.2195734274285932,-0.7247651538534723,-0.6259471511388928,0.6952096696657968,-0.8196536239330903,-0.22924292001101576,0.22622671665122596
0.7825918846621156,-0.6506201447412605,0.018402230620810922,-0.7953767184090583,-0.45077901171026413,0.09501596465821738,-0.8485706047855415,-0.4245068552847582,0.4934334609174271,0.46233768635353556,0.40087758336072876,0.32909340140399457,-0.08691713390970657,-0.002519794562414912,0.24564224810021584,-0.7595866445181201,-0.49310296698327205,-0.4202096374394211,-0.5092316639820222,-0.23349522484542784,0.9306242795757003,-0.249967408976705,0.5088115964686726,0.989351288497258,0.8397502823230449,-0.3241284245355902,-0.29757301205272624,-0.5638152400951761,-0.06608132719841864,0.26342651691362007,0.825755320237904,0.965558252750816,0.3003574078046114,-0.5646109422684373,0.7465566959080776,0.4341436617717185,-0.13114431023179063,0.9529631664799194,-0.2879243268180047,-0.7142941735083042,0.7649598539450486,-0.1377878339398959,-0.2876187220212303,0.847575393477445,0.25888584248661717,-0.22323970710577212,0.9352476732211477,0.24404155592290455,0.9753422598217778,-0.3094000268599306,0.27355664790303735,0.10845079377269085,-0.021336969448733978,0.27072979552347487,0.28050171203678387,0.4249062164369204,0.506403409097262,0.8536421257361213,0.9989305813241396,0.8618667588069027,0.8394498567034896,0.3386768217936882,0.3528083219205307,0.7526766455528753,-0.3760722482569854,0.7283148188424728,0.8888477469489859,0.04803409955247773,0.421508494010858,-0.1835310230831635,-0.06507646426854108,-0.7710814084997528,-0.9578124365212706,-0.37351311708117785,-0.3663118869687869,-0.842853812886118,0.8593988674372111,-0.3057189889598999,0.5444882117666863,-0.27237381334248556,-0.8062455051635455,-0.012541473942418113,-0.40197335471812257,0.19032161869986264,0.09001583043669159,0.12480594994413274,-0.19716431505634602,0.5104413718846965,0.7459073570539152,0.771139161354315,-0.8272117767896012,0.1096188653671124,0.21634928923120023,-0.8717332707643803,-0.8561819384398031,0.005592799758613376,0.6677416432808083,0.18537289584027405,0.8077497632479913,0.6473046702025991,0.458464059026664,0.7644203069007973,0.014024663177175656,0.28347364242190287,-0.287753585601924,-0.18808372067392298,0.29628102292400915,-0.47836945673648246,-0.8794736655004765,-0.9028705153721122,0.2780040335113989,0.9546756307655353,0.5560988202172956,-0.19243881665188156,0.5364989636091075,-0.037080579735915054,0.2202057243958686,-0.31340662739182323,-0.506459320579487,0.5276559315945595,0.7087399721958849,0.7526378564794101,0.5744748134222293,0.4688828131299363,0.5509414682864266,0.2092735740495475,0.7708378031457588,0.4206337846443633,-0.8328767183129273,0.4685233384553824,0.3848797251432352,0.3322681672466181,-0.6537732556970077,0.4125490502322755,-0.9356662490857874,0.6314946665929679,-0.052309546147615515,-0.5071590971051625,-0.31981863155798784,-0.09667512229902431,0.24690495180765515,-0.7198190671141727,0.8766608265182705,-0.5198134509960917,-0.9285331397218841,0.963457557601052,0.7211966410175523,0.017429793077186284,0.12737874333412336,0.646846885033068,-0.8771325450445864,-0.18057480882366805,-0.4974565810687883,0.5994194478444415,0.9879604573646237,0.7505582732206639,-0.11428265068418564,0.5502740583612982,-0.8427648136446648,-0.8851669185454902,0.3080792021727259,0.6808643040911311,-0.2097963957558333,0.5417242618354086,-0.8666431488029271,-0.8577200245109411,0.38379619101108764,0.5238472057622425,0.4606112011505876,0.7430941613936506,0.3038984249030341,0.132710315843813,-0.010129816315505025,0.8791588820647802,-0.581523785742943,-0.960007612666794,-0.36107734887436127,0.8441278829451964,-0.2767506000489206,-0.6208865626268372,0.09445293406551003,-0.5553078208499249,-0.8097607620265248,-0.2819757865025976,0.8041604078298499,-0.9928773200666832,0.8614866223538804,0.16034025698346488,-0.6138164064897584,0.646170841207057,-0.5280739462691879,0.3025776273986287,0.602614164670848,0.864802157014922,-0.4434002236651833,-0.9873975597384861,0.7968326785298967,-0.17646579065690626,0.502423999980953,-0.034412307894692074
0.2995284729683656,0.6722252172488672,-0.23082606953676055,-0.7402082736799498,0.1746024827661965,-0.6162587194288183,0.09665511086512835,-0.7787017943046521,-0.8237006769243134,0.755367865160683,0.8092823912989118,0.885567638783211,0.5073764117903496,-0.4370933092712006,0.3001216949273984,0.5574037651496844,0.6613089760207214,0.5620875510952006,0.6369033877129247,-0.11871524506063214,0.06395140067065586,-0.499599699237778,0.7683906606842417,0.3328746108999767,0.03606729622212246,-0.3414864460275915,-0.39736068168025884,-0.6464258114671635,-0.6767685198264797,0.4395465624849013,0.9588706400820624,0.3718542457489833,-0.7407437101632053,0.10801443433057689,-0.8912456419533832,0.5150846605565838,0.7484512699380435,-0.7470084676780018,-0.6463214837204794,0.18125602888983283,0.5022968162100598,0.46018027987186394,-0.43254993476815695,0.8045401315540639,-0.2982407377833769,0.8777179885346209,0.4243244797664729,0.17749898192642433,-0.18883275329987392,-0.022426749808606594,0.28135651564210473,-0.8693223635469816,0.6688111127580356,0.7014666461675632,0.9329544239740744,-0.6154640910792575,-0.16823218452042066,0.4475810121996133,-0.40949584245828774,0.6686420548890557,-0.020092739122557157,-0.9612178551719779,0.3404798435990657,-0.4876067315477375,-0.33663336270507926,0.7507563043674761,0.9946268848458393,0.995075691783043,-0.6294031022301767,-0.5418574741453257,0.9669177120670587,-0.3247754542417385,0.3766837754561432,0.13102845628906112,-0.08748306146925766,0.9552696393652971,0.9714403379198084,-0.16120345115362222,0.2373710120645276,0.01939302443296187,0.9246660269900682,0.30021020395600995,0.8805103436323676,-0.6123293315489853,-0.6773692384686074,-0.3350354157581077,0.6948828528561068,0.5623128298096067,-0.32670636435947786,-0.6315126276445999,0.9468566057376249,-0.10543602803186891,-0.10810927656952063,0.30208965235267393,0.27939412860743906,-0.985340979807648,-0.5398891342010745,-0.4904069678164835,0.7486723528904249,-0.5605475317268476,-0.046381847756193695,-0.9809848764613376,0.055715648557779884,-0.011785121563348211,0.37345757651691236,-0.01786238359991854,-0.3300628939213701,-0.6746902885671548,0.5771892381087953,0.698566208523486,0.7767123971372725,0.33552815258736457,0.9577641445939316,0.8150669194033469,-0.9329013566086484,-0.389224052247253,0.26779058799601363,-0.5704070231060823,0.9413293045942326,-0.7342790966396129,0.8585771471222914,-0.9055302115121113,-0.5478131968096571,0.6550743512063408,-0.04284759401396854,-0.578373051389762,-0.3965784255722882,0.8386522645974694,0.6868793697684552,-0.2821756029779039,-0.9342382133925631,-0.8913351129699769,-0.8060470176656191,0.32662781667073726,-0.17725868165666703,0.08607812521258373,-0.1941612306597862,-0.16899622133621062,-0.4403547698270487,0.5109427301395595,-0.18580359412105096,-0.322342730943066,-0.24949013097967532,0.2456311273615006,-0.3916073647687919,-0.858194491181437,0.15400458096908842,0.08401335320965453,0.7501645434064916,0.704028482642451,-0.7715742313918401,-0.5602933509686501,0.28654946232088796,-0.38083554366593075,0.6026299791812,0.45150229812771236,-0.50474061524481,-0.676778411917794,-0.2202503159940139,-0.005351987631772914,-0.016796024837198775,-0.3695063653358597,-0.3767737467334835,0.7765106135035265,0.08324864818141431,-0.8225176855403313,0.29464381253161287,0.05069192733379979,-0.21220937209150303,-0.2048770792739687,-0.1624326497308266,-0.5408411883732698,0.6270577356131983,-0.6304566742040356,0.024297443188161738,-0.9306246548411106,-0.8365715727597023,-0.321662735051059,0.46325302291524517,-0.24175593986141575,-0.6555297330718288,0.2111818908698473,-0.07123246109030323,-0.9886167383764037,-0.2875219035541767,0.9728127011530727,0.3337388869206479,-0.7723669697246549,0.8486516427185806,0.8640685629167575,-0.47869040245051164,-0.9367842682660055,0.7426116977426893,-0.25750876004996903,-0.45946882683847545,-0.011902326393999685,-0.29326677179880467,0.9544527706727304,0.8564506321726226,-0.15185623642089197
0.3685513830261309,0.6055583156428033,0.43789513816697934,0.952232161121966,0.7825030538076241,-0.08395341997644801,0.6068150434739168,-0.30314542202111583,-0.5993906034007592,-0.5034584662213757,0.8720562810554677,-0.17354076855978806,0.6430716598819151,-0.5676678237165624,-0.39604361851945447,0.20119406767496484,-0.1560846590130638,-0.3385648562223571,-0.33068845134402625,0.06378309657465286,-0.6902748539305763,0.9052740914399358,-0.572684439333061,-0.8945724130582244,0.644891470489233,-0.4013286756435259,-0.1977718914099693,-0.3157143359248151,-0.14619148600890863,-0.18342761724490853,0.47913212804609495,-0.27193709209565187,0.5255682383886757,-0.8324894433055394,-0.4536773478304821,0.8307031921770904,0.36680083302388655,-0.5397128347500426,0.8425540670533695,-0.483517168497712,-0.37548182335658353,-0.028483006376082587,0.16001838212195896,-0.23108149198518113,0.4639637431252559,0.5512598783476537,0.01849947254483908,-0.700541073506677,0.34449067957710056,0.695421689974195,-0.7981564729297399,-0.4274757259694648,0.19082305168696978,0.851491845748412,0.9113810243189548,0.5070818117087832,0.27834884303962215,0.31566651403244794,0.22624807130832347,0.03849449655975801,-0.5506191241138416,0.5210887302987264,-0.8394666656584213,-0.21842723059055347,0.31860809795084877,-0.15637988675114012,0.3796535769690095,0.7715387467442529,-0.47280119689336786,0.6394864238502798,0.048344954653012806,-0.12633823106066466,0.05150946850837612,-0.09919789136338131,-0.7376893311254993,-0.0849752416713454,0.06379048655420538,0.9513289197851653,-0.19215192471235865,-0.4934858344343753,0.6742589937842045,0.3263286731924413,0.9703338316542152,-0.21221927176548716,0.20564643290799345,0.8841372721108933,0.33852781477740534,0.008696313425095914,0.5251318881949527,0.3730421670805615,0.4270103739783555,-0.3143319751578013,0.4401623691840135,0.11220478524668986,-0.07539482015173826,0.9047170552369648,-0.9580890186020554,0.5030623416880722,-0.8455100271453735,-0.8708262803708748,0.6120411285097789,0.5237059382470233,0.16613109855697616,0.43558423053694106,0.3965362251039686,0.06841392268063484,-0.36323784803397485,0.5770363378730969,0.6930328923784914,0.8302776587163889,-0.4226846818823371,-0.21904750049267574,-0.3769916276479415,-0.7162794635593501,-0.11222286060011744,-0.9431004778051426,-0.28425118205133826,0.9708600665304674,0.669345381355855,0.047707150574012314,-0.34186551195113,0.6850507385528921,0.6038975790359111,0.13142175441274495,0.5545341656949601,-0.562679266188308,-0.07960949793527594,0.11917673223125402,-0.9010906406746912,-0.5282020815363189,-0.09422076220079445,-0.4478236105474831,0.8173591358560857,0.11313011596381828,0.9618744271483939,-0.9259263570668819,-0.37722322872306435,0.7365986791609664,0.8577246245657757,-0.4895643829998666,-0.9269965911786142,0.5156473386364804,0.7779012003883992,0.9267003260656665,0.08414633015829542,-0.2824608048862949,0.3350408174809065,0.1390871342259794,0.4522005140319305,0.9111659771161311,-0.08486236779250866,-0.642609441275179,0.549336535809795,-0.5440574720469686,0.304677297695676,-0.8948264194728752,-0.8574091492909195,0.10721480004216022,-0.12509303625883117,0.6814834632394668,-0.46289081978162705,0.35197798571039285,-0.7413951644700834,0.15628991065970665,0.650969455945098,-0.10209130348605977,-0.9630920593057921,-0.5741499018341745,-0.4426014174408832,-0.9078604008223903,0.6689948646330206,-0.4582798905713692,0.49121261616241974,0.056480395179219656,-0.5555708579382002,-0.28018241273627265,0.6970574930437041,-0.4401948331542589,0.06559597704899112,0.8211631549184115,-0.20319172817472797,0.2459876934115588,-0.8426065811854273,0.4361215353016499,-0.16265104289980914,0.9320694322141483,0.902208037948522,0.38792540031936196,-0.43508310502970127,0.9813910301882489,-0.8390421547201976,-0.5242792922002524,0.13897207944957413,-0.9301346190248518,0.20451231144356763,0.2863554686939902,0.5144090726935175,-0.9153022809914908,-0.21624807795561662,-0.07229895676378861
-0.5483938554811691,-0.7215259761906141,-0.45927407276585663,0.9274319677166036,-0.5805201771623845,-0.8216709627079164,-0.5084369354529945,0.9074548182845081,0.036542442371646944,0.7686709692136633,-0.05154198322031056,0.41483998775964537,-0.061417876144684636,0.79072843260206,-0.1350944018110749,0.6748371812790219,0.013815496566704555,-0.005007792520361765,-0.25254051512084574,-0.3952967449460605,-0.014227569641184656,-0.910601366483321,0.6022322781789442,0.13743426547396065,-0.49005160612077914,-0.7642791231435455,-0.24930896500729816,0.21976030289446924,0.028920281601128917,0.9679402530923611,0.5832753853877404,0.7403685136505018,0.26025581885074445,-0.19014577981145875,-0.9117131662013809,-0.13074332764549168,-0.15456712986436005,-0.3228692776873823,0.8359907531875874,-0.1726816228848691,0.959166568295502,-0.1210668008518816,0.20669009287564455,-0.5383677373332576,-0.7257317109866135,0.23621740118440826,0.5324360182298575,0.5977490129377441,0.22631575478932509,-0.9176014031923534,0.28287165449172025,0.8643016230437681,0.7490027787067997,0.1413216674796416,-0.5829099397974002,-0.24385506314746053,-0.9568164460674111,0.5692822417878094,0.8509092469295132,0.3757692536678303,-0.2058454009244497,-0.7767284865322548,-0.25771324751689195,-0.12323995114912734,0.2841942875655863,0.9890455795138167,0.9685339649389737,0.7348337616275544,0.6793417475572814,0.4800538448880658,0.7300397663259179,0.0701187282755722,-0.1011604854985737,0.04896582675800998,0.3490513297705664,-0.09577162445249088,-0.06538601111205855,0.09969148685500162,-0.3561108479178978,0.7606224051788184,-0.9573125920279977,-0.4302018291349732,-0.19350189294039488,-0.7675086156983475,-0.7068252259595666,-0.49732440953348145,-0.17243416103948794,-0.39504281689859067,-0.24431691590670512,-0.1317923904980427,-0.5578334526663506,-0.22905026749959978,0.5067085804009677,-0.21850853867786824,0.9507021860186924,0.10377457242178978,0.5106900500261327,-0.5822920066649044,0.23802483294844445,0.5925597795794972,0.621821942039336,0.7690861698387548,-0.5783924928153239,-0.8837645962043612,-0.4316710387458158,0.5108316567998976,-0.8063221118352888,-0.5381836966859368,0.18893609567823932,0.9436777676263608,0.141464971735892,0.6301334528026437,0.8074510400096442,-0.3955190383989311,0.07422064909303638,0.12562881317948849,0.43290286864598526,-0.570181168639849,0.44607590207385295,0.8308978193491303,-0.8149632934565427,-0.5365021794902665,-0.3296936337339329,-0.10528584072717573,0.4032030935418123,0.6237057288241676,0.48939067449759643,0.4803161098706945,0.2596041779391578,0.4166397264100574,-0.30593936745737826,-0.9863197940467732,-0.6425443798251473,-0.7403222234598412,0.665799240471511,0.24202062382974954,0.23817627362563876,0.775989577532674,-0.8641435171012266,-0.581740789950788,-0.9710264244051257,-0.4283866685465205,0.7667926769599207,0.7646753082741491,0.42693743120198424,0.3241226904441217,0.7778258520640811,-0.9012811642289391,0.44819480086715546,-0.05499823829677064,-0.4065974861096391,0.2770216774683991,0.8504084045978726,-0.8383411320750591,-0.5482977687718955,-0.6891707846737525,-0.7310066938951394,0.7461287078706873,-0.17702876657513644,-0.15493277089826885,-0.37571000124205134,-0.5209171541626239,0.68034585040473,0.5462950681544387,0.1219323012868152,-0.8248944843026129,0.09763202091882639,0.3754158767949518,0.4285150570450651,-0.5637907692840696,-0.5005147671389154,-0.6045898224324586,-0.5296573204125656,-0.1325776763326567,-0.08802678067709735,0.5337663715139236,0.9431519090939555,0.8886119232026739,-0.19082748785379167,-0.40164857030786316,0.8842278132209842,-0.43228756637951404,0.3464446129508061,-0.8469102441396119,-0.4228988157925364,-0.27039443122221574,0.8042911055774404,-0.8255348815589263,0.339234794974856,-0.3608713517198472,-0.7846234365534206,-0.777585630935288,-0.8504699317859601,-0.20401046127889977,0.9113485456935484,0.20474937988008768,0.3229248508530116,-0.6977453112788767,0.9001279308462562,0.5863343861476373
-0.6312230800966738,0.8615008329742391,-0.8730133661258828,0.24085158840464183,0.4865315333692901,0.15884457099464777,0.8230594377308043,-0.3141037417377224,0.3531072366628596,0.9799199041860733,-0.5793014668785121,0.29907872002104363,-0.9161902358494411,0.8133635639329699,-0.9224672765181379,0.35977190076624455,0.19835197617742462,0.035739089376131794,-0.8499137473321909,-0.9856398779037872,-0.683380361949298,-0.7041621546845525,0.594927730287168,0.3078009470536829,0.7637933023183725,0.34539241964469714,0.6341441198843267,-0.4000027478257615,0.4807422375651227,0.03766489382100535,0.6018317346962949,-0.818697026001163,0.7804314905573897,-0.38203593690003257,-0.7527537046986423,0.017907857097910984,0.07196902041809206,-0.3859176075212294,0.8805297653290292,-0.4992565788109513,-0.3214205913520767,-0.02848365468394065,-0.7226766606164561,0.19627533492554283,-0.39982613783912924,0.6147562935341782,0.002338548474750679,0.09786357377356913,-0.048905555177508164,-0.0011651211481129575,-0.6894077924617439,0.16751517550036676,0.013784329151262709,0.2803503601224733,-0.8368126294719136,0.2059828648828419,-0.2516310149554515,0.8255432556348532,0.19434070387645752,-0.8125645814746456,-0.4156839155966774,-0.5199514964379792,0.18552268213980794,0.5385307308749172,0.4080001385530172,-0.6500820975199,0.9115265792583529,0.9387559787968895,0.8005463643477275,-0.9437032093180968,0.4948941151063997,-0.694939106954801,0.7002505704881654,-0.711321482834262,-0.9078681420978043,0.2138444436619531,-0.21991324121729328,-0.7872288814784612,0.8339612838111046,0.5251622968564673,-0.15240605414582742,0.12070408900724394,-0.43677337623152845,-0.8675239839272757,0.09633059007745293,0.5865517971528647,-0.06395370084696683,-0.13616884002201224,0.3459220367819871,0.07999666945608852,-0.16995686162398393,0.37956573768002566,0.8525414828604867,0.2674866845196069,-0.12415296283487831,-0.6260600602178503,0.9142083885824974,-0.7493248175996798,0.7375465783453432,-0.3972262863793705,0.5367874441550791,-0.01518217672462363,0.5861870156142184,0.09213420194975708,-0.823776139944109,0.8984215422494408,0.3770226980135378,0.7812832490890667,-0.8732724927817641,0.44480446024327414,0.05421472679773931,0.8957970909781159,-0.31182858465790964,0.1846140866795294,-0.6420136807620636,-0.9053303541704456,-0.3109491453069486,-0.7683903652615776,-0.17285995844692326,-0.6778908097003777,0.678087954595854,0.7921920436452023,-0.36003218758900046,-0.6960237787328487,0.5882525418864877,0.010031469371992507,-0.9477082493120295,-0.9158879472315944,0.21776880188918946,-0.1669010081643012,-0.9507456895082336,-0.2706048447742819,-0.16218017691516007,-0.9518823419005826,0.6861274248820477,0.011973862358471532,0.2864277011687151,0.17372652501682428,-0.3315537324819082,0.9997832937109361,-0.05054927247543106,0.83300131580783,0.8287358173617962,-0.7484739302501866,-0.9006067997262106,-0.43435738266456214,-0.5786291682765319,-0.9562857465489492,0.04743697984182882,-0.11996555985651347,0.08606436583249866,-0.11753226322735677,0.8572978992294953,-0.22692574226333573,-0.6778722976833071,0.7435372881348659,0.04442176033047618,-0.491353820330495,-0.7686805690388172,-0.5385445106219249,-0.6159656595945318,0.10400358814171651,-0.8910043111190249,-0.6499836790065705,0.8447380374953999,-0.8807809171705736,-0.039362911161710645,-0.04678842402883032,-0.9438080468482468,-0.5225861247573531,-0.5709262144914566,0.08542289047533203,-0.6033857266509657,0.6093457171125476,0.7203713360947794,-0.12671814599746245,-0.06310574248121781,0.33846283082187334,0.4832633109593263,0.6649709609738852,-0.2599739659821769,0.794750855167131,0.7877602503905194,0.8775427916405505,0.7493950697227199,0.06161049308895561,-0.6652967258168616,0.990552818673206,0.705795378025105,-0.4722657636443581,-0.23892061263441944,-0.37679114602877495,-0.31661509216987405,-0.4407104370022421,0.617265220184404,-0.39116813860982425,0.8199564682290201,0.4303537421281247,0.29569926418730685,0.005997979228539396
-0.6975370520259356,-0.3852105017799401,-0.3080713947963809,-0.36925507407470803,0.45836851427483327,0.30193992586012874,0.2523929520710455,0.44679846216173,-0.6082898826965821,-0.5388477883271157,-0.4555440572403593,-0.9678566572518643,0.8008328062276266,-0.9118076016549055,0.3301368034251999,0.8362695530346751,-0.3221712477874201,0.5548706513841546,0.001764060829467784,-0.27935752775309197,0.027029454492539795,-0.3003784829944094,-0.31362186367494194,0.7092632930436285,-0.14037391356480877,0.20463936257361248,-0.2786522514964134,0.676487915745049,0.327146783968852,0.4674340002111581,0.19307042365993388,0.19396952205885176,0.2245065728278528,0.930195772191887,0.30944141525774715,0.5323587842504816,0.5472484564811653,-0.1135496953907833,-0.6083411687879545,-0.5725171257971076,-0.6476635960588744,0.9787050758996583,0.22981332051371672,-0.5906317726197303,0.060722461060101374,0.4822156408412157,0.7122199438936803,-0.32747431989046794,0.5514735512646025,-0.3179662396374612,0.31536674587863844,0.7110852920462294,0.7828775515671151,-0.9804909283147945,0.06276808705983594,-0.2515750499070757,0.08796900073716185,-0.4057818687638781,-0.008133128976339776,0.6336184691516558,0.3506058689438225,0.7514591916798388,-0.6940411262227473,0.18810487344227234,-0.8693631557769752,0.7168786851192293,0.911203902631958,0.4860619199273961,-0.20759237817982457,-0.8479678996481173,-0.6222577738274149,-0.2605762499801705,0.8763335286702774,-0.8011774680761774,-0.13046410510983875,0.25884981702628407,-0.9108294827589678,0.4603353927338263,-0.918738726840131,-0.09314323083149323,0.8091652468807244,0.8580333922180168,-0.45091246041319444,-0.9889194004280342,0.6433301336291861,0.5764279376784558,0.6031457288183191,0.30405268700658517,0.2624642112837394,-0.8000074515344555,-0.9376515662430198,0.4503481358948562,0.46514930159470413,0.550862582173659,0.7088993032022988,-0.11743012361014449,-0.5168112023323796,0.6647310943435489,0.45246554262750305,-0.13917132909726515,-0.6497962013582641,-0.2638372278302754,-0.556894993029232,0.5223570203939862,0.6995742859938838,0.5723052392032906,0.7274133403110818,-0.3590848713808974,-0.7965382263911756,0.9641196776531078,-0.7374546406088298,0.9686628570483016,0.6500426314221852,-0.24873925596401558,0.5917005417485435,0.8706350276002219,-0.6828740797136137,0.9983416352126633,0.7952561959248761,0.2820852349808771,-0.9058917904957202,-0.7305511785628442,0.14774403270069736,-0.011972921503214273,0.4174889822917538,0.7131441763000588,-0.8327369312488753,-0.5440627583316295,-0.9233933293962067,-0.909774539097522,-0.7092377012873177,-0.05410629580721471,0.4926857839132177,-0.9744365218850819,0.3419505138772645,0.18259481327275728,-0.25604960350869455,0.2901354951898274,0.965385283578799,0.03360290411870803,-0.4776285608148325,-0.7272907359111345,-0.5421690442202753,-0.8378608878214024,0.12244923319142309,0.34722712692675173,0.4151457225385724,-0.6798142670903307,-0.13236242069614002,-0.637506960175211,0.27193040105070376,0.17082362084814595,0.743296586461071,0.418211303808258,-0.40609724711406603,-0.22468865332083787,-0.5349431493873822,0.7829734937767796,-0.443127857516292,-0.42908518774499393,-0.06329982504298415,0.18292768195225317,-0.6261797624093453,0.2851710263126839,-0.16784781795555315,0.5733044123554758,0.6265025249681022,0.7023513793756206,0.23532174038493037,0.7170464071541605,-0.6985708921294724,-0.3081182782545737,0.6573882114964376,0.6715633269411987,0.6015438343112138,0.48160583749386965,-0.06939041606224228,0.5805687941761093,0.6258112394065163,0.7349291997562963,-0.6225168297173393,0.4794996713256767,-0.977783794858299,-0.5617640726246234,0.24700373817162213,0.11051085757642265,-0.2766667022676863,0.13425802532359854,0.8355825917648556,0.6594907215684069,0.3812708018594477,0.03299774930547472,-0.41455807848101656,-0.5590197259329954,0.346060894317588,0.8130539946519233,-0.5874609632582399,0.9493201861256366,0.2613320339498584,-0.9773622133913755
0.21866530211408275,-0.5454076829505725,-0.9597744636140513,0.08992739180132303,0.5819150460821851,0.5924717039975558,-0.555836936723832,-0.818382411148679,-0.7676748835609506,-0.40066993217970004,-0.01685004913308119,-0.25258530714604754,0.14211653870632124,0.07517124403484221,-0.12611315893802955,-0.8562898955959741,-0.1673721089023128,-0.57008109610751,0.01190799930180364,0.47896821403828516,0.8892739607085838,-0.5314453551311418,-0.8812985221507441,-0.5734501138158397,0.8531369307751036,0.8625363223662126,0.2683967933555298,-0.04246899526627956,-0.326691152267367,-0.29093171624759284,0.585552089136514,-0.7043550924146786,-0.5416054344981249,-0.7090266268217362,0.27042327125805876,0.1166360392789707,0.8484668641410336,-0.8396331782193176,0.8950776376898897,0.3058860463685724,0.16243637926426335,-0.34582017832798684,0.030802049269983423,0.7130915935795781,-0.9423089699360365,-0.5485295088402931,0.6605901840092896,-0.7129451496971657,-0.03089318987666756,-0.3848538640015682,-0.5534795023695842,-0.3135451928642681,-0.7150046298796306,-0.3890791619599985,0.6294908601010811,0.6336430670932671,-0.5705854779345707,0.8238570337261228,0.42846998436264094,0.5514058295985207,0.085989094434761,-0.6455730490003087,-0.5814403450890271,0.7325984860483798,-0.6011868189979619,-0.5541590338302091,-0.6901789046511402,-0.746372886278406,-0.8789060218306404,0.21918957325199018,-0.5218682009484223,0.7628779879302887,-0.04617056299740607,0.38879000086340954,-0.9431755220893223,-0.24049238335239687,-0.3142917521351434,-0.352552628262524,-0.6388864031090313,-0.2665870553298384,0.8538802124606433,-0.6690050924475608,0.44230743835301345,-0.5042935740845405,-0.9417386277358533,-0.8011490776483436,-0.29146896827658453,-0.44119675873553743,0.07269657745613034,-0.9522687223887933,-0.34844303509172536,0.363403123424511,-0.814176883501446,-0.5287069282025734,0.03240931811879055,0.42078075074891497,-0.0525144305015921,-0.023850386801824275,0.5483230626075071,-0.46685487175684215,0.15641193160613165,0.1725825305761557,-0.48158100758968514,-0.4398492202557174,0.9848037524690012,0.06829705636923755,0.8895907686646629,0.28270198072554953,0.8051067284826068,0.7374152550993229,0.4439773440640671,0.6535533646825202,-0.7115068987579796,0.519273430678113,-0.18712375834901507,0.7671211223556462,0.4445361239466541,0.9391719610856286,-0.8101297582333951,-0.5667817540303335,-0.47873371187097513,-0.6217292577572615,0.447680268395642,-0.05582201393224051,-0.6624523719781299,0.5352062481881896,-0.3558482774030818,0.5098579648417974,0.5002376390943066,-0.21852352930629904,-0.41841754868090053,0.09879866420721006,0.8027431110313983,-0.7708447746226306,0.7570486910136236,-0.293002643237241,0.9561065652134015,0.3283076898865631,0.9891058885796356,-0.8869644441133091,-0.09981364138065096,-0.4965694909609044,-0.729968202948241,0.503043929663122,0.2911015291417718,0.9751673919385953,-0.6230007466818839,0.682847044300724,-0.17183817385678912,-0.7267569522194499,0.2684768641840043,0.4054786429566206,0.27770424275113004,-0.7873280854012674,-0.9997885895893057,0.5148323751045911,0.8406881716923249,0.535039946129686,-0.1044101971670377,-0.36578977618083885,-0.09476109929154153,-0.2537228403763605,-0.3020522317803951,0.779606649003995,0.300861161256033,0.20821321234346923,0.9915006067072498,-0.9644015060686797,-0.14114061190666538,-0.6193762424122817,-0.5461620617650291,0.6634212835077413,0.5959429179214555,-0.16904781328929208,0.693692129465473,-0.5975972656344142,0.5114441506253817,-0.5387988761744806,-0.7755130055433201,-0.8038131551144372,-0.21172155076315557,-0.8939262107156662,-0.8799086563458616,0.7279417672454214,0.2155176846311766,-0.3427157621019046,-0.5877522557115156,-0.9585316142838889,-0.6565723453241334,0.5020747465643565,0.07860183601528692,0.7786692588410837,-0.5660903431593542,-0.5205459286832783,-0.9006064358782986,-0.19281224371530614,0.3759876984327728,0.8850988596288658,-0.005666162351471105,-0.045878242489674426
0.365966935325557,0.20638545155655308,-0.20838133404461345,-0.018998172464237628,-0.34852477989151254,-0.7125421598647363,-0.19990263855301071,0.04060180853541406,-0.40422834387155016,-0.6660260422285833,0.6662375853593676,0.1843137063994107,0.6094524156949319,0.5610232204762087,0.23533809500697656,0.529449013452123,0.372116559522395,-0.592939104638667,0.8195649377356675,0.2260990096797557,0.75150247943618,-0.21770378530576706,-0.049095141811243526,0.5781471818600623,0.8740139632876924,-0.2723107752355194,0.24178908334260507,0.6173204908838836,-0.3280705978297025,-0.22087494784851813,0.600620360749893,0.48373568541794976,-0.41788770035573464,0.40991687480719863,-0.166496319569156,0.6622063579212905,-0.09087914459069157,-0.8378616578161031,0.05116670636214016,0.20627593736959948,0.28524485069070793,-0.6840194921225109,-0.18100135423819252,-0.04474720267187804,-0.8203646509569245,-0.13773722849322434,0.16648370165008286,-0.17523431200642636,-0.12145305843973553,-0.6272457422018234,-0.7151639741608236,0.40385312939291773,0.28577733721720167,0.2984691227906593,0.82804567289122,0.9759857259498739,0.17942218895196693,0.6226773122996367,-0.40305113397031644,-0.02691831470811956,0.47408093777739224,-0.9517587010854696,-0.4398544826860502,-0.548850225033505,-0.5523068163652733,0.9181646621588051,0.4626982627195342,-0.22537938373099675,0.5694916091456741,-0.08726195099644429,-0.7975506380799278,-0.12961062583868288,-0.07961435021785102,-0.6992626668198523,0.6267476718608629,-0.5106249961910743,-0.1812146207911629,0.8110619045794651,0.5065634459392434,-0.5584310883493337,-0.9227711262185652,-0.06859262899297991,0.06128702980306344,0.8971435155407346,-0.5844111336966524,-0.5677134299345772,0.5427334729402598,0.4547488474184176,0.16358898394312527,-0.8475441415028453,0.00023076669339516798,0.509558203884263,0.3286393229259099,-0.27002699876201675,-0.16252787081895237,0.2442273078129884,-0.851493178182172,0.007223471245682678,-0.09233821102794537,0.7955949716842332,-0.7930099257558048,-0.23193013456504885,-0.23381844695344034,0.9351072588675979,0.14719044455811314,-0.045323126945121306,-0.560247297162437,0.47966274130648534,-0.7657063017982926,-0.9042600191643058,0.6896968288059784,0.5934369983150798,0.27488874829766075,-0.07547665816247862,-0.40223103314493236,0.5615392163366688,-0.17615937406836335,-0.3136428325537566,0.9850304574071302,-0.9263235536185368,-0.4116793804116661,0.23326417321569948,-0.4779145947601384,0.5152441511418953,0.5260068158886666,0.18476666754028592,0.17082792869343155,0.7059073395647275,-0.20264913476033763,0.9888649721981897,0.6972043909275769,-0.8016490282421629,0.7101512612637826,0.7287799887981912,0.815440129206527,0.40458454147014633,0.21908798731974177,-0.918853677144277,-0.11021260062688931,0.7747832816709497,-0.7345137362255403,-0.21263418287511215,0.9812740814958745,-0.23343571674340025,0.29480501721235064,0.7642305556964413,0.46471856153732083,-0.020143844888586893,0.6554688129972763,-0.5386595782114749,-0.24967072329396967,-0.5394016673624662,-0.25570204663149143,-0.04977672936494981,-0.19394586963249716,-0.9630635560988434,0.6040638901714581,-0.2775086705716612,-0.9776449612254863,-0.9819007567892535,0.11778085344584532,-0.7715174152055246,-0.6085027165195591,0.020729098192378226,0.5616561397985669,0.14741613046654534,-0.8045512129912986,-0.08111629907224915,0.8321420274554576,0.5876694253688071,0.2913408745982682,-0.9910587994672297,0.9711669965558167,0.28432200058012747,0.19448697584899444,0.970595098991395,-0.0332650862261219,0.28271144509223967,0.16143549467146223,0.005062576030627097,0.4520785143529822,0.3610431462822985,-0.7527541828638604,0.03297882041597,-0.2526481238864535,0.4124274711105729,-0.1715836014391161,-0.47805674314299207,0.7750968362554282,0.10453721345654499,-0.9926692674889577,0.7805272329295012,0.12197934130029897,-0.7104953501988984,0.8116005057696063,-0.6409272003258601,-0.3982058421644117,0.6819040833106031,-0.13375156993574522,0.9448551788412063
-0.1735372494794183,-0.815027289495265,0.39783470075709704,-0.2811917280923799,-0.13420323434482384,-0.18152743588666453,-0.6336607955499065,-0.1931523627807925,0.9470304622928662,0.6287154265117141,-0.40258611877366857,-0.5632149048970614,0.624920554905045,-0.5977903426121722,0.508277752561674,-0.6488685131413439,0.9712089444548775,0.34709579840388205,0.04408708609740408,-0.949414318462783,0.1558244632462198,-0.7631864668839787,0.548810651829599,0.7801996260701096,-0.8446318737390048,-0.18955789854803284,-0.4903279159067673,0.11563042350631081,-0.10442815058820609,0.9509721976778245,-0.40701938916024294,-0.11152082369200289,0.676302840040653,0.13575286496961692,0.9100780973116165,0.9023817636859759,0.35817479613598713,0.36043281688689444,0.7571944364460679,-0.9483344596229006,0.6250114281241488,-0.3561225041752214,-0.06305505105330411,-0.9038443304193484,0.24062930246309433,-0.1333188523668276,0.6961838882340838,-0.2231888817571428,-0.34523339857936963,-0.7166494788647662,0.9009062709339091,-0.08137651209769325,0.18815356228437152,-0.49758236255996113,-0.05734838380256413,0.0020394117264748157,0.6818726947455349,-0.8444838270297765,-0.1411702571840736,0.08124812012201499,-0.019765835519090835,0.7593967872088845,-0.7709997188128939,0.8887328810396622,-0.942529008915235,-0.8416234863159378,-0.10420048878974497,-0.0579773713667755,-0.19655356730373086,0.8828839908324211,-0.9070366166177481,-0.6421696072794127,-0.972548707948756,0.29670491694703816,-0.500068564877933,0.4005751077844373,-0.38408863882761834,-0.7385200974765771,0.023251580696596053,-0.7270099632704654,-0.3126826238695595,-0.6386457362620537,-0.940790703856623,-0.37840850500118317,-0.6696124376008845,-0.4801502231986994,-0.32762766399052534,0.4080605566713238,-0.628120487431111,0.251417146751429,-0.7042616346357979,0.7647951974614358,-0.9536236946380923,-0.27790875348709565,0.9997763605869328,0.2934154543339276,-0.9473245355930566,-0.494868604750764,-0.840558217703899,-0.6216113631548075,0.5740944803166976,-0.3334013333770067,-0.30371275306825773,-0.34131476738243394,-0.3737082019815037,-0.11070980464813762,-0.22103671253474855,-0.16856044953419524,0.22689681590345723,-0.5594159450856646,-0.3936237268433955,0.20393817037325945,-0.35284444650833025,0.6570617049849168,0.30933166854141403,-0.6464909850416991,-0.704969368707614,0.8553865345706126,0.6178345305036572,-0.25852321570474857,0.9454670770621929,-0.6947826585265147,0.9369636733728235,0.32719040999252846,-0.6168062133841459,0.798632995774285,-0.42648753982116006,-0.6070321670893459,-0.9799625664153975,-0.7976834133356849,-0.5273359743993791,-0.6453221811324452,0.0008051834579727579,-0.2676084795422138,0.05709292855120007,0.2438161863392081,-0.09440022648734092,0.19942753998852658,0.1659637363747426,0.9961848411163317,-0.1709161311732168,0.15060811831241883,0.4836660705084814,-0.7726858325004409,0.13229164672785232,-0.5539393009518623,0.686574913150227,-0.8570767036099198,-0.4842927112683544,0.15698856203019962,-0.010109944698721396,0.313728170164544,-0.5528567633095878,-0.15557226160309523,-0.15219613104431406,0.9126732440946859,-0.8920706081898726,0.9204235432296195,0.42043832737993214,0.7987677384589789,-0.0659384650774697,-0.3717698374551832,0.8560022119534212,-0.6212333351553401,-0.7990006485247765,0.28890759948222566,-0.07878719574196902,0.6945892942539689,0.2357828436456315,-0.9256353030153304,-0.6178002512211349,0.34253262790109296,0.48619277029590857,-0.3342391986272737,0.43784743089403877,0.014127816176633612,0.6642818543838971,-0.3182570157607292,0.46037506700536657,-0.49658875225750565,-0.6389791370946747,0.6740986492856045,-0.09694797334988481,0.9039338984166354,-0.5402272705976277,0.4878964856575354,-0.07491004866422357,0.5232571033429199,-0.012756493641966404,-0.5359569647458315,0.0275938958407822,0.7343322788257554,-0.4944264008884809,-0.8191992006273592,0.33539482882662774,0.6256149738088259,-0.6700263671137745,0.8154200449720084,0.5495174630511162,-0.16432094978047185
0.3716026640687784,0.8808227570419136,0.773639758116309,0.27134195418359264,-0.7536610396930339,-0.9840793040029954,-0.47194651118454134,-0.7333941915168964,-0.589513423829378,-0.7178852866326109,-0.9719286705023364,0.7873260225242478,0.3930658976861756,0.3660641245781049,0.9576170353105675,-0.27145803650627176,-0.2497072193910541,0.3926236317758669,0.38828450724443764,0.8774499926447692,-0.48092219886464505,-0.028313003124606606,-0.8660663572625427,-0.5419431731348046,0.7178266371372446,0.7944892211743944,-0.872792722297085,-0.4305491829222512,0.2895237100521031,-0.20644142525327935,-0.3703094294943037,0.7953853530636059,-0.5610865478371203,0.40353841061446594,-0.8308255864936138,0.25614041463004766,-0.7819938759003551,0.7651857349240307,-0.8600374690235157,0.8584248749894416,0.7290823174446064,-0.6449479120995614,-0.5477420814389635,-0.7683939527081272,0.1623927721110805,0.14486074381329028,-0.6923138014571613,0.9624144505516008,0.6206109478412218,0.4005539029614127,0.9813690649590956,-0.07509702035967458,-0.9029803689058953,-0.34497863595703504,0.4241882742091738,0.4155611401413424,-0.9218228046751402,-0.3356529338677052,-0.23286414860617333,0.971320901377442,-0.7524311862015352,-0.10210431879686199,-0.02125347837329561,-0.4579555532966262,-0.2179844742274044,0.6729639009413388,-0.01921592935903993,-0.3405687173797085,-0.7661301310781039,0.9782935943233622,-0.6358928176181704,-0.6121386778592515,0.4198009670613343,0.8254294373672049,0.7177056024669917,0.8694125429213695,0.6079257844296442,0.6666845279921236,0.8566092260898879,0.8217129259275842,0.10294510345129715,0.2816233300220423,0.1573658009145804,-0.7370143441359476,0.008771407636068318,-0.910348272465717,-0.6966842987449846,-0.8489362930546069,-0.5510015456843678,0.7569066653348169,-0.9389354101860812,0.3352444368884233,0.5760352119821943,-0.9169604597005478,0.2966059595041286,0.028524911547592735,0.9434559794675459,-0.007533115679515756,0.23883544353735586,-0.6122871483135397,-0.17967355043414712,0.007694161794637333,-0.6245373372503802,-0.45121573902699086,-0.7530157098439103,0.1469581182174684,0.652530969930216,0.22957371833358553,0.3478787345309111,0.9916946909710138,0.07393976645935108,-0.32819556693500607,0.0855418798869727,-0.0015541669063543484,0.44135055306570403,-0.7610721382585697,0.8083263318972604,-0.9207867734824344,0.8892982923153612,-0.0543077213599088,-0.14971311098026696,0.9392002929718466,0.43362135136027447,0.06958758721258995,-0.11770183123380029,-0.16159190568071846,0.7572992497918352,0.43774131524598725,0.9535612451257833,0.4914400591788395,-0.7334012310221967,0.6805525281332743,0.9844306705534855,0.8688726336990247,0.21230396389223594,0.7871471099347576,0.8598190444401976,0.5686598386447834,-0.684134544687806,-0.750059737184509,-0.9287786081939713,0.6463269680245478,0.5193364073495932,-0.5759051132338666,-0.204577761044604,-0.7801614502938605,-0.23531760559519022,-0.21872630012125183,0.4342154346937932,0.3697681030249027,0.22674960559060442,0.5087935642086536,-0.578096192059266,-0.8546805364870553,0.9947644762111392,0.658597963011629,0.2151585988314002,0.2637803038418125,0.36934251847787825,0.03933227162221353,-0.9828347076471604,-0.6628974251282023,-0.5751484252369903,0.2596674512378834,-0.3509937133393555,-0.6381536982431228,-0.09806852608916183,-0.19927730680215983,0.3778039341278252,-0.2846132175623375,0.929981698922183,-0.9138486861281463,0.0024670708706377997,-0.3538037499603197,0.08146908160540134,0.7712780883297845,0.2012367176155292,0.7116058740143436,0.9009995005978026,0.8876089100861435,0.5472188546440844,0.7186767763480142,-0.2260237548688746,-0.8993979795884195,-0.5193843457173606,0.5684931359984766,-0.0498901230835509,0.05618646055282017,0.9201995224664754,0.15703220036616106,-0.42283766535563805,0.28098082293100046,0.08943827251056935,0.7798740015108081,0.5348628354065643,0.6897211373016248,-0.20878638269341177,-0.7078764917197073,-0.22366889447295257,0.5118790109615654
-0.930112129880708,0.2714716101555332,0.19225655954290932,-0.9030596711430547,0.35913450485114495,-0.7344986780689933,0.9518399471890839,0.05275169870009777,0.23499786881321638,-0.6253479880874768,-0.9982186884408424,0.5427443906224578,-0.07010947914766508,-0.6120104335087477,0.0662875615895111,0.7917738631809335,0.7579059614302703,-0.3405636067713804,-0.960021389085151,0.9394464579210997,-0.5591799436988822,-0.5943203277368188,-0.22523822192061305,0.8128125885864472,-0.10236593990608944,-0.3086743333773325,0.1287217362699542,0.1565413346396538,-0.2931621635843644,0.08149247329801157,-0.797745932559949,0.5565989933045123,0.8732339864704186,0.39232265128009347,0.1758782510771868,-0.7920850696054407,-0.5512885280930317,-0.2524746325559486,0.8424805439797616,-0.7201955660767807,-0.28502186357879755,0.5142693156093727,0.01853522332850588,-0.47990209206180556,0.289959159201586,0.9704829855254968,-0.9652448102261149,0.5158202510919943,-0.15512655417916044,-0.027556072544045573,-0.6453393826315885,-0.8056282232897181,0.3434610937059892,-0.7758403556300362,0.4888283437511596,0.5256549393438668,0.840704058498934,-0.3978348426316245,-0.45688582494797947,0.2940054971057957,0.028544243463799246,-0.29895305610625456,-0.7085641670633898,-0.40267309909347837,-0.1847264513650957,-0.8536301252499727,0.3573896242867838,-0.858903789686069,0.6639425387092008,-0.8127795028671556,-0.9929355905241191,-0.7954212986409457,0.7800474089685974,-0.03079340341175074,0.1611302025020802,0.4875403864640726,-0.5370502022685928,0.8807773533438741,0.26832720087071227,-0.33028762131805434,-0.8093311681515338,-0.39294401356150854,0.8997624186966702,-0.21248380824314483,-0.10628804280908377,0.7304721101137406,-0.6561250231114271,-0.38468773603849815,-0.5133367384251359,-0.6439597317461128,0.34995662851143305,-0.40328966067673,-0.43243574644034766,0.8486643138602454,-0.7948136455088215,-0.8493598037218859,0.11151466283844957,0.9093851808420605,0.9256810353354679,0.9860680347682105,0.7685736845786106,-0.5895243152972245,0.3119927757447869,-0.3792406886818309,-0.2001325328744814,-0.452210868341979,-0.27070012950640177,-0.9347236888887465,-0.6872551351772367,-0.9683231673946693,-0.5223538565200752,0.8244524919906802,0.05778469110627693,-0.13047908937717456,0.7434893164760452,-0.1442726931389855,-0.12273889265603599,-0.23318561474293764,-0.20123821652958296,0.22050040911199908,0.6181952031860258,0.0031863863996812736,0.34093164207405957,-0.2343980335879583,-0.5874118840152878,0.9972523622319089,-0.9304360513596486,-0.4355416667026093,0.48811979732821653,-0.18710749585322262,0.678202261845287,-0.6188081192166788,0.7678862896909688,0.7972359594503831,0.3195199459271254,-0.9966409252912345,0.05026685404973352,0.8929734526416666,0.6256682579700674,-0.8655165917251091,-0.391365626746339,-0.7739459584945545,0.03032957717205287,0.7655303174737282,-0.8863109531399285,0.25656753339580374,-0.6728022325579235,0.3948981586355025,-0.5431485490499648,0.2428825218885975,-0.4669253111004801,-0.2201357713109302,0.07632495135699569,-0.5375703857965304,-0.39034536527072894,0.3796389815636032,-0.2237665164442697,-0.6846188853107393,0.5432816897155941,0.016336378598480694,0.0345143487149302,-0.6484956258869954,-0.7172845635736511,-0.47038461815734367,-0.6032649334634674,-0.17818142720676722,0.1425268565394917,0.7031905446464337,0.4450237051421,0.948973517397365,0.34283295941058634,0.3556551012609033,-0.01874686460245134,0.8983109913544935,-0.5017503873694593,-0.6860364935440741,0.7298715395266615,0.18276215662609085,0.4306705618602287,0.20890529700657656,0.29851840565716237,-0.5060906077845089,-0.72352364203669,0.8963583559589978,0.8531158923123634,-0.8561625552621701,-0.1941991942348027,0.22868543335323643,-0.42282781892719234,-0.9598157352569927,-0.20766941326127286,0.6261261092303507,-0.7009499831281145,-0.10439237576288907,0.8457113410668877,-0.946020514905892,-0.26718178806590687,0.40465008328356866,0.23527412650767676,0.33255579358105214
-0.6641702147967163,-0.8330671950213571,0.712016342356514,-0.14102885519357922,0.1659959717805337,-0.6006015795987178,0.9334268901117178,0.257264819139424,0.04467111341969776,0.5039656023772565,-0.6877130305043619,-0.32206611990361034,0.861538872823759,-0.6291911256306832,0.7294244675625552,-0.6615475552771974,0.1991164750225003,-0.45967549867442936,-0.12834909487476698,-0.40054336588618655,-0.4058786919967159,-0.40536123294923176,-0.4673042281187203,-0.4227562077870195,0.385852957923688,-0.16701247818617215,-0.24958771236281097,-0.15519587590793393,0.7417199223508564,-0.890390809530275,-0.19224068080044887,-0.5074479426944458,0.7573306965703135,-0.9458607518869226,-0.6795948549274151,-0.07392828315835676,-0.21319806734968605,-0.22607187968792708,0.3790363372895149,0.9234606760334878,-0.2861290458532988,0.4366605463311284,-0.8564576828422648,-0.564438944805761,0.40626502753290716,0.5133348335165462,-0.5804588576822622,-0.4322031665185011,-0.2475059720898325,0.5864607650306242,0.20652940544749132,-0.5514781848644414,-0.055190135123632134,-0.036975504294118444,0.5762403933023874,-0.3897425417326301,0.49061715865496436,0.7891336568732366,-0.6622514354782878,0.019905467508654295,0.5651860489220824,-0.8557533744549224,0.69311445264237,0.3342220707471366,0.28086655456160226,0.5407666700978448,0.9361322937157033,-0.7880386094208585,0.5081330498468042,0.009335132608129904,-0.14667794145357216,-0.7887793457588121,-0.44082573302785377,0.4280091909054182,0.2250808457528537,0.6783972912089107,-0.07686425077476655,0.2185294116622274,0.20061252778551175,-0.4268621704172857,0.9812581364978183,0.6825080142171773,-0.8534824612315248,-0.37673737566136456,0.7081360822496434,-0.18589348037802078,0.10285505833891229,-0.6449838601516251,-0.08379135508855629,-0.19662012213844915,-0.8194810640311756,-0.9786243096843674,0.8259072458269745,0.11805520095511657,-0.05559692035231123,0.968998405152975,-0.7135978441890605,0.5823567587317369,0.8735528050773889,0.0066248470752738875,-0.46775095879085415,-0.8565528835326444,-0.24314581080081887,-0.680567603172316,-0.07970929035199625,0.8843942722660798,-0.22564145404973135,0.8320303021615105,0.23133677533613417,0.2578568287992702,0.5132501229426953,0.5695022014185511,0.07093049197143664,-0.16128128927095808,-0.36613537267501406,0.8598249879830806,-0.9487712184148063,-0.474328560965559,-0.29033834052783347,-0.7424351498138131,-0.9473290632777529,-0.03299907593173157,-0.15783073186216767,0.5018907830027428,-0.07085851183152392,-0.03307549643883423,-0.7728279617379643,0.8916029122659672,-0.24934461714507417,-0.7229824227188288,-0.9669271724679782,0.4897922001921635,0.3268152809053415,-0.6137923839644956,-0.7489906923237644,0.9845895771728457,-0.19994867785014514,0.5365573949234803,0.3472158545226798,-0.8556852607664418,0.6248352001938837,0.08010818947701459,-0.3378960647397846,-0.2257610307700646,-0.7248028377111411,-0.5966698627507163,-0.41075155343597225,-0.548281604566843,0.2995390136707152,-0.8642663931446957,0.1767730561170433,-0.9617286725131247,-0.28121516786592826,0.5995585406702972,0.6246820750175959,-0.5618861361161045,0.10263747504382348,0.677854874775421,0.8564316535575083,-0.7241057114285065,0.6339790502036666,-0.9039493152567404,0.6994813388452044,-0.8856551009781048,0.6553115146758623,0.5778594477125272,0.493242841877118,0.8971996459651597,0.4653494715564921,0.285261770803374,0.5282272608194791,-0.9746345374971848,0.11230856945381618,-0.9114559802612163,-0.3685617064123192,-0.6872274333041808,-0.4779286949166286,0.15837126433397186,0.9171135224841152,0.007802830416296036,-0.32623378940729664,0.05306967535622542,0.022761810513864278,-0.6738499528874677,0.8937980290450716,0.6530765218900607,-0.887836423984764,-0.7785331143839747,-0.17658457841133068,0.4979623167288334,-0.1952460412549224,0.328705680641054,-0.9133315211429043,0.6360615870201995,0.21851755182692423,0.8807439312420298,-0.6361094486018681,0.7572833873656619,-0.8125736973090767,0.22911185780005505
0.21193163683796024,0.8239363186041087,0.7771803950443978,0.7205455550122017,0.1789544174351736,0.705259428836359,0.6532437460680578,-0.03554502797231707,-0.7792211926776762,0.5308218737687298,0.8093268114559409,-0.2683200092440716,-0.48368356114997835,0.5000306450183911,0.39736897033511553,0.9324575719822363,0.6063294721651435,0.48074845643404296,-0.8621132624755625,-0.5173976040226125,-0.5591612127041949,0.897070100573484,-0.22275813278800194,0.2786700702969451,0.546659876489727,-0.43018621816772895,-0.6065591680595195,-0.06734553425122747,-0.4360440339340437,-0.8951071615102846,-0.41110098893989955,-0.7165878649023549,0.8852416864461568,-0.06865488667413011,0.4943407740648187,-0.463514464910749,-0.3176613628668652,-0.20854140171044322,0.46370086026021085,0.7331854710657233,-0.7821365480505411,-0.341821343698115,-0.2997453600324862,0.1245335734659172,-0.8457636252940888,-0.18188074350321837,-0.993297851141479,0.9601817933155503,-0.3852569062745481,-0.8849282507589262,-0.12252966297579482,-0.013219567398368381,-0.14438549552091784,-0.9450710600253223,0.5459867079860594,0.9438145470043937,-0.057983533552264044,0.08976558085646236,0.35211521312862537,0.24550106198878274,0.70646233999624,0.7318084963660965,-0.4314678348749972,0.25670427785919925,-0.544957980259533,-0.09505182068997331,0.8418950370136133,0.43882465404993476,-0.7011343917788273,0.19712799039511442,0.4614061074351241,0.3997331579603023,0.8896680915607305,0.8050091489586542,-0.5953738538544056,-0.7763451066049214,0.1748293921004811,0.22842351238942826,0.24989597186460832,0.7367508647543497,-0.39043713517087997,0.6797980125688949,0.5902275261622867,0.6106187872961155,-0.7886067260024023,-0.4156895298547687,-0.2562325648606276,-0.21687384971515944,0.11177722486895014,0.8214620604024945,0.09218820237516057,-0.46719132072731595,0.6060846977380101,-0.1525694644147475,-0.40832434852700605,-0.3933489793155893,-0.5473210559993575,0.11489804122672842,0.33568025219087994,0.7654979604856968,-0.4527430071480527,0.6505729005285863,-0.25227697988963627,0.7816672112870318,-0.292628213784889,-0.30547534007851773,0.4729864420320691,0.72216914179506,0.5968944548794923,-0.09102378492049379,0.10583911634512222,-0.8687445321332796,0.26651777959074363,0.434164322197264,0.15623053817888133,0.1912469564365733,-0.062358459186839355,-0.7379243891028284,-0.8391717025075818,0.8595593187866992,-0.8322747470720302,0.2978297326167856,-0.7497650088512984,0.5794730130898134,-0.5466599187749777,-0.6777198644995941,-0.03788618933137489,0.9280409872935103,-0.5687710554177814,0.790158049617494,-0.2114163084147027,0.26340259278984246,0.23898199623916194,0.5571938544836208,-0.001293030289670094,0.9439917619706926,0.6443535473620932,-0.09832485924261669,0.04685079252461466,0.3595745219938329,-0.23323466827752815,0.1666548536339485,-0.1829418793992641,0.9701855012603506,-0.0009682013188636596,0.0664360342960455,0.6823076468733906,0.3484834869898792,-0.03529956405760104,0.9412493739572614,-0.46758556307910437,0.1618927334586553,-0.7845664622558766,0.2672097619513525,0.8097640073123016,0.23526743711808495,0.5444329772999013,0.6763362339766725,-0.7730638967895485,0.606787539801614,-0.36786771686118924,0.9012364330612463,0.643501681099341,-0.4337043341839304,-0.4413247844806918,-0.17509412691201054,-0.6952707302882655,-0.9303228171419182,-0.7973953502419793,-0.23428888896943367,0.5758296529386138,-0.634804316858905,0.2298439355986519,0.24128337146935697,-0.16061636919575495,-0.039181647262591435,0.5436989631599167,-0.09012571292874139,0.980293862586189,0.3934330319496919,0.6656456437719092,-0.5222008196311096,-0.6497985301965683,0.6211603608390008,-0.24143824096860778,-0.5840501192939129,-0.015740585335340285,-0.869738153152334,-0.17390363221365046,0.03321388623596566,-0.3908365041991937,-0.15917319682862185,0.00024932542017452874,-0.8574036098364834,-0.7473520802322506,-0.9076979004638888,-0.1389397759329407,0.11266660225955971,0.23031078947701022,-0.6840964194818873
-0.08266928612299007,0.9823663587937079,0.9301538083254133,0.16975015530408966,0.27675475629749924,0.44872480203993526,-0.0626313268279437,0.9339269997904689,-0.8541915691244486,0.23730653266025747,0.8938734463308582,-0.5772139139169861,0.3510356212818069,0.17405157906146163,0.5379176326921076,0.37150432701065106,-0.41465321066101213,0.756922897439583,-0.23628122693774034,-0.2267549182883568,-0.025059958013379235,-0.7849763579488549,-0.9156541228122059,-0.13694832265514667,0.3903586071406304,-0.21335197467719458,0.8270025725045178,0.09729952114268503,0.8093446671993978,-0.8998443777627072,-0.4792992870839887,-0.2510143150472801,0.38985484322283925,0.018414644659643375,-0.19984572330166306,0.7253005921904034,-0.3288379368400709,-0.6353107370430771,-0.6969730576529447,-0.7480097880107519,0.4782210137905665,-0.8954979029530974,0.5385250059495346,0.8537016033289357,-0.30707538543571533,0.3578630629773045,0.8046985786902816,0.2934178479281331,-0.3884177112325711,-0.7693171754940822,-0.4557218233417266,0.27707114899468843,-0.8340540154635916,0.3165740361882319,-0.9949845938252839,0.8396838945929672,0.8906554005134715,-0.9974490893274219,-0.24286782742186275,0.46698863700126547,0.09890098075900378,0.6959559309856307,-0.6540466387916131,0.8488071188267055,-0.9451090949687353,0.669198046988773,-0.14188807580228535,0.049859389578361,-0.05479346749157976,0.582419649176672,0.9183018008164094,0.6072419690714483,0.7827535818599447,0.1160697806008506,0.5988459212920543,0.22119695526051864,-0.7166825663391077,-0.8388594544583732,-0.13248694712801212,-0.7826207854324885,-0.5295761966597994,-0.4695435853365695,0.39293696497328834,0.014885875969540274,0.9596416187634076,-0.20551206459775817,-0.2704121380467752,0.21842084138665707,-0.9954812862314508,0.4860979568116346,0.26446248176356146,-0.8078971295599413,0.3402666660417559,-0.2840693362680471,0.63275417214368,-0.796461584691718,-0.5506905999493266,0.5970445634083585,0.4049996162011267,-0.6658193355578292,0.919634255068271,0.9187941101313868,0.7198422377815183,-0.9229469367388912,-0.2476928701454053,-0.8740778612366722,-0.944850099990155,-0.7990508938191598,0.715568721606062,0.4181999966226464,-0.2729869034216714,0.7470232333371802,0.8532531616233496,0.6606965398225579,0.20456250866686476,-0.4795254247655565,0.10128617576030119,0.7858935787477688,0.05933377961933184,-0.8563586667916991,-0.46779883807112954,-0.9873907751261457,0.34429329610280224,0.5065372669476127,-0.7090985289205678,0.3925023294079457,-0.39602269209173535,0.9817651769617128,-0.06316674401735112,0.38097339654839546,-0.39500458649588577,-0.5847346140332317,-0.3766832160186835,0.5963813977375629,0.34126135663748114,-0.06580683853181424,-0.2620687577631875,-0.1415125750334998,-0.22897659109028456,0.6622642123995028,0.2008081435923339,-0.6283466504878243,-0.5549647335671446,0.9757187065102284,-0.5283433857009432,0.8719714161839336,0.24110542794321832,-0.9802202416280899,0.8339660715416797,0.9025528855683906,0.17453467075947748,0.6199291852798192,-0.8357826018354699,0.528068515573715,-0.7307706206599922,-0.7953000755299526,-0.3206484339947122,0.6100986376744773,0.41280151910473206,0.9471859120758568,-0.08091880157531262,-0.24302565054720415,-0.04803468765818297,-0.9322143812080803,0.38904387253502093,0.31756603830597685,0.4588002281559558,0.23998958206737608,0.6900081861639653,0.0703143211299917,0.859879935972824,-0.8763696759536954,-0.9629400332184561,-0.31677221318051796,0.02116915714020018,-0.210690235117023,0.7890436123328564,0.6752501604948049,0.2019567617758018,-0.8350934147724123,0.8839177823524884,-0.9803774912495988,-0.74181253046397,0.9702987675831483,-0.8249357199843195,0.12268385835950579,0.17142462821925686,0.5436741314798927,-0.6798439550678583,-0.5454653186938705,-0.8435851519557698,0.09972072301078905,0.7545184551711226,-0.2978449334354878,-0.17773551506877072,0.8453566608679957,-0.6284657973853918,-0.7850554413108337,0.021251952492807424,0.8477279891870635
0.4551293555447278,0.39894482863511227,0.9213866866568599,0.03260294068224723,-0.7502807370631301,-0.8081282833328205,0.35345160315892143,-0.29212551109374196,0.7604131934193248,0.9805616230435001,0.25680839585403814,-0.6264749890623962,-0.6373858561427828,0.1706490990245324,0.3811548780711609,-0.4573052636563528,0.5831084081077578,-0.4726839806530281,0.4340945443855373,-0.20006705176646689,0.8526697144568816,0.8104224664826449,0.7041367492914001,0.1472963337533031,-0.6464489744093307,-0.7440822253483961,-0.8946387935326068,0.18187557892042383,0.6538888273381078,0.4019447069654265,-0.4451085505012309,0.08076754788541085,-0.8682697631159257,-0.6237572170988079,0.8759871953847047,-0.663965562753777,0.6072996240906141,-0.325080980529612,0.17599989650879766,-0.41074530453418867,-0.6469454943373734,-0.8512626916867538,-0.7712644680089911,-0.034707707606837834,-0.4413252122692686,-0.2451156715157603,-0.8787689539804677,-0.3118592936236979,0.023491981251247074,-0.8890917222623371,0.27693565246849006,0.10481157025562182,-0.7722701756981762,0.9106840558630631,0.8795128243166237,-0.9957968365210259,-0.011148468874866868,-0.7780451446812524,-0.31972542071401855,0.9227427023391224,0.43695651452130213,-0.11531865802274233,-0.607500342286301,0.9653486797979105,-0.6900419010786691,-0.880991326440917,0.7820238872014598,0.9844599717554248,-0.07144930870565269,0.49359988008849087,-0.1383891349461579,0.13742319891500787,-0.25191200404695246,-0.6264027012001059,-0.04364544114864333,-0.015008468512569317,-0.6262796701568045,0.7697525691908285,0.684141168805035,0.48528161012025994,-0.6857367515362163,-0.9963277325075888,-0.47643553155063834,-0.13907474658054508,0.15217621554617788,0.4902263971466616,0.07614111537213275,0.7679600538173246,0.8144060235017185,0.7934198660489216,0.7771784340102703,-0.8609897236749633,-0.12496863091892862,0.8283468348670067,0.2988546041932132,-0.5441883283835298,-0.8976110789020288,0.404585710631689,0.4479507069487616,-0.23417202399424197,-0.8152967037821413,0.8224877072920316,-0.04991277782779768,0.6346400901309199,-0.8930325187583183,-0.7101009379236032,-0.4150594908109164,-0.9242827179168753,-0.6687459734406738,-0.6759497508775307,-0.966889582060263,-0.5870438812186838,0.09919724176079048,0.6687853066123324,-0.9626142864789324,0.5698282564317443,0.8395743158265836,-0.8266882404113223,0.4188589487428611,0.2746482062653661,0.6744631167825041,-0.5244487891209983,0.6153182064275902,0.7967879810214658,0.6865214566363198,0.5641011048782467,0.6023413366460586,-0.5041746498752298,-0.8192205328148683,-0.8629537566482557,0.7623917537352174,0.18819162499170838,-0.5404359839304775,-0.03647758331831863,-0.5375696706820527,-0.5392767699342498,-0.07469232167795803,0.135679521277013,0.03896374213509257,0.6328765627679769,0.0582628019217295,0.859598941524532,-0.8543078719022825,0.8289884171251047,0.9462686143545991,-0.918316672702892,-0.7185912303117987,-0.5351827367027839,-0.06193732216089676,-0.2017643376540066,0.7930880490317851,0.4831677166745729,-0.9862400440268393,0.48247212079903945,-0.0317230997474065,0.34810754266888777,-0.08220325981644772,-0.14619589922248144,-0.6854423773583322,-0.07885709589392143,-0.08651028965215701,-0.9311101793300958,0.7683627823371282,0.059746128066439086,-0.263495115202965,-0.2538051717600278,0.6842458541346763,0.5367274967875753,0.23547168056930068,-0.8687219740714804,0.830723904422976,-0.354708822793264,-0.3832984574358538,-0.8637948151560957,-0.7549209913369685,0.43008247704136093,0.2541917063099066,-0.4776925556322149,0.07433498908019964,0.28825913869025577,0.6172970339451447,-0.7571066946513949,0.16483615873220536,-0.4945003348410688,0.8909052486784266,0.34219658706956935,-0.5896401664585209,-0.4889786535285545,-0.6495861653535826,0.4353601568402259,0.30515501657525324,0.9078079218054576,0.5857268472210513,0.82876183187313,-0.9814039390457496,0.04996923515676355,-0.6955354268341583,0.6312989905987463,-0.1125496909617707,0.9932649582832216
0.7841046679508088,0.3288063772487384,-0.45311123824967847,-0.34979354972552357,-0.8396128961511042,0.20363732926719091,0.26199580410138057,0.5722828487622096,0.49778843813198304,-0.13329125512513285,0.3484438184490284,-0.2062098577912408,-0.977768204225385,0.49091211629757625,0.36091651223197907,0.6487830552448584,-0.3225819729135653,-0.001163171766158877,-0.008193761508273223,-0.0031506816953972283,-0.5276401498024064,0.022847261407336728,0.9751826606244405,-0.7633437552351809,-0.10010737487825128,-0.13025186155873647,-0.5505889599237481,-0.6202479432615724,-0.4492639977995616,0.0480931860162801,0.6154638207507268,0.4328678714032499,-0.9768852167257398,0.8410763392393641,0.8717852252480041,0.5862004224527153,-0.6976931078108735,0.9490028561288106,0.040425011055876814,0.740624052133819,-0.03932393706665316,0.5618492215612045,-0.43007803825428814,0.16128612709411594,0.97257627847093,-0.8199728515889377,0.11959431607150606,-0.8222788005099033,0.9375266860686606,0.76777550333139,0.3916780553006831,0.3557572763393537,-0.8534489216159615,-0.42504945969758356,-0.7702508164450934,0.22912874845999442,-0.013008072269571791,0.2646375636892315,0.8076758277140037,-0.317614300310735,0.19856905476775255,-0.2465414361864715,0.6636527713525915,0.744746970844369,-0.5225079245917941,-0.9500462356150807,0.38942712478500163,-0.1484608491480226,0.7002909452136719,0.8892102631446639,-0.9726494235605259,-0.04241641382539996,-0.4566518249844229,0.03519117769804048,0.9395117143828575,0.9981143518297115,-0.6721038375750068,-0.3598024672059503,-0.46249684902520327,-0.18178101117461964,0.8324914265031123,-0.07192188323519533,0.19897894886150258,-0.8753769042682051,0.42958074679274283,0.9414791114733281,0.6023667051857486,0.6500406265029457,-0.024780855888613784,-0.6024509416887334,0.1600650254558107,0.5407818485654567,-0.041407877911637136,-0.6147464463087633,0.06694305917514565,0.12819542825155272,-0.5924371009784037,0.45175266673023584,0.9273799837900267,-0.34115733702663054,0.20493458103837403,0.7965266514309919,0.6506183892421771,-0.2773712289972394,0.8730440732159399,0.9445659237123951,-0.528559428590939,-0.5471431453648099,0.8066025631957794,0.8659724206994766,0.4856327712179056,-0.254577161262745,-0.46319105928579063,-0.7332323902145166,-0.6332045603415477,-0.1694072996533027,-0.5612222947069418,-0.288063121984822,-0.16313249443274924,-0.007437504058626088,0.032986593128017105,-0.6097304276088096,0.8574986531850854,0.6246365580528113,-0.052864723177094675,0.5933681451957633,0.5201703019967516,-0.38396300032755115,0.847965070048684,0.9942914917723571,0.7122947740665413,0.004078604471868363,0.09753484545703017,-0.45401586381022874,-0.06924554935441618,-0.7777139136594962,-0.24815053158467326,0.24910887219711597,-0.367313572522165,-0.43628166721477646,-0.2895171439740698,0.4675970109993475,0.5794666945801537,0.7177249639504661,-0.6753432673073887,-0.4783498195037994,0.7469293058392024,0.8887286225906204,-0.026114934197177364,0.8710256009963389,-0.1971199318798742,0.48235571937215704,0.3874671796913851,0.8604688919078003,-0.38756097852523363,-0.1643558533034064,0.03550989859287901,0.18807941066631972,0.45530860572798826,-0.7010132619728613,-0.5664554810296301,0.030404928160056466,-0.20622669783425684,-0.5355765371703398,0.736695969489618,0.8977389120059724,-0.9398076225304335,-0.8039154015832535,0.3371199046928308,0.0818052364789319,-0.6502876115830472,0.30160536154798523,0.1354380330970355,0.4538523731990791,0.4577100130481315,0.8404557878437964,-0.9284134403651838,-0.9416494695797317,-0.2922636871592157,-0.14389600415344161,0.2935155979014028,-0.10514363816115124,0.6522166753467697,0.33119358424759215,0.07383402330906264,0.3340463656647603,-0.18401021162184095,-0.9046535182562487,0.09014622601072508,-0.14075308934053132,0.16314876240540976,0.7685191013271673,-0.5121766337392815,0.6562337989863656,0.45661172161688657,0.6934982054791199,0.9082144944631365,0.6946742151854508,0.35442631350012843,0.9521045991660919
0.3805075647400018,0.1852569927666663,0.8915144583728576,-0.935850683123149,0.9309733116813341,0.490174992553178,-0.8493538273563248,0.6380754904511263,-0.9071695462420928,0.2881478144823195,0.8166540486783429,-0.5173743463429521,-0.9283609206146715,0.6149552333495674,0.02518543280836516,0.05782735797749283,0.17437893837660745,0.6628719760966022,-0.872097993078542,-0.5525854500748941,-0.6699820163380441,0.05275777448350172,-0.29074136307236054,0.714548690963174,0.8226600769693102,0.6430362605526059,-0.53967509534389,-0.18474295995315027,0.6967452300825407,0.3271831572785102,0.9083325984091242,0.7532990900243355,-0.5538660982905876,-0.7063829172929499,0.7990321476401436,0.5752165778390776,-0.004361336966757001,0.14746207978751724,-0.7323391884604857,0.7799881265404205,-0.7644045523832763,0.11626334748153289,0.9156857063557875,0.14785555108483295,-0.5042459811664703,0.6253744766187419,-0.3549335289866262,-0.9594476199890554,-0.09324930480304627,0.2208653095013191,-0.2967519178929834,0.2821104753157446,-0.8249036034159816,-0.08049587907887812,0.7345187906202881,0.14979659646229782,0.3354768462669975,0.41633096833268035,-0.24602748244123163,-0.5135863575795847,0.8050838592191238,-0.9295890988298237,-0.4888308873966294,0.15339175970658436,0.8259634630055843,0.932918808614188,-0.19204817788029604,0.03049936185282265,-0.3264987211507322,-0.4681649774688903,-0.47779053760911805,0.2863590029701193,0.5972994843052326,0.6569634865792728,-0.35029315194492217,-0.6888241229878138,-0.35159736486237825,-0.19418417156479983,-0.5883808886094741,0.7309305794202747,-0.04630170452948468,-0.503409754937707,0.8742621244469317,-0.9163302596997198,0.4570460916593102,-0.4551679722024986,-0.8018110933729368,0.3352315933261121,0.6244341564401097,-0.6968460047905367,-0.4311498254904651,0.3043589469283212,-0.268057163842746,0.4897496647459967,0.6623768217372465,0.9635600018631296,0.8176619727275336,0.2668369192825042,0.6149048898978342,0.6075099868947,0.18594803345390365,-0.9761084057089635,-0.9922072424201525,-0.8204584399453205,0.1753504327529074,-0.7315968863433415,-0.023795669320474166,0.44498348985142666,-0.7957799950930173,-0.009916071090339429,0.3131794973023152,-0.8045591070748097,-0.2271617003091384,-0.16779315730643773,-0.16479112727441914,-0.527187847337371,-0.9111449793936033,-0.9255606735992925,-0.47857398141640806,0.3805450534179846,0.28048546105047567,-0.05033313937282835,0.5309337664435008,-0.08812135899265572,-0.2652438419897236,-0.4895351642965182,-0.2525234228290909,-0.5212080499523333,-0.35766051185840597,0.4842046985438684,-0.14397018044472754,-0.6692916434106055,-0.6953013437831714,0.0708511156518794,0.4180000022131738,-0.0836032813347185,0.8482918948611906,-0.22598722524079196,-0.8872148303491152,-0.0260811253358042,0.5645614252516926,0.8039889451284337,0.1543221771933756,0.15109680518175295,0.8282716411029591,-0.8175425284141851,-0.6917330863982329,-0.7842612772214972,-0.5471269134652279,0.10976612714163303,-0.2624150797541507,-0.4049234375867854,0.08813668468937319,0.7366542126362781,0.24435047544501143,0.8370957865903899,-0.8865644476160746,-0.37834841082040493,0.019181385596402034,0.21087483768054538,-0.19677310682603277,-0.13053849327882183,0.10415499284893337,-0.22673477883368176,-0.26210264457999877,0.3406543474217545,0.19506253091450687,-0.37220448395533334,-0.24433181070804988,0.4020999655876383,0.13213036692897595,-0.0663585669167659,-0.07523303686742477,-0.26287580388157394,0.828070847360165,0.5260843197479388,-0.679120164425419,-0.4165386555004673,-0.9092002513466306,-0.8361968583644122,0.3954073835589953,-0.7329927358218482,0.22473958173836284,0.7646348073145848,-0.9492890741093314,-0.8209801710052069,-0.9487490731071626,-0.13909417144958902,0.18715151724556445,0.620699588512128,-0.658673897039215,-0.8035142101676545,0.4909086094681361,-0.0819744745388189,0.5540361581065651,-0.9157453091129828,-0.39888101484666305,-0.48847771921667005,-0.6251407113008915,0.03561577087899703
-0.7251403734517614,0.9298946986319612,0.9936655623410562,0.346430563910606,0.09510199210154924,-0.28108894134724927,-0.08887663889736785,0.024141974369200625,-0.5779883371470536,-0.779231657543322,0.43048248051776805,0.9204204297945695,-0.7018985121261467,-0.9210484367980059,0.40575481142045366,-0.5482091856690909,-0.013953922695560506,0.2750157447448387,-0.21961087382564104,-0.8626111075112619,-0.1107249935515,-0.49188447627607745,-0.005252219527835722,0.8197924024810557,0.18463711976747366,-0.5822722800958289,0.7339438925584285,0.3654664212986085,0.8154312659787766,-0.6738838803628453,0.06702501056768928,0.7365033663340013,0.6173496442792057,-0.352765476176059,0.4737561437245197,0.14108272404330213,-0.7601530355971529,-0.45949368021822923,0.9388518823908685,-0.5037102785556902,0.8591480561202498,-0.4221373462690692,0.09520698328428612,-0.7456897364571742,-0.4261785412537542,-0.9954447748554256,0.08113772440945599,-0.4116637325525214,0.5135721773562361,0.4612306659307954,-0.14762661082882866,-0.4737126581321549,-0.7623275827099185,0.884750087535543,-0.39949295314967825,-0.6915838366331082,0.4929236145056697,0.7712773932568258,-0.9003861312899379,0.7333596896728882,-0.23659442992520607,-0.615789886590487,0.562396146310641,-0.3360838934848742,-0.028440004974993105,0.36580813003716806,-0.7981744061946849,0.9126964413446108,0.9142678978551955,0.058362134483434636,-0.9980015327345639,-0.14394409653426732,0.14562377839919383,0.04116394055314987,-0.3353618789978312,-0.30558329810578244,0.25488432229492464,0.794015224374828,0.3206517494518346,-0.6382162426563229,0.8284054190375956,-0.22206027293230868,-0.5221350866162262,-0.9081706874620312,0.7327971446583881,-0.491525940982817,-0.17817743531642183,0.004726199605869841,-0.8769267855844707,0.10555287233142252,0.894355712235652,-0.20723155813843297,-0.5291726453625758,-0.3743155292540101,-0.28912131342633685,0.6482228417075584,-0.5256358343891807,-0.3840513825560805,-0.9396782192251507,-0.08443460818533532,-0.2744258454167854,0.26893157497608566,0.3531053223146179,-0.7510413540634726,-0.44813793633267074,0.7707090663735059,0.17895702033582017,-0.9588627481417493,0.2593851417484112,-0.14436999595416267,-0.510725537228417,0.08786696530758409,-0.4017055625393413,-0.6908116061044174,-0.7947637867447306,-0.9423446019168835,-0.30834663960216124,0.5046940083888798,0.03910501362659824,0.2561167273935063,0.6676568827485614,0.5575417523293114,-0.42457179145577895,-0.9473868102637111,-0.2810260327522882,0.8135511920805678,0.2693879988731591,-0.574086755207249,0.2404578689185628,-0.17838052113504732,-0.12595585120006825,0.8495516806445533,-0.38020158404966464,-0.7514297453275836,-0.24809386035822945,-0.8922730032534967,0.4848722863680066,-0.014049046492206507,0.9266850082602691,0.6995536941509928,0.14998281061536467,-0.4781079536856643,-0.32714221421432077,-0.4084509284487263,-0.16745731235040728,-0.627658519067646,-0.5559309990265355,-0.8387555092492123,0.9750066791013245,0.9777850625529441,-0.5767755199399394,0.39611612492096815,0.3722059290768076,0.4368568516799085,0.11062866634666535,-0.7649154561466609,0.9284445941226303,-0.9186155912742269,0.08540961875164488,-0.05742525769526763,0.8572883565240066,0.9336612070620778,0.8309135369677205,-0.9478096829624434,-0.932774499846236,-0.10772002129650793,-0.0010664495453083234,0.9135161572550221,0.20278687453716193,0.6435416119772199,-0.8118708601763025,0.14273210899996958,-0.19410791170624542,0.5498618621185962,-0.09422998253933357,-0.9782830522420538,0.850186369066136,0.724418914103018,0.8828958933035824,0.01867866010672037,0.014113698875163783,0.8618824660767663,0.6456752746737495,0.8762730224195237,-0.13291671394641424,-0.9350422531752467,0.08585599383420028,-0.5496869251307615,0.06483234563509876,0.32766615122449716,-0.019239617284103394,0.5769801630587945,0.2127282730658595,-0.9108208103763777,0.6894617663732527,-0.4611149124135767,-0.28013173781507605,-0.6015187800560249,0.1918514107199032,-0.44119066928919337
0.9261179360995626,0.033326977511153544,0.042331401485241615,-0.04309243475772773,-0.5095574182979203,0.7514028144163067,-0.5037230164924076,-0.36688155210304596,-0.5706540218388774,-0.02570822569823128,0.9592228288578983,0.4433173018283114,-0.974617345774722,0.6383167939459307,-0.32749505682861946,-0.5356534620202673,0.8724637831556559,0.04241130175174357,0.14211519678249607,-0.6944177021782099,-0.9645739937532829,-0.5910581025110047,0.679875004658669,-0.9294120645166117,-0.978177173262067,0.8256871658639675,0.216634201045262,-0.2407488874138095,0.07185307085233839,0.810391304822103,-0.2027115812817044,0.6903136389030837,-0.01759788052566269,0.014990409535895255,-0.3534306930059392,-0.2716020142515021,-0.29216055498541116,-0.3087747529870639,0.2518950483782194,-0.8160470154070063,0.40812137622206146,0.7974907378326967,0.6966281634039766,0.8500587400332196,0.8712623696113111,-0.8166293904056157,-0.6815635355384073,0.5826739880338623,-0.7228995517514729,-0.38864327629494255,-0.1762021706331427,-0.045047286716376256,0.41278281812519424,0.6544707902846232,0.25885152470082806,0.39814001455594417,-0.8263559637088969,0.002544686798300555,-0.8932834769535116,0.7745573100250354,0.2884693274940906,-0.21394272307252415,-0.4489326235961433,-0.7938057004973713,0.8541059690954882,0.3127536861453506,-0.046869929750958716,0.6895613365381872,0.994730674118895,0.18528073071126472,0.8879281044689697,-0.46817517072474146,-0.2562387563275754,-0.016686404663687204,0.48920396290416845,-0.8195484512575044,-0.02333012589634742,0.1683540781567361,-0.8596434443193202,-0.27451654112202073,-0.538209208223372,-0.6501812489113281,-0.28375611588229677,-0.3118715228900042,-0.5520151422278594,-0.5832567886015929,-0.6041803366655945,-0.4853111924008793,0.6962754623203185,0.09335272838622966,0.2157704245177552,0.2352960565764597,-0.9495604372029656,0.6622188064026981,0.5058652614203067,0.8484234217478428,-0.6630067191905746,-0.6460623588832615,0.8274479775150971,-0.8554736703098127,-0.7349086932950728,-0.07562586105613955,0.5838482831132044,-0.22176586148870125,-0.20426473035327875,0.760599063826356,-0.25352444246705264,0.16436836675484923,0.9528941327163325,-0.05828387224615006,-0.05530893361798683,-0.40334038270741046,-0.8057172130147954,0.46377157424297333,-0.37871766833557063,-0.4259233597718435,-0.8130694853653804,0.9456261058854254,-0.649169504704834,0.5786555034861773,-0.49299709842533024,0.8005644976788886,0.2626061312639403,-0.8444231751331357,0.41959985527372035,-0.48758558847059086,0.3187421372771624,0.7730657054072838,0.96521632164789,-0.05430027012489713,0.4472907269496158,0.6985295855360096,0.3429898632503501,-0.5948195542016126,-0.040240464944900856,-0.12666447356203414,0.26116629567068017,0.049909188946174465,-0.4108055567822577,0.17635951442051612,0.6982548162895781,0.257020484642394,0.8014107878010595,0.19851941828967856,-0.8493066186780875,-0.6944997402454316,0.7460761403370055,0.3799034883247254,0.37570550757263566,-0.7461924187627276,0.7596432059174485,-0.382919086715481,-0.3870493121385148,0.29065784685783647,0.5789286992573612,-0.993624365470795,-0.06878785432501178,0.7469702178987532,-0.5779854775114528,0.7840201414520136,0.20686153951773933,0.042759932228854325,-0.9071195539564894,0.7097723174257808,0.02793464305274007,0.4087263535550678,0.6823188687851593,0.8208362548419534,0.09326705873432473,0.49890160792852867,-0.007566868372292035,-0.41566341198935564,-0.108397236064248,0.3304984455009319,-0.444616551606448,0.8191574708495266,0.8880198273995976,-0.22024105669599647,-0.5809242456265691,0.31776620886545115,-0.23411680369244703,-0.03809170041241927,0.1385460709561661,0.7026611765958719,0.13531474949765898,-0.5011945054144233,-0.8338537810077726,-0.8593226231789151,0.5554935689618536,-0.7457819456241308,-0.6691831839191942,-0.8519626710017905,0.727742308751147,0.06227867444279611,-0.2977622913835254,0.5110974249971854,-0.28919704351326136,0.08108345467661282,-0.8554716532834026,-0.6091826643698861
0.5956611331491581,0.45637402774238955,0.05356014388468511,-0.2315912241772906,0.016432593124731554,0.10531729428472114,-0.6538605059355944,-0.7037121171180889,0.877486919931131,-0.7977590103223506,-0.5072014681012311,0.171326061020461,0.42062601693044255,-0.6546866994695917,0.4401729891377453,0.15075243536164074,0.5913692010368439,-0.2768060348989356,-0.9614572642887633,-0.840064861332694,-0.1957430460176972,0.31815055165768413,-0.8881526318402975,0.6663062247641505,-0.8267438114611236,0.5121785648707389,-0.5708145673477041,-0.6833049464494421,-0.06035189250331796,0.6990285587445928,-0.6239580056570548,0.022235842033033082,-0.41492938878030494,-0.4452025118396006,0.8972891453331082,-0.12212359371638315,-0.12353746667513477,-0.4485957218917169,-0.31334671854049523,-0.45223385107950453,0.662044953682017,-0.2518017759429485,0.3002822417386162,0.9976190468457735,-0.1168168222951802,0.8943169896573269,0.5153501725395024,-0.6124353110035992,-0.8656335859525817,-0.3226115450577607,0.9683680722449273,0.6820454673137242,-0.08888451170769707,-0.26226017700561544,0.06137447193814194,0.9168173050038335,-0.25687189792595344,0.12686474730897168,-0.1585925312192742,0.8633861984684086,0.9366444631346591,0.5626158766918787,-0.3284743929507241,0.34564909232242047,-0.8140794367986204,-0.12289808474408415,0.5662715816157926,-0.2262183688498578,-0.6916576463499629,0.5367110999923466,-0.1316551409217126,0.7812730090875686,-0.03966093259671433,-0.8139097943304605,0.876595131810157,0.8223495906715705,-0.6797139811524555,0.9366275246970572,0.6312694501171461,-0.7489739714960977,0.9255825725925271,0.5900746686893539,0.5983263743523553,-0.33872680067363037,0.8925296976985007,0.1284709186173767,0.4123600841439752,-0.3652434485950753,-0.23113254782484538,0.5851176275401524,0.7575590584734204,-0.8030323602670875,0.323640182846741,0.5636647244304858,-0.4638320974154093,-0.9790366883888919,0.038042863088122214,0.452683586250858,0.03545631074454647,0.616204467484506,-0.9728907992728149,0.32621256419109734,-0.4535794590519404,-0.6809921559839196,0.5623904166069498,0.7514571616976882,0.5218651386479205,-0.20424853722415803,-0.7859774426213098,0.22661831365823604,-0.9254075458568096,0.25888543748215187,-0.07391448928361388,0.08387280693047239,0.18311711290410804,-0.34171654673738217,0.15231062018017671,-0.8404819335615743,-0.7985938026711517,0.11197615987844034,-0.0008526143128135821,0.9529495216369506,0.32708114271193356,0.04678789465521116,0.038643371181167785,-0.8470113972798978,-0.10468128460218984,-0.47815096834175197,0.16910155014056527,0.362369360333497,-0.15545700717584876,-0.02800476450710576,-0.15278728483257908,-0.35889899084608357,-0.05575598703139728,0.3510256346358456,0.051924540093338356,-0.13967155768853057,-0.015476676641833054,0.6603115729515066,0.06992410614874989,-0.7635050306994693,-0.1490793295142736,-0.6442037221324393,-0.597386196772326,0.11334396889215226,0.862739545546513,-0.26465627333590436,0.30948982411448456,-0.2681822409017791,0.2239239558415529,0.616634578412105,-0.8680249620990972,0.7226051440412877,0.8958205270754906,-0.4231000403526559,0.39906862502377893,0.3329563195660761,0.8803443911392115,-0.20206855961389802,0.5702970562153833,0.11511925369398401,-0.8211147024380288,0.08643349339231277,0.282050387429172,-0.8390421065610598,0.3568161991750798,0.5374713070320651,-0.019652530786772537,0.6880948176248141,-0.020145294074610742,-0.45632845891530627,0.9765902616920945,0.11899201236177803,-0.35923506145578266,0.39537264782762804,0.22962479137463765,-0.19244593583973657,-0.1773536584852431,-0.250985108941431,0.3177043214459674,0.3916536562460078,-0.2387127642132847,-0.36707476838791986,-0.9514267870695123,-0.6159694180807531,0.9754751590158663,0.9471505910277653,0.5215186436778791,-0.4255448287102026,-0.6312990086322838,-0.23004581689562742,-0.6072523353542119,0.3081748452653219,0.34203480754236915,0.17562204031096829,-0.31182300356192183,-0.8098216061944277,-0.5602668253605312,0.7944343184691494
0.26850805598118077,0.638242205280094,-0.07203724947712264,-0.9091267867934039,-0.15513697941581683,0.957869146649208,-0.30471649668031997,0.2512878499307081,-0.6632833520719819,-0.4581881927769209,0.26026968571440423,-0.8759634021796767,-0.5576439869527241,0.5205034977961169,0.6171057214468247,0.07207907161355065,0.35379749470800315,-0.6218000941836759,-0.5939929107241213,-0.7694211914807105,-0.4090118448365414,-0.06917820286061405,0.8948652420105512,-0.8973263014115254,-0.9947698477835261,-0.207744272434655,0.39824782128186764,-0.6320603976028716,0.8271616611256558,-0.7115765824268978,0.1265050316050158,-0.6790603376832409,-0.30091439514359997,0.8984808708405119,0.5677327215186949,0.4220329129241631,-0.5939156496199431,-0.14833082008136733,-0.7624436638162362,-0.9889132272561283,0.13081043287758698,0.712918942565756,-0.6014400991611235,0.43145275778892933,-0.7411684477418463,0.603865983125645,0.5946819181908731,-0.9196431721375811,-0.20619837249812822,-0.26279643222447646,-0.4516205656443917,0.16384025882929065,-0.9701950942901376,0.8762178954090081,-0.004467871578167637,0.9264939727864341,-0.5189883938906332,-0.3527012070098654,-0.5165002722644321,0.5505660214338244,-0.25102019335711656,0.5767534647288881,0.37799827602757485,-0.8784841008755315,0.013223734020891165,0.4065483140424824,-0.5925074964168147,0.43604556323092525,0.12144814164158246,-0.7225057547737903,-0.4792898816419524,-0.7539665869576841,-0.115731687498839,0.7737506635724143,-0.4434669771321127,0.15786793364736496,-0.1605107413513409,-0.7020704957271511,-0.40287278390488224,-0.10810982107928768,0.2402110660799257,-0.8313626511379668,0.16867788042070608,-0.859380894466744,0.8153825692439796,0.7417277389933907,-0.5755585960748688,0.3875630142656916,0.04605565638190634,0.8787047718360221,-0.9285700281053699,0.5102612809885361,-0.10516541978474847,-0.9969288681954023,0.3856179226822005,0.061295627612281134,0.07526479000870401,0.4208273167722143,0.978161353075069,0.1565938061877472,0.1250044989432626,0.7302499085160452,-0.023581504781472695,0.53414297940603,0.8827998470630314,-0.11932743376357613,-0.9219581505412762,-0.8618159992098027,0.3351261193781687,0.7867811880142972,-0.39966722300469204,-0.6542220863021628,-0.46502707475954685,-0.5025684671510946,-0.9111410539825755,0.9099815655698082,0.24126870294685787,-0.5657403050176781,-0.7146362946235916,-0.9567101613383759,-0.5704003871001868,-0.19207563293351293,0.3062592126934971,-0.47195986186186567,-0.9295509601304424,0.1773584512529387,0.9979854930937611,-0.3186491307175445,0.5517942706723598,0.467122052066256,-0.7059829161031506,-0.9520875991371656,0.17845796815939297,-0.5695138110539211,0.38364754412507196,0.028153998464421903,-0.7560983904592413,0.09030300469161467,-0.5256462726536308,-0.4428719254125084,-0.9413284225066327,-0.086147634615928,-0.39646363522201455,0.08245916340376702,0.10145027402315243,-0.5655342060136863,-0.9161897907788425,-0.3389419802020728,0.9814901993749208,-0.3094643499715579,0.5796867141711741,0.5813313804465114,-0.735961155228956,-0.011857336209023295,-0.28374043575603514,0.7765401840069162,0.08922666027082227,0.41962507958100903,0.036888291966431064,0.9985283844824571,-0.8063675076527383,0.9198907836262515,-0.4397159441372622,0.10326557874406728,0.40238195344202343,-0.40227230762993815,0.31097321866962724,-0.48344931681811754,0.7601226740516414,-0.6585497976845782,-0.6580239565536581,0.07448229787638838,0.9409567712935207,-0.49206399671610157,0.6333291580482636,-0.9833613290970136,-0.18487351717561706,0.9196253487729233,-0.8128195564200573,0.39309355611032615,0.686682905826907,0.400787916509485,-0.029203723479745536,-0.722614237862168,-0.27636039532788637,0.636412032607619,0.08969679322644986,0.6021588638191728,0.8291624345398039,0.935349866525427,-0.18551191038675352,0.5872913760672112,0.8246036492307502,-0.46022094272142167,-0.9490067946402443,-0.8596258247947508,0.3368480658202877,0.6209443524557485,-0.6860618174006383,0.2736241559756625
0.40771095231049315,0.9828206615849424,0.6677806758070115,-0.7898214295323218,0.3813193352437201,-0.8944412848904446,-0.20555112989843316,0.4802997276369696,-0.954049429528856,0.875533950564122,-0.20038378819200586,0.29862451423409575,0.4407544756380981,-0.18259314099242885,-0.6377016292160673,-0.24670118747645353,-0.45750730530958617,-0.6387918482550115,-0.9628803706694624,-0.905686536734108,-0.6101621081019546,0.5674587683678443,-0.8644718258785129,-0.9304518115821399,0.18296809689385962,-0.4375256857743137,-0.5712805661259424,0.17022733922746336,0.4940823004117991,0.9863612398072816,-0.9915483643947494,-0.3119256079587962,-0.12886956544939032,0.06220288130597318,-0.21885768643932124,-0.7038589723505888,0.1464657307933106,-0.2123693265752915,-0.7531881077888092,0.8498089982801471,-0.6542272006424421,-0.4458433718781405,0.998281907429512,-0.0841097249471583,0.5626722892747338,0.6075562013995321,0.3498985649445241,-0.863422251868156,0.7229011737645941,0.13880506889243693,-0.9258376891298199,0.8288908160862576,-0.38260590631935143,-0.22139444735469205,-0.965335678893712,-0.11417349753299355,0.8621966732743536,0.4629892759598151,-0.04894073198288318,0.15352995134331238,-0.8476549585611548,-0.12731731415165104,-0.04623643755969353,-0.4368577346454896,-0.7036697439405308,0.2538988601272041,-0.4915031918199322,0.9044518186377024,-0.8014770257706492,-0.9505268266267748,0.31222660181372897,0.5467704546096317,0.7269085978117455,0.931262276124317,0.32711412579441257,0.6426602052510628,0.19506670731118958,0.6517708687930632,-0.9800100103823104,-0.8853894294551303,0.03523072320825715,-0.5566272460108994,0.12743908601969167,-0.6541096052185518,-0.770942317686327,0.4933894607455416,0.4544225225597447,-0.7140498713010228,-0.02106757377449542,-0.1678279389822308,0.7993725880580891,0.33095795911519743,0.13778233727366573,-0.7435974801924039,-0.7443691147183749,0.3904463715120601,0.5967418225712411,0.5195093020389487,-0.15767507665889147,0.7671573205409115,-0.9008763761271072,-0.9434374380086188,0.7005456313638323,0.8113906823263999,0.4116401161460217,-0.27990347411582106,-0.6739245613872205,-0.765597905723866,-0.5558136904661666,-0.43831509669571433,0.6648778750956179,0.40637366047601553,0.38714744692658787,-0.1421500696577751,-0.18351663773493487,-0.21083421680023462,0.20703434170915047,-0.8410030631149301,0.0012190795247262187,0.6813872916996415,-0.7210811714514731,0.8407517231205242,-0.22867366362588615,-0.5179890341480407,0.8680421851378908,-0.011825854231551691,0.27331601944962625,0.22486967909980993,-0.045512905424736516,-0.4536296934244364,-0.06484551257721782,0.7892720759624403,-0.07883530324714605,-0.16284450470928435,-0.2426271638286075,-0.1558498815293008,-0.24573873882352437,0.8710120982105933,0.6088181176122112,0.9284305807205728,0.42884779114686866,-0.5605185284805856,0.40523780152809574,-0.7936212212890272,0.8337820259364572,0.5288154480690437,0.5691461671343645,0.9104380351056554,0.8190802337542114,-0.5749888991410819,-0.39648719461627646,-0.7163725471286959,-0.7787857886668066,0.9873987689860091,-0.48829530562601464,-0.2937140286028119,0.4034832140177258,0.7444905292927266,-0.4326109331628738,0.9959800286129172,0.3823648487730489,-0.7335882169009003,-0.3876714795960716,-0.8098298458278472,-0.9673556047073864,0.1443882810129551,-0.6167020303698134,0.8886832985415725,-0.9141945863270582,-0.8944424340970576,0.6855755523176308,-0.7995161002220303,0.23629818792080326,0.12109630095812429,-0.15506314686351907,-0.8489041959702208,-0.4143450945567675,0.16251261617709445,-0.354634171793339,0.3322151167035936,0.07385994354885561,-0.5462003725577211,-0.1745236463334361,-0.5909896400653656,-0.08543459211800575,0.5034862910682765,-0.9272672039150127,-0.08234490468356936,0.07781716013896278,0.5312144794394988,-0.8175237623300162,0.08584769143818138,-0.004123995335045372,-0.9282353972115289,0.8035676865336707,-0.336196898536157,0.31574951012829433,0.9158283056566812,0.9978995371378683,-0.4552279129194321
0.9246818478764223,-0.7754794029968353,0.8215094719798475,0.9542305659538504,-0.925266860041231,0.4505498215326642,0.21522761717485817,-0.4033228430858473,0.9373134036072215,-0.7014535860951774,0.636024177723916,0.3305369269498377,0.12187669176771276,0.17140809180313465,-0.9948406525992337,-0.6175931395507503,0.5821522191111685,-0.7101889730679545,0.5145788147766301,0.6727367355940959,-0.28024684880821193,0.8208526458346164,-0.28642829396305225,0.22843162484629298,0.8263584038698817,-0.26324694498608214,0.5506930228003473,0.8260207067130572,-0.8597828357281156,0.38900873719788076,-0.7775795991215848,-0.21715597304594914,-0.3546937717605827,0.6032765689003179,-0.2418429134768223,-0.9078603965329886,0.09176541993410092,-0.7816504739837216,-0.05920994628761189,-0.9994237541463227,-0.7403295703539929,-0.9115402449581154,-0.5022583432323933,0.3877386354675203,-0.5978140452907228,-0.6004620135290644,-0.8583970833359003,-0.4261101891470638,0.9506801340954569,0.390830110143795,0.24465422512765622,-0.06051335365258703,-0.6878788497564539,-0.8588070175897304,-0.1631600806425333,-0.8534831060238204,0.6687213906524967,0.9741822413417704,-0.7586872894361014,-0.8736029848530442,0.7287693164981641,0.7191646291949145,0.795016914395547,-0.18316038618926478,-0.0027032352933120674,-0.644525507399627,-0.7689887565640163,-0.012752648673300726,-0.04357333459729906,-0.6539861988706153,-0.2502209215018354,0.09012086440156009,0.5280086679017038,-0.48515214994407563,-0.9168415089722148,-0.5917912816625361,-0.3484732415219194,0.16807844637103608,-0.20545522977503983,-0.07726636195696712,-0.8239864826376369,0.3283794389256809,-0.6963648480590041,-0.5941875159246388,0.7237433017570678,0.5568625640049871,0.9405151266220915,0.7950953075150624,-0.6306868745340546,-0.604252975357366,0.4168464640731795,-0.23762291104236288,0.39427731019593937,-0.7437251086806946,0.20929618345586554,0.9200318485696404,0.8441591962347852,0.6109039243629726,0.9458062824358731,-0.8434615085331465,-0.5460161478448897,-0.44803291627231423,0.7201083638946599,-0.9710659867068907,-0.23195153471511776,-0.8462404930654062,0.8941662205970586,-0.16181876170877718,-0.7742982552118529,-0.737758800247998,-0.31358065130339074,0.9707842402638467,-0.4495525420313027,0.11577585758839093,-0.4844265291988308,-0.0965000484544738,-0.5602704641360012,-0.59981729946047,0.815045610988989,-0.9443109858105654,-0.4075412077349434,-0.7819551390197459,-0.5958427362096381,0.37047657651981036,-0.26105758196762974,-0.5777724689140649,0.3879052437031627,0.9043393645976447,0.8170058223886967,-0.4493636777548433,0.7420549607739026,-0.29971410168624457,0.002826109966533208,0.34727379684469684,-0.10328284407866639,-0.3003271760564754,-0.2649592528448481,-0.7160854438527673,0.9172031779277003,-0.4781798793277132,0.4758967941814516,0.012530541804279371,0.11715922871293216,0.9411324845074993,0.8150860795160284,0.6185558196262746,-0.8235608169303126,-0.6025528774884064,0.9969406676262202,-0.31927049506778626,0.04236216077929855,0.21955467763735514,0.8450182279657288,-0.9909362125502277,0.6240159601827107,-0.9161758467191103,0.475286686366607,-0.8763271796518994,0.7314546425239334,0.13124323263953008,0.9114403379372649,0.3456606496697954,-0.37248224934389906,0.9565668224550554,-0.5033515336103254,-0.14784182006376723,-0.11603966066575233,-0.8043540431148162,0.845058101619975,0.5127585470952083,0.48079880184523094,0.4972336318868482,0.3796983587602687,-0.20694665242669696,-0.591486803519413,0.15470657436380275,-0.3319455637374078,-0.021225422276437422,-0.7641278405695151,-0.8411015841128975,-0.8329849498369821,-0.6062841736122768,0.42129558859149974,0.21579245962121374,0.597136627770712,-0.6183846459454649,0.23599312048166765,0.1400706508691658,-0.6776320204300135,-0.11012792608670052,-0.659636758092917,0.6532773933604534,0.5444642178579324,0.8216161399319151,0.06518763135204031,0.02245836139324542,0.5369065754297151,0.7686118694644319,-0.2640980967408917,0.24984264015518387
0.6157509741475573,-0.9725222543794723,-0.8924798343233156,0.11052534964266503,-0.07068666396147183,-0.3899418792083613,-0.07042670377540405,-0.9627113135963792,-0.43883811618440705,-0.8426757424230005,-0.520510281067821,-0.0008726638180194257,0.9512652744981824,-0.6830632296517665,0.6933050988448961,0.587892281342445,-0.463724391683195,0.4921386135216508,0.8592897524042602,-0.5364224778064164,-0.34978023507308054,-0.9111735164234305,0.09260200734496693,-0.3754552570688967,0.5154241262664527,-0.5044394047477596,0.5988490316705597,0.3328238700150763,0.6327428808270481,0.595198297823148,-0.2212447669132085,-0.21595369726590996,-0.7100624610159567,-0.1554486871311953,0.08558225189844482,-0.7047722156328946,0.2403722123749501,0.19913341309604204,0.17054370486246606,-0.05948554095073888,0.3966141603147342,0.0045923395073939055,0.3144830088428108,-0.4427793867159624,0.5806348064009621,0.6093634718641208,-0.16074315135741246,0.35974688395494425,0.6113387944527968,0.7198967217222485,0.32752558770460505,0.29806821995573585,0.6777598399581133,0.08497629182620492,0.008779658327328077,0.6509384570350842,-0.27881175901744926,-0.6340530592975482,0.19487081209257417,0.19424930031663634,-0.3788593273441483,0.03246030381264564,0.6394675468091242,-0.6468352287096617,0.2814859958327809,-0.41032137986793016,0.9420991973492701,-0.4307666790531752,0.6684219090361938,0.7861694712930547,-0.0787878260691679,-0.7501290803259115,0.46630879829798655,-0.30476229482466066,-0.8386831290767585,0.26811297419142033,0.24745249374252687,0.17470962201496643,-0.7786913539684914,0.44715363125964736,-0.20147278461611107,-0.3795696395748469,-0.10915475382319739,-0.6784223231904647,-0.8070689570998646,0.08476118002047106,0.9947988433145911,0.7256854669823889,-0.9132598231154714,0.5468284803070556,0.5946974047389273,-0.10563533336855069,0.39385128024116334,0.11318229402370106,0.9358517855267761,-0.8239440369033177,0.18304554798949035,-0.24598504438600122,-0.05643843637100843,-0.7136648989784502,0.02400481486199002,0.09206266900214954,0.3654029915121473,0.0322882124547339,0.37520297262627733,0.8302765001852004,-0.6587817973975059,-0.11565868596906204,-0.7655001038443192,0.6132332460139427,0.6923114363720269,-0.4707349037961992,-0.3480611948397696,0.8703055693435207,0.9527204956972117,0.8525383404300939,0.7340874213971853,0.21569863804307032,-0.25485460287498984,-0.6776409132898906,0.27198394875408693,0.3485988824270798,-0.04519871022347122,-0.38839556646668827,0.8259625530006851,0.823386882369453,0.621594122701393,0.8594577666256271,0.9157881352859143,0.5009552497569463,0.48735498233377017,-0.21692729976931036,-0.7517260633067062,0.007414120699377635,0.567114141236559,-0.06140151584746367,-0.39387544306047406,-0.9155515028667203,-0.6719257206790763,0.7267714508347369,0.5273302215803557,0.3118230355983922,-0.6738325452391281,-0.9547566566350008,0.5722386316888557,-0.6295803470766024,0.4654469185539567,-0.725398898014616,0.8556052137790819,-0.5620094242921638,0.7141620663398998,-0.26374224551942627,-0.760355848363941,-0.5195220563810501,0.5410919774657281,0.2342472617273368,0.31693001753873085,0.9730144439082014,0.23829437286691735,-0.33790118868704044,0.24489336898307967,0.7148569821668513,0.800479973586012,0.917391485460854,0.267980131239101,0.40429842865408716,-0.25134734586119833,-0.4707307512864909,-0.2679483687553037,0.012849533057162521,-0.06819882730018612,-0.5340698090110845,0.5307848954686327,0.1907042721420109,0.5801828641090618,0.13660587352131714,0.3332243952835978,0.02565808300983874,0.03485538016789036,-0.37126760519306834,0.8618002438259231,-0.6868791006648176,-0.6609995573718705,-0.6882798878641505,-0.12224716719092665,0.5734178577852571,-0.635914961025474,0.2613944945527047,0.5864509873295343,-0.433054695201897,0.12060673249939624,-0.36067195365937077,-0.3713079565457693,-0.4302308837167528,-0.6845065080894608,-0.9239204478054981,-0.4111409823789818,0.954534195393181,0.4502109424002414,-0.09564772347554418
-0.6444210135917838,0.5691262314964616,0.5930743601594215,-0.778728527042057,0.2008075044150428,0.31369757188671055,0.7607485306670179,0.1264573544581724,-0.10413513722545553,-0.5030614338524897,-0.26787493115428074,0.730377535325403,-0.5285952768333386,-0.9427981548930018,0.26375096184695157,0.492746266953753,-0.7077623127981987,-0.8976775556277288,0.2528268258910773,-0.11913090816869953,0.21683298014219066,0.7189945390038928,-0.2923038010845531,0.9819471591124365,0.7505969379762325,-0.046006324963198786,-0.1396574796896839,-0.7348606199709604,0.7677599694459369,0.298261267399738,-0.7611998708101448,0.7073250623641429,-0.7474773962711203,0.751207893310988,0.3814503017537352,0.2706131167318684,0.6755895387046214,-0.46010211414245616,0.11500858871703357,-0.24712462417573122,-0.006355698665012621,0.6331548615005733,-0.8981877977137867,0.28589656973340927,-0.5748136726942867,-0.21365369493750275,0.9115695187242137,0.033028772882574886,0.3356505588547729,-0.8921932708103382,-0.22804087957055508,0.022719479426626776,0.6556160020316284,0.36166956210701606,-0.33285610474717364,0.0052869954384024975,0.8157322550258528,-0.9602811435807193,-0.5472400491345955,0.5298268655948333,0.0628571752727829,0.10335402796507043,-0.33599906345911323,-0.3484665724263405,-0.6272224112326301,0.028476247768217222,-0.06184495403965573,0.4676419961921823,-0.10776421193944885,-0.07571845840432179,0.7732696297364117,-0.884099021398342,-0.50818877104526,-0.41177031263895403,-0.9998931771136133,-0.2526314278598505,0.12175275299403387,0.5919701092989056,-0.654838356312643,0.05627580659044673,-0.9438952678381469,-0.5287923757282147,-0.8225099671365539,-0.8271721811760748,0.17652017279325705,0.34305213018140446,0.38508298346035086,-0.1101987025439708,-0.3226091710463972,0.6899214530587141,0.9767911437198125,0.20764832909019315,-0.9005405541175457,-0.4653008736879747,0.3219650685339239,-0.4842075847036078,0.6036946470329883,0.38431128073846077,0.3200186043166835,-0.8564188534001209,-0.6527390527642756,-0.35929561810575694,0.5996318055373959,0.9362888845505726,-0.7872457489823603,-0.35028445950517795,0.6927960116954137,0.2518974443433293,-0.6352352673635975,0.7596858927640462,0.25893713578733424,0.582167180440865,0.8952368265281574,0.12028138053037352,0.35913493822865017,-0.6309895656431905,-0.7729050761177132,0.1049259016490165,-0.7709569002821652,0.8492243443441072,0.7875937747054091,0.948730448664113,0.7886247072872261,0.18902618215605105,-0.6188572181575338,-0.8508707468447758,-0.13277938011835322,0.24101847891934125,0.27108577918067867,0.6782053829633716,-0.7532268710081951,0.6076430548342464,-0.7062329369045552,0.5112324503062273,0.7332956076428476,-0.4742103617278217,0.5842711593231475,-0.8904529686042142,0.6293262027280149,0.12949750457142328,-0.941693280826158,0.5952260484305136,-0.03952358983868476,-0.8500817730402617,0.4835120418532064,-0.5662898497546047,0.7157139473015837,0.5345542637023082,-0.2337229131491818,-0.06492874008262794,0.3145532291274167,0.12134676985584814,-0.8769289495938675,0.5252531023318343,-0.14401580314339535,0.8591306707781801,0.43380524033533985,-0.8801731808254909,-0.1604466544126779,-0.9440459109127193,-0.8090184019787723,0.08078821344840836,-0.6440089411784753,0.4600554000660093,-0.9560074235839691,0.3954874090153979,-0.805488561698519,-0.4121641408630674,-0.43909743367578336,-0.09132649570257523,-0.9594397802141799,-0.5957175655329963,0.03231494117742151,0.13030935656991138,0.5094201090533823,-0.6163212609100746,-0.5497573002985632,-0.0909682781972041,0.4773534260159453,0.7284108145650272,-0.13350571529367494,-0.2981755301022486,0.3390975051865879,-0.6873928583400255,-0.4193886719485269,0.4187413317002333,-0.8665567599511708,0.8630936333613057,-0.8421551988491958,0.756968089225958,0.6472790380347186,-0.7920320162425907,-0.1703848133681516,0.09832874784357148,-0.733510704739619,0.6438790915112798,-0.2601643571327861,0.39126609592355077,-0.34411415537920464,0.2720846112742823
-0.056556623580085175,0.07358451492564844,0.6990843707788466,0.4522034324708155,0.9009020420370331,-0.1800431789776875,0.0012035749282559571,-0.3522918461578681,-0.9462030423303109,0.8518218161056288,0.9385431246027696,0.9864626766859472,-0.4632467132055298,0.5108171016821492,0.02145508869495849,0.6957302134310226,-0.12184733075441812,0.921633014188854,0.7041405173424484,0.756318987617246,0.23901841602927876,-0.016707590704992503,0.3317739902399215,-0.14209459229708377,0.13039073502640575,-0.6391452854019215,0.26427890724121994,0.1887547336131592,-0.49420996203187784,-0.4864565608096705,0.608385637098372,0.2965308692183479,0.9527921022158399,-0.4899970648170888,-0.5646672695137662,-0.07420993369556883,0.3897069626002905,-0.382123450504541,-0.09085734400794898,0.6615824476215062,-0.4755364768140413,0.19217578546731073,0.4390046456747758,0.47030774959405264,-0.6627272842962459,0.5006389652768011,-0.8832971531105949,0.6331001650590198,-0.0514115972143625,0.7569025754352576,0.5686782346603252,0.3112466243829084,0.6483560402670097,0.8413273347531836,-0.9367646924614887,0.9977380733953887,0.8609890215028959,0.11231816443682363,-0.9738131636450926,-0.8498759120920885,-0.8474875016859751,-0.5001438938889449,-0.18282394356911147,0.2322623282629026,-0.8653341229025182,0.02136682082277086,0.570183111728263,0.7903801284258225,0.4236900448871841,0.07936427142170732,0.39014620554408364,0.5114223393653825,-0.05445011663383781,-0.8899503631511541,-0.7783771746762638,-0.4302286586308268,-0.9934637172722245,0.30928132896732263,-0.4646223891205028,0.3959516702203456,-0.49396286524435085,-0.3681496254024681,0.7542209063515346,0.5493615268363645,0.6861302953026076,-0.7317110397053663,-0.1881195236754527,-0.7322539524825264,0.9464704815655651,0.8207595004799308,-0.8713999753766724,0.3605824378957667,-0.33636553472488395,0.916332466618955,-0.8269929884735874,0.1365304182847349,-0.2754704396956751,0.37253579019262806,0.5723917950966411,-0.1959783084154194,0.7967853360827455,0.05067598282907304,0.8717176039927974,-0.8582886396855227,-0.31713573103097903,-0.8229837968939089,0.6110608642346074,-0.6547534513408837,0.7558967898271218,-0.9781023882328408,-0.9996844380068826,0.06623366474846648,0.024768509598989352,0.49735685469318125,0.3054902102629975,0.8375672619264991,0.28430592151514067,-0.4032487013229138,0.574463935297894,-0.3833980524545695,-0.0842968538916744,-0.10940295211132112,-0.6797957393712997,0.014145394693448665,-0.34813402679413263,0.902821189606418,0.5780782636919257,0.9292284805328259,0.36970953926304584,-0.8436342501558032,0.5107998591503535,0.12738037454551554,-0.2899722712138171,0.07258453307365897,-0.8563005518580482,-0.9101906758382776,0.8626493437923601,-0.5983608492743411,-0.07312057292178498,0.7233596730892036,0.8839863644761581,0.702284188153411,0.18173160665133614,0.9618366004154455,0.44452047408785367,-0.5263110183545752,0.914858169430798,-0.09738620747521609,-0.8231914475946263,-0.9812936664665344,-0.6599969890995829,0.6667267280671902,0.3807010175383865,-0.6136032524325097,-0.0908074679411166,0.3186144876242136,0.7160867886678313,0.161059561659173,-0.5831554184824508,0.8787143013447178,-0.3726290298355601,0.3892533032982246,-0.3060980190755258,-0.8639504369233932,-0.4087044511049618,-0.45183595956376577,0.3286297771335154,-0.010238956439431846,0.8455240997686446,-0.13683821453205036,0.7010984044221253,-0.731302570889697,0.1752839454726094,0.5451695862829378,0.6250571434659271,0.8725772786935013,0.043457337266409324,0.9455926728466604,-0.79179828577063,0.9367963448893006,-0.7110991910657694,0.5131102939229117,0.49691231177310824,-0.9060583347196554,-0.24443729437502415,0.5451485777395793,0.36332856166541405,-0.35167688628856264,0.9590449894485549,0.1558388161742894,-0.2730378524657342,-0.3637476483672959,0.3165616189474689,0.3737883371698949,-0.07368624219140307,0.5406314737361273,-0.4964959748968918,-0.2629087385041835,0.38457872626171885,0.8178724716377765
-0.1874223263082231,0.4322783350633028,-0.18705629589391126,0.4305284209486142,-0.7380405092230355,-0.2535153942091919,-0.4575581761066665,-0.21531727340676876,-0.9397928282688233,0.6374068845120009,-0.02829221211677413,-0.9848407480714454,0.09566668621053953,-0.060899537582546515,0.9057278447232731,0.5912973060530138,0.6782830227474288,-0.5814150936925802,-0.9430901652459664,-0.08854448621311639,0.9516581171132812,-0.7682630508683164,0.704758373523974,0.48028348342743277,0.6324715748422027,0.6317671751360081,-0.6402317195683531,-0.2311184455144819,0.7938445566009824,0.04491699681629857,0.5366272581857985,-0.6373694318893095,-0.5422946175171233,-0.6617822718091644,0.12755355043960903,-0.8825367889743441,0.6160348395339452,-0.6597349286523817,0.08433434850863342,0.47660120854102495,-0.4175319330305467,-0.21173863375351187,-0.994021480821313,0.3086924795801973,0.43141901426275253,0.32172747557190573,0.9947239832012056,0.0541909720653464,-0.3363759079959987,0.012728169138054302,0.21076583278841632,0.5666893105716964,-0.5215625467298968,-0.708891524816808,0.24698490019333286,0.3424885098306032,0.6254158726426595,-0.5411079497841582,0.46752773272339065,0.8423197012829391,-0.40531605293637263,-0.8100974637513256,0.20999347158278514,0.9912238897415848,-0.40070045057614245,0.3822403927444189,0.5578883639919054,-0.16740163785576145,0.7400286547847401,0.4961433710775087,-0.4335717065305651,-0.17061245190560648,-0.48358508907565767,0.7129662003428865,-0.3815438943357492,0.5317552351620409,0.8871256507782828,-0.41761897508887436,0.7974274321874979,-0.19054971737054993,-0.5685428814331515,-0.15041518621484484,0.32030392760334725,0.44038517402643795,-0.22682436156295838,0.5076271636461891,0.6866546883466442,-0.02617877639875066,-0.8937175562619779,-0.5584918376961105,-0.11873514076777969,-0.9682611039689664,0.9529168432371569,0.7653893894058157,-0.4684775799834293,-0.7499586028342589,-0.7346342839517301,0.8194885855781413,-0.1486274033252475,0.7472615789329373,-0.21068851617756046,-0.2501885164956765,0.34846426184649815,0.0012301508508565373,0.3873621796323574,0.07071631799931,-0.34806876750616267,0.18698376305246445,-0.9871296919487929,-0.7364629101094977,0.11832822362557871,0.16300435508483724,0.25465042140926375,-0.8957385048150859,0.7604549900726041,0.004136145288838655,-0.12212439164305766,-0.7185420054866651,-0.6992672391094654,-0.8759553510342319,-0.3409891689571525,-0.9643494790557288,0.5101301157694351,0.8809481217337367,-0.11064790381114054,-0.07613394937090567,-0.6969551983590192,0.6691858112600229,-0.15260005332745363,0.9864495384309395,-0.21694879337088535,-0.11001312396383489,-0.44223923058387227,-0.3697906897976735,0.7216110456297935,0.39284127891895637,0.5733181750225314,0.9475806364721537,-0.8213471958517242,-0.35051396914517485,-0.9283958666800352,0.05843878346076359,0.5772535287655183,-0.35478175045753124,-0.4579332981210622,-0.8651852650656671,-0.41757943198413905,-0.22224281206504992,-0.8649452859658642,0.7930626645139196,0.5754358894195202,0.1690987522680889,0.9182658062947493,-0.7140355789491155,-0.8696747762039516,0.205649419948708,0.7047669637223386,-0.7164762853714925,-0.8145185786020896,-0.754822306137948,-0.16209810271362857,-0.8797466953709536,0.17007451400618345,0.010283995275335522,0.7161769076991924,0.4267084560784624,0.6002932708645954,-0.7193645107444182,-0.9458039403235254,-0.8646033589277105,-0.125943016182273,0.0825514294544063,0.7529754238568749,0.8817103394808936,-0.07479266705767285,-0.507102292496481,-0.7318507631732989,-0.34770885774587446,-0.8168003454661257,0.1700444326494699,-0.1839130191685039,-0.4926869041564863,0.7626712931701316,-0.5437629667203208,0.6862113034054711,-0.392596249576604,0.9366668158876172,-0.5164516585484189,-0.23214249493820804,-0.7127866450183173,-0.25601162550077383,0.8402188925587655,0.13421778552344676,0.3364063401983013,-0.5084986395736601,0.4949733412787425,0.45499742928766884,0.7265567135189923,-0.52086032915643,-0.31280148690032883
0.5761536501800544,-0.8394430140312985,0.07804235070398335,0.38577470749450393,-0.6694230598481978,-0.43574500078989664,-0.43849940713505475,-0.14294461342752074,-0.8152980353278105,0.6786611834699385,-0.9301500851697089,0.9377624047760247,0.8227864196520065,0.4060517410201152,0.14537343900736888,0.48660589020502276,0.7142421166309649,0.5859291311464323,-0.8168701301634325,0.22473728958821915,0.4313160650210861,0.14785541141326553,0.08392705665521483,-0.3515414119813258,0.9949092034676235,0.9817768094675223,0.5471468733668863,-0.40212132995387084,-0.9653368343399269,-0.846298105218646,-0.8565563922907102,-0.040838143839181384,-0.2738280911022797,-0.886155844320317,-0.5455942777619207,-0.0722227796791044,0.5045630740112985,-0.5943984033944965,0.29229904822712727,-0.6463928917145849,-0.8687951820357609,-0.6678808218555812,0.32126309961060207,0.6542729991181009,-0.22561131604002416,-0.804986462531331,0.8862525361782141,0.05118930286070511,0.20599296207239237,-0.8409248273010215,-0.37691213096118314,-0.3442591605409073,0.42795188963311936,-0.8664739704793494,-0.8385527313608756,0.30491862878472764,0.25015143490724934,-0.5197335214852075,0.6099245877911237,0.09263127229605317,-0.586360618216055,-0.9097698378135051,-0.22738397063437055,0.5929603313640881,0.29976450144826905,0.6335204382381503,0.5983838365320271,0.17876798575951458,0.2041529086589824,0.9285976841162136,-0.2826443471428479,-0.07786142487552694,-0.0639239438978203,0.9386967936399815,-0.26500380880140106,0.89996426913122,0.48762830630558773,0.8641504888291893,0.8334279998658718,0.28688584421371166,-0.9567284204051945,0.18059365238794722,-0.3839562778183805,-0.7242009635049904,-0.04247876813424245,0.9368693794697291,-0.32498680637739996,0.9808730374646617,0.4885267169210632,-0.6139241830217887,-0.22947828080967936,0.16880287675425332,0.3882961434068273,-0.6133480373036102,-0.5267292567961506,-0.9533604393212951,0.18644396234353944,0.7289780808335558,0.949641067600977,0.4638962644240354,-0.2779621011646807,0.42819042380732086,-0.7297287907775838,-0.2510476064125926,-0.41929470064466656,0.7318852189429852,0.41290040695116526,0.6184789110015128,-0.6618613226783292,-0.3177533150004406,0.7334307122522181,-0.8578171989432621,-0.8177337364448554,-0.5298949814978504,-0.21592174863200686,-0.5947049536123459,-0.2977562117430095,-0.36940436768664986,0.5483927492972589,0.7135274277410737,-0.5296113012570003,0.46905038043520153,0.8554569878045346,-0.5728825925172816,-0.304426484889313,-0.8009208320509489,0.7920937035773976,0.8019864146005922,-0.784217892916474,-0.7523076285257615,0.31246241479420855,-0.5117455945514569,-0.720641345650948,-0.5867297992629581,0.9705436061086055,0.6617147240107166,-0.061252821728891016,0.37635717720481154,-0.8917616380508164,-0.6391807832946628,0.9026585537896441,0.8905062557950831,0.48254495663736585,-0.2591363083410916,0.2641628410804362,0.4800844777269402,-0.6963299054442851,0.6272084879456854,-0.8468056603693641,0.03311803319768747,-0.940071509114254,0.1447942487787348,-0.5679175903999676,0.46170087231442825,0.014743946225477922,0.1695016111430414,-0.5734837966400936,-0.562112194201192,-0.9065823316413029,0.30516205464388957,-0.873557400878618,0.03254538484553704,0.2983342201220991,-0.8350835497636386,0.2896685839797284,0.12451977940637637,0.9841320039594297,-0.15446827080944314,0.85733965070552,-0.6765550521332051,0.7168393844088581,0.6454324111866445,0.020321222443156595,0.12377900725308177,-0.1859725168773736,0.8397806981785609,0.4645490423808154,0.27166970250357014,0.091201575386604,-0.46806630140213845,-0.5921437030370775,-0.3644040536455979,0.9938842750236174,0.6151910870572825,0.8133682238951683,-0.15668458969538301,0.9685472628823226,-0.5037095415129111,0.8852248991915048,0.01097780045614738,0.12211558235241449,-0.2753162685233821,0.08550093359736266,0.9820161428083882,-0.09617627432975673,0.3179828815342727,0.6403791992809262,-0.12872572987906117,-0.9275984993982676,-0.1842898196506202
-0.0101293389667938,-0.8970477107407206,-0.44105046564776695,-0.16254745034475238,-0.4532457119448938,0.8561478882973457,0.3121693930682248,0.8700377728771913,0.05928946617722186,0.9700409566421828,0.44328965815282184,-0.45641574987360256,-0.4533110703787999,0.3811244923706214,0.8931113299817488,0.16753857114558812,0.3727822418883584,-0.056403368275147914,0.7614204160159035,0.15362517595905723,0.6150361818756331,0.8144580330348334,-0.4887057247206892,-0.7101963341822259,0.6566854406679397,-0.694098026655201,0.7932141518662634,-0.47277138301099253,0.16568974483686993,-0.9260513470971818,-0.3976530661637139,-0.2262679406869026,0.1531445018959845,0.5509398408228063,0.6298010678163684,0.6496781468639139,-0.6195455097042513,0.34625930498241764,0.5087882743442722,-0.32826492345990155,0.24566165196364698,-0.2858313357140052,0.01899253391009892,-0.16684000675173327,0.04962426007421228,0.8948365167778813,-0.4536929271509651,0.5604531503687684,0.6697976033565056,0.07755076662161309,-0.49570536781034247,-0.3192326431991399,-0.44557110481912865,-0.5166564968022458,-0.09064619888832426,0.6337178630198947,0.6856007902067689,0.30383620791912813,-0.6552848829761979,-0.16681348994286105,-0.5643302610430505,-0.3108338313941199,-0.11012062343648266,0.013594294630668191,-0.8592739243555174,0.8428897928290002,-0.2812732908061466,0.6645695698717353,0.18627650108638583,-0.1840350656926535,-0.8262458152722905,0.4074570431020974,-0.3881853422532082,-0.1521652878971811,-0.2536824864234666,0.3348534594196595,0.8686917809443004,-0.8826980065611314,0.38729303489029276,0.6017184544486571,0.4244649313446833,-0.05881136472684689,-0.9017272072524656,-0.9134918692090066,-0.7672799960387813,-0.48632833557084676,-0.9716396340899012,-0.6482052331156576,0.31740881821616185,0.6525152570078134,-0.3212084338914287,0.6777391868090874,0.17860684421351936,-0.9769928697196588,0.8433780722433155,0.042041425924594256,0.7080571703897915,-0.6527529928422806,0.7765357160636335,0.17452746304331557,0.6053043749801423,-0.2755554613040525,0.1911052714541619,-0.3982085244550837,-0.5710507417483928,-0.9628392338470775,0.4699533324142009,0.06816298535698562,0.6235573736461506,-0.4245487968054469,0.3155199990109432,0.4263337802722995,-0.21019462168360348,0.5247758487808725,0.06625382765152232,-0.008512537416504262,-0.35374593079640726,0.4959340887698558,-0.11762165423250703,0.046523540503959904,-0.7400352890451378,0.30276489576110244,0.5917780165915385,0.19681377259025412,0.35851363855429597,0.2706460362121772,0.8226409630061344,0.16189078477987917,-0.04714064384857575,0.881748154044216,-0.5319300197311716,0.5727045692097534,-0.5584970500472273,-0.28964021852381383,0.23164538591904216,0.7210737729575241,-0.9299308141297848,-0.06320975311146504,-0.15244788769502327,0.6190251104553186,-0.49841631628520044,-0.6096532896542008,0.8661649675143928,0.133257459206374,0.3641250499559998,-0.8926286500621949,-0.32407132778705683,0.5788884316343412,-0.7795991048969555,0.9490977774876248,0.6435191512033049,-0.586800915081978,0.6309037651729679,0.8887017484768187,-0.4180337508880554,0.7758414298176586,-0.5453050472388057,-0.8215374055248976,0.5335162053991351,0.45031732520588363,0.9502364797038978,-0.02635115832630075,-0.4225500729323062,0.8832450721021006,0.3909808877716896,-0.8068033233137906,0.9589743838693325,-0.2876387799622113,0.48998237039634707,-0.9595037734032899,-0.7094651253339594,0.7887025046977141,0.6524353426473648,-0.9028267097123233,-0.33662529669230445,0.041443256207575496,-0.3602730785726185,0.7403353028322825,-0.2377733557287609,0.8056910063210638,-0.5839370352044637,-0.8325114690365658,-0.11012392189054654,0.9136659322789256,0.04036001634850073,0.4125845227682432,0.8335572233264286,-0.06062576958915522,0.0286842538056733,0.09603104414524011,-0.16240177838452263,0.9326353673933216,-0.25644037367332806,-0.4192395935289186,-0.9629811383828633,0.3939945114806991,-0.8194134009111589,-0.16097515236501292,0.7496553884554331,-0.6540371556594176
-0.670584717403526,-0.5462856480016309,-0.3931739174395221,-0.8408409836819184,0.01866745271862258,-0.8162616598187578,0.13044904825701464,0.6210415023070464,-0.12035616155043294,-0.48774362939488514,0.09945031867833731,-0.8508455332871694,0.006166826019679883,0.7324012685767196,-0.073660953647263,0.29346018069716506,0.9088893071059425,0.5826306603583316,0.7692438528425654,0.5491952626938108,0.5001447962223815,0.1798746179136559,0.05142639830013018,0.4801638057580879,0.1207103694110565,-0.7195961852835706,-0.17009404750733115,-0.5621515621230677,-0.5801500708550762,0.1923715511432964,-0.13567618678488058,-0.2577474199728005,0.4675411448541964,0.06399124559545921,0.3849064231857726,0.057347959308237106,0.2735852232183662,0.5180992811462386,-0.3653146476925111,-0.4398404736442161,0.9304104332758514,0.6756217698251943,-0.4288881073462574,-0.07829777730936205,-0.37754321345681485,0.3847275671193191,0.584468311774029,-0.6298953973010093,-0.47174884468179323,0.3484606704722766,-0.08937290913665308,0.8467607230260039,-0.752145843567235,0.37608459071127065,0.6380297184001686,0.07985742428688813,-0.11560493597231947,-0.7439036779437884,-0.6196850326067558,-0.11355491708569243,-0.7937324094221199,-0.7099621486064303,-0.7850722025103356,-0.2908191044575912,0.8743453442703848,0.526300134654031,0.6615018728289872,-0.12213018171221335,0.17821801727134012,0.18321392613324172,-0.09583224857024164,0.4028771510667666,-0.9594985653296377,0.35600654934340237,-0.4990296388849538,0.4014964749846299,0.8346323216081017,0.08102703889255825,0.8071658970961995,-0.8324134615574101,-0.210400487929292,-0.6106861658267972,-0.5129059349316378,0.12696019935675884,0.7639206487012318,0.9367446159229478,-0.2030330562246705,-0.7448074983091946,0.0114812323101523,-0.09648374735329956,0.5150003185762473,0.8849609979992246,0.4393538086651576,0.0019955379664975403,-0.9250431382225841,-0.9688677447625702,-0.7001016874933579,0.6106810123291087,0.9530560366923091,0.5653618825240907,0.19381431604651378,-0.02741751684779814,0.39210989355761816,0.036123951283073774,-0.08177910138065236,0.41996631033069765,-0.8618437099621805,0.1426397026477373,0.43303701904026637,0.827669824056557,0.9436726479292097,0.3742929166887976,0.14460838145961596,0.64533005031131,0.13241560370734073,-0.6254138276962105,0.8470940968019289,0.3463186463205534,-0.6106315793303929,0.2765492456361609,-0.9359082003237364,0.5561893836273333,0.7037294939101708,-0.012180125987937496,0.03809637721328962,-0.9169260753009134,0.7003389830441702,-0.026201058388037657,0.36015264594198837,0.06707484941491182,0.19842186017199692,-0.6341200051730724,-0.967243544759248,0.31781631566428503,0.4578507479495788,0.0231072900891649,-0.530948386392553,0.9509006991915652,-0.513371951575119,-0.8593366313019797,-0.9736520631890604,0.8102572822144742,-0.6215234487680372,0.7586393971786713,-0.4390496312758121,0.01420044516390151,-0.6181497561672245,0.21909182271809025,0.5804769796118299,-0.700209368534985,0.933695043725508,-0.24301763980462754,0.5507423340567545,-0.036401163251573054,0.749665472690006,0.8523642766687385,-0.17766443355237538,0.7703292249630485,0.454743068272468,0.6793216940468927,-0.7109051207355284,0.28881288938606553,0.47015950573890763,-0.9550695811887544,-0.3897372089523443,-0.2360893865516498,0.47317666593754826,0.7289965528342373,0.6596751460519208,-0.42411116509361624,0.7453745090332831,0.684951377466466,0.6489386113213198,0.5040594612051497,0.7891258206118621,0.1562442232852841,-0.47586140812710065,-0.42631885139672887,-0.9852413083844047,-0.744783587259392,0.989436009083293,0.4712552748503138,-0.5510770037207144,0.5960090010703063,-0.5582416555013465,-0.09447626969828349,0.9504638626288748,0.9373517527606516,0.7290317293341742,0.7015848265265865,-0.4314445973556813,0.3523944393292868,0.3188621031306247,-0.8797219129063951,-0.7545046024633113,0.8206849801613998,-0.07745999297478501,0.8377009805756499,0.32000533152440025,0.21508509154487165
0.07087991464389254,0.7330432429353417,0.653703734753168,0.5649044623707418,0.588169627960941,-0.19392414976770045,0.5399341198693461,-0.3669663147375568,-0.5542280148132954,0.3742130531306094,-0.3267504538044277,0.2546950797052825,-0.3703256273037576,0.8793732540176109,-0.6483931253055208,-0.6979582903994266,-0.030446557147179698,-0.828253078097168,0.7102760719904861,0.5935457135786226,0.3591861805836831,0.2668591578422017,-0.9046240101760203,-0.23156286767871248,-0.6453661484342987,-0.632216004280221,-0.4618503377435741,0.3038616334715847,-0.5381641064769478,0.28177648665803545,0.9937014980578323,-0.8318466210840756,0.5634329146928827,0.45814208473779816,-0.6184963514811506,0.06894756669145496,0.775844365609544,-0.8808664770671433,0.07486242516027164,-0.9794486371266744,0.3747675330786373,-0.4444822522172893,0.997414978570041,0.14469557733783422,-0.5384015953486367,0.909821821018943,-0.27586294223938634,-0.26756237388686044,-0.12237158973063211,0.17346425635900609,-0.649475130737379,0.9970633367640964,0.5206306130791307,-0.9241228895064459,0.4151903052663466,0.0604657550660761,0.31614531767275,0.6025129539324938,-0.40039944250337944,0.36281920651075383,0.43704772878398335,-0.7576846000561512,-0.9209699984184114,-0.23300360376384277,-0.7979700863339669,0.02354400412730273,-0.3645005426337402,0.618705533234549,-0.8905262309402191,-0.7576106849497175,-0.6232068626947547,-0.49071303007278266,0.6195413284481774,0.7626497057393877,-0.45172788237070094,-0.8028115723337725,0.6800726966424746,0.9366468323578272,-0.7522542996814325,-0.7270176830640267,-0.6597006725150987,-0.7746187266059363,0.3413785057082783,0.737861099318651,0.48989368577695647,0.15422966141557404,-0.8765328663898586,-0.9489811192877968,-0.5105760517881412,-0.61059893849399,0.4789421730946717,0.4424554701392147,0.5071049155513332,-0.7578536984728887,0.13817689683528522,0.2750944447790411,-0.7285103361852561,0.43345610112317456,-0.37061040213021945,0.7742444699608628,0.014560548872124102,-0.7592425453197671,0.9621002105865044,-0.010180574157025113,-0.36611047333147195,-0.6558707186952031,-0.8002509517486538,-0.4624310168391579,0.8730366499456932,0.2352144730809036,-0.21487309264926235,-0.8138036124049599,0.38085178673577347,-0.8312212139410708,0.645775718199135,0.1614611795464358,-0.5526712882138065,-0.7160972213161914,-0.8163359165181929,-0.34275022729210103,-0.0411574467658109,0.28305630828702255,0.9999504784099524,0.5808962759241223,0.6261355558450283,0.7119512696069783,0.3240414491326775,-0.8223961174724153,-0.4134037057723958,0.30591685868729845,-0.506375064910392,-0.35266071795427045,-0.7587979627892927,0.3051674458239939,0.2953272507290037,0.3753624514693492,-0.7556703742617565,0.7165527130814753,-0.06335283899464339,0.21278577727331127,0.07465198440590814,-0.826617442287318,-0.18686510262557343,-0.9568985005532555,-0.787789261421757,0.6300510116736027,0.49459105508915724,0.6767846904886368,-0.794921769082173,-0.30441367214384507,0.6037083852513256,-0.5819912592825742,-0.7720600990375481,-0.12998293800860372,-0.10825727880760017,-0.8963052618748752,0.3353490127977028,-0.7806275942391179,0.8486285507862457,0.8780904252068673,0.924086843455524,0.3485299196552867,0.8040454210880985,0.11966269495812076,-0.7256476012596758,-0.9452438293929109,-0.47526662551582755,-0.3041269424492268,0.9046189210659734,0.2953017298220497,-0.9406224544380692,-0.9487360773063449,0.09415459913637769,0.26375414694001886,0.4110734685478319,-0.6190676624565901,0.5333839262736162,-0.7098254911881676,0.37919428450345327,0.12622654398163724,-0.5908486752226747,-0.08877709313015902,-0.2534992100868312,0.2761760015725596,0.40591113457489625,-0.8972545006382993,0.9974969720491704,-0.36918983789183146,-0.29845566433640713,0.37532466248392615,-0.07136433394467256,0.4335465743330651,0.7607055121943338,-0.14872340195362033,0.8922470039219295,-0.8565247074730715,0.9608525804034451,-0.07216617736879627,0.615305601857187,0.7805855068034884
-0.3785811691894736,-0.45788653634329424,-0.9621374592643881,-0.5434388217071295,-0.3036887053066657,0.15304645077199086,-0.7387991201702429,0.5956502586922261,-0.5038576774504848,0.4944194132846276,-0.3810078237606809,0.2602530804769232,-0.09077894976992384,-0.9129824272070866,0.3352928936128794,-0.9673089027995008,0.11229447164134054,0.7332571975602666,0.019142098316770495,0.9282187305554308,0.679743847801141,0.6549185084675293,0.1487266150553599,0.88385461168713,0.6507924506178273,0.42328752088852517,0.9063352180930502,-0.7270514097924048,0.3892443201091671,0.08622943910380432,-0.31073063181469096,-0.9097984542235129,-0.9720166453491954,-0.19328154995634472,-0.8153491701399389,0.7280050872291925,0.5712589469692473,0.0397468158093468,-0.4886469048307289,0.37201020212076363,-0.7994444024672258,0.5933548127381989,0.49694427330013546,-0.7400006031101465,-0.3150939673587074,0.08139166626183059,0.03672188691832101,0.2458208167015019,-0.9642563252527696,-0.97370847626898,-0.33534601586098267,0.28976679963523133,0.2196924320373279,-0.6283368959057727,-0.12225360349880465,-0.8700362401723571,0.8006371777320516,0.9519382273494263,-0.3169959833660432,0.4846994345562221,-0.3977714089665709,0.5516685763156137,0.35441161835326307,0.6868416441043872,-0.708833417570077,-0.7522925709150241,-0.19957727844425843,0.02645595513619914,-0.3727663781704509,-0.5123473968682195,-0.4587638980975821,0.9966955536505271,-0.5493567408333981,0.08886205103628719,0.6363030703124808,-0.9581655768832908,0.27369903234120385,-0.1650071203506016,-0.09258995197592879,0.01976505893161362,-0.6055601804053898,-0.764237537229236,0.9625460462596427,-0.647397787725773,0.5374992183223593,-0.9001000746580721,-0.31830962467804036,-0.6944960349308396,0.285328691649829,-0.19980825098195787,-0.3239563015943574,0.04718978717554401,0.9643514482545223,-0.48356029010634094,-0.8964022496239037,0.07422591459249661,-0.283685230655748,-0.287084166195567,0.23221327087690935,-0.270803599372891,0.16785849355720517,-0.05837442358003053,-0.4858728394077594,-0.5126087996921098,0.21141729907004203,-0.3086413153543037,-0.9305297843949127,0.9769118111670576,-0.4066850430913431,0.415438145348241,0.336962619967079,0.3282845512150332,0.7337074707513049,0.4091591534292689,0.3994973385825351,0.46399408411644094,0.5890392085926637,0.5098684681399601,-0.9650121242857497,-0.2559395390746,-0.3596488331964427,-0.45924785821710157,0.2051815552542149,-0.6348458416100777,0.05260590032870738,-0.8552843356920461,-0.8042019485503769,-0.09454773532182159,0.3937217678178244,0.7068202240004147,0.8581582291576269,0.16733867367983035,0.8073759864253374,0.8185468186642657,-0.632512050276065,0.02731965834783967,-0.7187010403865639,0.27125237246316813,-0.32989129920006777,0.0018722994651241276,-0.08190308526469492,0.7463833137736886,-0.689431094552498,0.9006372088452115,0.8140362933330414,0.780278065795633,0.6515561329384139,-0.17933214096095718,-0.5608981251193255,0.7043117326236572,0.2302551248372473,-0.35845707619819067,0.2933709970277609,-0.9535150145355418,0.931328099832569,0.7403856412199343,0.9448782569389274,0.0629201479592647,0.34795311659331385,0.4203206492224121,-0.8657014387608919,-0.1314604103976993,0.0926630877410255,0.6637341405224553,0.012483100150917803,0.8362388918324404,-0.973210036791615,0.4422080366172816,-0.32714897811666876,0.6731067532851263,0.5180104249836315,-0.3045204266564461,-0.6716951265230207,-0.7595484275960656,0.8198192939750368,0.18214244735007123,0.7509885919442854,-0.23771464587395075,-0.5107376875972507,-0.789416045522235,-0.8329596752812558,0.9568487687845413,-0.24799370215547079,0.6575901344107784,0.6764052863246348,-0.21961195434991287,0.7819324229496307,-0.14802806276341407,-0.5548258572748614,-0.903274566905899,0.3599226369769406,0.6409218859552961,0.6250618277990365,-0.5949809950628004,0.16192281027013178,0.7446989572128133,-0.8423208244382205,-0.20713115003718108,-0.409361481477317,-0.0830986251487642
0.791174272143305,-0.26969000940012466,0.9668708705418874,-0.3409667802120775,-0.19334664096015697,-0.42857085392883687,-0.8164713194275355,0.863426616637399,0.951428215621327,0.8182871705746113,0.9950771214165535,-0.31958881588238275,0.9099682864428369,-0.7089150296131164,0.008877742218560192,0.44380104064119963,0.6680511923964818,-0.2338102636935846,-0.7026745771088099,0.5092876028204696,0.7402343818130697,-0.47590116113264336,-0.7970804772269038,-0.2139432113982549,0.6147123250249635,0.774156710853469,0.8406717452213475,-0.2720933345530818,0.37493846406466624,0.502506260804052,0.8039688387965784,-0.1960073365280206,-0.9727300793311706,-0.5747464709935182,-0.23431579235843225,-0.31938163178036527,-0.2159393859720069,-0.10476885563435312,-0.8315334758806521,-0.15514337166610237,0.6472068340895729,-0.08083642168647165,-0.21971215904989605,-0.5490519312649718,0.77074021055179,-0.6326493281021632,0.7830923435783654,0.2851747036975174,0.8583783083307468,-0.546803290975133,-0.433234465109515,-0.15380970238738767,0.834930288376561,0.006487487383800561,-0.3688829677775278,-0.3106783715551764,-0.6287347121057723,0.05362558672133333,0.9984753056859386,0.19698243990525421,-0.4311354392173996,-0.1053239311152061,-0.42060284213415744,-0.0005085060467631131,-0.5683747496696352,0.39895303915876124,-0.17058074862605754,0.8814792492359831,-0.7684552363571266,0.9111620406773213,0.8974512746598542,0.886210760846744,-0.044268512977645,0.5450086695472862,-0.909759188179774,-0.5705614643878332,0.4930222183184647,-0.33042800372027314,-0.5901848028864125,0.8617721728628214,0.6792038186033251,0.5598092522060103,-0.800362804111775,0.34493863194546837,0.6146600643280462,0.32709447089648136,0.8412317083678293,0.22193225802456729,0.7730381122252705,0.25536618993826576,0.2750388988164134,0.25532412048920583,-0.21447500423941301,0.02250233063188034,-0.3765101971912794,-0.39696792432331907,0.5768579222725732,-0.011990243548179569,-0.9875613754162214,0.04603124660992686,0.9140865112982199,0.7115548320384193,0.8033575622921609,-0.388240971727684,0.5982784157502221,-0.9487061023158898,0.703907063243264,0.7529372703890673,-0.5945971956665979,-0.6621087956218774,-0.43379193350261813,0.07471073836204845,-0.13792175941556994,-0.642821399217175,-0.0013503268586110284,0.8312947395691153,0.9359055403973555,-0.7165418850305043,-0.08644424045519017,-0.1797960789906783,0.49556729119761544,-0.32674209803516696,-0.12951036663686621,-0.08590568256880271,0.9999956877141383,-0.8882536682805107,0.8258677077332051,0.5520835942155762,-0.911440611906474,-0.0228382661461084,-0.6824783757648063,0.36120790980484196,0.5155267143710001,0.8541430054247594,0.3325452833662814,-0.1729714516779539,0.42498201796836166,-0.175733520460432,0.8851288744634909,-0.08092596086399628,-0.13503507656989022,-0.294732023881612,0.6035107931987855,0.9796505563974145,-0.060821806956450786,-0.7635929075379047,-0.489703058779009,0.7958207451763992,-0.6844098211086529,-0.7799535699684885,0.42675557224809046,0.4820590163092928,-0.7456397292362531,-0.6084498576015407,0.7220889019214007,0.164273198031331,-0.4896480170716855,0.8547475090526566,0.4540044136134358,-0.6514110376437607,0.37825721893546027,0.18931622780838153,-0.8253141424744819,-0.13903443111651992,0.07603466090250444,0.8167762485722883,-0.15462787305764958,-0.3974937528389535,0.05062488669640963,-0.8538080897063898,0.156572514704594,0.8096731144237383,-0.3196062308804526,0.29061520812394503,0.025662285189060663,-0.8579990720189166,0.12386308974410332,-0.5927167904469928,0.27561092020674516,-0.966170631481601,0.9897922130309116,-0.5578168834447423,-0.5219953395616328,-0.7682604439449916,-0.2124997263519035,-0.16454123006108734,-0.03339704857080328,-0.31963465819848746,0.6494392938680349,0.29474435719489445,0.6698862264975205,-0.9194426904202264,0.5621520627765391,-0.8266823351475296,0.07112452684717852,0.08617655451358952,-0.22905301962036484,-0.2053673629663495,-0.19480656549753506,-0.634488801545106
0.9886681529556836,0.09502907023180907,0.20974942094189686,-0.16661358265233273,0.14400284121122575,-0.8729654395146453,0.6848831801757354,-0.9730932273894202,0.08506999658608416,0.8204173235343173,-0.1182230729653655,-0.2830459992897827,-0.23018251042202365,0.11060638267848755,0.3118835503454114,-0.9434743831569607,-0.48287495888781495,0.6137998893341927,0.5395886937965333,-0.8046621690429208,-0.22264094539916313,-0.20797095588195913,0.27185645166507566,0.9723160665524044,-0.8046064495860148,0.5992456079061748,-0.2052554458236573,-0.34424271756267544,0.05234423800479182,-0.612359574833347,0.8712310853505101,-0.8237008805658546,0.6179021708987349,0.5639337724884206,0.8667806835901286,-0.418509680255154,0.029867481983020472,-0.9602798742802685,0.1238121527120073,-0.9878194732296122,0.6901050456239377,-0.043052272576362016,-0.4758969099003456,0.7387621504059938,0.16534855250690783,0.4182199345763016,-0.030406797525013518,0.05989573461435671,0.9891735353035698,0.5640469598891187,0.6991885461432701,-0.661476086078459,0.5263839749974459,-0.512347482119565,-0.08039845426906944,0.6536357136891073,0.07692525684778517,0.19674440858170184,-0.715426497780417,0.1361576123304442,-0.5401196429382913,0.33883147360798094,0.5126786211646375,0.6573606321683483,0.37254687054063385,-0.3266950132334152,0.8333634665820246,0.8109458051406209,0.7576325055699991,0.23522593115678303,-0.3161527833410296,0.4691959684737457,0.8136439742500412,-0.5955091766714526,-0.8756329720983866,-0.7503677071415007,0.4932163149185076,-0.35523289245026457,-0.2083744842567723,0.5327662866897951,0.40027824569590464,0.5864928167993635,-0.10957733332987951,0.03522253290464117,0.6599940552571526,-0.2644706855208092,0.2802354604281856,-0.1507993008447397,-0.1308835712930343,-0.9059989547921017,-0.7789802232641876,0.03373777742099482,-0.8324002264259325,-0.609196441907331,-0.12427776132073909,0.17076726906661088,-0.5428408253324599,-0.8214730326320427,-0.07870520290210603,-0.6064287758739761,0.8519826262989738,0.9877383987929991,0.11976349107244522,-0.29586552983530257,0.10182845040077337,-0.5002204866041153,0.1422207618367417,0.26873872180917213,-0.10520009637401251,0.463277484906061,0.2654423400725723,-0.8800873638193569,-0.7710197965912364,0.35332831790868435,0.6829611764179091,-0.5151625086297189,-0.591491667636183,0.9902979410994677,-0.14318646261746526,0.21882576014408084,-0.5976811688104948,-0.3565378873777758,-0.6316235643063963,0.7059844171794882,-0.4762339321543443,-0.6112938040599423,-0.26072710814113265,-0.10634121167010369,0.5488254844627118,-0.6539509591969237,0.7790501860485683,-0.35460873711995466,-0.37980859552401114,-0.7424514320473885,-0.8622783240794907,0.279867120605759,-0.15036985274247527,-0.24021365487249335,-0.6260956446713473,0.22268579081945483,0.5330373366641468,0.575971762343223,0.32739878462478167,-0.10190842996195704,-0.7159563007502585,-0.49541793212224494,-0.19723979667337543,0.5967165781199562,-0.3453211653125794,0.5268509124706469,0.781305881130594,0.35131461684026766,-0.8997836936948262,-0.20340043843944944,0.1690977767378241,-0.8886989581938685,-0.9405881760267396,0.5313163095733433,0.3470289346151274,-0.22873260020193809,0.09829700848517797,-0.1276802500356904,-0.3879584779756038,-0.5443500482385186,0.8203581321670879,0.9678121925684948,0.17221216512452542,-0.5482460517025609,-0.2720533169347741,0.31046073037726907,-0.014391751288396426,-0.8579817353711672,0.40203292180441874,-0.774003521498605,0.7213339412612538,0.757360274349185,0.2862441813793397,-0.14859866787960052,-0.5082307399910815,-0.9622235833436219,0.3577950739540108,-0.8377952275084548,0.5007009460979102,0.34523356078174094,0.6880087441590113,0.37037351971315857,-0.5738956768879506,-0.6403616042444693,-0.9569334204792226,0.7809033453327023,-0.005995420224406578,-0.1454518213310365,-0.4337391936604078,-0.5424543321381539,0.9706713712107298,0.08497385809352442,-0.17785306878914908,0.9572297340965619,-0.6045471378766956,-0.9427025585284978
0.4491161964339001,-0.45634208664896625,-0.7441307150739769,-0.1993007936209017,0.015238429890462202,0.22037999843689393,0.4607562799342182,0.49165223552053927,-0.4508943090344135,-0.4162925050752939,0.8882549785744891,-0.3398124901394479,0.9454422430861764,-0.8006024714040485,-0.8464842936513328,-0.1383955102353993,0.4391288691505817,0.4692419055521222,0.16944407165047903,-0.8540815589827242,-0.8696102965313728,-0.3751084984888322,-0.5072487349340835,-0.24506249285396575,0.10082580665004182,0.05619148092851134,-0.5325792104889864,0.9455647886183947,0.486632029434545,0.9516407141742609,-0.22656584712074723,0.8732790637828327,0.9424855482946748,-0.14302192729466912,0.47122125922483016,0.06193547142603695,0.23148341786469384,-0.8910853267812027,-0.9473372736597319,-0.023497295248979366,-0.056306764265593,-0.5198767498044929,0.010137155016408883,-0.0940455973891201,-0.011768783768485669,0.6944033866006751,0.6979975547038915,-0.4624938185184042,0.015147099847749201,-0.31667512630134387,0.04962789294442227,0.7046945865016461,-0.25596532713804465,-0.09808319761426354,-0.43504514894411495,0.7993964811407868,0.5130512615600293,0.5615226380285885,-0.4925628727111999,0.11601116129360856,-0.26555446336151434,0.02374979167196334,0.900509141078305,0.2573570795953668,-0.6560961887616374,-0.9060207965760274,-0.46699495265772595,0.7147918275585727,-0.9104047365733698,0.5522910994514434,0.3720794735238462,-0.08951193329761509,0.6022129146823056,0.2972737659197273,-0.4720201232295662,0.02181453392006727,0.022095340973002475,-0.9868086892788173,-0.7600861710155502,0.5214117442067097,-0.1488517996302121,-0.9009351445684455,0.071392387578739,0.5430783139987791,-0.06252735305408863,0.5812940257013879,0.879236537517502,0.9995064224822903,-0.5413265129980454,0.4063097644860987,0.17987930107802264,0.7414954954488249,0.532925402757815,-0.09712848421001863,0.5253134512155422,-0.15264836276326665,-0.9821204698552437,-0.9423262795546397,0.514571617606447,-0.4957666370067395,-0.04183632076048882,0.1799613761122898,-0.5206587373870537,0.9606917114734073,0.5004501935262176,-0.32893909079304073,0.473204803858464,0.7110420990818482,0.7549822126123011,0.16956524387365723,0.8519077345700623,0.26384173627309604,0.36378489063791997,-0.5675777527357542,0.5278083162593104,0.2906998990653238,-0.9834265721598225,0.4623533989065436,-0.565804780575186,0.795815041825078,-0.5373843125734494,-0.11256583347770932,0.8301609252467761,-0.8409299711016658,0.9965974344126696,-0.2254921422092948,0.005594552170122835,-0.48463861971058364,0.6294070150990683,0.8670881980585234,-0.11188357097023771,0.3305057853972002,0.9660838924958541,-0.8763564028633484,0.2603836161671884,0.6052169159442453,-0.37993619962971725,-0.3039472283840854,-0.7377312096097424,-0.6569584403837201,0.029338079488048674,0.8887033948610925,0.1606770322852067,-0.42599246581829253,-0.986687443279747,-0.10372861834024327,-0.3472965721515884,-0.6541954562557462,0.3016453013821718,0.14617041055026925,-0.8044694397636003,0.4243906742294541,-0.3068666976502681,0.7776353579835122,-0.2223078941383807,0.041105321046712495,0.6151328027455183,0.4587666132596808,0.6057376769173308,-0.868963099274294,0.8668050807654353,0.691214205067842,-0.23165621873287168,0.46643119302582736,-0.8749248495683051,-0.7925652017904949,-0.002058552200112418,0.10331770294357745,-0.0948547011176899,-0.3755996232502754,0.881321560905947,0.3413662123202803,-0.7632486815764088,-0.3461997300213775,-0.17725149998033762,0.759414451266847,-0.17687235915134591,-0.6435064249652731,-0.44684026505257357,-0.5637706677333467,0.847776994584168,-0.6395286777780527,0.5357112786191471,0.8148654662599895,0.4688847017773434,0.27622856112442595,-0.01417713548489874,0.4733796628496516,-0.32599604357147016,-0.5345744738695553,-0.03889603090817961,-0.23290554554631981,-0.2178215017880316,0.8030346514797444,-0.14695541800881018,0.5578268323558577,-0.5621616852146207,-0.7095862647086002,-0.8070847971556971,0.27675672883301017
0.4338494117020577,-0.44544152436343754,0.12344287975874946,-0.8359242773362394,0.7597368251490999,-0.035013025831205136,0.15594831044417434,0.014365089798951791,0.7743115916611516,0.7979017684683358,0.3786945448888275,-0.7974159040329669,0.35676993948344804,-0.8673479169898901,0.18867432193571054,0.02539214795001188,0.38105328617509393,-0.03828664508541668,-0.16205528465337982,-0.7177487047078506,0.6581519233851278,0.7456183855522449,0.06633485240589021,0.26268653658396546,0.02209305977521403,0.8318717214385423,-0.030057592546915313,-0.9447317663771799,0.184420711081984,-0.9774790111994796,-0.671189588348106,-0.5482643292814011,0.21420583888280587,-0.9593639034564241,-0.10859279769503205,0.9867100007161347,-0.6953230660561236,-0.018528241118196176,0.9205460873763076,-0.7422076870104117,-0.6197699502292424,0.8196153306329117,-0.021131382539484544,-0.3687315291157316,0.08072615777613645,0.426513682577103,-0.804250536820001,-0.14797268608248038,-0.3121331248679382,-0.21889770151695775,0.48905583641431405,0.678883772263722,0.6927519588155211,-0.10754570452339984,-0.8707134052584886,-0.2633699317200706,-0.761977370554112,0.3395672426693108,0.9838630473873982,-0.11688386699990816,0.6687597352147583,-0.23232978280544447,-0.7673975126760777,-0.36821312285273966,0.9424667387956827,0.04722200409253152,0.18783895364538084,-0.19688953247178187,0.3013847281889468,0.80529678560238,0.02288828419141975,-0.21114078342191833,0.5617519633664303,-0.8131488931407314,0.49426318069909203,-0.8690183823406306,-0.6705229944206814,-0.538978477026667,0.42984371305252744,0.5457085187745527,0.8815125333071514,0.3685385773851444,-0.9266724163689783,-0.7387934858545744,0.2822455721121526,0.642096624455555,0.33630020190543175,0.7738171801428633,-0.5506011049020303,0.32338535122925594,0.7951299657343804,0.0843630395308419,0.13314223981736606,-0.4358157421027362,0.27999244946720125,-0.2505938016538771,-0.38922466247121434,0.7025165994049625,0.8585742976235735,0.018144112738716744,-0.3699101690208473,0.863901220986121,-0.4196393764145525,0.6944290995810039,-0.40091103895038094,0.5226726884007267,0.25706237928630826,0.8471837433686842,-0.6416244729800864,-0.009275743534653325,0.8521132240836522,0.33946389465075777,-0.13304136021079982,-0.36833543736478114,0.5000845867504315,-0.1813409416526961,0.12109208877355582,-0.8476178152579266,0.9388581416386506,0.9983956760977981,-0.5749279297145609,0.18337587752527895,-0.7397822190456558,-0.38663322007140066,-0.8257360907639635,0.7235532998463854,0.5916700988993255,0.4856992347196183,-0.5944313185151608,-0.5925625385627291,0.6059465732157112,0.9273543565758813,0.31756513272279974,0.6788189865936292,0.04090023184820657,0.20141569727095288,-0.4015611214914885,-0.4269003784353431,0.14111804905364433,-0.879712108255442,0.9300301096713206,-0.9522066783768643,-0.40671309619435636,0.5924856583411742,-0.5327282196799574,0.22036985429462486,-0.7817018393916573,0.9090723712413487,-0.8138572973658447,-0.04698064939136559,0.33606600026551536,-0.14399597321265545,0.8517553397595843,0.4094680141817213,0.42304947273102633,0.6539781503595621,-0.6736538326203647,0.8902598385992229,-0.8414188056340184,-0.6645442096501302,0.5793172115329517,-0.37373909133375216,0.3499809188459697,0.02105409573549588,-0.945270925229933,-0.7595904681850252,-0.9046704713006235,-0.6843379886538363,-0.42806000371728814,0.9953936152583125,-0.2547653741808229,0.8086035697421687,-0.8686264510703774,0.3284324524652027,-0.7478982080290393,-0.6972480065710778,-0.18900839755566423,-0.4951493994827767,-0.5622050395442504,-0.1703097403050664,-0.6934003556018644,0.21910545159183714,-0.6875170808558799,0.9824395912569479,-0.9238874253058096,-0.16268991047896897,-0.299346547418895,-0.26583360258778743,-0.17088879821494984,0.2855270941547414,0.274708679624573,0.5651090814975486,-0.8922503453146147,-0.6207131379785769,0.9424856610295678,-0.12030786205827959,-0.8657761242215243,-0.8978450511995666,0.8118109839399186,0.9505020670665549
0.8422054853248131,0.943295817313454,0.7586003000299275,-0.0328412834271401,0.9422880314781727,-0.5327165885493619,0.015277339225953979,0.05700197744570357,0.4529061783721613,0.9666778496305368,0.5504535094001879,-0.09378176099610758,-0.49018688965174784,-0.5882615527669683,-0.8139817867371957,-0.7943509299222629,0.29406554654924477,-0.8564954274501781,0.3525595320561168,0.7510094635867366,0.11263235435555385,0.7074391980924719,0.3930760568750655,-0.1930543837285661,-0.7862022118550147,-0.8748324108445802,0.43881524313143494,0.6838687333547289,0.09297262252687544,0.002462753061094558,-0.024602818463439258,-0.3419541878098882,0.5936286077631756,0.5226065976681984,-0.28115533963060724,0.17917316836735964,-0.7608554135488996,0.26113009308374546,-0.14132661910346256,-0.5283016174730131,-0.5892297108993267,0.03669469456855423,-0.8859390690407656,0.295742399438099,-0.8646638009686927,-0.27189601247279716,-0.8419301756517663,0.7160533726556975,0.9735224221500438,0.7555291679028553,0.5231422946773423,-0.9808625883925206,-0.9022928054855768,-0.9627707115060271,0.807528458344613,0.4137824443658811,-0.86005081551016,0.14255483083408205,-0.4172072999990122,-0.13157487428696268,-0.3429666773118507,-0.13337119645015982,-0.32158734197166416,0.1834348892934663,0.6199621715407748,-0.6126203551709619,-0.11159667489765068,-0.991731883752919,0.08386102219734459,-0.16607879110934443,0.8750751596074793,-0.8734945516847807,0.9662599608687961,-0.15395805468064006,-0.5894892425973652,-0.8354193262148704,-0.7165408612745565,0.7210775235278308,0.2667823626610226,-0.6533193704897999,-0.058280709443460754,0.929641135130771,-0.6118080251496092,0.9707992322572203,-0.15289576146200545,0.8026796167642227,-0.7786743831084404,0.7351155563789078,-0.4498781044526776,-0.9917441755605652,-0.8143553738062557,-0.7087430299256581,0.37081874933844294,0.49517165676059793,0.7663660110070736,0.8078557208958548,0.40332694212625486,0.9636872434154076,0.9963609967284082,-0.7423739820279855,-0.22459173816452394,-0.675259129782235,-0.5323651077192528,-0.7319482259124259,0.9708068682836988,0.9835897385790464,-0.5357908563449343,-0.7170645912197786,-0.7965454272706378,0.4307127670860331,0.6383955404058643,-0.12571958855983523,-0.9377338417286822,0.4097057222149698,0.0010481535492501415,0.9992282559127319,0.9892463460901475,-0.7808593648513609,0.10196079340330155,-0.5957354885387827,0.17616205499508197,0.37518730045433224,0.0864953447848773,-0.6158138757241249,0.17976422710724993,-0.6162828394764492,-0.3017045717513218,0.009142535726496703,0.3471677069108132,-0.50074665996625,0.8169798089067908,0.4673983347693247,-0.10676088146906948,0.8370190489778897,0.7233200624601426,0.058929575998608374,-0.7169904068557158,-0.33745189479679016,0.23931209584637902,-0.7508689223552079,0.04143715647403812,0.06756159831297803,0.4475526692951388,-0.5732952867737098,-0.7591105284078532,-0.01684336142865428,-0.604625064704476,-0.7397464878315765,0.03759134050833368,0.28618317488259515,-0.5498930719677717,-0.633821476942164,0.39909176293818094,-0.08514089406075698,-0.38762351732439826,0.5530352473770088,0.7635582317390306,-0.05545322523193086,-0.2550954532213985,-0.3622057395336933,0.6115837288120449,-0.9462335288953678,0.8528675039926414,0.3783794089751453,-0.02741866822598804,-0.2962303281998673,-0.6342119679606009,0.9603362696287907,0.8419330150105855,-0.157968282899841,0.6681532952126734,-0.9188721654943728,-0.046375870194854674,0.5930934973024256,-0.6837086569547701,0.281937558939628,0.16774036905257672,0.8981644677712102,-0.44515786059992957,-0.7897026089936736,0.3801171998639188,0.7299091383524647,-0.05605307492127731,0.10199580280666387,0.028422662093715356,-0.15858674800779915,0.5017153524796356,0.47928978806318967,0.3769296464725622,0.8304406555043276,-0.9989065635807128,0.6671516265832627,0.9036650108307382,0.5017237512383927,-0.3923656144464498,-0.003787180682849778,-0.4360735246584979,-0.00752473083823757,-0.2605297382140186,-0.0679264483658395
-0.09050704229416451,-0.66764031495515,-0.207017230257746,0.818403850320166,0.15098582020260976,-0.3094301491809024,-0.09796505947066891,-0.4885908020687111,-0.45204884455484917,0.8987112861321087,0.447254254676392,-0.7591912424053868,0.834844010457503,-0.2446621372127027,0.18315719536647768,0.8714028756784682,-0.4197925977525676,0.7752542292644844,0.7933475858291059,-0.1673217326780656,-0.6756126593868983,0.7503617412822063,-0.8797380539805975,-0.8072046521824698,-0.712415903937041,-0.30815570475926735,0.6131454335294286,-0.25251680261296383,0.7272626208063646,0.48893277250227496,-0.8977876136538523,0.20300748176078875,0.8224237265716854,0.01600681130251913,0.151728262821339,-0.5278399064006287,0.9908058611227233,0.4125990064330247,-0.05566658046735995,0.8778987293732452,0.32700197786058527,-0.9297510970144425,-0.5893565864855317,0.7235754354905224,-0.46096791990936237,0.14946543264412204,0.6666166707836965,0.113459122335128,-0.7394949729969851,0.6732576969657234,0.8102736993174602,-0.23950826214852938,-0.7472842743560444,-0.2046119113379119,-0.9874310444156751,0.44030211741123515,0.14293604537746352,0.19950168798020562,-0.5126910044002448,0.09153817456759139,-0.9539840028505393,0.33442946225578374,0.5535945666488342,0.21823962457461654,0.9731010053403928,-0.344810082941138,0.5946396103445695,0.9772765292101078,-0.3437921586000532,-0.7931858549498931,0.17083557357198997,0.21012395639363213,-0.18171468732727836,-0.8786046170811803,0.8684961546971819,-0.1603415514002986,0.5673045068432245,-0.6776200017139118,0.9555817844072778,0.7820186374372982,-0.849148511622279,0.31358892264952964,-0.920817448821704,0.9772024567546,0.19841648785857435,-0.029082748202546638,-0.7902058217924084,0.8729739877596652,0.2574654275675543,-0.5107335382575584,-0.7014166480888249,0.7727753236306383,-0.07754848177839113,0.9910910091713718,-0.47582216551778167,0.11598863624333511,0.1155503023336748,-0.3770549673819703,0.154885239026193,-0.2729776999833051,-0.5755761403604447,0.5671691846926941,0.4385820197684276,-0.27492101881596187,0.7170198752053771,-0.35526014947184414,0.9740401915895831,-0.8718323197802997,-0.4020705042099981,0.4909449107045749,0.37938980223227325,0.17880871189714465,-0.7391891551085612,0.0691070889666614,-0.22851127618161926,0.5797497903561231,-0.07631517996214687,-0.9968368852059206,0.18622749231933078,-0.49570742475310414,-0.7899142079034578,0.6327313714049587,0.0963886144029289,0.10287865676047248,-0.7253950272596124,0.10440293978596449,0.7755565451143518,0.9831577677494416,-0.017612789119842764,-0.29485020802107664,0.8553918167350838,0.17519270888091132,0.9973558715268134,0.09366858690730506,0.6459499327407796,0.26777021250106436,0.37132898261217484,-0.8960336791448051,-0.1217089691611879,0.3872880924443536,-0.30593857422389004,-0.05327251808618061,0.09847899387557302,0.6532347895238213,-0.8117490950294484,-0.3667129895129182,0.10847086090098612,-0.7994342633593077,0.5997056245287895,0.6713433713702517,-0.9259706030427945,0.6939122322202278,-0.5913307676935502,-0.6780139779433927,-0.956507438305044,-0.4153906345094127,-0.6441839930188997,-0.15990596039658578,-0.14364094304870578,-0.6560319421277456,0.9453494176451911,-0.5192046103367169,0.5604912502303696,0.18441157977257672,-0.3895369363806138,-0.8352458518212116,0.7209054086948516,-0.6368580481819088,0.006272669158189137,0.33423184898594704,0.8475027855866226,0.19342943136861734,-0.5975067954981865,0.5018703864652718,0.3743157834494901,-0.6467175567808141,-0.3759643471600913,0.19259507763525519,0.30905150974772133,-0.6926601255937663,0.7561800296001853,0.1183424749156976,-0.5381761629204682,-0.3070258184179546,0.2564897073824177,-0.677633417103302,0.48680413411304735,-0.36916833158812556,0.5663361925809256,-0.8297164335823661,0.5673153019198967,-0.07451943792990945,0.16313134069829016,0.29068274268474714,-0.6309413560487349,-0.06353949708870776,-0.6056108560529248,-0.5317986461656412,-0.16920833988166417,-0.7858495544277979
-0.5549318638838756,-0.34922600253500646,-0.5596271135136177,0.6839032668966079,-0.7232184048650652,-0.9027476006631878,-0.8630475158229889,-0.822667575784872,0.2773733751026306,0.7771375057866732,0.8356734052575121,-0.5111359370151536,-0.9668531495308661,-0.5750948708515924,0.05256709364593548,0.6496018608353538,0.12292523171635428,-0.8776252279525938,0.6494919818112246,0.25931081387060173,-0.6670830534799961,-0.7275879194749406,0.25109072325849224,0.49276305399588516,0.5156227004863168,0.583249476758265,-0.1693749673639453,0.8884469885772546,0.8995000246795424,-0.8097244641157804,-0.8451332892218708,-0.11413482125659469,0.27746132422616876,-0.3348313841451067,0.8158243576228787,-0.9057939242509847,-0.30396587097830396,-0.8975421036119444,0.17816857872106406,0.15325009942022683,-0.8663277833496232,0.2572719860635968,-0.07699036424237193,-0.3568825497560375,-0.9437424166403954,0.6069975997727755,0.2555541265514849,-0.833376646464129,0.3874715427043185,0.6741951685695069,0.7044504276296653,0.7552869964068447,-0.9535003652552365,0.40027127121063466,-0.7854449426302001,0.6525617712974641,0.4508024581338852,-0.3128457507551108,0.6783220928283225,-0.7729359123658721,-0.6668759300503853,0.007324612969440425,0.5547274912162983,0.8657120217606775,-0.8800592126168179,0.042591485108508964,-0.20944119293203167,0.6041703230373114,-0.6097647016329346,-0.8900311948504103,-0.029963281060988,0.11543160689291487,-0.12235250150452526,0.1787794991537992,-0.4315006940789763,0.9088377839418569,-0.014296190274337928,0.7870139773514897,-0.7850595325184182,-0.8135064984632276,-0.44828225121089216,-0.7783413484246811,-0.7554676941659946,-0.23712420904245235,0.07614987346063895,0.5869357883864101,-0.7582183809926832,-0.010364468126565995,0.5037040026417599,-0.8715727620999321,0.1320423982939345,0.11108298938531735,0.5875473911958105,-0.4083069482528108,0.4455844050559641,-0.3213781277718848,0.1922955075714412,0.6330915415166762,-0.06485942996015037,0.7517829869365209,0.9210729214106088,0.49008862949711807,-0.3976483356410847,0.7346235137135746,0.22821895749196708,0.23533628498455883,-0.8880750186150861,-0.633602116032971,-0.54089154775749,-0.614173726122013,0.4639729806856303,0.44214098614256114,-0.047052706217834306,-0.9729856877761931,0.5470907950207788,0.6275061156923263,0.7012080560628253,0.7874434811476838,0.10130912353466082,-0.2878990511419044,-0.1565729053102951,0.8374741024774848,-0.24572005972189603,0.6824152062854263,0.6871059244139921,0.9711087440066646,0.8711905126473622,0.33893870367257506,0.05490347653139804,-0.33882812401660756,0.10526202727942979,-0.7992862977781845,-0.25778820588838536,-0.0995871800905701,-0.8302718479797613,0.9634908739238224,-0.11498296493851234,-0.09737845717600968,-0.055285849776490315,0.9939855768828445,-0.13318194583962328,-0.7364272030230743,0.8216744432134329,-0.8573641768343911,0.7018044413872753,0.4193952588728389,-0.7931733437551409,-0.9325537490090727,-0.6549102846068025,0.5226233904510409,-0.5002254393553038,-0.054460135001624055,0.8420301333680291,0.46772212310005745,-0.531951448889967,-0.21894935475391497,-0.7121077945922929,0.0012180814966116227,-0.35623971190163695,0.6591244482792182,-0.0661855111068137,-0.9576852171217847,0.44230497579184536,0.8621183613369223,0.3036475010563171,0.12259089029033632,0.7799166160290476,0.8382747752092632,-0.1422483234861831,-0.9986539622828858,0.6429889279711354,-0.3647645526323755,-0.4787707371394003,-0.0672990034927865,-0.3706487110142389,0.4929237580117143,-0.4048952018489629,0.049786718181612954,-0.4829620823391132,0.85289229908091,-0.5260448044134114,0.18145293388005035,-0.4385845897985008,0.49058813753980735,-0.6637129873054302,-0.20228786506426566,-0.17187449676688615,-0.566654226230551,0.7876502922745945,-0.808451718313707,0.9290056034414254,0.0446103380253835,0.42915591335985526,-0.5435130665561247,0.7603543836384326,-0.5335683049468454,-0.44140239187889696,0.4011627267808897,0.23140581913067715,-0.39149969891759784
-0.8411167663507475,0.8319819619830986,0.8035406199139614,0.1476581058039208,0.6885693945144038,0.2343943440793852,-0.0756984433360155,-0.058021873330867724,0.3560316332260385,-0.8219743342665942,-0.2609796146543162,0.2349007815834565,0.9277629528495546,0.2942566336928587,-0.7652432334820407,0.6191029309076099,-0.9533458939426565,-0.8382135450090669,-0.7911876571691576,-0.5149977382717357,0.9362047759730452,0.8233254221686928,0.34637560882606233,-0.01486874369446567,-0.11023828286678738,0.6016361406945989,0.08191151129522267,0.31687695690477224,0.5707872429671261,0.33187676531609966,0.048952633754295816,0.6946290370684001,-0.6686838482078405,0.7077493107537549,-0.8831332687399012,-0.8849727671943943,0.5580919005078664,0.9034808795445379,-0.7184525457147575,-0.36090017029317156,-0.40240156578059194,0.6313146321676548,-0.8963823675199607,0.2824544162354752,0.7123797746694747,0.8884155778136562,0.266790946292522,-0.9480979653352741,0.9942336346277325,-0.45622926342034864,0.4095771667984518,0.3333060204212295,-0.9925188372391636,0.7674017088819871,0.730928376344838,-0.16744597976058206,0.13410842457868521,0.8724326909185984,0.7962990579394984,0.6289673650767504,0.48192541852045134,0.46826610202234753,0.7233027891150119,0.04177105081542587,0.5010645478527926,-0.08970837000593868,-0.07986786010552471,0.1173975357909045,-0.9488883846711123,0.31788377480291286,-0.47382310206359635,-0.7699150505437855,-0.9463591102755411,0.9994873146449881,0.644221918592724,-0.17937830138285515,0.35824469888993393,0.8958473519107906,-0.008365058186811547,0.9975107183558389,-0.6183183052364591,-0.0032287900137253356,0.2662135726276216,0.5224633400005778,-0.9356585954395584,0.6917286368443101,-0.342711107423445,-0.5513179777581338,0.6811340480252057,0.5202726581105976,-0.7682124126670549,0.18186034500891735,-0.34057891183620836,0.6958736903210243,0.0537168977062672,-0.14494445499450803,-0.10379351646366564,-0.4832510869468156,-0.2545728275052661,0.5531121092662872,-0.9084767077777947,-0.5916859942319865,-0.5031057479940366,-0.10039421960354367,0.8298214041343408,0.5433606763175896,-0.41249524489929934,-0.4586167955574876,-0.02301002859681822,0.7101102671699326,0.8258302119126615,-0.2836723319921248,-0.5635089453918556,-0.05315552504227772,-0.35305687835553656,0.4734552161050276,0.8151555811020244,-0.9786612468330551,-0.4866969204732656,0.029840189540413453,0.7821870224273904,-0.7020738655896452,0.07583186246059781,0.6530491270903298,-0.8362327941793313,-0.9311454423597665,0.43495324223873166,0.5774680062941691,-0.7849345816621507,-0.36258317817582464,-0.7134385048668437,0.8729068466448975,-0.6529330604075134,-0.032471930096349855,0.8453473401008176,0.5555017057886773,0.3705025534603217,0.14513324744911005,0.4245129348431347,-0.015219549640470786,0.3585882106788396,-0.7920417527852499,0.5128388182157224,-0.13345799021248061,0.19953797437618404,0.977476797230608,-0.7186253612133453,-0.9685720532091047,-0.9457542682256586,0.6989953010573193,-0.06751574211282518,-0.15237166966907534,0.8763426808772254,0.029405228023101415,0.605419661364325,0.2866960124382567,0.16560112328779564,0.17888049328778366,-0.7039803735673094,0.7775683352182239,-0.5789041054331685,0.26522501329547765,-0.7832215709970185,-0.9840230811155419,0.8483610450723345,0.2656355583331491,-0.8431517212616777,-0.013033978453801387,-0.604078947330559,0.9919152889864211,-0.3400615476704958,-0.08289514376321372,0.8128218594012064,-0.8824367286112764,0.3773993283079027,0.3848955001068617,-0.1803013917015195,0.4383906440504066,-0.03210365794743608,-0.180992121092993,0.014197766442686888,0.014507771816436588,0.051647138335785936,0.020149408076932884,0.5942640277738354,-0.5201080619772849,-0.06923818835537521,-0.2446118447533716,-0.9570224669433509,-0.8646065346886227,0.40497215763731886,-0.8452573994956245,0.9041204058433041,-0.31738488839698387,-0.889354513703966,-0.0985092916458783,0.08167870738534622,0.14737445407691707,0.21885413105336915,0.6055727402877396
-0.042674258997096315,0.0712121599848099,0.6719948178066855,0.7844827535601109,-0.46792154088122984,-0.8833987894041351,0.093776165792268,-0.6055573184830334,0.8622008660652776,-0.453599448399556,-0.5857472080799373,-0.8771453472511674,0.7729020195822423,0.04386953018436901,0.3755923953167053,0.7016737209675925,0.1871667294854258,0.9200524849430272,-0.887067802083177,-0.0865842036524338,-0.7834872530622448,-0.3723817344114635,-0.1265778783275373,0.45552941682960246,-0.5060022873662819,-0.020306980880615555,-0.9980009072612348,-0.6106520916798743,0.481096752100475,-0.8629404524122664,-0.15179044364789407,0.039620447186922814,-0.6769588282555623,-0.98091914552914,0.9232907851122056,-0.5922536767490922,0.46797267623109673,-0.2143620054582318,0.7759914292375163,-0.5333297335368483,-0.9933171703585089,-0.754949582633518,0.9284140824325744,0.624887788220218,0.17022536961320878,0.05007494403731383,-0.08194771933303646,-0.7272078524020658,-0.475646546898872,0.8404354221382557,-0.1850388781713206,0.9063718856992118,0.5589486163726645,-0.5618062718168852,0.6317190458618287,-0.011124082293271664,0.28720363499157386,-0.2368536137993733,-0.8066852655734256,-0.7962799217958478,0.4272770229721443,0.06647254411418158,-0.1445306072885828,-0.47786211425695035,-0.605367257008899,0.836349429537236,0.8279488431518001,0.5088941677278804,-0.7875617810340574,0.889405148317133,0.5440940021055958,-0.3287910650006902,-0.6393004228722532,-0.08802515094073637,0.3836815358598773,-0.19508805081076774,-0.48021363602279243,-0.15367758509978424,0.7323133779225142,-0.1274692660966541,0.7178230496861919,-0.2676484355071962,-0.49963192593302197,-0.43307606602281057,0.27267314067309334,0.6622541239286397,0.1585652691703332,0.2890730658496452,-0.5699531610973507,-0.11494437952297254,0.1661998769843973,-0.09752864847227061,-0.15138798505962492,-0.27375690020605714,-0.008557349800328407,-0.8526472574534114,0.6468219321772068,0.4055336290866267,-0.4012060223792453,0.10455593062581525,0.7010221100709937,-0.1348261737833374,0.7834561959032167,-0.8504550260081472,-0.2964784879357161,0.6581801156250193,0.7805561384898769,0.6373026321705704,-0.7276469301997512,0.3569000847344934,0.9156415004049514,0.9526069323027051,0.39095605877316775,0.2422518742534201,-0.5048911633692073,0.9642140176668932,0.050942807160722525,-0.5165177613098135,0.18177185760712788,0.40252965519362194,-0.9042976622459198,0.5749962150948831,0.0033953809712570227,0.15351702945226098,-0.13395827284843254,0.44978407288264743,-0.6425821069733249,-0.9672900513510263,0.6197886460011197,-0.8315074329061418,0.8424564695822092,-0.8464960423803471,0.893426677077223,-0.9445747313871498,0.2835521208016043,-0.5449815364344341,-0.18640373032233226,0.03870433198450707,0.715815925453839,-0.4252508756645259,0.21664222013979395,0.20953925163693077,-0.010841718904164521,-0.5888525929095061,-0.04873677371004459,-0.44171332871355173,-0.019296539015620562,-0.6615796691551399,-0.42023498815671156,-0.09690140017379734,0.9015005518214165,0.14457961779620732,-0.3395860500301302,0.7181326503394931,-0.4574159746522406,0.5205803802441757,-0.12966611176637222,-0.4939110059199012,-0.6853535027614015,-0.0867663221519217,-0.19626340206744097,-0.4789167334283433,0.8395093043307256,-0.651891352240856,0.08691045780137285,-0.04368733614816156,-0.7792566793256568,-0.8196969719944083,0.9635969040679666,0.17999964912356714,0.6844312821801759,-0.42672606897819754,-0.3800536366510321,0.2923922977677784,0.12198397797581584,0.1651301738399078,-0.5736255803689168,0.6627538379072637,-0.4558221773351765,-0.9197768136411242,-0.9777925564307219,-0.6649135860066919,0.36327072468341526,0.9033413733763234,0.9372764426799047,0.8791618044660783,0.44685899779159977,-0.45773996425811037,0.9552309136004407,0.8999009149579071,-0.6695554398052523,-0.9271611207575812,-0.5360951128690761,0.9240681244162963,-0.23426257736122036,-0.9147720405940098,-0.9125861170792329,0.5837268018820936,-0.6374617029732299,-0.7179657482320183
0.23734554103681793,0.20067226102932234,0.27711952385089056,-0.2164964721578162,-0.03625100899252165,-0.3601579189593205,-0.7456722715461259,0.24804007363124603,0.13302583301669335,-0.5559530917177493,-0.7977326579245549,-0.039159928243517106,0.9599938294373462,0.21446798106512888,-0.8975114917374762,0.004193239352557887,-0.3987542101535644,-0.7657676550183825,0.5231248534881052,0.5149131970898693,-0.3803406877408291,-0.6332026231935681,-0.16512875518248094,-0.4089129018390374,0.829202948308291,0.5412501411927837,-0.866520734617384,0.05798294427836992,-0.9919678145492878,-0.535349998989755,-0.46078505514038204,-0.0963427864661841,0.4043552133141082,-0.1546970589895158,0.5022801223775042,0.203906509499846,0.07977322926373365,-0.46939618154748985,-0.5229282750013371,-0.8541227872771744,0.5211548759198212,-0.2073610537446977,-0.0034697525263061024,-0.9909821014063123,0.36944810210509416,-0.663872702859414,0.12413043338210672,-0.9267621105758568,-0.7445691207516858,-0.21339465581067651,-0.20068961012116393,-0.38656757703395783,-0.3126461016846991,-0.22050754300248165,0.223390661289526,0.9463005561639923,0.9803571848250106,0.22962649196807527,0.5106033848507445,-0.04791829962707239,0.9484896089214259,0.6410885350310669,-0.8775414273389022,0.967125997064439,-0.8556594333903025,-0.26779901441679477,-0.9508458630308938,0.18412824966369135,-0.5236967306499938,-0.10021135884230037,-0.7697515742701266,-0.8127612001999338,0.9140813868015438,0.884014121972055,-0.95220065004078,0.6786993860407959,0.46484907508989015,-0.5205364049440022,0.9184026849031519,0.041726834995975626,0.19495136926212608,-0.7296809157448823,0.07766223309519282,0.6814566938017814,-0.663153952446522,-0.7513348175831536,-0.6918255415029098,-0.5183901860979767,0.34420907681851465,0.4675117269302149,-0.839333509565759,0.10667930481042265,-0.01936243060270315,0.781783128570281,0.5914350009751292,-0.8892964157051173,-0.008515458523839392,-0.5530904717183818,-0.7132157029708455,-0.6709349671513674,0.80414788018163,0.2604057677460334,-0.5760571484688326,0.9182442012978387,0.3210125488989317,-0.23110455212780256,0.9142868478115953,0.26246496812188047,-0.5740943950495114,-0.24596578666727398,0.9323204329399501,0.185651425707956,-0.4531230791644638,-0.7089602606635359,0.6379225921814284,-0.6555276683299884,-0.7231833613330456,0.8056150141925131,-0.42688042026438855,-0.042279151838490625,0.003063602213523975,-0.5051346921671522,-0.5100584146486484,-0.39062391599079516,-0.5278868055552963,0.2655133363421551,-0.9120043549949184,0.7717529523980848,0.3726647745409666,-0.5663059923019373,-0.7277220465250369,0.3170429236516539,-0.3393654171307223,-0.7993952408596792,0.30086959734010965,0.8481631427954972,0.8656225257201742,0.05534068069032472,-0.389590938660755,-0.45579889906256876,0.814201177233691,0.6397535123881004,-0.562067418913113,0.2463240446559205,0.6102386192562732,0.6035650204863345,0.3908099693615503,0.46168104995589365,0.03108763324543795,-0.833185274625891,0.4875385250792845,0.41933770472890863,0.8745356521510621,-0.42203964692997653,0.8201841989652361,0.3190561703185182,-0.4400601817751515,0.6249898202661364,-0.658876544243703,-0.1253514590684497,-0.5471592641442702,0.6211148739232972,-0.01544317051020161,-0.67810494993083,0.02550360107461147,0.01656301659125159,-0.7020925874836865,0.5215713921127714,-0.5592522235411928,-0.019847724313541537,-0.47652040991457945,0.09444963985808719,0.6352922473333962,0.6426138548384241,0.21227664017982129,0.22201328323045244,-0.18498381312631396,-0.12234518626923352,-0.2645062084436367,-0.8340264219702878,0.878851359330604,-0.31274815992065785,0.540175553191881,0.18816769587517967,-0.4317738075052442,0.46634516575806995,-0.7182179125388148,0.9915798544951908,0.8076087630686599,-0.0734664213446421,-0.5550097899249702,-0.7063450749462696,0.12430826109881976,-0.6728421480635582,-0.5377304821580944,0.9497319579278667,-0.49253336291032634,-0.5736031949101854,-0.029629205563409977,-0.29401564043886297
0.978098730588814,-0.10521689596906625,0.2652079887621821,0.6437148580853207,-0.5622303859504596,0.08274716645889235,-0.8152575309297245,0.9382497458791277,-0.6082056465995678,0.8022735577277083,-0.7857835610957316,0.81708748600901,-0.22122086092980386,-0.5688325596770805,-0.7098260244724652,0.8348209622519043,-0.4954582401164451,0.8760504481379592,0.3893812558416858,0.23076132503432412,-0.11037452652463053,-0.2960119420399683,-0.11361209996160837,-0.2913223582850868,-0.7858525243239276,0.735125578624346,-0.8127854114518438,0.24415774115369948,-0.8262944720353813,0.07981324528309997,0.8165317808090675,0.5785297587956117,-0.5469852800323973,-0.2678904623468841,-0.6662085239226392,0.26459107776582336,0.5938384737361173,-0.3264677522016579,-0.7552125423280387,-0.3295430427457988,0.1020863250655637,-0.7735129332415358,0.549438477382562,0.4139942337624263,-0.5144585858478528,-0.4792428153281785,-0.843918667802865,-0.5339717352224316,-0.6148759153219576,0.3237577995489658,-0.9527452448784459,0.3237064277385504,0.310205088974169,-0.7354045356501375,-0.8339564207758332,0.8852887817485158,-0.542974412980836,0.6380805602679926,0.9967774625859878,0.7000211943103569,0.261468521209022,0.5493188644927003,-0.9213795965655303,0.5985678940536101,0.07789181759755603,0.25892780690015704,0.7424773125218518,0.1125698491292837,0.49114857081526364,-0.17232469586729415,-0.5392738878617667,0.5000998300405304,-0.9670135434769949,0.24495956259462992,-0.1736920206744017,-0.4323593446025771,0.9233740946633078,-0.1849057405829322,-0.5432996761445741,0.18988109751162185,0.2211511509063646,0.7099782444984664,-0.3745110935849476,-0.1415922111167054,0.8936292394789178,0.15233403696200631,0.2499718452886004,0.5224513311985659,0.14830778213358076,0.9231302452220116,-0.8271761690055992,-0.9639922361268398,0.23663195872074194,0.0509775028406545,0.16370632722568756,-0.58481932392685,0.7207400976127039,-0.3603369144466413,0.6310593868581145,-0.5103579439760964,0.8673043019066569,-0.26179629280587813,-0.7429985908017811,0.43799698931815345,0.2132079048437059,0.6963089630102783,0.48861769432292923,-0.6177647579822032,0.3745055595100857,-0.7489505699994914,0.39362981805089836,-0.8364844494494987,-0.5149838369230293,0.8766626679280967,-0.9738464676214371,-0.20734329764710013,-0.35415630369813633,-0.6056323170429241,-0.6566678846306955,0.20105294422968845,0.9021304159167183,0.8270912444277145,0.9324715228248552,-0.8584386136297968,-0.8045219382440305,0.1161777731368101,-0.23967396752377956,0.7680811089663846,0.5290011780091706,0.9616051029250363,-0.32209054986922325,0.9893029890771845,-0.22930675307767134,0.6577977791678045,0.5504400233743867,0.6442521550076599,0.8487426104075455,0.5939741333309876,0.21012781374085332,-0.7055187047738471,0.24365838490952174,0.5539564993211985,0.8542307456545626,0.1898488919794754,0.12290898190943622,-0.1349408092395099,-0.9624073646697213,0.05409097693526288,-0.9928759741513173,-0.08935312922139671,-0.6017816187839857,-0.6794748542279054,-0.919865895169057,-0.9743593062883131,0.05648336565436729,0.544474271843479,0.06272359648415615,0.7176557173622524,0.3201957224274732,0.8253465080738875,-0.8382644623337658,0.38835795202128387,-0.46521878809285955,-0.08096769086762534,-0.764606999143588,0.7711001310721171,-0.9570905273116017,-0.26973518412311726,0.12436244663226281,0.057931149681773375,0.3194807559319903,-0.5566917940848728,0.5250910842564569,0.24631486391172186,-0.9836910618688273,0.7467751484899015,0.471823308950547,-0.6774122789073123,0.7544274603284593,0.6370189956549899,-0.5236218461746698,-0.1581493299521688,-0.13727855632816954,0.5281367314673742,-0.958277439120292,0.9388672504052098,0.8130929692393223,-0.7034383454010067,0.9763163900503207,0.1173852328030689,0.2623172543642789,-0.586358983629667,0.06327753024426208,-0.8628566097258497,0.6924174092251563,0.6351599788671822,-0.8109931790945619,-0.8052582298687438,-0.2762141859970646,-0.8008804171430197
0.829558870419512,0.9451795376406431,0.7026952020176918,0.19901651874406223,0.615692340057233,-0.3950373297427525,-0.035694410260055376,-0.9477195250763311,0.8764546912028786,0.2801509671572491,0.39927816441029984,0.16323425527810964,0.34640602552273925,0.9024508365670829,0.6669449906495022,-0.18925287062145224,0.8174864564348816,0.3413969252113114,-0.5178557768082908,0.943414941924162,-0.8991218268359533,0.9099841611081032,-0.33185155389995247,-0.8465553135152275,0.4545783677417179,0.5799418822829185,0.4177000169785665,-0.44309338719233593,-0.7310733360826058,-0.5705778392604657,-0.34593810523274793,0.6168154662607164,-0.6711326171034147,-0.8410265705206548,0.7773723581879048,-0.03680950737647648,0.3883365568317094,0.2873561185367932,-0.30783279220817295,-0.03629815662306113,-0.2439612625361791,-0.6950751960866353,-0.5436274585207486,-0.7452241930971377,0.554749734078966,0.820286943993203,-0.2551261478732565,0.1631337055880686,-0.4535098089676175,-0.38271965357834925,0.7652451384136552,-0.4810305161089987,-0.5557175862316666,-0.008859486371681324,0.8452083137565196,0.5868930808545001,0.33187867672075555,-0.4270330854205515,0.16219600851784954,0.7015834035596227,0.9848427238343138,-0.9818325519775855,0.979092345737083,-0.20352983352967868,-0.1274819714600639,0.024913347876381664,0.8922181836597118,0.5669116351775836,0.42287508224651815,-0.5530135521900443,-0.938100130461144,-0.030190941689896666,-0.0697037106359899,-0.6960067325722386,0.7737975516556348,-0.36775936959610145,-0.2556340911202284,-0.47731257184386555,-0.5180110424331759,-0.5829189926427778,-0.762109138907227,0.6486487691499456,-0.7954923238996523,-0.576543855850199,0.0266743244918195,0.11472044207505028,-0.7962523697927202,-0.7128076021524121,-0.3574078556350775,-0.11669411427993426,0.039188178278642516,-0.653389662664196,0.34490394903234556,0.8647091236954458,-0.5358558494213763,0.9720761009203338,0.740488661166492,0.8402400760399611,-0.3265535007450464,-0.1412519345241694,-0.5713287104134686,0.9632661471297839,-0.7167743495617589,-0.7375005747721453,0.6485834314184662,0.817146536134755,-0.7377458044265688,-0.1644229098840959,-0.8477248546978873,-0.756775300822544,0.27180357686696643,0.9060597389967517,-0.7177605898335135,0.7881262601223871,-0.2734430822576359,0.6449402181876287,0.5681923827152062,0.5098497336797849,-0.0960114088478099,-0.9748728017807808,0.5298556447600828,-0.7839390094237537,0.2757197641031346,-0.28567385698104353,-0.751468651205752,-0.4838339054867864,-0.3964129064608193,-0.7505616839522631,0.08289489613731393,-0.5309917927548113,0.23436193967665342,0.6653958635324138,0.8638687962730396,0.7669112861145166,0.3961557292992226,0.13421477417177963,-0.502137710078862,-0.7994464720000392,0.209348729430322,-0.477428892407066,-0.13611859162373552,0.03416545704603524,0.5312722020193161,-0.6999825414131078,0.6610219388069352,0.32979352570734544,0.462563865703296,-0.049066867054063934,0.4857340687420493,-0.3088931126752046,0.2596276346829496,-0.7945362859158847,0.653782038141191,-0.15163656080593135,0.9049574135749727,0.4269295886306028,-0.1459478867868873,-0.7052643853376774,-0.01675269072179808,0.602939513289545,0.36827564799285506,0.84216732743598,0.9699783407403839,-0.34801347873378874,0.38154945650288785,-0.08770900401398096,-0.14846424308254158,0.5696112726305051,0.12719701465372046,0.8391655301006267,-0.26479252281738663,0.3550811244767582,0.27724726452741955,-0.9197203340682132,0.10027499428262865,-0.679894395572936,0.6833579233451645,-0.09011480661798288,-0.4051597653241581,0.22903922163265222,0.5050709736013501,0.9868428813702717,0.08955318008775648,-0.3358974797437584,-0.41809875065970203,-0.37313751179258836,-0.24190729494067154,-0.41111929275225756,0.6228011317875346,0.3360399687065696,0.9947179581430887,-0.9183272414234609,-0.7818286688391576,-0.019270171777707512,-0.22724885476061396,-0.5056780522756692,0.8516714409004562,0.7268286073093544,0.9412324835287322,0.48225146046271883
0.044469894131008436,-0.5309359209975146,-0.7418483544095378,-0.472064343499208,0.7543856762779046,-0.9075239308400753,-0.42452781767347214,0.4955197627348493,-0.545407623726254,0.7512663947503508,-0.6832277019843194,0.3107620849088206,0.2724728891519064,0.9610732695081805,0.6196288890971999,0.6510365229139683,-0.7309979442063188,0.5905225946749031,-0.09089628499245772,0.10124135304838089,0.7746331251215506,0.6141376175045985,-0.9050378628816793,0.4429247639601468,-0.9020799071741894,-0.9229847599794281,-0.6182564765099876,-0.9024849545892708,0.5816869212063178,-0.07273112886319777,0.6799205544254527,0.4445645813337753,0.2734831436286451,-0.7396559728512644,-0.822088080046401,-0.2792396712069871,-0.6098109605835327,-0.5077447816339453,0.0865437136419378,-0.8753415069606503,0.14004521983736695,-0.32232921763513533,-0.3229476808040841,0.8576364487641821,-0.14145502695804746,-0.6773254053960571,-0.7545132703011506,-0.7531339518607669,-0.23156641125866684,-0.8583336830763404,0.06898668954178877,-0.4301944930001864,0.4916582039484958,-0.8923140252844912,-0.2220158658927538,0.7848887701388401,-0.2372377474468299,0.41207450579929605,-0.13416093378981753,0.2727547230131646,0.5909334821046306,0.9265750204466756,0.33047418102546366,0.9523732032675774,0.42558579775456007,-0.354846521276162,-0.20194726663737006,-0.8292343000719982,0.9914078474233294,-0.3615693916368665,0.736622203142522,0.8282453637785556,0.6824934958954434,-0.035045504015344564,-0.45485476904683897,0.569649318609404,-0.8707257988157366,-0.3932750654323829,-0.27335785114096667,-0.528839460687033,-0.10029704215368218,0.8846293509224326,0.5018674362987092,-0.014413598215003987,-0.881073105824109,-0.9462578295731994,0.13498284712011333,-0.3178016652004618,0.8245483539385665,-0.8879854171448542,0.2742004334519961,-0.5897117286075604,-0.3189698513523471,-0.05037178995501357,-0.5196081151323382,-0.5860896480834832,0.7248193570214165,-0.7657133313091378,-0.6116912679753672,-0.35206826282527404,-0.405805141540428,0.290613546180978,-0.6128066931735308,0.8824651785599664,-0.5716690655027787,-0.9066336905394254,-0.21437525518875544,-0.9885837702967868,-0.013096869331892469,-0.17422947203949324,-0.7411096746034138,0.605919927940044,0.25991774347571384,-0.935879805003424,-0.5070261736240629,-0.5253656819405943,-0.20878865690122494,0.6545948913258237,-0.9132976495931067,-0.818859570706362,0.6689615191360365,0.2854605234001111,-0.1291991767847136,-0.10232077964183595,0.21248644611405876,-0.46288223718826704,-0.23104221159224703,-0.13687001136234445,-0.9113342264794717,-0.32952483606741567,0.5169487034747691,0.4788773665549326,0.16784074275646943,-0.4428759727823499,0.9608389912271971,0.9582943212050825,-0.46341440657931243,0.41924076687794054,-0.8649592302292606,0.3017323373073615,-0.8291573321224643,0.23514834111403315,-0.6265293689022133,0.11884411333034217,0.21901347784340475,0.12276769998090242,-0.6957390693350378,0.311967703295577,-0.7212019571004458,-0.3511613408278793,0.837478642659657,-0.10907852816235386,-0.39071220336667545,0.5568301991716287,0.23994044827875016,-0.47824722947074805,-0.31039766971437377,0.2665704482398106,0.6966507143299212,0.04268305947827655,0.9054487140837244,-0.923616253825069,-0.23232941292173126,-0.5357270923914768,-0.5341214498036431,-0.9735927495047805,0.2903307540428759,0.41907001668021526,-0.23862943236287704,0.9525603663646973,0.8215057017809289,0.13149963644483043,-0.7533331029807038,0.8578792795201144,0.731868985260484,-0.503164539073522,-0.5985403613525209,-0.3542799384320834,0.5924580271925237,0.06818315433048205,-0.46245255073995195,-0.5608610184660034,-0.6441789457099081,0.5194273350573173,-0.48449486080764115,-0.46625644245023423,-0.25102193975973996,0.021393479337160404,-0.1895395323339124,0.17015705963393257,-0.4532507745055745,0.8209692552080057,0.5813261170432467,0.7513848268701866,0.27103362238915607,-0.17978451324140998,-0.77320284652927,0.9527364661341191,0.22441087826060624,-0.27671379726109513
-0.0673462405553289,0.30312081800814705,-0.9635692144916275,-0.026559879019584676,0.654086687976388,-0.49540950996949107,-0.8090091431309279,0.3076487585039349,0.7703130336186232,0.9562667413192325,-0.9416261103215218,-0.9671683211742135,0.46755343664729176,0.08539646830254521,0.9605127587790163,-0.7216563918591838,-0.12070004856919314,-0.8758563638789407,-0.9387013293011368,0.3921513202290643,0.06195760848839327,-0.668653056758691,-0.7042213638791066,0.8258373223244875,0.16899840373090935,0.40017721709431875,-0.8661418510663783,-0.04808269364499429,0.9827180863878284,-0.023608709135928496,0.2174264698111419,0.6316669036349272,-0.9341602626485279,0.5648155928519014,-0.9634385887493775,0.34800637749758034,-0.9622253301357622,0.6839158104830889,0.3588426644980749,0.48977754191793,0.2410245604180632,0.8364990021557599,0.5094376756857846,-0.15714302206888364,0.5926115608988438,-0.11017303158340663,0.3028417871934326,0.37917814488376567,-0.18072470034995614,-0.9425711917569752,-0.1929771849321853,-0.203282608548637,-0.7165853930949808,-0.12715947014500384,-0.7309863964879708,-0.17555770281566363,0.16403636853129444,-0.871500460196839,0.6919784452274431,-0.8670810547175769,0.5841224461986942,0.7292702814263547,0.003802518917066733,0.25933308943230404,-0.6499546113312946,0.8142634497467152,0.5734794259725384,0.630777535813142,-0.450432595922863,0.836505072595845,0.6260349083821315,0.8424249136720081,0.3257203443706129,-0.0017313914447081302,-0.23094157001293736,-0.026635549642681777,-0.3123618679329758,-0.7553523896565959,-0.15551835357396482,0.0551180850516344,0.21403940430441337,0.799036678306954,0.07924419674090788,0.2827290635552018,-0.46684626141467334,-0.24767103445588945,0.8163488706444595,0.3715262196988145,0.9223311549277149,0.6373271054412668,0.4903003370445935,0.29797940155928293,0.8648637501517522,-0.09964479573665153,0.6257412007011773,0.2208578153486085,-0.106792239818011,-0.4667625855746609,-0.7887770662614422,-0.781520888648878,-0.6388872323918569,-0.9186544868647046,0.9512194595730732,0.04408619556055182,0.8722050000627681,0.0067102356453945244,-0.8650217714386184,0.9962776928541923,0.912879636746758,0.2664616202206598,0.4427411992339385,-0.6631997171778992,0.26033742509801416,0.5355227395342621,-0.5791887925444079,0.5477585676550507,0.9813925279361626,-0.397170564753792,-0.4895280983446251,-0.9450334241071017,0.024269507362794096,0.43920781479540594,-0.6797890570181544,-0.3247914322598211,0.7890929718248336,-0.7439614518214019,0.9149792431226491,0.32437010461314286,0.0882155143470349,-0.31489227468194625,-0.7321403299849636,0.8483154716394257,-0.5635232162232855,0.9031903753505848,-0.3777982155235229,-0.6295823328422161,-0.5504445123774224,-0.8413709795104782,0.7448721823508657,-0.37840086991887767,0.635410068804706,0.1640445842080116,-0.09576087251438614,0.4581093470924491,0.6491886974653229,-0.4848298300606677,0.24771891135265656,0.2521161390375375,0.14299116683359037,0.0668045679091136,0.020274966076615053,0.31411954748936366,-0.5446734714782204,0.5810077467850481,0.4218508442174962,-0.6521154490515404,-0.24247728793258116,-0.9287354750314096,0.6513361369072523,0.16509067031838986,0.7440763085122837,-0.38008369141076614,0.5148413286908342,-0.6661521806634143,0.028728951169194827,-0.30628179249604437,0.288722829171143,0.8586004693819156,0.667827540597487,0.3291452193026536,0.1273830564176741,0.07149130788591673,0.39245919170756105,0.841494433737308,-0.4593026905973503,-0.8466096221900639,-0.1235896603374409,0.14381179061499738,-0.8396542927211395,0.9258591233410596,0.054999611544022775,-0.17088388155169332,-0.43778422208739776,-0.11631524239631541,-0.9909535217715975,-0.987790873870908,-0.6662763349390033,0.6662868075517154,-0.7972586373515171,0.12295274254515687,-0.027922808217507367,0.7643292960237835,-0.1634737456288784,0.6708873152509582,0.4915175978332784,0.08823910649271594,-0.704457078118021,0.14149080437074457,0.6275377314041009,-0.8881862449701758
-0.7698378059654813,-0.65438054736322,0.019549398585705147,-0.9592243717937845,0.5523962589423423,0.08136310867999508,-0.9311248669454317,0.7628999719668725,-0.5161886220761498,-0.6564469797085251,0.0371169463498795,0.6302417453263767,-0.07251194293744234,-0.26641189119365705,0.2913165039005394,0.4417300825118766,-0.0907538162056547,-0.6993792045984053,0.007170199384320064,0.6608256780587793,0.24184191209091854,-0.963002645509694,-0.16159272333165764,0.7950643949241469,0.28603155994268525,0.32782061896070824,-0.14863015172379712,0.7680615986944621,-0.5333217191761632,0.9506724759403045,0.8550977561323747,-0.8996476114087535,-0.6998864943467393,0.3654984070294247,-0.013801484069069003,-0.17591184275340743,-0.09079985119694811,0.6016134389840495,-0.11002480510606194,-0.5319392878531004,0.22135630034560005,0.13251921429106583,-0.3379011562604086,0.7552539290494171,0.35820038756138284,0.39719990830744645,0.2595927663454538,-0.14450979092737626,0.6725266735787361,0.07974993299186717,0.18101236994834524,-0.7780967670124264,-0.4419819447848554,0.42905135304606423,-0.6556540332434964,0.7378077524233606,0.014092301876967417,0.1530713614859709,0.13317149772639136,-0.5170747779079337,0.8697027865785698,0.7578228160003049,0.3520691386645465,-0.4509745745918621,-0.7104238695386955,0.8097234753041223,-0.466942289282408,0.5945569704251208,0.1030253265043577,-0.06366736589345856,0.2583604172162617,-0.18466098871524483,-0.1777935359484102,-0.7506846917199044,0.07097688871848007,-0.07326163297430943,0.49217413439530455,-0.8129212881480927,-0.9593254648633669,0.14706476266494528,-0.8802480707990388,0.686646607481074,-0.04959009243675738,-0.11378347051789661,0.8283188149087777,-0.12666500506324696,-0.35678037466074763,0.3368987873117044,0.6050087433061913,0.782580332685928,0.21685015165754984,0.9703937016805648,-0.33728670354883583,-0.6697389249950536,-0.9143420727414542,-0.4693281044186586,0.3063005690227314,0.09281314042574884,0.6240092413654985,-0.8563806047445457,-0.23049548306191836,-0.006967410791675954,0.3568077669933112,0.7257739552730034,0.8926108575187681,0.8745510235466847,0.3072254754724446,-0.5398861222166882,-0.04505446331747631,0.5939464641370256,-0.6593718179384778,0.6733953742591279,0.5970606612289293,-0.9431611538184443,0.8847741215130087,-0.3114399669698653,0.3880954417442355,-0.7580553865962865,0.5436402427740694,0.3956942313886531,-0.8514201542338624,0.8585607565419251,-0.9393324463705883,0.19694395320642033,0.20740367633476642,-0.6506748553412087,0.7229636548424776,0.05410437556710446,0.9673995782054565,0.6293080042803589,0.0455654103559513,0.9078833823283723,-0.8120671478210688,0.368187324454452,-0.8061414062961878,-0.6198788600751945,-0.3473791493732583,0.039721519146255435,-0.09081932209130827,0.7355501158204023,-0.8289708635707496,0.7874184785776104,-0.8155250971602936,-0.8842652747441975,0.37109704693795065,0.43588792296413637,0.6827652852571211,0.16072543307486087,0.022768310841034145,0.21559240460364326,0.2186702327746839,0.8377517368885039,-0.5484519374116803,0.31480142925012644,-0.3555527888258436,-0.3485471349095186,-0.4487985244128889,-0.21808751602711096,0.8569402264579007,0.23976004745582058,-0.23147159557051777,0.6542903362539059,0.7831380488834674,0.44496987282046874,-0.9054624287925472,-0.6190436800222607,-0.11259626994915095,-0.21809684937226503,-0.06889646083385537,0.7402023178640433,0.9467803066794036,-0.3118726837873258,0.8645072840564927,0.6274419581266912,0.036261902298959425,-0.33755664432435517,0.3896654626444913,0.6576753702113047,0.4197135420484235,0.8810470064093072,0.5775934674649397,-0.009954573537794609,0.7516503861672512,-0.5473057297732684,0.5418341372426232,0.052863779441650216,-0.17905266487889926,-0.41867416064825513,0.6756342606885519,-0.3942895025532738,-0.4714624449381055,0.5501260583810355,-0.28926126714681066,-0.2712110512223809,-0.2989225105589104,-0.555684565506195,-0.876787321412754,-0.9121695915811021,-0.7281560452067046,-0.17957586249482405
-0.14419026740099317,0.11739491833868088,0.4096284723794259,-0.3803660892208296,0.8755296495954461,-0.05120421470551406,-0.11104680694837255,-0.8583929050949348,0.04676892750495942,0.9250818351323475,-0.6481449008095943,-0.25418781713098637,-0.7371433582935842,-0.8045881587371424,-0.18910854540621402,-0.5945133748380464,0.21796004204959996,-0.008829451091715068,-0.4997233558357812,-0.0970639250948242,-0.9805539091570725,0.3338190752279706,0.44114629748541034,-0.33248632324760186,0.29325420279571723,0.6378839602404436,-0.16584394087867071,0.7237698712443157,-0.4349037121893704,0.1552834483424359,-0.6565412067679055,0.6044227951721868,-0.2786041609030938,-0.33805823552963754,0.5536566550913715,0.7439234037659224,-0.6214184337895712,0.6247519660568164,0.7260831566787929,-0.7020090032460973,-0.9415837405142007,0.7074626406769235,-0.6233544493861345,0.9522030282236438,0.469223135467534,0.808658256257706,0.4420337240845682,-0.7272827750131974,0.7624777550833215,0.49140011639170034,-0.4358416915750123,0.23055592834971717,-0.7896392051812082,0.4940322785546103,-0.3740788551744949,-0.9275264426014493,-0.9045429803648029,0.6767798049113509,0.34365880857174047,0.14316755977989315,-0.7677146448403294,0.32582432225986246,0.3455469711180852,0.17873565936246294,-0.8765487838255555,0.13694414947400002,-0.9190628361470701,-0.11631341536574191,-0.03430170080505013,0.45420372873876724,0.24774647703815478,0.8147661253452403,0.1345951583226337,0.8537805007308832,-0.5947525331305392,-0.40851455083107924,-0.25981372865746866,-0.8062618805197126,-0.9878204227898566,0.4314676288773258,0.7730255827329928,0.6755938933905374,-0.09711663379003288,0.3659732461394316,-0.6457455175055722,-0.407775646106767,-0.8721805352976062,0.5055108728122697,0.15550401602490593,0.2180471900591463,0.589360345878102,0.4430070587581203,0.2871729367568745,0.5349252291471025,-0.07345043995656386,-0.7139290480605813,0.9114975105538456,-0.45410557469992474,0.8300774602482721,-0.11810854663257309,-0.5820513380484105,-0.9960468605920494,0.7816553035647906,-0.7061999720644208,0.8696660513572252,0.46989190423874216,-0.02871519560795499,0.10917185508608629,-0.8534173272856957,0.17184882910164379,0.35912792299590346,-0.7273708360826883,0.207413938425423,-0.9441315425316585,0.6074370452100295,-0.1912475862998142,0.025956238069343218,-0.49412243143249057,0.6962970255839867,-0.4188238355859786,0.06591399758452776,0.8991817719935105,-0.3979178463555826,0.32272758248485345,0.8657273558830811,-0.6184538055075048,0.9610398317170208,0.025843007143135033,0.45868226079623,-0.6142257139513696,-0.8254233734991328,0.7412167074544638,-0.26838664280874824,0.4566842259773731,-0.6393148405327662,0.123289739826701,-0.060429539172204505,-0.36055571723330404,0.5866839133660562,0.8337088866653488,-0.37540994584979703,-0.5512179416436886,-0.588986081421569,0.817993112451225,-0.7791241128249278,0.49108289738800814,0.8643525598377946,-0.8444647907775908,-0.16011305898315853,-0.6287093129860006,0.7568263744647632,0.9560686597451846,0.4497322461795985,0.2454223738709178,-0.9314459158707629,-0.4163698109867582,-0.1388432531978907,0.709736831745627,0.9419562562240826,-0.22765836592218025,0.846440250745659,-0.11593596674757167,-0.40520867655358783,-0.05962112347348336,-0.4244397310428085,0.5536075462195651,0.8594766239380074,0.6446715451161031,0.5160676794613075,-0.7825678361392623,-0.04456854426780166,0.2427641988533713,-0.03353746082859277,0.562576024716714,-0.023728476038645363,0.20989556489691452,-0.955666414786668,0.5972896852205896,0.11390000702897574,-0.3626335422226885,0.39770534618094766,-0.6805539952184052,-0.09667379116433139,-0.7880734194467636,-0.28210871316695285,0.8157867217380423,-0.01319673178283498,0.4045782240341913,-0.06844544955714982,0.4657798701222102,-0.5910889063975242,0.5153285626419901,-0.8343616150127058,0.9989959422776058,-0.5222224565246372,-0.9289819850955148,-0.8866661220742613,0.7410399293748957,-0.2045125388914959,-0.5001724693964162
-0.6743315631207178,-0.6584662915175605,-0.22544239205273664,0.28540045777563505,0.9629068239859173,0.28438918057297125,0.42311186695607983,0.8769022760010508,0.613121685636129,-0.08717841561144435,0.24599790477966388,0.7341183435853176,0.5993000433507321,0.5786209118673145,-0.5757356133111784,-0.050295424029156655,0.981438643045367,-0.22492138907228054,0.5961421840400083,0.5491172015607437,0.40824342377368006,-0.08487132343952597,-0.7806412044407813,-0.12073712662098623,0.9120965743273297,-0.1368196936403161,0.9430151968297409,-0.1233464997369702,-0.8655191305166332,-0.6536622285668503,-0.24066489205260155,-0.8108286744699997,-0.45831830704043597,-0.13287802346038058,0.09136677047203223,-0.18600848817782722,0.3791052604255407,0.16116059561052576,-0.9179083994875759,-0.10962746716728233,0.8637573147057824,0.9790581313752773,0.8215743021814694,0.997162056112572,-0.7239062420720404,-0.8536222477587654,0.4530185300429552,-0.718823088926142,0.6231777571785078,-0.7533392641995553,0.242078763252894,-0.11168347463601314,0.301627277700536,-0.9619198947141305,0.6874680579170906,0.5091902785554965,-0.0826027211701661,-0.7814902842718159,-0.14239286668815732,-0.593305083639101,-0.4946155404501902,0.13490357430331934,-0.7004988855995105,0.6776459851698722,-0.7109482373099445,-0.023576326376318235,-0.1716997215904772,-0.8154817696724304,-0.10498423128996137,0.6882820320091374,-0.9813145946853443,-0.3995290317850071,-0.30283306650977804,0.9612642623532139,-0.7741238306753508,-0.9654503552952489,-0.788260010977806,0.472753813528233,0.02475161577511953,-0.047596530969234774,-0.502108045370768,-0.9747364356161761,-0.45898849865482383,0.23721780892058675,0.7030360098739912,0.6722456738680884,-0.08753695362747216,-0.7975205196791688,0.40228011742992864,-0.26597811987456343,0.2961961307873129,0.9204416663631929,0.4905032343071134,-0.7489292210436351,0.8919668631290998,0.9398480051106841,-0.014704517204038092,0.5961256786897398,0.945161398190985,-0.7094202833265078,-0.28511320656663885,0.011970240379785668,-0.5702102375316389,0.9676726842430188,0.36965698842375283,-0.8466140837842384,-0.01700841058124225,0.4482664416047999,0.15629807433376364,-0.16047746685915643,-0.1588570936613154,0.6385797450833794,-0.6824515146377075,-0.36783926088093133,-0.838623376046665,0.45710720320979337,0.414141741484336,-0.21832677622806274,0.9891179354022317,0.1754215766807956,-0.8675534170293862,-0.729945696481195,0.4235782198739728,-0.0415810124998095,-0.36947763893673424,0.31665894257343075,-0.2971976966989909,0.21380370209822064,0.5943000996179948,0.405692297411526,0.9530815108254331,-0.14426945574074113,0.25294327181638376,-0.06570690530103263,0.8756439060175059,-0.6863999601966859,0.5086640543628784,0.6294372127521011,0.9907620247985032,-0.6760428929975533,0.3209303679333322,0.5426756210651698,-0.1147477893275799,-0.9445452528152254,-0.4757727544841486,-0.7340769794569268,-0.5957194367006804,0.3171689232705568,-0.028404851628720973,0.22688120117662192,-0.46457756699093666,-0.4347316170124098,0.995576976621688,-0.08457267176503702,0.4000679961109843,0.7995563111885691,-0.18781371203367914,0.5347671318929288,-0.029474475966936975,-0.12801105887574282,-0.03834664034072177,0.4274436959907528,0.3942905710277551,0.04347159615535334,-0.9437004232282886,-0.36926917159713524,-0.4981206508031626,0.9404092448608217,-0.5410784322079651,0.41661009227222845,-0.198324406119738,-0.21328400207191667,0.5569561577492956,0.44838848938761844,0.22584254595246867,0.7214611991645492,-0.7129314599136161,-0.39260684946851776,-0.7646751820698434,0.9632993299879513,-0.2905580420662177,-0.17869226624963486,0.2019873647695427,-0.895789756236042,0.31443469614525443,0.5915841984798251,-0.9716579258106264,0.10906764971805338,-0.8829065131539393,-0.14178009887572984,-0.322557704664985,0.18727919210294397,0.49004446513141153,0.3732161075065892,0.9223217994571316,0.2831589788088915,0.6756109478686958,0.3643514630440834,-0.7057011808459868,-0.6567433032470358
-0.5464927632387175,-0.3552505072703358,-0.32934464518536766,0.476403412804806,0.26330282232032043,-0.580886033862376,0.9095121649629347,0.4399507257248738,-0.9798645530178516,-0.6832982229927607,0.1201899241521791,0.7957379279893173,0.888291250188757,0.8436429974783426,-0.4335279038928683,-0.8887713644573605,0.8019345207252817,0.03334825045830048,0.9029559262383642,0.6279920985677507,0.19004393740235015,0.9687559047172962,0.4336872899013866,0.050658873965151896,0.6955303802687764,-0.8912127793229325,-0.7115308163516316,0.5037690999835585,-0.05788493695427799,0.5848203162128269,-0.913848061119245,-0.3434202465869638,-0.38850177762666904,0.48200397226796143,-0.1747725538882372,0.8835580841525665,-0.7880548630245354,0.04950345136154799,-0.009656748020032024,-0.36357218513829603,-0.7377912061377199,0.45089937780198275,0.2662022342809005,-0.00913627889993096,-0.4535797411747169,-0.8008450669637142,0.5116588898499601,0.3121166224787477,0.6726868397426571,-0.2604367734653581,0.7908223720932024,-0.09234041970987383,-0.01625609439872533,-0.17044330747869307,-0.3876531634032623,-0.2475752886223055,-0.5047392120136835,0.5519541289252436,-0.6346602127573799,-0.39163971610471227,0.5955140608552005,0.14020735612906376,-0.3788435881409091,0.6961851012031941,0.43171439902471187,-0.8765101603036483,-0.43463386943410165,-0.6089060097849339,-0.26831186874444257,0.48882499818981384,-0.8415212245164585,0.9982281636387487,0.42468829365616867,0.6884624425508068,-0.8993876270883856,0.2811513867537847,0.41686752644174874,-0.6964300956276583,0.36253210870347696,0.9454195399718128,0.8178517328487203,-0.15603093068341467,0.7529116063762942,0.23731202120861616,-0.1601183209503827,-0.7311666115770692,-0.5412900767295479,-0.44394321888037225,0.4350611825109718,0.49259042884770277,0.7800176808768939,0.5754127583377697,0.9806813099574379,-0.8699008397885157,-0.3959637057351115,0.3546530714132321,-0.9150416025937853,0.22068817473729463,0.8933524696418313,-0.2788555925821792,0.45735619440353625,0.8538779401549073,-0.2360685303309018,-0.40237955142008475,0.2258975975517643,0.31391940953715913,0.9339466962889686,0.8312852698042046,0.3840173047325881,0.6954100814851556,-0.5553485927253199,0.35998386713058794,0.07660170591369497,0.5011692548152817,-0.04218418486023712,0.9729403270810135,-0.6591618372964176,-0.6526244027298587,0.016594461700570662,-0.14267351499678305,-0.9763252336040902,-0.49868911106848723,-0.3833819787668009,-0.051484647348540635,-0.857930682021196,-0.22591096811370814,-0.4068544259753675,-0.872795116492082,0.7906689584669366,-0.8963598422117409,-0.9264959463500306,-0.8954351021721065,0.8319173366997465,-0.7189064366659843,0.46435263038672336,0.5196714371862214,0.42882633554189464,-0.36517057228129945,0.4010717768606493,0.268732808256426,-0.7980063664661061,-0.6319228043125757,-0.9368429096536881,-0.5642080318336979,-0.8322957665385771,-0.8335608582652809,-0.6345647583949681,0.41015270447524266,-0.6987895468553296,0.5717040547117731,0.16566943847718396,-0.33002200381209224,0.8993379672621795,-0.5711399372095425,-0.7305451226304167,0.9638322485712969,-0.7614397680080309,0.7263659451015734,-0.17100767190529065,0.3937111076388786,0.9119946905531164,-0.909403034661302,0.1232784374521183,-0.3469610304828388,-0.17516921785226658,0.5170257079201808,0.5215408957519312,0.6852091232887483,0.5048901828141712,-0.9929401322001912,-0.6954879683997508,0.09608664112131948,0.5906994239054226,-0.8627507676204087,0.6678450715115918,0.4302708226295804,0.2726960946861381,-0.9423760162313772,-0.2824837262372488,-0.6905889394631788,-0.24834120456004039,-0.8201134523533393,0.7064367433679224,-0.2610866446410198,0.5880356319887836,0.4408322148215913,-0.0725876989498857,0.8541934146150396,-0.10793780281215248,0.7755742831696226,0.29123343934060775,-0.8707623050639444,-0.8964100135625162,0.83479245540269,-0.7272099722423837,0.04288805329985457,-0.05656208982643873,-0.4195327053797486,-0.13642287988987478,0.8824812100961072
-0.9572181879549966,0.8974810371110207,0.23658247329765603,0.41567083720082154,-0.4955299954375769,0.24805876155844242,-0.3593684262599752,-0.23867686051608716,-0.32915227556850835,0.7536640630555009,0.939195286327621,0.48238975557556807,0.9172426964196332,0.6625764860695571,0.46741526930724375,-0.23102058058176222,0.9861291958959231,0.7334822595408912,-0.027481971006566353,0.6301304067120859,0.11860981743566845,-0.7890114318188752,-0.6650462715492915,-0.8446241274037569,-0.4757350301953214,0.06646256753834368,0.8913255815055041,-0.16935349370163277,0.00839470376313134,-0.6495504884670358,-0.36474950063855505,-0.4641431432832832,0.08926265453445259,0.5107348857809388,0.9249952519478963,0.4077039939516216,0.4865983127111666,0.5385257845056051,0.8481627940593164,-0.10553989813856579,0.6434741885771655,0.8692339835198679,0.7131685824983334,-0.3066509086699791,0.6115771943772057,-0.021951078801913493,0.6465321787710578,-0.3072981922251876,-0.7209749739798006,0.39941159322389974,-0.43249431457888043,0.9167681663163554,0.7587435660013446,0.5989887885156413,0.2434455549942509,-0.9349414749355278,0.8632468119131704,0.08238800001263868,0.4123689546163707,-0.14781692559437087,0.4261240040432681,0.1907939608101985,-0.17800277206292914,0.22977229484298056,-0.5076898550184223,0.44798593709659773,0.4560149130724396,0.7686096541337804,0.2749350135569817,-0.8170942188090655,-0.23576873402207443,-0.35148948739550456,-0.7954580633575343,0.8053928430147792,-0.9855657487571599,-0.008644755811960447,0.2552259062946447,0.7014997537699539,0.3720294110226887,-0.7518420100469261,-0.6997038573760657,-0.9820258823104122,-0.1611873071112,0.22976539917707695,0.02516281274833787,-0.2273531997742222,-0.9016630695223078,0.4326971545238898,-0.06646180385298428,0.36851184558733285,-0.10550584009873742,-0.8135189360109445,-0.2757778050575652,0.7853317310000174,-0.22853070291500743,0.9893204672674232,-0.6231673274157017,0.36756694739998474,-0.006541424750609259,-0.3826353267756466,-0.18291720975239056,0.9984418407670683,0.2333476701818551,0.47335167649398757,0.6694868406232612,-0.08686333134428881,0.5905871745060203,0.23877717300678647,0.39838495656817274,0.988393644445819,0.4631285072397342,0.159110670332256,-0.7598012894043833,0.45287140534486126,0.8468300974780214,-0.9421104999417707,-0.37426736062023247,0.23801427740994607,0.9784400919246201,-0.2834736499771495,-0.9646160177445098,-0.5695975151445842,-0.7436801584102042,0.6796147207277983,0.6788252354534088,0.528398213150947,-0.7319749336280039,0.38880640775100317,0.466400311845355,-0.8905083055371721,-0.805999586519472,0.7054945565473261,-0.9495865179719956,-0.06373575609209636,-0.9330596441210102,-0.546190232026917,0.6965290747443231,-0.6755498308487249,-0.1794276016347205,0.849622927314176,-0.16217527293388967,0.24863522865767207,-0.16005473503938594,0.3052173637591771,0.8420231022967803,-0.10848537487075727,-0.9894015576704069,0.8787814124481168,-0.8204570553208765,0.015919760666105898,0.9671519993050413,0.2455976405902962,0.8955888311026972,-0.984646670969612,0.3115246468195687,0.7937861466901819,0.22814321121166858,-0.13222605741801474,-0.6577904049163055,-0.43244865879576855,0.9788284082291476,-0.3225143797504906,-0.7690954604556088,0.6883894597218847,-0.10397636836927071,0.8772894025243785,-0.48354728217406096,0.9765066993713751,0.5859496529907697,-0.8144674682753394,0.6141165924279839,-0.8465870966913114,-0.8999045632354532,-0.5335118673329036,0.25339426026837386,-0.314524578799509,-0.015305027892126066,0.25193452895857593,-0.3308932351692053,0.06787364523032813,0.3049739631902051,0.9277682741422153,0.29542715543014464,-0.38388188425354386,0.1851832714210111,-0.4382801764559425,0.25163220595965274,-0.43125159307296546,-0.2502481183575449,-0.14075663375667102,-0.19552199691862682,0.1170135581172087,-0.3256857662108268,0.12771389817491396,0.7187673285926033,0.3776670387272598,-0.6318495943055982,-0.20203960356675643,-0.5899732801940261,0.8697953459969263
0.30450917310771786,0.8312741953957505,-0.5350883565577544,0.9653065752121028,-0.8400189284794217,-0.8723567603912961,-0.27223810349520616,-0.2878754523611746,-0.46196173443113997,-0.7972852788887035,-0.20140401491896487,0.876297429937611,-0.13704189733625838,0.6840086176523059,-0.5770255371043387,-0.545130240440634,0.9206350896623576,-0.3094742254174363,-0.878034207952074,0.4485133797534695,0.13994283118447992,-0.2604859307421832,-0.4481215698827894,-0.7183473052802123,0.7098539005431717,0.11604735518166032,-0.08781954435634387,-0.3219557492973253,0.5249663439645724,0.9736082530461787,-0.5070558351753343,0.24924467873150147,-0.9261751463644279,0.16256521355185738,0.26813841086466716,0.7831985456028239,-0.6897455114350728,0.7226808484558362,-0.8548233495450785,-0.051698632930276656,-0.7635552083306436,-0.29607457364217216,-0.6159752394402969,0.8787366522949998,-0.5157325698040762,0.41539663796897464,0.587157283589361,0.8917279117815893,0.5711714188157537,-0.7916128584419118,-0.7355954035789174,0.5320297136116667,0.5848673113928826,0.16052374127322944,0.2522365623562126,0.6385841583218719,0.4915471315614113,0.7707656210279119,-0.1603440194256709,0.15556623917243195,-0.00942005158309378,-0.05986834779106043,0.7308227660790032,0.2401720638701692,-0.2720889434194109,-0.5347843603237084,-0.9529582143180728,-0.5188450570387428,0.6987146372866964,0.07709986609812636,0.5397612980187789,0.04075290170938728,0.5393415753490118,-0.6110163579447354,0.19014341078603803,-0.7991819956793387,-0.549533769345856,0.3429049372085127,-0.05528781014688677,-0.288553679304961,0.5171410657359437,-0.39655905496036503,-0.5015199860110624,0.8968226272119839,-0.02108244544191562,0.21490602784446744,-0.49285112327986735,-0.6887473890676938,-0.26569309214383585,-0.5832100136836564,0.5513049269301062,-0.8641513670282881,-0.942898035742102,-0.6033169759886792,-0.6912775775249804,0.5517546179762185,0.9973413509309006,-0.4001861622214289,-0.7353074738688758,-0.6163290956456089,0.8465729516570659,-0.3766872386415192,0.6819399636367509,-0.886584784912424,-0.7239860821240529,0.4290859441731858,-0.7947162934748486,-0.49024913559631256,-0.4976127120389735,-0.6895594393617008,-0.2604162161328105,-0.721439721113736,-0.7271496728156388,-0.8519973769673108,0.24741637979865327,0.9497361724082258,-0.9811226953520189,-0.3947305042322442,-0.8435920525967835,-0.7889173136115768,0.348182507128324,-0.2302373772322357,0.21641432977784714,0.3391855316753347,-0.026242963846809353,0.6730347899965605,0.9673340042107597,0.27515845751932133,0.7733533275976232,-0.35373347710907677,0.04154779188954816,0.5154130334483562,0.5280478234912815,0.47880482859633755,0.8118479494404989,-0.13194289156947092,0.6147402384460794,0.7161397080051202,0.39290252345739307,0.7945798439998877,0.7364220733372349,0.6110151969163653,-0.9452285805640097,0.15915643509194566,0.16883975130665152,-0.5497359821984713,-0.1540846147834949,0.4682812161603598,-0.9161997874637566,-0.05985945247339486,-0.847683266537268,-0.2648293123534782,-0.8263770709462699,0.722874228123384,0.29261026971440196,0.7732118055381265,0.9929740647393757,0.9256338291622883,-0.4339445194752669,0.5908931499972845,-0.8758231839474928,-0.3645226172573135,0.37433887988266457,-0.5002616399179529,-0.8197311315775888,0.9112857382125812,-0.6764445285939431,-0.6732869638103878,0.6522902759532367,-0.40171450997726654,0.9367263195778599,-0.5566909886071538,-0.11548875026025951,-0.40586244114792835,-0.3836523178462201,0.37184649159346117,0.3430122190564402,0.7468622778979983,0.7582705610542524,-0.5564882382204857,0.15601037290807995,-0.5823998107817752,-0.037332141035591127,0.3074973863365038,0.9165609124587926,0.16932353855117266,-0.633398909716294,0.7973724035557006,-0.6974945388961027,-0.36170287133402557,0.4560989211936779,-0.04927579096534407,-0.40805828905687536,-0.6387397176375758,0.2810178609375342,0.5175093776300299,-0.8737442585774153,-0.4242414750397172,-0.48894650874578405,0.5195976696012463
-0.7563420491416599,-0.28126378490317183,-0.426888261346994,0.34599808461350756,-0.7312883080573975,-0.9200681846908407,-0.314406570363327,0.006475254150636323,-0.27348531941625653,-0.28998428061900516,0.08291504532350591,-0.32369630061154986,0.14308328314961738,-0.8036337981502193,0.8035115725567445,0.2721436698646851,0.1323831045379702,0.8267424562933388,-0.5605370114592845,-0.4644092400113058,-0.08155651861355429,0.8658577837355292,-0.45298883698946635,0.2336151834911937,-0.3011544974802327,0.731785907880357,0.10973501703697863,-0.5768459483349606,0.2153338008952701,0.5461196424901322,-0.7901678066898308,0.506829498166788,0.5936815416403887,-0.8594511118068151,0.7531418212452774,0.6100583751933573,0.6405093253800862,-0.7102211902065849,0.6721624273004361,-0.8360361024839233,-0.6272957607404814,0.7101942723244916,0.5391476515946172,-0.7976003305200434,0.8367558405729765,0.5221853075026435,0.9214870132212722,0.7833847023910205,-0.1608414927215498,-0.2870772340055052,-0.8170307314433956,0.5813049014606755,-0.08882088650888798,0.6798446726629988,-0.8001918995475146,-0.9397697724699312,0.5870410000958419,0.324507230536758,0.03462774509177646,0.6301782913284253,-0.5630226137692784,-0.8115594365674008,-0.1258629213891702,0.8640154422357706,-0.7174253962484791,0.0012030466720795996,-0.9965945632379976,-0.8895231201814702,-0.1108544426644944,0.6031959034998924,0.5167598109652252,0.2214258245602183,0.09719667823597455,0.3069238742950975,-0.04165454096309462,0.7994229049915234,-0.2874816468988759,0.04576798218065403,-0.9257966388169998,0.5665848291805899,0.7449374188234636,0.617479973377687,0.7583165176670776,-0.8854802468154781,0.8648186978776997,-0.1818077056023617,-0.33849928499668036,0.9096517511558788,-0.8454636437511713,0.6966218383438905,0.24427457523537455,0.9032784697875695,-0.24395519263064647,-0.7079943287960553,0.7517829871420232,0.5411894357338725,0.8708975704685491,0.9516243668024189,-0.2300523627399489,0.5474724982590082,0.14601955338561723,-0.464983842262779,0.3598250495031452,-0.1381092529485437,-0.28060931421245194,0.8638197914062453,0.12617502964903027,0.7153832039765706,-0.969769248921891,-0.39881216700360245,0.11506588047808264,-0.27560500723990655,-0.06495748606698637,-0.5752662695903406,-0.26356726194511637,0.20238594841339852,-0.1825076463113735,0.3223868108312875,0.23871679130111279,-0.886111306118671,-0.03819365949026632,-0.046724480902681,-0.16944099059678885,-0.7427301948599434,-0.6271797685323395,0.8442151714763995,-0.9204154371913742,0.22611504272929328,-0.19041111442609382,-0.7072811506374164,0.968456862755799,0.7735997160275694,-0.31989574746493443,-0.9329692201780326,-0.9774494905864954,-0.7294168953179547,-0.9254958478733741,0.7065806917818356,-0.4314875744917648,-0.04882317237042466,0.8736239508934003,0.037770725962313234,-0.6782776991973423,-0.7085269320163563,-0.7459563958752025,-0.37522370349465795,-0.358337557424274,0.2340085241769405,0.7642792919771948,-0.01009940335104087,0.7553859700912244,0.010125077824513662,0.010233071781200476,0.32306407287535954,-0.033088159482963286,-0.4537776849699715,0.9966293178683427,-0.5342874595510123,-0.20812739565360672,-0.04125927403399232,0.38763821727429626,-0.1215740076359948,0.8166788967279615,0.3516123620938516,0.749981842648688,0.7787271235808013,0.635921317187127,-0.1154732768883866,0.6338753760588878,0.8742958974173201,0.6446110627290684,0.110909399842126,-0.9216923087403641,-0.1824918174243373,0.7617897558587072,0.4184624394460683,0.15007151551748144,0.15344867969315978,-0.49828713112559697,-0.19170776394964584,-0.26163526138746707,-0.9339545952050241,-0.6273975194518917,0.9827075352749015,-0.03373803904218042,-0.7087208038960222,-0.6512855262015049,0.27969082618065344,-0.45639385322016257,0.7927754463517334,0.47911461384546117,0.8705034708468347,0.8494359782659482,-0.5596734835791857,-0.902547502000391,-0.6965075526229696,-0.7184590604239183,-0.26282656675580496,-0.5368550509743479,-0.3751346124866921
-0.8535188247087364,0.07759055277644777,-0.05264501579669689,-0.019959547517108378,0.8648636882569196,-0.4134133705681886,0.1401563395914529,0.13240369074926717,-0.7571676596814654,0.0724896375451487,-0.24185284204189905,0.5149786579960411,-0.9894915589430393,0.16023094687302541,0.05171136441086288,0.9581611085537309,0.828889961595751,0.4966965028919992,0.17226229251047487,-0.6139294778377618,-0.9605748289994371,0.19682343885309583,-0.4297453270498126,0.4491793740805936,0.531043974573695,-0.8699207384018179,0.6628509812853611,0.9017746720745006,-0.29014486133115125,-0.7408396629283898,-0.3287087852518691,0.4190999303779481,0.20146186598189697,-0.8673567678568124,-0.6350406145440437,0.9284374556326729,-0.2973909330139115,-0.7228203726469669,-0.358089088973657,0.8021244559816183,0.518305284788084,-0.6150876574101134,0.08818817996684203,0.377861556340102,-0.06795802827890118,-0.599184424167696,0.4667439084589451,0.7382502616884588,-0.8985840728559606,-0.6510534961463843,0.9261616247647686,-0.05206899261318343,0.9075624227363064,0.9227428416002987,-0.50018709699445,0.7667068360965972,-0.7727164799238724,0.28806804625295435,0.7497980433653535,0.0018148388432066564,-0.5812038685472245,-0.19164380120902558,-0.920564067406918,0.4128915945751994,0.24797359296072807,0.021816400055685303,-0.31025015525862654,0.4692991355849734,-0.14170268974563305,0.9556239138747691,-0.5523101544421951,0.25839579678451874,-0.9548810974957653,0.007716963960480605,0.23872592346198318,0.041291136066501144,-0.5173520387385333,-0.7251265833413709,0.0971255106631117,0.29767684808612804,0.8650440125493886,-0.12243956726353522,0.8227683650945044,-0.9871662045515137,0.8731861390895002,-0.9205232607178195,0.18082106550834554,0.4285173560713258,-0.07055069540733094,0.9016105393336447,0.06877129976837848,0.022102423266582294,-0.9745297629457816,0.3372407911689248,0.34703766740677167,0.28330190016751144,-0.30921976161015285,0.6923770751570126,-0.535143031414431,0.170834766652755,0.7717120613021993,-0.44898541028258543,0.12986229965666252,-0.10391065482029438,-0.5990858260001413,-0.9687763385961132,-0.4942166001937427,0.6005238563962789,0.09657492827640901,-0.22188644498673016,-0.5913580277772528,0.9493618216737103,-0.4070275069947542,0.675708250352139,-0.8783733114844743,0.9403762034412464,-0.0885035611912206,0.38002159830115656,-0.8022445414693002,-0.0970596304998621,0.6994572520453051,-0.4859114494964212,-0.7551821549060462,-0.15088156870890157,0.7029341588541207,-0.36015392907489674,0.024741767226130973,0.22115785707006097,0.017692076124265377,-0.5595679001257416,0.19896018602082033,-0.18136622432739768,-0.7100244837615404,-0.9312417463394114,0.24981069714968118,-0.4305968887310989,0.2818828093850656,0.04355862639013952,0.5227789849558842,-0.273744904754339,0.6935454328038346,-0.5249009097086523,0.8054913611159713,0.06377146902160558,0.7982771795087409,-0.5267030282337786,-0.19725026937181966,-0.6407745542993954,-0.9062336678087395,-0.53073266964711,-0.7189509880401486,0.6402104151242465,-0.3864401781293847,-0.017338635504124067,-0.8818724492338645,0.3240383354515173,0.32596180221664617,-0.7617952715537599,0.2228859511448622,-0.2844606045855482,-0.827345085209588,-0.8951940314702633,-0.4050173263668977,-0.26573508758611264,0.8762504547743788,-0.9308684969721157,-0.9839350998696013,-0.2985828576379712,0.7359451974785967,0.28022043436983934,0.91270286391062,0.8173585903373246,0.29317934610390717,0.7455193554476214,0.7070019774663996,-0.6071735384847998,0.3639895935572617,0.6526933261549421,-0.6894902674020968,-0.5157615870611951,0.45238932970437973,0.8800925607760026,-0.5884424588975259,-0.006633497702565494,0.7116292380303015,-0.531843131384919,-0.006042166556752493,0.6811255908314686,-0.1810824306785883,-0.47972020286968897,0.45477949986593025,-0.4491344127158299,0.4605091870237956,-0.79801411708435,0.26147816947254543,-0.2941869997053783,0.6109806073973021,0.2199715208719213,0.07085905467871911,0.32087949101353974
0.6891374840546585,-0.6681628348109729,-0.620231169734413,0.65247482236284,0.3695280018704705,0.9585462514908876,0.651979538786043,-0.8969911703564273,0.4259886087795586,0.2011967477946075,0.35784045985731616,0.3479435499284398,-0.194632407418599,0.7865027587980058,-0.8403526397790793,-0.825240413965179,0.8101501766072836,0.7176765824866351,0.4538184865451784,-0.30057184085476885,0.9865219749492362,0.9866446630487953,0.6121898593715895,0.6164371413407979,-0.8893841928163895,-0.08202229673976658,-0.1744504858239999,-0.0665090994226043,-0.02235659143569957,0.8855236336790391,-0.6625510778042993,0.3818463822769922,0.02558285876188382,-0.5002199821861548,-0.7358518806220409,-0.4487168351206132,-0.253859709850335,-0.7249314239393176,-0.7081027365017285,0.46661787041349756,0.3386206129216027,-0.8294384368094567,-0.04507403551944722,-0.0012799275385473319,-0.7803976546858971,-0.22340610358577506,0.5989745573964897,0.4576206397156062,0.9066458666342669,-0.04975832380126555,-0.27383879346489515,-0.13641926141683847,-0.12404075516222357,-0.9569309580661027,-0.15175986065166547,-0.8648823844036688,-0.49101695594005923,-0.7586190490624207,-0.5628487636891255,-0.37388633109600167,0.3567334881299624,-0.8716666656165803,-0.6254861044523228,0.813753754240595,-0.24549729151883826,-0.7594521474538451,0.7044929603266941,0.7511692802498313,0.9621978558103363,0.49519860734114785,-0.2205437428011967,-0.433762202834886,-0.3251885630192153,0.006746041569921424,-0.9869263764498744,0.36581333834970486,-0.4905673301738631,-0.8713574902342456,-0.74581031819226,-0.4591089002258437,-0.28131626360965445,-0.24935346697532212,0.9744892060226835,-0.38547802248164875,-0.1848970155027323,-0.5051425876776454,-0.0705441832178415,0.24922153580486706,-0.5644103624595114,0.02317244810589547,-0.0580887256853404,0.619814239713883,0.64401704422383,0.6079097084481886,-0.6339177396116416,-0.5539658938421015,0.5057810058523262,0.6795117742395236,0.42359340757953756,0.9495770847952805,-0.12107950688101843,-0.9509379774697415,0.10252124917919647,0.6395837868842684,-0.5926090796743819,-0.4036956878608622,-0.706851566522158,0.3864671107259028,-0.8672903553210154,-0.8799818885062853,-0.6156997261921957,0.41584457929129903,0.0011871834625085675,0.7076611830481334,0.35670167441770295,-0.7584927026421084,-0.25171066937210673,0.5199791032893812,-0.29977850621458124,-0.7305620422349344,0.11838846767283395,0.23781271650954783,0.7220273167111619,0.7502439581087355,0.010227746852203179,-0.7535777508605892,-0.9737377649619159,-0.7957497327886576,-0.8165769297720895,0.11150298301550055,0.9146663848565655,-0.38256998702716594,0.885864120039106,0.6588294963356611,-0.7928119942115077,0.9974032667480859,0.7741922120080438,-0.8690068474325721,-0.7389843853561175,-0.7548002891253729,0.180504913187987,0.3969673758561931,-0.9909468229842959,0.3795657175538891,-0.902946446727523,0.5747734477645134,0.4510030384588566,0.5550183640702424,-0.2202389766033983,-0.4650544384071491,-0.16319647639797075,0.4088806300489378,-0.060697787420092686,0.0224988017266603,-0.6124863433214951,0.14275768075120077,-0.611234708059059,-0.12847662271623905,-0.5342868756980619,0.18794135714775528,-0.5697231636121913,0.6782758281220815,0.0876005028992537,-0.267124334524951,-0.11660666298873634,0.15240582867747854,0.08365208419595804,-0.12034423202641387,0.9730723185518435,-0.024785681316589203,-0.017930277548549034,-0.7855784249340172,-0.33128350362257963,-0.4164122265329009,0.1505014701272427,-0.2473881803048148,-0.528626335373737,-0.6978760404387774,-0.4764129850379477,-0.21573310215413333,-0.227215346206459,-0.7863400457801353,0.06831705480761041,0.26867765338248617,-0.3494211745208231,0.06592788689292295,0.22595769793484233,-0.9960990758771704,0.23307429547365022,0.4066472645678234,0.290570983756933,-0.6809662373669951,-0.5955900065373512,-0.6074291310902671,0.19818657859741395,-0.13864445451685437,-0.9610257772669182,-0.4344003273188113,-0.7299745939426916,-0.9600604308928986
0.6113794581683818,-0.30535401187389377,-0.8594335399494639,0.5342851908111244,0.07934843168125161,-0.898547260948289,0.31738957050150796,0.6400700154082106,0.9507767475350222,-0.5231297054600212,-0.5885939196593388,0.25060095165318286,-0.43056039826353887,-0.0455165043696244,-0.3154385289546928,-0.6751709380506581,0.11412861866620361,0.8911784587508937,0.7313162473655477,0.23138345763860446,0.832520330060325,0.4009406522678485,-0.202923062931758,-0.048837738041620504,0.6541259174640359,0.2291420707164975,-0.6201468690760805,0.5103301910714779,0.137925989114831,0.5552395906492473,0.6778038519645491,-0.7955823697879905,0.07892179152544498,0.5515741930912268,-0.26061493688250126,0.730139948936523,-0.4992361063174693,-0.08592168626487351,0.5858697870078251,-0.42176061527627984,-0.8341412608078882,-0.9591572148933774,0.8623861191673872,0.3631952039744224,-0.29074112135581465,-0.1040095582541889,-0.5756358165122553,-0.21102554174242472,0.9375948303181663,0.5140157779514467,0.7542128937792176,0.757601346203538,-0.12928763467790638,-0.07744208962159926,0.3695827953509736,0.6317289858261752,-0.05249497203872733,-0.8138281854397518,-0.34054175442988366,0.3859207291825606,-0.42639060431895826,-0.6962480263488959,0.3311833759130973,0.8907250711537436,0.256437830524308,-0.9208675828511799,0.9202699051349703,0.444537443759804,-0.26448645630083534,-0.04875867880505136,0.7545881219437363,0.6173246325795323,-0.6866718525471114,0.7733026572745763,0.7600561238366021,0.44059177221571,0.38964568427699664,-0.16997397276604653,0.0977187724432309,0.049563001402393336,0.5552891879653477,-0.8956144518550373,0.15251492607799588,-0.4532101866499161,-0.3730504674743935,0.42913245785435783,0.8931605107493992,0.6838038048858164,-0.6475224043160392,-0.7953223803724676,-0.06211162374812984,-0.17384559732933047,0.392097474323712,-0.6725771296814644,0.5701823021709531,-0.4622799169412821,0.30408346622979643,-0.49543182954867326,-0.8459199683152454,-0.8612956945562555,-0.558568512921712,-0.995827571048101,0.231271298344228,-0.7005681141826638,-0.012666304036105691,-0.8872311293344082,-0.11079150150179062,0.7905467359082126,-0.19975693257714267,-0.8966841105729912,0.9319183887455602,0.29115441148790366,0.5362612588228439,-0.6973043755192831,-0.7499934396368126,0.9148027433385602,-0.4429350874684872,0.8624691964946505,0.6508168364572082,0.1629661314924049,0.5264315746913746,-0.14213941290110643,-0.48005450718599607,-0.9729617021455004,-0.8704364384449326,-0.7097149158585103,0.18169941239283882,0.7884724273025336,-0.2867550979094746,-0.1299992400986747,-0.3054458994528011,0.6149285191970071,-0.3349525825431223,0.2648028052466198,0.8913190564341247,0.8647557414177143,-0.1844814287075469,0.3291893976017881,-0.7546934915946932,-0.6746148044140896,0.7053637927262773,-0.984493791516724,0.7402617686647555,-0.16124278545740212,-0.3587226020337322,-0.3669391967961406,0.8725908732984315,-0.9027240760682571,0.32818298417385994,-0.9591844755087535,0.5964110898884387,-0.4437061816571699,0.2543034685542278,0.19115168160142226,0.06161426691174854,-0.6842641847378272,0.32356170489464997,0.7159562261349968,-0.04918127278313156,0.8080574774958909,0.21199041184359202,-0.5707862641330077,-0.29602777035215433,0.3068728568143124,-0.6477858381567194,-0.665553611591944,0.11713171451794224,-0.4987171507753263,0.8037466702951113,-0.741003286139575,0.37656979486938247,0.0895249782458023,-0.9748294190022506,0.48779267775245705,-0.8749831909435057,-0.20694015620175654,-0.026425443215733146,0.880544067556694,0.37865577347630675,0.9068225342361955,0.09100753711423781,0.044317749290068376,0.1757703544156497,-0.5145237513845768,-0.5780986758447002,0.37045672094964566,0.6867178817038655,0.45639420067598935,0.538411755270686,-0.6181062865693505,0.25489740570187336,0.8825696523843429,-0.0016545102714184967,0.3801781099706425,-0.7327178294274217,0.11736615426581687,-0.8891803501698559,-0.5637225991798527,0.01452054475046971,0.5083801755622046
0.7372474874274118,0.10534520265227654,0.059652037380916845,0.5661432147997079,-0.49667720692263906,0.2266390135189862,0.9223906975447647,-0.8147561763614994,-0.6029722718729422,-0.772121838524986,0.3037098118865744,-0.5616668890442389,-0.5337111690665393,-0.6157713930806277,-0.7962739234121667,0.8330216158720576,-0.8962769416661813,-0.1714014714377634,-0.7191642047613194,0.6825845874309999,-0.39060407469639125,-0.9482718158505627,-0.2722436194515807,0.7180574200780216,0.45645561168380855,0.520756002476322,0.4988526511198983,0.3367947674442162,0.887643543982503,0.10591978925212886,0.23099847948568875,-0.5310013705036194,0.9338110863651874,-0.579921000514104,0.359052427429706,-0.026689585976600316,0.3371174582585621,-0.5404820542563598,0.49075719005400464,-0.8820065807357711,0.6653022006602816,0.09892118217941825,0.22506373567891358,0.6625209124213622,0.17167724570780485,0.061875054274411534,0.381517325930933,0.1369783244702114,0.007556603369387682,-0.43373745748201387,0.03493718111891053,-0.9758846413572431,0.8895289542532885,-0.3314308514164588,-0.3000156977443904,-0.1789297984815854,-0.45163757498014245,-0.39797781209128247,0.6913039683325786,0.7571747330268721,-0.07479403616623292,-0.8953707510650484,-0.16984368503595637,-0.21704227785711838,-0.07358126285440414,-0.44423440389710045,0.04788622973652923,-0.8802074001173894,0.6694187840898473,0.06086562444246746,0.2522821582086796,0.9370376508102636,0.8538023630985545,0.08174800720379949,0.9431169719909069,-0.7824897527131043,-0.7181933578769191,-0.41695332670841423,0.258867759557196,-0.11416713264582312,-0.5710394204317562,0.2711241492424652,-0.08935280906260545,0.5441937983397602,0.1445548367934517,-0.5209186150087315,-0.9621244232388491,-0.49165353507105625,-0.10319833778844845,-0.918521879412669,-0.5125241303435621,-0.982338023197423,0.9802559085740041,-0.14030821828615458,-0.9781455559076482,-0.4592894078474907,-0.7830667110344098,0.79252508428831,0.47472853203327947,0.1896011168518008,-0.06411242453239474,0.5718287726005102,-0.08958611518786985,0.7902250564887476,0.3488270111054854,-0.5670274332211374,-0.9590881242726399,-0.8956017385171551,-0.6534092651607626,0.4870769093874405,0.9559779052148123,0.9025500032627278,-0.6677397069262507,0.7307380464980648,0.8131005811332448,-0.26502884199967913,0.04065360549550623,-0.8563198000285379,0.12771017863235934,-0.5015813537145164,-0.7432632277335001,-0.85174399440171,-0.5591086920397859,0.39519926170779485,0.01631110052117446,0.23246320546680388,0.8226851187037305,-0.8639721191691869,-0.19036353478770263,0.73035292372442,0.7612921963969537,-0.971000483397463,0.5895388470367788,-0.840375994279428,0.5072411236416656,-0.35631169402457386,0.9726008399713795,-0.6810534928977565,-0.4945003824126404,0.8480301709626152,0.1148644885509491,0.4839574919282976,0.9113820144686013,0.2737564929707308,-0.2993189588523324,0.5906571478937976,0.4520170001683872,0.13310988195851814,0.017137303615182065,0.3220978539293351,0.25177726207339357,0.9435143759788944,-0.30141424835276354,0.45956578660457215,-0.3817374704876111,-0.2726859268248678,-0.4121952131853024,0.6833632780000842,0.14011858675919786,0.7947008583484323,0.2805644247728085,0.6153383097959055,-0.5756909245014319,0.3743754854757,-0.8679931347234471,-0.8996063847673348,0.45031481418307884,0.16615775081299655,0.5796509362275042,-0.5353504230039812,-0.2918256013670961,-0.28467307878249026,0.7377762231883658,0.17952805260271454,-0.9472239339660191,-0.06125292235337265,0.3348744387700324,-0.22362063147539946,0.6604165628623866,0.7061999092106819,0.6782048839680919,0.6911810077583698,0.4642719063926757,0.22969066166023588,-0.7363353175380265,0.4548140104686076,0.18661292739275215,-0.8436197423827887,0.7423881821367828,0.684986234148101,0.30666537157049367,0.8021141466837249,-0.03826960774620214,-0.3653315427003716,0.7444499304748011,-0.09485950716232705,-0.03650295949866966,0.7178089723179157,-0.6773915330992148,-0.7212335182613119
-0.172796469933028,0.8032764160922621,0.885700412511875,0.9020725402559981,-0.7767046550670333,0.9988772491785163,-0.7795561644388449,0.12412329112397402,-0.6142984813934498,0.9682733200261682,0.6684706090313608,-0.32156275919785426,-0.7925673606026342,-0.015604905681290804,-0.8105188305799218,0.5563836151200372,-0.693241532175437,0.2876780477410714,-0.3586369453006657,-0.6240237457449469,-0.09270919949264544,0.2866233368991249,-0.5767745321030311,-0.37865039441074444,-0.8570383526271643,-0.7670460204037155,0.40911432913825885,-0.5997942107788679,0.9217161037269441,0.5586233381958137,-0.3238137740874152,0.23657904255655193,-0.21012689036644217,-0.3801125293701193,-0.47633315180603364,-0.9537643334200265,-0.34234254870220115,0.1686060960440785,-0.0247139989652414,0.09723286782011953,-0.5588265645088597,0.7633818736814173,-0.6571962064102999,-0.02946132852357297,0.916022637812792,-0.8313841356306151,-0.9740187722650115,-0.06742767535149952,-0.13030811621247262,-0.3180165002123143,-0.9191559790694492,-0.2610225265725006,0.6549626177056393,-0.9805935594514277,0.30840532401230303,0.7327609808261606,-0.9489820685456292,0.0746654979732142,-0.18975229873185429,-0.30602926534961417,-0.6745935799374727,-0.6870506547324189,-0.39349700307940405,0.6670017841780365,0.2835659576810612,-0.6805553712231913,0.7712964755076948,-0.07015666513577568,0.6498546303749777,-0.4767810529989145,0.043882950218741446,0.9625207780895462,-0.40774945168091503,0.9633525210053713,-0.902847200749018,-0.8493683308188806,-0.1930506157492311,-0.7243917391344454,-0.32758763402675806,0.12123362146901284,-0.5259086021663577,0.4444206811996618,0.692066401570901,0.05577275629688905,0.7897773346530423,0.37861570045509274,0.35942394768425,0.7743971264766265,-0.35391577862463186,-0.8702027964511674,0.13897811213416422,-0.679934302222986,0.21192303743380325,-0.44653283564256996,-0.24999872883550878,-0.5605799988058289,-0.9607693087172113,0.17701152140009047,0.47749905113091273,0.852926315883572,-0.9460727786409815,-0.021248259608580122,0.3058441779247316,0.8369274812882253,-0.5718962307224051,-0.2821378634431597,-0.7718658202301347,0.40391839915736294,0.9281045330673854,-0.05962772831579355,0.042012851880308455,-0.1531611809729443,-0.9742856842145502,0.4810116677691636,-0.6560148230632457,0.15762481953023166,-0.010314887523090066,-0.6161303184814464,0.11262312848976008,-0.6514153693574911,-0.4955001843028881,-0.9670139924826526,-0.4696893075010893,-0.19581911708726896,0.24920134259483162,-0.7613206886146333,-0.2956051221342215,-0.8093673517392341,-0.04431917744644953,-0.4445397637570261,0.6928476445046572,-0.9352395799691502,0.28928065413483095,0.9920224460690761,0.7691989188291033,0.6101694806564761,0.6890527122050378,0.03025479797355035,-0.28463616285147375,-0.6174425270049773,-0.1432007355832774,0.4529122712316507,0.3388858734079421,0.2180854043053837,-0.16539841055737137,-0.9866348934808022,-0.6488173451134158,-0.9621789722099916,0.13243946463926415,0.9234667847071576,0.060182551307590204,0.8758743274511882,0.4040734409642306,-0.078774977784142,-0.8848758686930178,-0.3857178920052313,-0.18816603215497008,0.9237225148450614,-0.3354907438636585,0.7481740109960644,-0.4223447755657834,-0.9245586163007964,0.0806710057904827,0.0013053169144070509,0.7674984933547422,-0.6056575953568686,-0.018863839469143606,-0.8650103521828509,0.5973674293358824,-0.5900786962051932,-0.3859041800658374,-0.8162566340669906,0.575919896618218,0.03997432668893408,-0.4031443810830848,-0.7349571647322366,0.5402989597279839,-0.9657334877081718,0.4227442336827678,-0.1602397090678631,-0.8885138360847653,0.5630283437726911,-0.0013354982146420724,0.7044705979598511,-0.3902469393528707,-0.722333816171427,-0.8005748783610926,0.5292692689782648,-0.5387484611687381,0.9501925155008195,0.7872816204891495,0.9642520637060352,0.7625774698324819,-0.02762300639337467,0.6998882368774202,-0.7147364224727946,-0.29895940231717266,0.6452921367283104,0.014015303485034325,-0.3141111319282537
-0.4366832006977521,-0.3858276320243501,-0.5806274458177263,-0.6580150307807298,0.2893018514918788,0.19883637661185416,0.9160563249199385,0.6151804543688377,-0.2923670960526841,-0.5242803426230316,0.6845243503038336,-0.5417298024545725,-0.9375309432211456,0.820365195638916,0.3894245912126346,-0.49506127727157656,-0.6223315180483835,0.1496200980945186,-0.9396010935763801,0.7953521530546255,0.2799783324765204,-0.45171307218515633,-0.49742817508633963,-0.7449886117711013,-0.030041850079804977,-0.7356813596173915,0.5440132022296555,-0.6284701243956492,0.5073247100578999,-0.7265538731841517,-0.6288745235884128,0.5446864984109683,-0.5301099765558859,0.4892961301329779,0.7853053608035478,-0.9835090390248928,-0.54053865140522,0.269321185570526,0.30106551488561606,-0.7240055274173871,0.0030527707001528626,0.06744112979849293,0.45045987477764005,0.5908251413583867,0.3562131849077199,0.9908952068550132,0.4744018380914212,-0.9393299064354259,0.27006398666074793,-0.7221126249264216,-0.15306157102278162,0.5215863155519804,-0.9390063769407615,0.6733571667111924,-0.42551509873205284,0.7577775571372638,0.6189965278422693,-0.2283313757028247,0.16670085355344,0.31684734957351846,-0.008649357051621509,0.3739734238797905,-0.07603828106457944,-0.6237441913223079,-0.7210054212476806,0.0986706375011841,-0.6166126032979917,0.2797014636449795,-0.058939930714019706,0.8483334690795559,0.462338988416374,-0.7092196924042427,-0.11551944097246958,-0.3307466847816094,0.9783163051762938,0.7092165896426561,-0.057383460395766805,0.7168022717427693,0.029631863828178284,0.3296327880177732,-0.9613812593611113,0.4463977704481952,0.40837773227732654,-0.553098344862466,0.2040556086565375,-0.12198886326133995,0.48274001918366527,0.9102016662489676,-0.6256033668221077,-0.5760756648427945,0.8167769320758616,0.5167911790714614,0.298084579932534,-0.12837589379202985,0.7658197296981737,0.1626046745376406,-0.834742270074764,-0.8928687785063218,0.7586944481567663,-0.7920781834514747,-0.05090777129814583,-0.3617695073915266,0.4035593290766144,0.4277351416567843,0.544188280702393,0.2761482775052586,-0.00837925284665153,-0.9804700480535271,-0.9517279080844119,0.858639748556391,0.8336908077279828,-0.6534304658347161,-0.5990012404439615,0.6923129765184826,0.5462017977257736,0.12298875120600572,-0.4271674016384859,-0.8425053645866283,-0.21577724991651337,0.20788832196446694,-0.018493883736592664,0.3038944013334097,-0.51207031390059,0.10365340999652561,-0.5342608440247127,0.44209036336887486,0.34035617446853195,0.9022450997924283,0.3205426470601389,0.9360739950443631,0.3117842414702925,0.16384667188923618,0.6106512135847273,-0.13635722231972403,-0.34525937660833184,-0.849235334643158,0.0553832429553176,0.19448078407919311,-0.7046061517315718,0.30108145209448267,-0.8558521628259514,-0.9399183679314758,-0.9220138652076841,-0.8333780684739891,-0.30266772270219855,-0.2949178178377665,-0.9774389509130414,0.5153549087775966,0.5072499552283376,-0.4270517302153094,-0.027898402951569423,-0.9543064254403388,-0.5589446738973554,0.11054824420566223,0.39052288080600195,-0.005923001505361958,-0.032674106715601114,-0.4646091091101445,-0.41824851034540744,0.7653234736477326,-0.9554338336568096,0.6714025701621766,-0.05160000007613519,-0.6348381155175176,-0.7148868661238286,-0.2599284171629619,-0.5305795238844762,-0.03298942374530123,-0.20681324383008048,-0.6024038489952006,0.38569731013174113,0.5193391806587448,-0.19741265250839923,0.8532558370451919,0.594996626492297,-0.8996597274691063,0.6926208058308676,-0.6667849662024925,0.829769572709351,0.6367254690864395,0.2067035621782487,-0.755664663307275,0.06626809711648174,-0.2690025299845693,0.0014591779394990123,-0.32083588580487943,0.9023455486190239,0.3014365598753108,0.8803609240214176,-0.12920962062441155,-0.2610968020304165,0.20304608878672847,0.8561818806816162,-0.5725448939056694,-0.4722981312630883,0.35912963058595593,-0.016001890868667212,-0.6282404790256848,-0.49140588635430915,0.45719014543408854
0.1710152932608937,0.18012413133166927,0.8992963114716377,-0.5981863171058468,-0.49207812335267476,-0.22767725952059092,0.5347957102189451,0.5501757734462411,-0.18149034348665594,0.7531762408532889,-0.3858140371043257,-0.4009757554381257,-0.5794073342323105,-0.49770796132831974,0.8140265795319623,0.6939123328112378,0.9924933807295415,-0.3254240951586227,0.7317783080813329,0.8206141371993751,0.22215469762473816,-0.9782439757858532,0.1911942098356747,0.27381513198423435,-0.019325646985435485,0.7520945544403514,0.10251662715483523,0.9770976528412385,-0.36607294318069417,0.5103983198701751,-0.1916683057021955,0.07461942732077875,-0.9528121234546241,-0.017225381811709184,-0.3808126101127516,0.39344173205613586,0.4899547533702384,-0.08148294937665579,-0.7512573447330009,-0.07175354503790077,-0.0839626563666045,-0.9555870531759703,0.9919002704564475,-0.35259182979976056,-0.9250492278937315,-0.14519531572824995,-0.04735792973390329,-0.7329567938792703,-0.8464251568699548,0.7726186426301247,0.3617799325769189,0.5800217860081203,-0.907749993328981,-0.9745834333332903,-0.10801372834245337,-0.28336344674977165,-0.025212055837962266,-0.1388079828384272,-0.21061998969444629,-0.08970969395259076,0.04439118624674876,0.3815373511111797,-0.4011384065738144,0.5318950905841147,0.3863312046380283,-0.07291364762329344,0.7142228102957471,0.6693001350860999,-0.23969605942357508,-0.6632492507712953,-0.20653059026421894,0.3955171491038405,-0.23040584612064285,0.34632450711402685,-0.10708438531144848,0.8027873034512707,-0.1450216156290418,-0.6364212786472587,0.90891222663563,0.6787777432941084,0.9175368898136083,0.9697554353195434,-0.012780018194670895,0.5473655970401214,-0.036155077096301724,0.4429335987838845,0.9391341773550315,-0.4948281041231588,-0.494876569218349,-0.30276021487973304,0.6130524729264408,-0.2082239867987703,0.8866939384353199,0.2852030783634798,-0.6667309053397783,0.6597245944302712,0.49872015330263664,0.2075476637157847,0.3323211510756383,-0.75142231454177,-0.3061191490249999,-0.25379980461569285,-0.313252166353156,0.5905227780633997,0.9223078515749681,0.23278015643351746,-0.7184751711021105,0.3370190345516775,-0.7510975058343463,-0.6208638786485623,-0.7124480268596971,0.3624483428731289,-0.9784680340874856,0.4142842630481276,-0.1330756026309159,-0.060830534707294825,0.21718675224133221,0.8024591684200446,0.1123025452599784,0.16616665333016734,0.5752794106328925,-0.8924358613645051,0.2505803994697291,-0.07241215466856987,-0.2271781867600211,0.32304248144231096,-0.6862948883268718,0.8120644447996102,-0.5964978360224391,0.3521249721740807,-0.7836200108494566,0.8275567753580382,-0.5429758382305583,0.48682656837821203,-0.9319069952818702,0.37848092376719134,0.2112064279725152,0.047771259745631456,0.6933482783049241,-0.8372377112542171,0.6361438642578381,-0.6467393485336947,0.6851827338484096,-0.8662417519985548,0.5314390746033597,-0.9511828514212717,-0.012632936997405197,-0.027091991452601327,0.7499713363912135,0.08903421937344347,-0.6501951861865254,-0.5290052524987539,0.863996532101605,0.28408396170980543,-0.37986201156005217,0.9521650443107459,-0.1686982047255059,-0.7688000897432408,-0.31547368270983256,0.46848415260053344,0.16824771399127503,0.33457782508439315,-0.044591743227324177,-0.6182702257148414,0.747840498438952,-0.9805689453600497,0.03873031006979355,-0.8500510926812512,-0.8757430261898949,0.6954080930530382,-0.817849439860179,-0.4709546562903195,0.3336310817989978,-0.04292854036222149,0.44702621418802635,-0.03630330379534974,-0.2436438545363513,0.5756264195058078,0.22778338986200475,-0.222218725674296,0.9954129216266772,-0.420706773499506,-0.5967464410741437,0.03378536104304808,-0.08843518455261035,-0.5918676685867936,-0.9085903494792054,-0.12207398082728727,0.25852092842979113,-0.39673572126125767,-0.20016619525656254,0.9710679083035598,-0.8275362545251894,-0.060695075339554094,-0.08433678462167316,0.29043049167803536,-0.5069551134731864,0.15580268814346132,-0.4725051957491051,-0.45981785798446295
-0.382407291375108,-0.6705317574613947,0.5816238487102425,-0.26127845823975715,0.6325619940819067,0.13761112892474037,0.10444736501357532,-0.649215140080827,0.5071980228972306,-0.8857758102678184,0.21870097289530754,0.36881871815409006,-0.3378617143043332,0.8043569529696442,-0.856325773082941,-0.9981327212701241,0.23632290259763788,-0.0925010891689293,0.6619720512378273,-0.3187459809748816,0.8664699904179416,-0.19957833739233122,0.7403521197762792,-0.8873886315452486,-0.4275993932092901,-0.29240705544478973,0.09530465989655212,-0.9133423295617777,0.9371127799026298,0.9883508105989389,0.5749699733249309,0.03763890295212624,0.9685540133982451,-0.08232507061182104,-0.6167655695338012,-0.8005077551669668,0.988425774574619,-0.7591925205009078,-0.6076918313083177,-0.16237375030066836,-0.9296188638947538,-0.9822177211955627,-0.5998989484660628,-0.7933657859045307,-0.6121731945406499,0.5049330880047607,0.3488048260617169,-0.7239592840522682,0.5737536765477258,0.9493787073573414,-0.9561833136485702,0.6130882460902922,-0.346338102094049,0.7862039064980693,0.01761745710341356,-0.18431162547004054,0.5727073484333842,0.9051115015142768,0.6010192675664492,-0.8288779467176259,0.9179556874123367,-0.7194255162930674,0.08893618452269214,0.6222083137322052,0.6199885695999425,-0.4768694003991316,-0.12288185534506302,-0.22187841504218486,-0.9420388978319185,-0.28058139241373414,0.15864758441348958,-0.5026888077257454,0.3252263178199981,-0.8739113990853162,0.08471595045569824,0.14262412969122829,-0.03825458265356785,0.408582307980498,0.7764866931895691,-0.3114719063580158,0.05773417064657704,-0.5360919506902804,-0.34557407535363116,-0.7479254797209025,-0.46532563697470164,0.21654487173034553,-0.8345445921141745,0.8073388601062466,0.10990921261442743,-0.5305008128409159,0.08780341819444426,0.1648659694616894,-0.6408922305271814,0.03667036265154766,0.23749008428152352,0.11862030096792386,-0.2681736139597273,0.025097406936627875,0.44527351645269575,0.13767982101958753,0.7733164980077372,-0.09138584581162812,-0.5953464885777691,0.3763301610435621,0.45678582544576063,0.22604400459642005,-0.23396433093487556,0.04127879154866809,-0.9348269592129161,0.8856954502732151,-0.35527986677105594,0.37612354156582284,0.3173696248206481,-0.18387667184367884,-0.30225318457111805,-0.7630940983104204,-0.23822832324818544,0.7924834373343332,0.972287903549514,0.2799479012287216,-0.39177145770629407,-0.04802218746408693,0.9810913625031601,-0.2427777387376049,-0.46210591495954434,0.7329259801127388,0.7491239237986476,-0.9523827563975431,-0.8971376667948294,0.8552248942303948,0.29965134103309454,0.011325900026325941,0.6001867193828654,-0.7225581607007487,0.4898352593844242,-0.249702469661508,-0.3911764305283494,0.4818883985996789,-0.6860722728607178,0.6222828758404855,-0.8990065102917688,0.06894882379925704,-0.35584527882735983,0.6772646156618836,-0.3538168424980428,-0.04697150332028932,0.1056576747183966,-0.9571150288631938,0.0658043209219128,-0.30716557600992567,-0.24719910537296097,-0.6538880508196478,0.9488600410157346,-0.5113989121707783,0.8400776336234792,0.8291094234420076,-0.6395585769132912,-0.2071044747345483,0.6531207861934809,-0.12736523583358306,0.38896536016274363,-0.9279555321045379,-0.709532613066427,0.9957954735227803,0.8600034507918377,-0.8389681745329438,0.3403043221142905,0.4594407179044053,0.2324105228149005,0.7431383193043648,0.9435051098228502,-0.8116862830779843,0.9046191678512925,0.07741984290643744,0.8910975316337646,0.21808381075070127,-0.3481751097508956,-0.12552702869457488,-0.8798306318055105,-0.2474431149951557,0.14598066522849718,-0.5249991904980824,-0.6386070065932112,-0.7230249682761174,-0.611887135636072,-0.01946986178770227,0.8452276921303408,-0.20044468796219617,-0.3197808312361907,-0.488838721492878,0.9040964687328734,-0.9045729773945317,0.5024048024832948,0.9826711078334158,-0.04677900353029196,-0.7613568742613386,-0.8204581026756745,-0.6597137298794948,0.6893791367428104,-0.7165615577804236
-0.07163241253577146,-0.6442918164499358,-0.2112894171167441,0.9090240011698674,-0.02297725833407216,0.33783080692432077,0.25298077010432407,0.23673153808913017,0.7029278907579746,0.9962928376751987,0.13738407385666673,0.3204362459513985,-0.5148748573075281,0.9727708589905988,0.8143047216843751,-0.9685269205852967,0.42377003037167627,0.07809179119806142,-0.5111797702280314,-0.4187263185300618,0.1709030298171954,-0.500803458958146,-0.7212918045617926,0.5618156462522614,0.7471255873051132,-0.721829693648552,-0.6955067875760677,0.4549491195825188,0.9807270597280768,0.48485987521233564,0.955524174734349,0.9433872457809578,0.6389534208620158,0.18186561788883782,0.7369542247968992,-0.10314698104227515,-0.7368073215788711,-0.22958599890573428,-0.5926614223292506,0.003572224478115782,0.25584685242367566,-0.8317371729851262,-0.7037593941727198,0.7548013478288012,-0.9459864048764739,-0.6295423086858212,-0.5549833529819277,-0.05516137100565732,0.2647041048849914,0.654785525096008,0.357344161415335,0.7326594354224265,-0.9573078509549646,0.6105112430146782,0.9686713797753475,0.5598861379235447,-0.6090172220568999,-0.4283578832990125,-0.0834760417148821,-0.509456847751669,0.7274614162581083,-0.22087670694958206,-0.6799539888765189,0.17745846834124945,-0.5963162847248649,-0.8181303806903193,0.1820672341722538,-0.31338630620293983,0.263266075844828,0.33545335611301685,0.7981446621284849,0.8597855633753466,-0.29745070904708704,-0.837600369925966,0.5645943832637355,0.757247169861111,-0.6844657474576303,0.5457189311091373,0.36242697151498193,0.12166886888349127,-0.12121711446387362,-0.3038803931913474,0.9218914775770315,0.5463427437896333,-0.2349006614534579,0.42292754465001736,-0.5507027634722839,-0.7340125163339208,0.36385205030064083,-0.5596996031633761,0.635011209946581,0.40811037634306024,0.9223104121700474,0.15872731828916353,0.7678376173707495,-0.7907905542877032,-0.38190823899306126,-0.2169804228498411,-0.4167980862497269,-0.5451261460240842,-0.9800280972943003,-0.83285524950877,0.35189249888622287,-0.5462989327078314,0.1561841650749085,-0.3291268116160555,-0.5510962927440657,0.9460697760447925,-0.6218883441062593,-0.7327963588656572,0.32836235200752895,-0.27836784662102265,0.6471910270056254,-0.9738923144621285,-0.6511347442917523,0.055629835584477094,0.010586474960104786,0.3042567638499889,0.06655193287929273,-0.5560329908662336,-0.22500723153861601,-0.33299013077099526,0.7375925005658064,-0.8752798401285331,0.7472639806828152,0.35092488009025646,0.529517055410702,-0.2250974704958819,0.8577385978889476,0.8805879470904481,0.1506721167650109,-0.8640934280678165,0.7539900821334566,-0.5941794323323217,-0.18330383958009566,0.47484088002818714,-0.2366739417925332,0.5984544758131389,-0.23213529070046057,-0.2089690556439916,-0.7105299813715704,0.34531855449934445,-0.014094980931751433,-0.3778979558953406,-0.7225888222764991,-0.1747951733319566,-0.6402727184920582,-0.3924674414239233,-0.9226944747341579,-0.13182280153875148,0.09293931601308092,0.43380660473989985,-0.0076923348138557834,-0.03719130493912681,0.7525561055309455,0.8427750168444952,0.28089079556546404,0.0961179944527557,-0.2210535027177729,0.19039283230401138,-0.027569089717979445,-0.8893628867492425,-0.11065321850552579,0.6503395099738636,-0.40088603426866243,0.9934290070107321,-0.7955739567069504,0.8046483843793353,-0.9675537090409625,0.5141918884275412,0.227000097625903,0.7655994922554645,-0.7826899975924615,0.8426744479026216,0.21020386375612898,-0.7304302322292155,0.7548361399025183,0.5651124745524134,0.44127368179560444,0.1529506287909439,0.544791245346991,0.4854296948271144,-0.5112180416446643,0.4294155582997372,-0.7324328321237312,0.269964365985063,-0.9415965329190392,-0.17844828358032983,0.0050522986498586775,0.9245392748180834,-0.5515881789824921,-0.2831443427225626,0.6535051937677652,-0.208005913340221,-0.3656485235511866,-0.22298319112437448,0.7623711999723783,0.24256573470292375,0.8828639514602106,0.5137021195565572
0.40648049919463425,0.8626272977516873,-0.251530449944094,0.3001280274574931,0.8567048018923706,0.597827556647935,-0.20548248114494538,-0.9820051519085973,-0.9669670180641021,-0.46251272221045814,-0.13033634514788872,0.26550856130969946,-0.9595410551753818,0.4665429790659814,-0.7819821089183188,0.8812207881061038,-0.805592836456789,0.12783272144982116,0.24432911487756082,-0.9934606247174897,0.24875764256609156,0.5931316995272191,0.4920265148482337,-0.6608103156794116,-0.457081886053891,-0.1630713173242886,-0.10063864139039924,-0.16467280830460584,-0.0888566471486083,0.6006713081882724,0.695723027131891,-0.27745158115619795,-0.5107374947917493,0.5254236906529435,0.46112976726754495,0.7481133242449614,0.6725709030449554,-0.843392202716694,0.6851977035006858,0.4623098098858722,-0.5300595227014095,-0.0081963798418212,-0.629876892987234,0.5899322847031669,0.9859240842324104,-0.701660459487615,-0.34931307225185626,0.17643252158044187,0.2485880085477552,0.1622720168224907,-0.3681775090911479,0.7810894531290324,-0.016559485284285858,-0.3812816228183218,0.9830884833036608,-0.8207691822299881,0.06542310560407838,-0.15325877545373312,0.6476025190104715,-0.2426696835271771,0.8246299586305146,-0.7797535838699945,-0.20815291956678728,0.5867322713689671,-0.6305252962864871,0.12119705470861408,0.10775249468448633,0.1783267691890933,-0.483871494665421,0.06969577013102257,0.14464584713417827,0.11608946067396553,0.9145306290935606,-0.3940964623524499,0.38795724322169556,0.8269875868237548,-0.7472145344235075,0.5302461419485618,0.3835060105552317,-0.2874436954623143,0.03818080649958522,-0.7249366063427951,0.818725757332861,-0.9791792827987686,0.37107645763912145,-0.6786828508913647,-0.5705624953298745,-0.3759745777758572,0.9850882539474992,0.7449883031146232,-0.9238239129942349,0.9312098943007681,-0.3012784995286557,-0.920705079859742,0.3063974846414652,0.5508157604089328,0.15023541084032543,0.3825645126113739,0.03333585893788693,-0.9393744872528031,-0.6765922059082221,-0.17110323050773135,0.3900200806164684,-0.9092371531983714,-0.04333452070712718,-0.6535339670601601,-0.36812592690448054,-0.47705900107104826,-0.009727781163505478,-0.9990512492276913,0.17137440971584583,-0.11287984429141029,0.32218559837853267,0.497101818459575,0.30051934774188815,0.5086717819494322,-0.8585836681257597,-0.8652551435051641,-0.7644120208839738,-0.6972662666515037,-0.7577767750721178,0.8516021449516389,0.0677656182989883,0.44496372076700097,0.06958223459356927,0.04060191919437628,0.4358658287943049,-0.827226185283894,0.2911981073585159,-0.21535106864020004,0.8744304091123356,0.22278627020128594,-0.04710770743281367,0.5122808946324322,-0.7200847542254958,0.7590173667137219,0.754237993372882,0.7115742300097387,0.8398858752953358,0.06029868013528916,0.6199934776618596,-0.4253865435044595,0.9455496119205651,-0.20049634473899425,-0.8176668813750361,0.13582945957438053,0.5164804154365019,-0.36614939120574586,0.18779594789406184,-0.2639761131554397,0.48935946015044784,0.6332455883521866,0.36092427315532527,0.6465756309519004,-0.1178196105393321,-0.9790879742123368,0.23228071551582108,-0.48788253003912874,0.4021612898920688,0.3001581375966691,-0.8577901815860935,0.8647144912541225,-0.22769215706147472,-0.7567168882835877,-0.3301804087325184,-0.8560974197477749,0.32991972031687866,0.7954083370195033,0.7388939640178966,0.7625152729749494,-0.5631308991597843,0.8288814995945257,-0.5415174044500652,-0.8106117570700553,0.370086156229106,-0.7804658159659599,-0.24602297242237614,-0.053523141026861065,-0.9205411627631437,0.651636981714101,-0.7921241981597376,-0.2809414208952332,0.6702363507215916,-0.9776436241071507,-0.8832965951511027,-0.026834038974154817,-0.1363196214749829,-0.06729684859609142,-0.23853401076051428,0.3645320665344718,-0.29665295674209036,-0.15815018300234818,0.8865023596751713,0.9916499516934809,0.7721117574064371,-0.8866362178206255,0.6778954032783095,-0.4241141671937283,0.9960172009173256,-0.8970304975432626
0.10243278391055499,0.8420388213389063,0.9416554825596612,-0.42424804037484365,-0.4113249429008934,-0.7939384769920819,0.6046260317312309,0.005248798085003337,-0.6573240311012143,-0.035418483891577646,0.960691305102791,0.24412577243999078,0.5865640068032161,0.7871728172199826,0.24212902105245737,-0.8492313607015243,0.6893345031549467,0.8809408831424395,-0.13495549846388433,0.5253244382697313,0.6220161597782978,0.1946150582387809,-0.6754259069154553,-0.46037834100743336,0.49413250753858584,0.5905475937560296,-0.36879588967116805,0.2021157938487066,-0.009402598439838927,0.39840795921456906,-0.2684549745642748,-0.7829110212146062,0.9294354166756698,-0.5621636181158072,0.8301488533508168,-0.29661401240519836,0.15720425206265176,-0.6034521725238862,-0.48871497262820207,0.5749766908890992,-0.625940713594082,0.946336451279622,0.09661280413165585,-0.8231928869766478,-0.022591708424881007,-0.20539244128702605,-0.49443664575759594,0.49075458108071013,0.5320946476537642,-0.1352392351344638,0.7731942948736961,0.22644540172620609,0.5040605535504261,0.5007653922415507,0.25656677509828296,-0.6367129190274363,0.2932523906039519,-0.08763357391181059,0.03830549168634745,-0.055158017036123885,-0.3404362280842643,0.32507354871259686,-0.11497969394248608,0.6841063742708302,-0.8544204951859706,-0.8140542756952853,0.4916786741995822,-0.16345108765916105,-0.15359885247523763,0.31071933243083927,0.9105371259326198,-0.7921334025700797,0.37139231613065093,0.6331373603983572,-0.1333670296140399,0.23206803627537376,0.642129908611683,0.1802047234119466,0.8700917551900298,-0.06981067914412842,0.9011508402706443,0.5760665610230893,-0.729674051532694,-0.29088346179606583,0.3338257593870335,-0.22041018903992193,0.17461026585482875,0.06852048294986446,0.8228562697694979,-0.37490971286096886,-0.7906284090229241,-0.4295904855652828,0.18424528627329284,-0.5008160073387105,-0.595444862282674,-0.5549866646903465,0.5044606162356968,0.7362667502391327,0.23400590667267607,0.6333273628582876,-0.1367737502272115,-0.9397124501655363,-0.8659143103376283,0.8835477273415902,-0.014742149214609368,-0.2710702575262325,0.3702340087315217,0.15567293127667847,0.3733246543765305,-0.00857505711446982,0.6539640139820952,0.1507657059811347,0.8540792857008379,-0.4535029928638994,0.24545839971049443,0.9932425125885034,0.23418850291722815,-0.8429110905018087,-0.9227090496306749,0.2267247124471392,0.7150722660768201,-0.09260289642443387,-0.3821331399049075,0.8364313320556229,-0.4370050414933191,0.6588055326997859,-0.7152058196241462,-0.23913468044940078,0.6449551288613373,-0.3487975172763518,0.7853200323433251,0.9272085333171138,-0.7295620295477327,0.19587785334933328,0.6853451009735674,-0.7302287370840796,-0.0748845874414994,0.173986430467032,-0.028601673387303794,0.39152061428602614,-0.8820119749668947,0.5710154988601099,-0.6388683748363786,0.020182407360737065,-0.44196076188530875,0.6303269558076297,0.7649737548644819,-0.5576159189729937,0.31479468100533015,-0.8154770459690492,-0.19587186548092195,-0.847167008091618,0.9624385656594863,-0.48463810126896845,0.12978488537696697,0.2784912840800502,0.21982013103284248,-0.30957444544693624,-0.6741907720847848,-0.10596530572473561,0.9008577852491209,0.590434731544085,0.03453445138247124,-0.9784493691585909,-0.3718589874201852,-0.47193320306745434,-0.017233400779637753,-0.8887403352910506,0.7213633867503144,0.8527387825023349,0.6842291467750998,0.11748056902293058,-0.030676872101891517,-0.5268460690585346,0.4371867925603301,0.250442104645469,0.6214889818820255,-0.16528890054158762,-0.7415505196914491,0.6327866516309697,0.4727132232262483,0.29498698184319494,-0.5348833662298713,-0.21799291883272387,-0.4819727532875322,0.5431163695256895,-0.09508586811807707,-0.7067483402430195,0.08734412297729754,-0.67801234955655,-0.8296791773111898,0.3205022835619775,0.4931128292244338,0.11553732379850534,-0.647477896130271,0.5132892702172216,0.5556022436941215,-0.5105663370676539,-0.9607407490607667,0.13656823941963503
0.5073957077567848,-0.08853519100242968,-0.6551706437193185,0.9105571656635874,-0.4004037820320516,-0.12002626817110285,0.539784800030942,-0.49528422148538986,0.8649575240709944,0.964974381475741,0.4451854043364909,0.6893104027722072,0.9221705180328816,0.7827067208972032,-0.1690688600546817,0.01540965067920963,0.863075077690735,-0.4422224131835204,-0.6733521544963041,0.03776337342954861,-0.7299916297314484,-0.07658834032206019,-0.5641464276147847,0.5125641145601405,0.5115500608657526,-0.4079327333133902,0.7530931058355408,0.6164415757022847,-0.6633732664914547,-0.03717849349866653,0.2089557048161539,0.28230084130864674,-0.4702743561666971,-0.04361931168076438,0.3616834217079994,-0.05916118383342872,-0.46000626476753936,-0.07753523663676787,0.0022510704605076537,-0.8382571745990619,-0.94997181454941,-0.2353649537611724,0.665268600841737,0.4481846739578863,0.09204164159367823,0.655785094511669,0.8588602032015127,0.2765449489615679,-0.5712412281708981,-0.14475900106462958,-0.40446651814585577,-0.9050820712178271,0.22180063869570632,0.2665641645122889,0.0998011647430419,0.11046162041115548,0.8155230949252998,-0.3232423038640686,0.4035181145430513,-0.9281986432828824,0.29020897495337805,0.25013421384620416,-0.5674196454874953,0.07516423815024154,-0.4075705953702682,-0.2478544440204904,0.0859866814541792,0.3480572637014021,-0.5296362170045417,-0.722888546547741,0.9867018539404386,-0.8695363754416237,0.8174069744317618,-0.8257568055822422,0.9830929182924097,-0.9292085238004819,-0.6264271565820931,0.8717740748763907,0.6682244322515125,-0.7605409388924089,-0.4641647181493873,-0.5708650469348779,-0.48627682672912376,0.3965618681906593,-0.08506206633617985,0.9730803465537625,0.26397729837957584,0.5849799048946596,-0.5042865542911505,-0.2320101046158778,0.5574011734518238,-0.5369573331304802,0.028249510391407995,0.7000787449188601,-0.3176570791914384,0.16231454957032598,0.34529315745899614,-0.17970404791670513,0.26712420379961377,0.04989117524550224,-0.5810287817793534,0.3515221298137754,0.7836645266527218,0.5012339090163407,0.380612934979202,-0.7907977272979765,0.4090847183428876,-0.8017986176593221,-0.18516812012791095,0.42784950881726624,0.5537195907687591,-0.2051377196384554,-0.43771424216031285,-0.369168971979148,0.042022552203125896,0.7171487807255303,-0.5012754963614496,-0.5128909296377411,-0.24435597092969186,-0.5075449866285582,0.03132792817205732,0.7989768069773595,0.5301375264879602,0.8105059640136301,-0.6691315892194816,-0.10689881430850834,0.9879951536518461,0.8641960721997983,0.7690500264014075,0.16092432894970976,-0.05571588130084715,-0.08792059889849924,-0.5276429350200746,0.06496377012071664,-0.3754811737292021,-0.6393917861725931,0.5704701916235548,-0.3736167265789292,-0.8791491471160211,0.6615543430710698,-0.9220215732403128,-0.7200950203499639,-0.13508351833875354,-0.8214301813820857,-0.893109042642571,0.3282866516595755,0.7394476148896445,0.5686152909908211,-0.2255927671860034,-0.5111231037756463,0.4876378628473794,-0.8244206177238946,0.8709402433704301,0.6274643137931257,-0.248739867340527,-0.7387485046277469,-0.4880753348570399,0.17279825875992905,0.7170703092443573,-0.8180846015533889,-0.6485531532784754,-0.6361387739097988,0.9954163380409049,0.2701518150378983,0.35354603002174056,-0.6214417650713837,0.327212387173325,-0.47968610033784675,-0.7586532408586659,0.2811204590620209,0.15384420563369372,-0.48810228981708215,0.14824995336111169,-0.7018869423185574,-0.16938050209057676,0.46189297249094663,-0.3620178896302093,-0.7927591336055959,0.06312954919241331,0.3990302375056811,0.9140538201322062,-0.8889148110076945,-0.6458570956247742,-0.6377235256224005,-0.5749030248500515,-0.351768335240106,0.560626084299749,-0.6671979561223305,0.3343788489989252,0.4842290676269654,0.0918472411197957,0.13875023925505703,-0.17843083933233794,-0.687720890187091,0.8488613011149466,-0.6913024922943267,0.9055831896096127,0.09871521175443743,0.6254598929746895,-0.4049282112226851
-0.5371804338015902,0.4686467605808591,0.18943210653345144,0.5678425762743582,-0.9759609584195494,0.2408062297214637,-0.8920731632436005,-0.36125146641069894,-0.708426900465768,0.7622506497581294,0.03938594531637363,-0.7931886998382471,0.3953418037041345,0.10530560175579917,0.7020197415565699,-0.16303325900032006,-0.6353238570237463,-0.49879278490085244,-0.3078834669563164,0.48634475479869566,0.4757521206058255,-0.5474843318443874,-0.9984829068219343,-0.3455983933500135,0.013179586831428391,0.5051952648295344,-0.47834423742029064,-0.9833360935678663,0.2027249711839234,0.9412474003054567,-0.2709080474929484,-0.6846994594267437,-0.09952041948934998,-0.055090618402979796,0.26563246320001577,0.13217408115646778,-0.7397607277529097,-0.701975515807914,-0.6284252818400367,0.4450132202637247,-0.4336861111666257,0.5768158348219676,-0.03871582288843012,0.07874295563766798,-0.45567379270613095,-0.8515019169796487,-0.1197623433228836,-0.7193529389415463,-0.40473772223005233,-0.9493331214932117,-0.11199800082498967,0.45206228898335077,0.26052407415405865,0.40954718565923764,-0.10774293768042265,0.3075239695922143,0.2610500455692457,0.8807311506998343,-0.8009402359320346,0.03818082392010558,0.8721995609135071,-0.4001712580887191,0.5985001425243812,0.7450680978206821,-0.14694926275779618,-0.22867027542240592,0.19646893177083102,0.4915876741062011,-0.6178693869053564,0.14368193411473218,-0.9530353778042036,0.9215148998420504,-0.7084824402082022,0.8053747405826419,0.8226995594144313,-0.893101505189946,0.9833746142876447,0.34221643916833355,-0.23477060558398022,0.4012853526257003,0.7569601689122272,0.5337294440799967,-0.30580180314889427,-0.6517339768346864,0.37251608517529733,0.5230401375009419,-0.7500287066021856,-0.8815499218180218,0.9423270469497678,0.9767036405868486,0.03147118580115227,0.6484844993104657,0.6122245435244162,0.6805088563397976,0.2635252005056856,-0.5214574269014789,-0.7935052356099694,0.8047815753009309,0.43375678189955647,-0.36595990295954595,0.0461184857349608,-0.24031327575489403,0.1835438669040954,0.488787517485026,0.7505723826030875,-0.9476851116467979,-0.09031307227326679,-0.8900349518704878,0.38351420722493157,0.1558810689156247,-0.3278153422857857,0.7399073980815831,-0.7101688957075851,0.6262694012230798,-0.08860725899894728,-0.9821481196175463,-0.18108635404967255,-0.11221932131580581,-0.39141305013139127,0.001773775670722566,0.023117789300818092,0.9591740548617242,-0.977365572647118,0.2526559243665767,-0.2023555308155518,0.3793764661098118,0.9793551234198099,0.6107310631767131,-0.1383916958822915,0.9092426740013435,-0.4568434487968134,0.7401424176067715,0.8363366935313366,0.7586823241506369,0.9846822059363496,0.8544541628933924,-0.12588703510119292,0.09423167789549103,0.17271948001770898,0.9492243414828614,-0.3665988990562359,0.7929953276511597,0.7882678472208391,0.4450873946477514,-0.27234508905886745,-0.6757118483577633,-0.7105598367751504,-0.015109198864952766,0.10431884396674174,0.3144019652129011,0.008352157315298259,0.8052638509216232,0.3481480347278014,0.44754630780625004,0.7107126483911903,-0.23992109023180075,0.6146453289192328,0.34898829813595156,0.018668726635648003,-0.6843768299664896,0.626993145975894,-0.02340295824479699,0.5664355434560713,0.1884944631070904,-0.18562430039521516,0.11436506250253298,-0.07552475216562349,-0.032231210355705864,0.757352407912518,-0.18583667455582642,0.530869801021465,-0.854706458464747,-0.7526096513453162,0.8398177835341143,-0.8961019328895059,0.7678611079152156,0.34639812374178214,0.15724855791103654,-0.6972769411500879,0.32181188328065136,-0.5555988784251644,0.7905711263430131,0.539435969965856,-0.7057483566001623,-0.9409556851048986,0.474405089937471,-0.6653705148882951,-0.10414629279175425,0.61224275098187,-0.9908820124763567,0.8840759222533829,-0.8538268027829319,0.524808664580134,-0.028445807831303238,0.49504056314827993,-0.9153181472602028,0.1295762573776873,-0.01993709939313071,-0.5110631057884889,0.45264677589605684
-0.1560652943353782,-0.03437010430016452,-0.8649728354260859,-0.13780795970002324,-0.580388151949454,0.6338863728630879,0.98072086956119,0.9854109440021235,-0.5153447110554086,0.24807674984934835,0.44283419730056806,-0.6538267809007703,-0.3966079410787555,0.9105256139557139,-0.8283618346316652,-0.5365625479929987,0.08903302605214591,0.23394200137583954,-0.11516345032887809,-0.36149922283378366,-0.99827850844288,0.7794106635375719,-0.9721862591739587,0.8483157400057353,-0.6159775076412286,0.6519115027160718,0.523245215299279,0.7480204994894912,-0.9260359569650576,-0.7942360297886837,-0.14115759755758073,0.6710327689917115,-0.020391688966730825,-0.7763021834127455,-0.8485206502248335,0.9147956317070027,0.07970247680937326,0.12192068273156109,0.11285959024753844,0.41758854961423686,0.7548526747232498,-0.8951166087264448,-0.681615580002721,0.6655813331861882,-0.40667461273030536,0.01146186310188635,-0.8712631726761708,-0.24679614545414008,-0.38857811856788116,-0.6094523452349405,-0.4645511158657283,-0.2616634450994606,0.2897227763395409,-0.12740820978879164,0.9969519662997706,0.4505876488579077,0.13940781145555992,-0.39337442788752264,0.07225385435103004,0.14207550830257087,-0.7394533083320953,-0.33690860886183116,0.01385257819733865,0.6924255978177845,0.4177742678074714,0.8314838730856204,-0.02258301614657854,-0.26221930097255197,-0.39332224572082186,0.6589883633220031,0.20716676393126665,0.699164109987892,-0.07142965986967598,0.7683203339835032,-0.8956411766545491,0.9288551448420868,-0.6983312479417783,0.3061668481735256,-0.0733774400500371,0.2245356338421085,-0.0318012113136108,0.23192026660997178,-0.23421054772211347,-0.5079111982207265,-0.7602023634571322,0.8578947327516935,0.37805925416023256,0.201300892246429,-0.36165875020200833,0.7345503190724725,-0.9386035652205622,0.10453212940354195,0.8189459608619036,-0.16737783978418053,-0.8942730795101606,0.6127695287905408,-0.7803734620249976,-0.9009746729754695,0.6045140874458483,0.9935870236071855,-0.2091347416000564,-0.5661051820643188,-0.6738628255149954,-0.6946599252363941,0.9361380204988374,-0.14397815495269772,0.7694628428692414,-0.34099208950518767,0.6060493991038354,0.41913458025241823,-0.48220429845669455,-0.313449318744466,-0.6755163127851078,0.2660631807357252,0.29061820305053643,-0.7329446780931208,-0.4557203257149387,0.73158902582407,-0.3083981013337478,-0.5944307775518731,0.23970924073885325,0.255790942231342,-0.1045980061588816,0.2953751472031776,0.37699800347108026,-0.7341452738516623,-0.9325509355989434,-0.43529845940087064,0.9456324356490828,-0.7036794424657808,0.7931139858350713,-0.6641619622875323,0.9300222319842824,0.22072513388739168,0.6604362546750244,-0.6399988030319343,0.35452348847231874,0.4627170693215892,0.3489880800323075,-0.237715176735513,-0.17912331266214787,0.3335067826762377,-0.9833552631809006,-0.1650473322636543,-0.7586401126482516,0.8486949814207874,-0.19595439217425348,-0.32650082519514845,0.86940346570313,-0.20242548951730877,-0.8107161062722379,-0.3074692491388813,0.8279365454483294,-0.5243011068706496,-0.2716101948921521,0.10499237631140024,0.603041184700944,0.0876649123058153,-0.8882677603698377,0.9161473912810527,0.3471470288983656,-0.8975048599243085,-0.20022915818747022,-0.9405248261169168,-0.1532011352661644,0.36787743864033406,0.5233964247042551,-0.039894153797148,0.5945961354045455,0.2790851012610678,-0.6243999158794515,-0.127395555113047,-0.9196983495718447,0.5892402719464971,0.46678958416594285,0.713350939956656,0.07988052121410205,0.8341776583248695,0.8087480624514496,-0.14988815820045587,-0.5086995106833019,0.21781043116173726,0.7907960002716081,-0.011913783406972911,-0.7241200986722964,0.8927856960018465,-0.5123733219222395,0.17010925265902443,0.9011062102625123,-0.973158514450426,0.35855699509661476,0.45071871416719955,-0.001026337407415312,0.05463386256854941,-0.662226098351429,0.7514144638900784,0.15292772799049836,0.6217415985972357,-0.6041261751975344,-0.9867303417902857
0.3204356098141261,0.22715240546114046,-0.7797547961466968,-0.33905555171768453,-0.16201686049150443,-0.9160231794237541,-0.4603966202545702,-0.03705435716983052,-0.7964967738593576,-0.6018271844020173,-0.05648563966670306,0.3318924759610531,-0.9592103270762447,-0.5845350275883956,0.017195753007415382,0.7527735245289817,-0.03038317105040722,-0.8827188923992682,-0.6276391594127888,-0.8947766622860127,0.45410861598477514,0.8771438200414614,0.8820935437143682,-0.27036853113470394,0.30528892407215436,-0.7827926017399225,0.08713627533781154,0.8854230274110846,0.15783971565694044,0.815079286626041,-0.8860704652598053,-0.3503278504251044,-0.6255167038827547,0.2114459390333281,-0.4729805418174291,-0.5502359549540194,-0.28943880876644634,0.3277043590663231,0.7594585240291698,-0.5960240416786464,-0.6063335350501378,0.21831445650937664,0.37258276006356694,-0.5786134723703797,0.2899100897152318,-0.8324716847741456,-0.653875787896854,-0.3953247189655622,0.5906772018561519,-0.7178963075421927,0.03071328487400815,0.27244418730252473,-0.5943489783085942,0.38476322616033465,-0.5639168113485453,0.25795880068842814,-0.5222312936919604,-0.7206832471198104,-0.01734861889939876,-0.15490024188151952,0.15927496574320799,0.7816741802582001,0.6443991459811604,0.34747254398749416,-0.03293445784115767,0.3099461088127631,-0.40379404281829623,0.8007529624472145,0.737404290288141,-0.976085728331183,0.2657672721293174,0.027015821664418516,-0.7579723471599464,-0.9386679256002488,0.4840708143247383,0.818788135650883,0.4423256301324927,-0.9733270137426269,0.4562014018863285,0.11682886612443788,-0.16158646606029947,-0.23829259752498144,0.05531920947045954,-0.3209125070857075,0.9743515093229633,-0.6038739637993635,0.2758682169115303,-0.6176313798259798,-0.5151846207582063,0.35636186266320413,-0.08003973197430425,-0.40565530629300817,-0.08883036614366646,0.5620816509393718,0.3577265750400369,0.014888685343363184,0.8981022787599382,-0.9082033753513441,-0.6044196375976099,0.9666837662269101,0.735107691340269,-0.5907855571553717,-0.5748758095382829,0.4110229312617557,-0.34764900767734175,-0.15683336523235525,-0.37428094357018993,-0.5586150401334558,0.9143126267426578,0.8586918916409398,-0.8049650356420122,0.8843888757641754,0.5933146344520928,-0.20981879180203977,0.5991446076262172,0.45422194391901183,0.5444537621525269,0.11275161437141556,0.7967654442701295,-0.42471335857408277,0.7346328251642185,0.36087387680272753,-0.09801003895430638,0.9099948292221218,-0.174991088921423,0.739896761893863,-0.2976160811225075,0.6883090025354832,-0.9743475579468419,-0.4652212461513656,0.3003973532566342,0.6138996844437314,0.5687501410652209,-0.9925476883527822,-0.1190180504974443,-0.5274412753202193,0.8495390583332914,-0.1970895396314909,0.23392900241709702,-0.7388008394389367,0.7508129693610974,-0.730080192735427,0.035121894836240175,-0.9478955994538079,-0.6311294048390899,-0.39514674626254354,-0.9718217996320822,0.174902345476609,-0.02153980239786768,-0.8374032252008472,0.7908163230082894,-0.992622259573197,-0.627165398470205,-0.5258424042853935,0.26076647413563125,0.40567605591554856,0.9676534386172417,0.14952894714954934,0.5810645606417744,-0.17427546751540257,-0.16401638883574043,0.7076839929711325,0.11519891870398902,0.8379925095780576,0.2632739600514109,-0.4507462099562376,0.4806266330920148,0.21273012418169657,0.3486358515047687,0.04787058620648321,-0.8171264267170895,0.6633067792907912,-0.8718929855393178,0.7525832338478002,-0.9245845642356902,-0.6781221644177531,0.18640111602943676,0.5694518172861187,-0.4163453087481548,-0.6525866132959293,-0.6666424854497752,-0.5759639211770728,-0.41521084701384114,-0.59221315059711,-0.744410692254486,0.541219148678646,0.7566715602333973,-0.539351958555264,-0.9253999161120996,-0.8774064086896651,-0.8993743167918973,0.4639768141357241,-0.6687517371580574,-0.3383025769087482,-0.9970771045999705,-0.9422246850720468,-0.7419273168409872,-0.6024840968471663,-0.9965108248391972,-0.3237227518734189
0.007325015818603342,0.28466551277961893,-0.9472201441258747,-0.9521703158350625,-0.09398075408415729,-0.6936077915099859,-0.9602981382838232,0.38984392840007853,-0.348830545586432,-0.2143213362395726,-0.5762019442944692,0.02288417499532458,-0.13541522611593715,-0.12970170816299054,-0.6757820513425687,0.6320473199754213,0.5761728900234531,-0.4686492794485668,0.05357836901935009,-0.43701618460309666,-0.5379874781750908,0.7027602679370282,-0.9860110975716301,-0.5440554622554203,-0.295687576892127,-0.1605165879116861,0.8876086397173926,-0.1727140808665779,-0.9713588947805636,0.4714344380304021,0.9766272896422816,-0.019695663721063017,0.5288667862019794,0.8605556901176978,0.26915192881935135,-0.3493870476309129,-0.08419916545041017,-0.5116369335767779,-0.12020249807881656,-0.2285090612503704,0.9500314410092567,-0.48247189001230306,0.09665005041176222,-0.5369653411410626,0.156278313616111,-0.4514698662419614,0.7460186482646745,-0.5380050097100866,-0.0021341240044034926,0.551240375533274,0.2319148770782844,-0.3798294505087092,0.5904430197078006,-0.5035749365399713,0.6720198884202802,-0.9419601395480353,-0.5308116139575298,0.05618310810505389,-0.05665141792794093,0.12204778654437742,-0.6764865075464723,0.22457932484052612,-0.5180815054428587,0.5619407922347155,0.4412120717756496,-0.07609253967840512,0.02887062620176506,0.17235851668703006,0.7753937834664393,0.5057725934297272,0.07137360999307085,-0.43607009929576757,0.5841892739663099,0.39594968598716074,0.06611127798580152,0.5533416548032066,0.7656267509826056,-0.26635367555036304,0.3462407323977781,0.0034307540670386327,-0.6338983974050068,0.0901735987948813,-0.32873128133156126,-0.8619734324220989,0.5187381960611999,-0.9022983934800903,-0.42631531295698966,-0.818701991377321,-0.4661026755970634,0.10843163563999814,0.6973026797173294,-0.2806815995409868,-0.8140870651435763,0.8088225181086375,-0.2960919802273996,0.7128469408347697,-0.47664783089781193,0.836293913081666,0.6548601244623333,-0.6234121491037996,0.6713612397823783,0.8626558798710842,0.03544970546987525,-0.9701524341260337,0.2271083797083806,0.45525525571218206,0.4525406459986556,0.09612840088686347,0.7347868166966591,0.09503167147584768,-0.44107617192478576,0.5794994120557555,0.33495373802893447,-0.27452628884182206,-0.46986958371435095,-0.729601640496655,0.6014319668576427,-0.1763508234135669,0.08131271145052232,-0.9095931663305004,-0.14885999930208738,-0.8611432727054567,-0.3149895425464859,-0.2208821147078628,0.36947978603650267,0.9423092362888221,0.7211038045037177,-0.7143523354780199,0.3700662000051975,-0.1345367167798519,-0.6327332413740603,-0.14236357311071002,-0.27241452915147724,-0.7567028199891659,0.33102331297163623,0.3136053897538784,-0.7433843788458974,0.6222496314768966,-0.5419772664008946,0.3185158125208809,0.7015974832178855,0.9518456083502289,-0.7358060112389846,-0.43889702929401353,0.3773098073819685,-0.4069247028922305,0.8563253074154831,0.3642486659537594,-0.06563177640898732,0.7774726801111809,0.15813226399984348,-0.46917039268865546,0.7528300720423136,-0.44356680843422414,-0.8027467660638654,-0.5525806350207692,-0.5469199061178038,-0.8878855046781906,0.4127413705045979,-0.42607057177662866,-0.41865994783566873,0.4675929051774441,-0.9945895310902755,0.4468888595120337,-0.021402428935086037,-0.9905102758303239,0.48081716989620293,0.3672216557991206,-0.2287621493652252,-0.6930244917308921,0.014505571949622764,0.833642253841413,-0.8907895382735671,0.4515384581007502,0.824588081948304,0.5136441449068079,-0.7847624417265231,-0.14210054364053648,-0.40744654076285114,-0.8939979837708603,0.527837576639814,0.5530132084242665,-0.7101284720468064,-0.2862502832230236,0.5083649830272823,-0.20618984754146696,0.24267936954524205,0.254223538980459,0.019791944876395018,-0.9679291686123639,0.5470417520757964,0.07101778589206376,0.6876191939237877,-0.8025894718671622,0.050187577318104415,0.08211002701078329,0.2081916825597454,-0.22520173062999582,0.8775085483591487,-0.34206413832090266
-0.8525942608767911,-0.8637985262231183,-0.4453882277711887,0.4329656984582704,0.9278283140727441,0.19709127263978776,0.982536300320185,-0.881749429933824,0.531829262079766,-0.8353179954042953,0.5731413596311494,-0.6376035543657466,0.461793007252121,-0.05199538600586551,-0.6830076911771461,0.5467341784279451,-0.37427231932890614,-0.7114933626717916,-0.8450990087032793,-0.1762942011567783,-0.1132359725663723,0.700086163632996,-0.5762282043926144,0.785962010318737,0.16110601136932723,-0.0340003621114362,-0.1400344711628485,-0.09175828975523181,0.41629554883931874,0.169559468190714,0.36972094907055086,0.1132367461513657,-0.5516986928896352,0.1140425722648648,0.6474118477339019,0.3203444857805342,-0.30078885951491796,0.17949431723028098,-0.11069232336054813,-0.7802666143716788,0.6287439749910826,-0.8388748799258794,0.04340961009838695,0.8113128167605372,0.39060341016855693,-0.4355209363128101,0.037394849922246065,-0.7724820892488757,0.46365123158173316,-0.963835225582711,-0.1330659955886455,-0.5646941888584702,0.2590733250567898,0.6770206757753985,-0.47656878902454314,-0.110383970249333,0.41708864885214725,0.5351019170109939,-0.11432284531962456,-0.5766017412529787,0.6685757694453465,0.4933870810105718,-0.7810913140424713,-0.1661408086772549,-0.32652111417225327,0.3150473793153481,0.23097092244322548,-0.20212342875405453,-0.9052235412129308,0.3840134202212948,-0.73321479490505,0.3978423621542211,0.2598907176382619,-0.6477812387424204,0.3447556724933545,-0.6907221235419845,0.6542830871467771,-0.9422373997925606,-0.3850910867875246,0.9899577585942128,0.9758555276429084,-0.3561811043324776,0.23432201756034776,-0.6367724129404491,0.6888606887855737,-0.8217973166586581,-0.5081342619440092,0.5615377596474793,-0.4406007030076602,0.1998694378249537,0.46578297180799955,0.4510523696094484,-0.5197247463846935,0.6375208209887762,-0.4288748851364892,0.36626470214054563,-0.4608501915726122,-0.8363702027265492,-0.2970153760819154,-0.7036195495329036,0.7003084995567441,-0.48953908745128993,0.5536127886451945,0.47184687523349345,0.37032566671635014,-0.7656027190233279,-0.5617774381347529,-0.5644195595105028,0.8670981548462391,-0.30937494246778674,-0.8867949317811501,0.8511894304590653,-0.23547171135345635,0.34508512324319596,0.7997883523378426,0.17608237455707565,0.9557444458553075,-0.30270329014669417,-0.8800909490394073,-0.4976186500011819,0.551805154604843,-0.2803560705155257,-0.39320958030348097,0.9995820316822877,0.5619975594929612,0.31500447931524733,-0.7260893327290527,0.9806728294998062,-0.6245380895930861,0.15971985881587325,-0.6953242046065202,-0.5061701930676505,0.6632927337545917,0.9444204849658024,0.954231264225478,-0.11495500712535711,-0.1613830177363984,-0.10784959074279254,0.2940351177359908,0.29800070932978406,-0.4499216437277831,0.6645711731705319,-0.20783219797225372,-0.7143947000552002,-0.20867976549349354,0.22641146342193452,-0.014624329149482085,0.672524581001771,-0.9069243336535209,0.5616176258128505,-0.7366209430622854,-0.6535654934914656,-0.5466118263814759,-0.8609412016057871,-0.0809868283317734,0.30825783993441225,0.17447940955696484,0.4284782555777922,0.5411097728004413,0.525839130424943,0.4950012874569629,0.9169260513122022,-0.7895152798601275,-0.881245240032331,-0.26972818132333587,-0.4243481410410217,0.7194468173632862,-0.21314407865204,0.24248078501277148,-0.8108236616957045,0.5054868082984947,0.7005338388816975,-0.03720822676986324,0.6809558725060982,0.1260621945888052,0.07605568004244856,0.81372983777774,-0.6871523194792426,0.5503474628118941,0.2860000714575386,0.1499607305387347,-0.6074108631560864,-0.818204949030988,-0.6599036735723445,-0.8149727470070636,0.5875269414171496,0.6309679561088057,0.23620943469745104,-0.020354313810371893,-0.05556046986007446,0.04586192689236235,-0.16696578679804475,-0.6338818468895224,0.787331054396341,0.9441108763533266,0.390230146729027,-0.8190495167950909,-0.1848885083086027,-0.1544986582491472,0.08579607237787945
-0.20279155265272064,0.9754117081929503,-0.22825891322584102,0.32892588284729163,0.2944446208747433,-0.4312067663762622,-0.3519865367462498,0.14973342995565342,-0.9894751196253186,0.49509521446630633,0.8611767880840051,-0.6799729836312527,-0.2994920428426866,-0.22766354688822,0.636669289421264,0.26344668358157364,0.44350755941586995,0.6402193502995837,0.20944385484193306,0.11738402589146779,0.6068356941214466,0.05718016621727018,0.9175917798730424,-0.05980889552096991,-0.8473113952517315,0.529801980759089,0.6306450321549457,-0.5966287416942346,0.41533139960241505,-0.5331757612416093,0.5405353201764569,-0.6177628193538387,-0.7655262465411934,-0.5127393312809048,-0.764812781033344,0.3895355037059385,0.37358991699428157,-0.02189298353364233,-0.8959841514111979,0.4414600251672598,-0.4281720173355621,-0.3808576542121951,0.7675660234663546,0.05702048226122103,0.8545419306279793,0.794035133738725,0.1423406563037175,0.3113159770781244,0.6769697371056385,-0.4417744748517194,0.1572346608921611,0.21416575779853475,-0.8211261627360567,-0.5218859606986921,0.4627960802573039,-0.5486030753141169,-0.050643196882599995,0.21860782974405546,-0.19074654473391228,0.9455930816142932,-0.33020633882165673,-0.9970400905485812,0.23217879925405716,-0.20249461473396124,-0.8952945652537596,-0.1425875535998009,-0.4348350935141383,-0.9878409266841441,-0.5804512089543112,-0.9404486015146336,0.5083066570801402,-0.03763071536849916,-0.1486439728216682,0.4310163952201662,-0.8264129714520241,0.9245119990754722,-0.23358193656994208,0.4818718754278213,-0.2164112773214446,-0.9127928712332587,-0.43157908089986097,0.11590017995522328,-0.5702377505950844,0.9774999244287568,-0.4384161973253835,0.6335302525385433,0.0071607360437995204,0.322075163383974,-0.7862506591794827,-0.3855616410741918,-0.4061892883466729,0.9225897949145807,-0.5129947813664155,0.5239809681036511,0.8612288168947895,0.6776555199892602,-0.3680189618323382,0.2975987967996847,0.43752116330561064,0.5515534380242684,-0.2971843131880818,-0.7107428551853532,-0.5438639304068464,-0.5887540542285772,0.0707033092644409,-0.8818840087895865,0.6969417092700825,0.5284418925658454,-0.009395055789206186,0.23537247777927828,0.024944164810830394,-0.9103887039060075,0.7023768538301294,-0.5823004911199969,0.3871900750166537,0.8267606504699305,-0.9793717206024091,-0.5685492439921236,-0.9946632636323829,0.8863554685739401,0.26463168468267684,0.6296241546673054,-0.29624240058749773,-0.07687273946250106,-0.19422796183195934,-0.48952494554633286,0.34228155408568695,0.029293692544006378,0.012093998007773,-0.7743910422672218,0.3201044415485934,0.192270220210919,-0.0375738599945179,0.5691270864222542,0.9886049606921583,-0.54926162129096,-0.7075257033116411,-0.7864999613629897,0.20037025484045556,-0.8933110975304375,0.242364214473906,-0.7668574559860561,0.2058461415941013,0.05125671031652046,-0.7242248934953577,0.37251550528166866,0.10954614503724369,0.7607180926606179,0.14792932523017877,0.8072907024929856,0.954093389386433,0.6800520360788946,-0.44111274983240123,0.24416160870982595,0.22783396424220115,0.6741834378408598,-0.5604857553288014,-0.23006309692626115,0.9435993918339243,0.8082013933496262,0.20394575612498445,0.25761525329816104,-0.15700434693186538,-0.7740491477552645,0.22640218477489227,-0.9289727923137394,0.792074206977589,0.03965003381503318,-0.6895298224730697,0.5470809006963904,-0.7047295766551707,0.6947327287428453,0.10535990641895676,0.41431252905447025,-0.6345803403900052,-0.2519930271521569,-0.08332412962891889,-0.3482800173888727,-0.00639490810517751,-0.7281853785353176,0.3839918976595418,-0.33360615950545536,-0.7358825541369058,0.27561791713505857,-0.9437299720841161,-0.8707087047491953,0.08723236401986267,0.8281744365369277,0.6766034891497339,-0.11143755686824752,-0.9073947756111576,0.233474513909687,-0.2801018824356831,0.5413764987506877,0.582193187494388,-0.007397824433877265,-0.026203528902272843,0.45530722693634096,0.7758441189705902,0.09354004134968474
0.5630698726237247,-0.0568928253229628,-0.6206017158387171,-0.9801280571165225,0.25295862934247815,0.6343938701224174,0.00528495327989309,0.20593067253289132,-0.7378640919698392,0.8324067747504909,-0.216365788829201,-0.14968932848089667,-0.7398785707764985,-0.3307817514637239,0.016249843885954407,0.0816717147175332,-0.24810590812887034,-0.12133602335926708,0.002758457392034286,0.5456460205624971,0.5231608417805189,0.9481043255685726,-0.19858647189521683,0.7098406823560328,0.2779421809058775,-0.13692717627750017,-0.8687682514297266,0.4019189156452254,0.4942531361321496,0.83592133757516,-0.9835578798888922,-0.564640350282398,-0.846286716881145,0.4401361924621283,-0.4024228953106661,-0.8880452326330894,-0.5899704266338399,0.11668201596854977,-0.9951141612483314,-0.292916896187156,-0.5909654934686746,-0.29366642290271616,0.8343653679836835,-0.9791907556041541,-0.2792020038722163,0.06574614658944333,-0.2582819808974277,-0.6195338472353307,0.3750119737062676,-0.3583741835853609,0.7837671124151631,-0.4133383961600423,-0.632102573954765,-0.34326573613816325,-0.8624394643992834,0.830984054750384,0.8250552574282148,0.9958107729920846,-0.11702045878043155,0.04132765980984132,-0.5629147159570815,0.9177387187430606,0.5984148003348149,-0.22002796786739465,-0.803913715868243,0.043421503074035916,0.9511089801525374,-0.6261656466271686,-0.2820865589708563,0.3585570539641141,0.022990077279697374,-0.764853060759421,0.40084528005720865,0.19277176790090733,0.39247245590425406,0.5088691596878947,0.2893869402428173,-0.26775894836420333,-0.4779270935917712,0.45222208510377904,0.5209389303152039,0.18643977031327585,0.5134624345192946,-0.14488457066200144,-0.47947213411588874,0.43188843404867994,-0.34387355189426794,0.8658693370475843,-0.9573482385555632,0.4820564210812077,0.36143189184645297,0.42115333687091394,-0.8620837239268246,0.8612445032863532,0.8423734988772069,0.5901367561928503,0.4536133379706,0.12015288434185889,0.019284905190720014,0.4137040934854104,0.017892907973378502,-0.41806877798072795,0.4304015366197498,-0.44113377011508303,0.9662790493296283,0.7795062033649256,-0.27588001644151183,0.42349663839705576,0.6535889839250641,-0.3760458283249841,-0.6339813125886622,0.18177548579740255,0.26066136472615375,-0.6846356549747026,-0.688033736393564,-0.1941449976165457,0.16542359193871792,-0.7152392926175453,0.5280403302810344,-0.5557432938413076,0.4764384139500024,0.793157366977455,0.2599781230276852,-0.6790893658544286,0.9480990327778143,-0.12952722379282755,0.07717970582583256,0.10510298300267373,-0.30744066632363154,-0.8027414577694232,-0.9141442471792693,0.40689923550365403,-0.5518934974642582,0.19310794819102162,-0.8472197621721269,-0.6332688520446819,0.6356163418206326,-0.295640947688663,0.7937574604382593,-0.954454144146518,0.5274737820655049,-0.425923365379004,0.7105814231123428,0.5899219253587444,0.019522102821612153,-0.7029181081171596,0.5111187280629748,0.5903471258560353,-0.9633940729012345,0.7610876312752586,0.2289408940712736,0.008627988728491909,0.11600348896444235,0.7602325069172386,0.653438572971156,0.8019626802764341,-0.5820674807727191,0.6926811966319149,0.21112167072761667,-0.46485978114219884,0.2795294371940582,-0.20269134629539254,0.08712442754089489,-0.2901239239507718,-0.7289762648474232,0.3281019835663066,-0.6851132100685371,0.6642592456148635,0.5848491318330387,0.1738091947397884,-0.7810894658290128,0.518087739894048,0.9222139681159898,0.6607882862926799,0.6851248558345053,-0.36621641788295345,0.5791811581187631,0.6369200551619463,0.8941792040362488,0.6055844473626939,-0.18550378677135138,0.6809013504036507,-0.0701699856413811,-0.6767396040527462,-0.9708930779808285,-0.8768634759294565,-0.12924518134784502,-0.028170174087684074,0.11446074875398127,0.5692045167625801,0.19989272627227272,-0.593081765261003,-0.6124311180582236,-0.5597975865223725,0.6351300783160032,-0.8076066025333362,0.7886929609197704,-0.6335865188877456,0.8344275725385124,0.9537984907759818
-0.06373735840713524,0.43518079135299836,0.5849556311750206,-0.8139528911870861,0.06307810993250706,-0.4499565728565358,-0.011023468763731392,0.15965083020616655,-0.9662666863595479,-0.699721998357034,-0.7984053858714788,0.6986630601310142,-0.42114433571413246,0.1384180936609125,-0.8779245041297583,0.9257661725275883,-0.3158400236853929,-0.356994615064119,0.03180736984188415,0.021018194444941907,-0.3519331236619363,-0.07297624350994236,0.9524658934680443,0.9700541825859521,-0.9555516961333894,-0.6869483759227186,0.6202933643935229,0.9130614732438183,-0.0945383495140133,0.6567098087945502,0.8619366978064085,-0.3076571479218926,-0.9156812450677254,0.5634011829712731,0.2802179788468191,-0.5980096059097861,0.36187905449804014,0.5555821775367153,-0.9996571868304895,0.9452050491560289,-0.16492913249374097,0.9447351663623766,0.6743211446052157,0.36990124672880165,0.0862028112153872,-0.2777155985786246,-0.8784174349892462,0.4207426967672747,0.8695832048554315,0.24875664552799948,0.44082156164639663,-0.6040227487759273,-0.8618733790459343,0.07231498331591779,-0.29385031006083673,0.8417451429296916,-0.8581027981469034,-0.7387588663394278,0.7667445048014487,0.9937198453064129,0.49118825896976737,0.6266986240895576,-0.4222242623462953,-0.35481278210627365,0.07530985613507313,-0.7891276543753438,0.6170140917011164,0.3348847807290338,-0.6531956200797222,0.6193908924870639,0.7480170416133487,-0.9557753981576327,0.6039138494642995,0.8683504306434162,-0.8658640928124242,-0.6588120507534931,-0.36699809342867185,-0.9405309099019952,0.19935385600724076,-0.8419388616434407,-0.03529836830580657,0.8491989152164126,0.42444883946016443,0.12819174399528288,-0.9582512103489558,0.9281479164809248,-0.06784171402729378,0.4019967620330571,-0.9771249762021756,0.9852776587066983,-0.6331055143413948,-0.3550985632208925,0.6776593911207476,-0.9116284388903086,0.8743879713360161,0.6280201001981076,-0.3338950781331884,-0.8446492483487369,0.37135070982385376,0.6062264970900479,0.2899580984328498,-0.9254994991728249,0.2002456326576454,-0.6442728459951801,0.6942300433356665,0.5713470551414517,-0.557896026838268,0.7618211957379195,0.4013375685840963,0.282516170747956,-0.030391350121402372,-0.07186323445171006,0.4530655108776176,0.259937435672144,-0.16109524021791222,-0.89764632690929,-0.2823675946439863,0.23339945644379956,0.7917399305284891,-0.7440106053266715,-0.5886198196167818,0.6930687992126467,0.5884373763142996,0.7283548646783116,-0.5073245768506545,-0.8588035891817702,-0.809054327612797,0.46310968467511304,-0.34941809486439324,0.007058916429086404,-0.6823730746026648,0.8310401561299123,-0.8288608116596528,0.41264230903664,0.07179621530984037,0.5812157542780907,-0.780142539265213,0.9060777747024646,0.36692378358747724,0.3689632155703815,-0.4627522476936172,-0.8589595199259061,0.21659012053078652,-0.17723616834921363,-0.5696687923601171,-0.9709507935692867,-0.4767930354238834,0.6508054068865567,0.33833310427647767,0.21133603863284156,0.04175866131806294,-0.5505165588580847,-0.3645154429412869,-0.9112443804677379,0.74635879902368,0.949661939848679,0.2508654066238998,0.27223723070805783,-0.5158938979628127,-0.5123377451614399,0.2113561736634808,0.7556480335569498,0.7140889251614613,-0.7975482838798287,0.4807941225189769,-0.2952093440680321,-0.36997017872837,-0.4379165780855543,0.0799629393786172,-0.17954866387557633,-0.8904290113137903,0.3430042015942243,0.5975765754450046,0.4748874568024477,-0.010668179193594085,-0.3312864825060742,0.8753399943393112,0.6380222200594332,-0.8810980700072899,-0.6860116965501923,-0.8785201781862939,0.7214431299984712,0.19015550896560574,-0.6197864467444074,0.9898432890437407,0.424516994052772,0.5766159139550733,-0.9569616593653716,-0.8995943395602513,-0.16497357531753898,0.09383829214719297,0.5960589966549277,-0.9733053248938877,-0.5706763150437022,0.6199385520325893,0.0204298687363198,-0.32641919270849185,-0.6765462673352727,-0.7770971327038982,-0.49946839253691433
-0.0632013601887551,-0.36641043688253605,0.6377342409930591,0.8587001758629853,0.7316235624218921,0.6802821285554577,0.8141716155920538,-0.7103770021019529,-0.2469124781218186,0.9528401796871273,-0.5803743965928929,-0.6890449805117291,-0.7622026871969201,-0.17426244656553957,-0.9850974565095587,-0.3609014333138023,0.5132890350081667,0.343937577727496,-0.2558758587671677,0.7122716355186538,-0.8683550917767238,-0.9061887282157794,0.12768235438846132,0.258950286906245,0.24172406482950404,0.6417863692715402,0.21792114223752512,-0.639872285978639,0.5772581050620234,0.9880382479338197,-0.41849828298543,0.22556308654255464,0.5272962077176675,-0.9669088054457802,-0.95917538972575,-0.4167777249549458,-0.2442790392852019,-0.85548988944341,-0.28136832519600885,-0.7266356276720325,0.7935065963270227,-0.6935731030039158,0.7054911868281737,-0.20117338642956928,0.8472461119744508,0.16834038319291555,-0.2865264451688405,-0.030026534866332666,0.6351904357566309,0.5704980920904454,-0.39102528818484883,0.3258051956891852,0.459146157134501,-0.49823341782761554,-0.47158013515886177,0.14889758898455385,-0.13046037670689636,-0.3978297454291819,0.727924205315936,0.052244793517233656,0.662688555516225,0.21785678188182245,-0.3985493770828099,0.31075234137232033,0.00357896868856189,-0.225797507177806,-0.14491046364341487,-0.8523887108591193,0.7458233484590313,-0.7839881946705294,0.05616552931769658,0.7045542961963784,0.7456387438996015,0.6893888117872122,-0.12337575451405058,0.2257496084711732,0.5232154511558054,0.21441590502490615,-0.9746332911641018,-0.16890716416578888,0.10080730973843322,-0.6942235250286979,-0.935419098831942,-0.6207487864066772,-0.2529233638995483,-0.13609729855686248,-0.07069521454168948,0.7206542164063992,-0.3660437586065408,-0.7696280481802888,0.7594689937068111,-0.6092112307631012,0.2388128012445685,0.8484603786071119,0.25166789079626284,0.46843497872732853,-0.3975843195630513,0.5616173499130996,0.8061543546380576,-0.942374461135447,-0.1310728045807208,-0.35367784937381064,-0.08702170062196068,0.9919998183175573,0.024221592805008685,-0.8051134974143577,-0.3667084754550167,-0.2571593430117043,-0.5177045967766023,0.07069296516302126,-0.06738997264016988,0.8883421922114325,0.8849386417120053,0.3615558280888831,0.3337296414008015,0.724895556381562,-0.7332904440296024,0.8554805326114125,0.00025483997239894585,-0.005582902674751811,-0.40845827542188906,-0.6826660914097749,-0.6770597100070339,0.5620095907447453,0.9788816123287176,0.5608231942210229,0.48666237612814833,0.5961818607682201,-0.9756644217511188,-0.7876702353063632,-0.35590208788771927,0.8642995542581096,-0.6462493204436766,-0.7378983980163438,0.24665182991567747,0.517144058468332,-0.7325192594876695,0.8105168496644728,-0.47182016443461294,-0.7988403515892406,0.17659852224864148,0.43707978088663824,-0.34394329459052564,0.02207373517261102,-0.6155898121755952,0.7547402006902117,-0.8584560053115713,0.02122068857843229,-0.17903670026301244,-0.9767536430561587,-0.9490510487002533,0.43136951819611435,-0.7798221759624551,-0.4613114059364667,-0.8984052888428689,-0.5834303018687772,0.8465894495344484,0.960516990679015,-0.5057571147503188,-0.6097381131935977,-0.23732297510839828,-0.9287474765274542,0.6057777606804446,0.39527905692536436,-0.7034876237630177,0.5205568083038059,0.35935374275863974,-0.5970382826218275,-0.8578266298589865,0.6750194232513793,0.5239403950816641,-0.17438370749916232,0.7242145980582562,-0.17492399091049005,-0.6497855047393393,-0.5240042730743864,0.6945641253507233,-0.28220962685401774,-0.7347692488869058,-0.53143891771205,-0.947698089659295,-0.8068880631379471,-0.24679075386294258,-0.844786621572523,-0.8867419482928665,-0.9311781826946199,0.5803062121782945,-0.5696202736539671,-0.12430694980877299,0.16142955067107323,0.5211752097979832,-0.6847118378004258,-0.5776377964808832,0.8506665867957692,-0.9847024272078491,-0.29127449847971776,0.5120967253011162,-0.2845178340005452,-0.8545063684486383,0.6774990373501097
0.3243861407345412,0.24371669471446578,-0.5501076132310694,0.8744686567278843,-0.6252104996289505,0.644149371659404,-0.855497319964138,0.6185901544606065,0.7853344390833088,-0.6741651519105327,0.7518929038689741,-0.9863089828406937,0.9391437332051955,0.617343841791123,0.1271631419573378,-0.8310423423594622,-0.060323943232368116,-0.9425246405583207,0.15076040988237738,0.375771426052256,-0.6261607283754602,-0.025042661084929918,0.29274694563986303,0.5764059441633202,-0.0868966044377728,-0.3279033093991983,-0.007327995914936158,-0.34094375439647817,0.2672701114563114,-0.1247503039730089,-0.20649961476251888,-0.7542338795277534,-0.8395983917826353,-0.09903784857299103,0.42884228730482743,0.4826336247155487,0.9871072132486578,-0.48357353641692935,-0.7832769551047971,0.676303019785832,-0.2800898931960045,-0.4280665186891477,0.8950167430740512,0.6886467307374788,0.7619596195409983,0.7847490443914429,-0.3281995952940133,0.9369568358538152,0.20001810085649452,-0.6326120750159974,0.8795277555723049,-0.850646090274132,-0.7090849291482539,0.07738913280419246,0.896260084456914,0.011479034475057048,-0.9717437955212842,-0.8103599256195242,-0.6381376144895476,0.372896393627955,-0.2964769228992121,-0.45449218649393863,-0.45064918224716766,-0.1051209728656124,-0.6215808045158353,-0.6679604293327126,-0.47277916915857077,0.6045381642460199,-0.7837988779254419,0.4396206879105602,-0.39079579933536457,0.25439719748705825,0.14189304536286462,-0.6047355665621257,-0.9169791748420004,-0.13724479194624828,0.4496909435335914,-0.7137961760410727,-0.3778241119476946,0.944313641316683,-0.47540878719349444,-0.136397030184513,-0.35806321680811615,0.5885674537875674,-0.8655784482719027,-0.6443906042726701,-0.8876950109327424,0.05628753920888774,-0.647021644975267,-0.36180455834883674,-0.6938188261285674,0.1736216434130735,-0.09822021148346671,0.1458571789003762,-0.7372133373411709,0.5416338626160628,-0.6098342917935025,-0.9349166020348703,0.30926923392456973,0.8594399099573331,0.1981112710950652,-0.7575247128389659,-0.5634262736626809,0.36562816212522775,0.7283220710994862,0.8372578892219562,-0.8337985921031963,0.6155904409958188,0.6773461870184694,-0.6877861255395328,0.43965347037509606,0.9798424159459276,-0.8023185975682394,0.10601053021057405,0.557577493060716,-0.3057110950641708,-0.8312353627819593,0.8198681016764349,0.08264405654661822,0.7403545748285738,0.3859816386696515,0.8594931689088756,-0.68528514744993,-0.7597899800486079,-0.3432900681007893,-0.5683019462659356,-0.8249237843514567,0.3970018588974502,-0.566037622521492,0.24621228102707637,-0.2986770944162018,-0.9475033700492437,-0.41730833171520687,0.7763032321453103,0.2460439569126378,0.7083861398290552,0.4586336158905744,0.7244651695406625,-0.8130938370866985,0.6533816238465084,-0.26110785739792286,-0.5422373421606943,-0.19617460451786028,0.2769577022577163,-0.12062068349368027,0.3054945210624227,0.04105391866679575,0.9116676260503569,-0.7877846127563213,-0.07080465272748859,-0.7680655944524573,0.4496094964969459,0.7489894295771291,-0.3713969270164701,0.18494357882555357,-0.13583884700171,-0.6754410145254708,0.8489805982771397,-0.49369870639966607,0.7227234952299753,-0.2195352979012506,-0.3656080495677294,0.18147601415316283,-0.1943891336653214,-0.025093545163728415,0.8576359400959488,0.5362498812698753,0.37237977295926106,0.6269718680475094,-0.2024034733720137,0.20048681123039858,-0.09895360914116913,0.42318925683689756,-0.6785085401308524,0.22409029379476353,0.6586600787007904,-0.8938460167572526,0.23989738301345342,-0.7608244956682955,-0.7570039176717553,-0.7240340931433078,-0.8359512819604675,0.8004161284283147,0.8912263378718237,-0.020186662173766967,-0.39994160800519096,-0.4205900622702685,0.7903654351297551,0.08829457545041053,0.3161356299068052,0.6026795427422056,-0.5396558720460509,-0.40149944260070547,-0.901413777863469,-0.7286427599486986,0.4510596198876533,-0.07412454890888909,-0.9925139229237543,-0.9070134535494712,0.8338984734113097
0.13020328953444849,-0.033934402942370046,0.8982843914058072,0.2568870198706852,-0.1675216752453137,-0.545023441822335,-0.7507411476531367,-0.7406255814601956,-0.3689493907324686,0.8906225422828076,0.8377158202497426,0.6612139479183221,-0.09707372667339187,-0.7762512328949132,-0.2088513723527745,0.8338365330661777,-0.13145712777742347,0.737393598964988,0.896954182627669,-0.8673998015210034,-0.19518513404228055,0.9821854655259203,-0.8983979015779711,-0.46703173893461947,-0.32343487629450407,0.0988545116724755,0.35955811768146706,0.4941408449744511,0.04712554128423507,0.30656613837135094,0.5726323817903309,0.6023547695882956,-0.4684308370090928,-0.7276563750673171,-0.3175207367801989,0.8028483133400437,0.46643584395371485,0.4933628962499641,0.022276824772876846,-0.4171652517889213,-0.29192675319096173,0.004147804124161603,0.11801893992605339,0.9787535182776737,-0.41417002206780973,-0.7869417790749931,-0.16624995574508694,0.7689685251937848,-0.013071449223739373,-0.16893983749166064,0.8958481097713284,-0.11076764850755105,0.9439448749634123,0.8965502248493411,-0.3138633315436359,-0.6560984802840477,0.6759261082093582,-0.8163473204492273,-0.0676549549434513,0.07815390813981038,-0.5743743939739658,-0.634890897741585,-0.8427114464147225,-0.2402922667227867,0.07775516737226718,-0.7814703799367659,-0.17529173914471774,-0.2595701512115465,0.6949016301657971,-0.21827380039401678,-0.40356228760148816,0.9282407009702252,0.05456535034662768,-0.31821610902668374,0.4933055741814256,0.17970178263768077,0.8372758699183536,-0.8732314854667458,-0.42213147331370604,0.3055168087908815,-0.24687152348664365,0.9713693534898737,0.4979218674098227,0.10915573214870555,-0.1313932699401541,0.3975296651759421,-0.39453272258373584,0.6335929677472041,-0.6344430862962822,-0.28087042843871135,-0.6303783427102672,0.7495564448823198,0.27731061688848446,-0.9768557412764753,-0.9671053985967861,-0.7285633482153264,-0.8358216763080464,-0.58058365591854,-0.636018209515514,0.8416471922805591,0.7063856300102112,-0.34501194157949744,0.889180598734203,-0.1940286887077336,0.013499158380803511,-0.8029359569376286,0.2541501858384614,-0.9791618479916366,0.09721586515377689,0.930625303739459,0.4545829221825901,-0.06551931412983714,-0.6900867013204766,-0.7726724692141529,0.26419537936449067,-0.3768138517787438,-0.7663940369816198,-0.6591854234250223,0.5357841808989081,-0.24901822300263077,-0.7489489842622719,-0.25164952196533164,0.26125254022433886,-0.5177771761668069,0.41822153604134105,0.9531634305876668,-0.9509417799115341,-0.8096699846840276,0.7306121981905931,0.35161241311470914,0.5776577029103083,-0.13053622016754862,0.21947773315604024,0.8685362064162105,0.22719275496291957,0.3354503929348167,-0.0608142349425993,-0.4326724263894599,0.620371919557293,0.07923604562579722,-0.6624383350481329,0.4366713493195007,-0.5379895771295473,0.6798686736630544,-0.6800142639893407,-0.3619304766633926,0.03317395791391764,-0.492353876209221,-0.25267671648448187,-0.13365302628907516,0.6035190158860619,-0.5709587041976834,0.3320244201296352,0.03214221161629527,-0.2174384584674809,-0.09922793077813075,0.16642534689342225,-0.8584565610721917,0.4951573605777302,0.22162245992152618,0.6997662503106703,-0.36638648320896006,-0.3533520186598289,-0.7961476863397752,0.5835248173539178,-0.14306265484259328,0.3961662657762639,0.5882772009214197,-0.3783104498316183,0.29211278741566415,0.8225459421381514,-0.767112614897953,0.2674394101912878,-0.419412982692146,-0.4624912024674066,-0.7257800799545324,0.9223614865016991,-0.4804394037516537,-0.2514387739020234,0.8942377953580642,0.16231686188546157,-0.5996161662899948,0.5841861635343328,-0.32236129825022286,-0.8151232533485819,0.8511383448950651,0.09396467779288908,0.42563200533604983,-0.6154793574245385,0.647963536939993,0.7485259066688119,0.18058962547377821,0.5887354056580856,-0.9560411941518123,0.4706904569592276,-0.45974202839802203,-0.09555416606932021,0.945148052985362,-0.062271660349753954,0.8774436928752174
-0.6917706353795008,-0.9514304455983462,0.7444875261017327,-0.004966274254142533,-0.08592969558976438,0.9368588190309921,-0.4060112237866298,0.982014403110097,0.8966247120343698,0.36727555520707345,0.5879500415458303,0.8460358866537407,-0.8949233810943062,-0.00554822979095948,0.08369688838929301,0.9090350937008531,-0.5281117196076639,-0.7801691813922891,0.9543379094378008,0.0499999722404707,-0.0999597050578318,-0.31287857668324137,-0.4587937461442946,-0.27300750968866083,0.8234903382421441,-0.21892581444345938,0.7985016132128457,0.29731549374088306,0.3853591229215154,0.9356343760084316,-0.7782361546882253,0.03463047817931164,0.05046749366605696,0.5471532298132991,0.6634529330532668,0.20853150376677743,-0.49601229085903986,0.12394151001740683,0.2981495159660632,-0.732776953521324,0.4638212016464349,0.8308845025558498,0.3012189885550023,-0.7749986505164597,0.6125558718111066,-0.2706454310336215,0.7736731366986767,0.5732246998344699,-0.5078303934893038,-0.5054476475411052,-0.7854234166357079,0.8382614961987969,-0.053972870583948396,0.13864518210714505,0.07034613568161441,-0.7049838388292675,0.9531861457247088,0.8154744743265143,0.8151155120883551,-0.7974711586990366,-0.06563775202638622,0.7740580197487448,0.24331075911812672,-0.8963177697294389,0.5974087317240426,0.8743988905696021,0.8157582461327197,-0.06505554822894588,0.37091717308066974,0.19885114779752078,-0.5275740119939836,-0.5453699886317178,0.5338899752217163,0.22067318145661918,0.6127072690198649,0.38264559815140853,0.4691998264074142,0.83854557667393,0.7849634775470278,0.28090600522310005,0.8048728098217277,-0.5668803988698505,-0.4983973737099263,-0.6323118423161187,-0.2379353536211155,0.3981767680037933,-0.8888486870402603,-0.37590228441257145,-0.3187657120800469,-0.8507263572654291,-0.919450241590207,0.1654272402278809,-0.2088841278225284,-0.7514001252246043,0.9284355091904535,0.07410584067668058,0.6748226865029694,-0.4504592566000136,-0.40976198316174006,-0.011423164386461293,0.6207315632443406,0.014639943423155222,0.3146043158687415,0.6214909663303658,-0.9459446305367334,-0.5061618487563928,0.8057609689106957,-0.15939976203579564,-0.96922509754042,-0.024382046144419744,-0.07966208897316118,-0.49150024265944836,0.26875908463324505,0.8370242189048673,0.5777083310002469,-0.12589030688880642,-0.2990292346725245,-0.23600248590447048,-0.4834457958237208,0.51266550413177,0.38175375986068416,-0.3738496185187281,-0.32038955438160044,0.15315664158503317,-0.5062786302957418,0.06483064427175278,0.007695963696450869,0.1355958479522239,-0.3833655952432946,0.09307195336118657,-0.9899745415830989,-0.6457801021456555,-0.9704141666689352,0.2248545057067728,-0.15614845939797628,-0.21973403747250808,-0.5972811122408772,0.41610551963542264,-0.00463667662801126,0.33043358286944646,0.37580025030835995,0.2325572719877056,0.13108771173535683,-0.7338493811123974,0.3420167063174089,-0.05284936332444201,-0.7446642395184273,-0.5677455778160316,-0.39892701891410054,0.31804943266725094,0.7882431722190546,-0.6943151273470058,0.3824290520034366,-0.42491291729388125,0.8420571720340377,0.27359297676855077,-0.05875624681360603,-0.5176758250404336,-0.31873511989506764,-0.21510288316836856,0.2264551640971706,-0.16637369226420984,-0.25114233080212345,-0.28740434008678784,0.8794265031383475,-0.8703275414888989,0.2856817634225248,-0.7925664158343961,0.24318749104272452,-0.2404136128599168,0.5642907561266226,-0.5386787766944203,-0.7449065374684547,-0.21727103893846622,0.8699164065206675,-0.8236419651463147,0.9185068192738217,0.24517253789167626,-0.43787173146772007,-0.7918323906225779,-0.7591143927195869,-0.6966937665245712,0.5593417607064048,-0.32373039249421365,-0.6510866314124271,-0.35004503308365154,-0.39017473879035447,-0.763503330037433,-0.3013660194948786,-0.5823573294342879,-0.38469403337001595,0.26781575459027085,0.2738940175916462,0.7113214467001228,0.21071978678840897,-0.784438734860299,0.04874208577908523,0.053094839019100615,-0.2981377799548621,-0.6561549747717732
0.5479274599483437,-0.9953969924085015,0.2540202678076475,0.42803502455145925,0.22046537398698418,0.2505415061465315,-0.21035677115319307,-0.8897425874262705,-0.028865850750902755,0.14544072366075333,-0.48395075534767384,0.5350283199607642,-0.5708124587138703,0.5370994652730505,-0.986872339229723,-0.8039904998987655,-0.02576562087033607,-0.6382577428249878,-0.5902236268482421,0.021772699562224718,-0.9366198859218495,-0.29712675403991584,-0.7737302148384706,-0.40010907412331664,0.5498593215711238,-0.32101789145791115,-0.09845728291421474,-0.16238367994937541,0.9399235778585766,-0.7751407621504287,-0.5127802463414524,-0.8787867257391295,-0.6735647878188626,-0.9939924761792254,-0.026414927507112385,0.35788654029603406,0.11833843712337155,-0.36164272408521136,0.37594452313618065,0.2566469447982589,-0.35570870700589485,0.39259577256858114,-0.5819245734944285,-0.870972377916337,-0.48018259355060766,-0.18377725052064497,-0.4995591788077234,0.3996530622879142,0.7236828300048961,-0.42278906693405216,0.9687752023447063,-0.5118333481469757,0.09752237947227571,0.73606226272418,-0.8598699999314596,0.1676754560232585,0.057525611923290976,0.435643135413448,0.6803816888362999,-0.16125722386239127,-0.8994252252978336,0.8877611519725004,0.3958100060020504,0.9635622088928626,-0.4712761038542066,-0.25776445898480094,0.6146500542929498,0.8644111913375434,0.7773091823155609,-0.927152886299091,-0.30114615763957975,-0.6277153904288135,0.13073418101135248,-0.5878963740595042,-0.09561598336581367,0.13046917489305598,0.015491845763632384,-0.5464697596356765,0.6384021956224912,-0.18212594857454678,-0.7625797626585153,0.9745528420360163,0.19557064591167506,0.15990505241095176,0.9512472144863495,0.4695123122037872,0.3937926374453449,-0.8690275153644746,-0.06441594996401512,-0.3334723665156425,0.11150744514497202,-0.813070099246691,-0.41050277922763256,-0.7413736186963014,0.4316007531608914,-0.5608389177311517,0.6276078209259681,0.8143939697081704,0.3321396425159575,-0.36968564382919156,-0.9022458472737422,-0.565678184161303,0.2676183431034429,-0.6640050962427149,0.7652982593892919,0.8545481689081773,0.6696525337759849,0.5669455751147328,-0.38674910486161496,-0.2071601755960324,0.8320255507070631,0.8883406810108232,-0.03994567736247934,0.13539003033345787,0.9057857020767182,-0.8287947393826689,-0.29975358613827985,0.4734164338008271,-0.540136538936151,-0.891498383750984,0.40549046324874594,0.4209427208804717,0.47294081123534504,-0.09644025731514305,0.693630957595273,-0.08570566971363358,0.6693333766186107,0.9667368044341746,0.8170609178568953,0.11765920362234072,0.012433419139605384,0.7572688205519458,-0.7997549256987873,0.024035453591048084,-0.16400635248533235,0.7876790534152893,0.23446222617498425,0.565207767841978,0.23171832808837456,0.7881207945289173,-0.12925916021918993,-0.5596567009231714,-0.3981198260451648,0.4981298578139721,0.18970123807107298,0.3269334782553974,0.6201864256222922,-0.6296496386852075,-0.737607314417378,-0.5881254092690675,-0.3671268945418291,-0.757329030904148,-0.39534621625583966,0.9233496474213261,-0.8075848502129261,0.6620452526015617,-0.48126651448174185,-0.16520564960103767,0.26467628909699004,-0.5152032988700781,0.06777418923107881,0.8674323081395936,0.9204299239434874,0.4530146415748961,-0.5457161777640884,-0.8531725971154438,0.04719256506124814,-0.6021895455503923,0.9036398777360468,0.9752087040094459,0.14962575041743498,-0.5696200014282442,-0.35293427563771385,0.3472890807978619,0.5342945029489272,0.4886230122861257,0.214457365823308,-0.024703461709702168,0.6077558712917874,-0.9111995114465998,-0.44241678566549814,-0.07034661772935724,-0.6271146117786246,0.8362131648640905,0.8365884174777132,0.6753972426341275,0.7815697929941186,0.9638998822152591,0.7483189702989761,-0.5000321023196825,-0.9864622363877344,0.5713247191771771,0.6342022280494877,-0.17645376511842215,0.6781550205032536,0.47802974682022437,-0.949163388791548,0.9706451686256805,0.3979906211518751,0.5071946229378133
0.3149093300137269,-0.7412104589435953,-0.7788938056186956,0.8180777811378783,-0.9594326848277857,0.22619369681161516,-0.44686555497910296,0.6855114387707442,0.007557654202852593,-0.8401661201147965,-0.39191626538712665,0.025132032440399632,-0.8601381390017633,0.8062388237784552,0.6200903819826409,-0.660784259437331,-0.2484814502799051,0.625177576548944,-0.49246266585737986,-0.4253232171576615,0.056274985011539824,0.5014254155885816,-0.8616618563487723,0.8082204821211509,0.5600610735951261,0.4630306108540829,0.953967789847187,-0.8418731936820911,0.6436116095478464,-0.9633886425905722,0.22500619840525293,0.8860436900627722,0.483920541656393,0.8191643704491531,-0.22832233418708237,0.6526933772367156,-0.8520343803248169,-0.5426813028350752,-0.5557567465762501,-0.3235678639573534,0.666712122915865,0.2021944853992319,0.6869554086594798,-0.48161662243517855,-0.5353295116943857,-0.7316283003296906,0.47057925935546274,0.292377414624726,0.5579219483775757,-0.5843461101199618,0.40821387782143614,0.6997534245470398,-0.5155936140220472,0.7823078738316156,-0.04341221115060545,0.9244964892741505,0.5452760284449711,-0.14163575818655705,0.4607009331900076,0.6741192258097484,-0.7916891888452522,0.18844399992850058,0.4903757755971001,0.14351394913405913,-0.15878003362056425,0.7838404620053032,-0.6672197663213029,0.3479636891880393,0.8160711076397509,-0.11564661775253615,0.49336096539790697,-0.6016070543905494,0.08833438866421095,0.40301107071664277,0.3507843502158383,0.7550641448817723,-0.5324858815073747,-0.4263569038357653,0.5018611088744336,-0.9192493705094025,0.7699811561139067,-0.6697069009457293,0.910949742124129,0.6465260979939402,0.3233896387707953,-0.9815882827118518,0.4188797961050825,0.8041987996236468,0.48602648013668626,0.2575507157240773,0.3416557219887111,0.3385530400940129,-0.09331742789634245,-0.2683578141622578,-0.8708094732167693,-0.70804562443299,0.48697236924239995,0.8301274583811515,-0.373188663193873,-0.5607943660461558,0.1562225537440698,0.9724680204954672,-0.5936487669326524,-0.23312524967664183,0.471658041060814,-0.12918448012046602,-0.482987193636776,-0.47915094216753595,-0.607673540645663,-0.9375994641728089,0.47297426791860286,-0.2638024595840036,-0.9976878282615238,0.855832331780634,-0.6351807228628423,0.8982973845671112,-0.5239465229631437,0.16855699068560148,-0.7237309372315137,0.34655704360033246,-0.5521860304157364,-0.38129575250504977,-0.2276385386015103,0.9272718474350947,-0.2609921934649775,-0.15071858167078922,-0.9532944620627106,0.5872959769180184,0.7307106800380132,-0.9110616091063057,-0.14720817549725695,-0.37431206480579426,-0.8938567350510442,0.49886562357704434,0.5466376932251611,-0.4584882256552367,0.8467855958840562,0.9255553991583518,0.6766305408391027,-0.3972109062776428,-0.1839377902352204,-0.26238939066810385,-0.3371482720512602,-0.811959244528633,0.3261568036322089,-0.6955879376169269,-0.5363113584742683,-0.8993761239551583,0.9701063206361147,0.051480300775064824,-0.5946809062366984,0.5811768215568005,0.15623781064410203,0.3162100631987197,0.8237061729483606,-0.4663424371771112,-0.4065693716453813,-0.34409599371339494,0.9907203596191905,-0.9174076396925637,-0.3798088455015427,0.2899519773500878,-0.6571176675291952,0.23590352651707014,0.030136304223608246,0.7437804720527195,-0.9594894171322024,0.4236998481731231,0.9360153910594233,0.3685942780050897,-0.4640052314084311,0.9828256376439928,-0.9797023227094293,-0.9926562028517882,0.9841967423107241,-0.13320410951298722,0.983526124108903,0.15411798555514755,-0.03269008585693256,0.19436426535838924,-0.5515778222890628,0.9174499172456543,-0.13551892591997539,-0.4851381793032097,0.8211968333907129,-0.24674871111141106,-0.3970575461634307,0.9483075390682651,-0.694245743228719,0.8870782422274275,0.646843454283315,0.16470267484551915,0.6607347828655938,0.04685887108616282,0.591753217128711,0.39016435295400975,-0.1350817596352034,-0.02673333013854462,0.6196423389586345,0.9201893033583413
0.1614715491824399,0.6816930963606547,3.5626727166615524e-05,0.8739752072057696,0.23942839253649661,0.9351527525094445,-0.6245588831121918,-0.27829996535629276,-0.7495141606246909,0.6101469232288397,0.3318587273298159,0.4495207232973366,-0.36827564050757666,0.5469600850867464,0.34406044189143126,-0.9333354479050564,0.376442178984866,-0.08463433990498914,-0.4285346933165308,-0.8625145805926415,-0.08553777159783338,0.0601360964706632,0.9902510646534823,-0.9287095207372951,0.49465752197716806,-0.38647645252334506,-0.08109336555338853,-0.8730151924550069,-0.4777611943334983,-0.25755164786821627,-0.5298370647915358,0.357064732463344,0.3944712063818443,-0.4635489357856992,0.6387705659557714,0.40797822262378136,-0.7066349118563899,-0.9917574553459556,0.3667486492207983,-0.6638378224534798,0.9511818218007935,-0.011646645491566021,0.28680663944580087,-0.8969515347209434,0.8945428955916803,0.5486763503847689,0.7150465009271638,0.42891703647168633,-0.042715631028418466,0.4481946360206872,0.5208163445382621,0.5944979958223686,0.3259932530415812,0.6437351574465913,-0.253857543090124,-0.8839412242444034,0.4093115941320473,0.5735780651612172,0.44036717448290763,-0.27846241813365835,-0.5411796695176971,-0.6445254543195111,-0.7090344401561282,-0.5150280788143216,-0.7301490395990367,0.7685330068613203,-0.819796689548179,0.8036456459597838,-0.42769814813264095,-0.2133591231235279,0.9179181415956252,0.41862190560772805,0.04121939509139927,0.9101921052643345,-0.6658180794066111,0.8275040075823774,0.22800002358126403,0.6506221388438607,-0.839967666029251,-0.4548697449401331,-0.5834500147272568,0.10467221123544901,0.30818570585428096,0.29646603402014393,0.6599963163973874,0.43817225721746245,-0.8427535488655276,0.03374974832977862,0.5400057633491431,-0.1889803752995891,0.40652888244089214,-0.71265872659627,0.02202651426507507,-0.04085208182196198,-0.9537072161764015,0.4143736949054271,0.4314521284402295,0.3223483077391718,0.18364791314461693,-0.41811897519842134,-0.4174754101027578,0.39459917607747186,-0.8409885277053744,-0.212072246211924,-0.5325732945515964,0.289774873690102,0.4523147601542148,-0.9029460456554712,-0.6921824794692861,-0.5144375004223014,-0.11509087622633563,-0.7749144208127992,-0.5752475585584227,-0.6873723047105187,-0.47550456209284153,0.8194517035936495,0.6046436755900892,0.9502983706716974,-0.12603389337189985,-0.4219804758029768,0.7268246522107251,-0.04432815613869656,-0.463776212308332,-0.4793629633500216,0.07636644737060405,-0.7792994535070685,0.5227827243929581,-0.2791531403597698,0.2651707894613502,0.30333406372079974,0.6659467171930247,0.5264832064264573,0.9145510770129543,-0.2576436553145629,-0.8339427504868104,0.8058719793087012,-0.715506671417339,0.023244252819554,0.8911732176055647,0.8485076925262391,0.21635688185948276,-0.7223223882024967,0.15026700947947713,-0.7659734880187306,-0.8311130035622862,-0.18358597517986364,0.9337708986713151,0.023278182871790065,-0.8232291556623133,0.30832197681396,-0.9457877047559893,-0.2998758360578577,0.8396102787229092,0.26146357946877297,-0.553995193744286,-0.8768224091124783,-0.7130483988402381,-0.28263607290496284,-0.25987253602368154,-0.3399849148099736,0.20732730215579598,-0.2787083805214938,0.19493403209885307,-0.6378989069006338,0.5386082065630169,0.9653266773579607,0.5011455073678535,-0.35096234357157496,-0.1721710709358346,-0.9938218945872508,-0.16471445994697076,0.5050113493299482,-0.4123499862866653,-0.7199863195086003,0.21252440174621,0.7047253868302514,0.6957675123570357,0.13570795196011343,0.6178682781280478,0.23628109418739784,-0.17083688879289816,0.6045535958904058,-0.10851128692661027,0.7882454076156835,0.8159293247244859,-0.9146057309336431,0.4123174221311552,-0.9558730283862078,-0.8005522229792921,0.5117547077746938,0.40647408712810673,0.2622274430165079,-0.9913384135967969,-0.728476268616103,-0.5778045208669629,0.33214432238831804,-0.5004833138762381,0.41933672584279624,-0.5524324596104409,0.37603140613403396
0.4415046410584036,-0.48111064257278047,-0.5844744768982202,-0.14058544186185262,0.6929631730164831,-0.20177727881643737,0.5814512094483688,-0.2196046341125324,0.4095635162569473,0.764522464571086,0.707953753653086,-0.8384175770188567,-0.2091050711201221,0.930460147683017,-0.6694138012692465,-0.371488487962236,0.8160446641259085,0.8393839923531696,-0.6646276272297189,0.919660824937762,0.8245090189723574,0.27255008351485865,-0.713782008314708,0.38022786299734324,0.07488338376167714,-0.4747639414999201,0.144293195421203,0.44697087610494735,0.4009715574833943,-0.9011429459261191,0.8056813715177906,-0.24019027206591548,-0.8915774852715623,-0.08274512615236129,-0.6194809588713495,0.732426853170068,-0.9918510712703008,0.9035986378143912,-0.2936049307883897,-0.9383025207902482,-0.08054306999245142,0.25524431263229896,-0.8804791132124028,0.9310516496123289,0.655585632882123,-0.17552002135698141,0.6538847211570442,-0.2592705160369697,0.3826274105837695,-0.31719738878286985,0.41133802623647275,0.0654882097551357,0.4619765976154999,-0.8739341531139817,-0.269555365392959,0.8769607424907153,0.25074136037685735,-0.6902281185691443,0.4292314591563684,-0.6587029463287641,-0.5431487462802216,-0.2558451408506106,-0.4556441433605962,0.3010191064345258,0.27891878193038866,-0.33697764562089305,0.4088156831274732,-0.3615191287679762,0.9318196500895999,0.4331672598192382,0.3652479280896208,0.9228986503863108,-0.8943499665371681,0.6245676788219108,-0.47393965964652285,0.05443881335080425,-0.18198075708507244,0.9028208945067644,-0.37257739235653387,0.31605603481343514,0.5881717143818674,0.1638431729626355,0.8101891853562055,0.3524699983742481,-0.46385989482892054,0.41752918991195176,0.3043654918707297,0.37612088420838474,0.21017895433915434,-0.6591673053906009,0.04654489337937595,0.1785497729997183,-0.5976974402704411,0.05628540542604288,0.3002243423841573,0.15479872244051318,0.017897367639034156,-0.7933631511814343,0.42087457211806556,-0.245621404496696,0.4438010396503034,-0.6146885777758131,-0.8916665161559685,-0.35955549312665847,-0.10786522324642922,-0.4407134358818863,0.8078801749739668,-0.6624585875954201,-0.42430203232011743,-0.45599603195577965,-0.7161312290733484,0.12474945453285335,0.6806929042954057,-0.8192567840611431,0.028997449445533174,-0.6165732718321726,-0.3254366462899727,-0.8352516469033029,-0.6834714058715581,-0.20942865623584805,0.9586475749537589,0.9331932901448861,-0.8688109146899898,0.29658042694199094,-0.6360509419159417,-0.12210945550767671,0.21129082826640277,0.7250150171702407,-0.7751023733743807,-0.1324999836724956,0.3814014944762647,0.11377934208576668,-0.14388973982171782,-0.6632316859475618,-0.7417343916575745,-0.19537222044390878,-0.8517920164700286,-0.2887109243119035,-0.9040138405980864,0.42382174999471545,-0.4498888279696225,-0.8807896927618604,0.9590774724586306,-0.9801856763727692,0.3562919826637323,-0.37580016283646356,0.7976415469768301,0.7751670700311166,-0.1645570098752025,0.32967932035048486,0.23384199273790296,-0.771672439568027,0.8345596715803694,-0.04530393361543372,0.6856162491952547,-0.5668781471287967,-0.2426030591478483,-0.9559107532835054,-0.06860892740916658,-0.9387354959291869,0.6482872951820433,-0.6971238249045728,0.32059701597136336,0.8903102107292089,-0.1524336963699846,-0.1914642792788266,-0.40576196471427384,0.4861549218170542,-0.16283178048481695,-0.2723913535657896,0.18710696229523593,-0.46386594698929695,-0.9725938781716279,0.3928832423083424,0.591260584424004,-0.741098591869539,0.20880140812582382,-0.7642701368868983,-0.5119849345381529,-0.35332883519821845,0.6251859694454667,-0.7565656825240723,-0.0578620164032011,0.8526626827240109,0.2925261401709027,0.29545306185907094,0.5050107395686143,0.2418092124107265,0.6371763074714838,0.8105502001434737,-0.8694438821962078,-0.18666371904620638,-0.7225112807250502,-0.25045541064341714,0.24180552163777858,-0.5560054008136712,0.7248890873911584,-0.45050545023812827,0.41284884184586845,0.7724743011330151
0.7688659954151729,0.6787205629058131,-0.4106374735420799,-0.9671421514529475,0.29715094712347057,-0.41081959643664945,-0.601963124710484,-0.5140511801095295,0.776245788931361,-0.18583521038205997,0.7605101502304297,0.6949294173336993,-0.708983163232203,0.29307241371498405,-0.734339885266619,-0.0006262916878803093,-0.383530677277957,0.7785006914392898,-0.7195717011478531,-0.775353387770459,-0.6066507665703047,-0.7280019499086154,-0.04291574026673861,0.7139191332528798,0.7228796214907884,0.1725571298174131,-0.6394347876950657,-0.7537046736076229,-0.7931048872041044,0.986834107725147,-0.17846940756059615,-0.3463052436633436,0.5071869349155262,-0.22304091963189054,0.8780565740665014,0.8119496349343085,0.023887490798846223,0.5797414382050288,0.4805840412238551,-0.7223456410564308,0.16374186436886218,-0.15144962961187458,0.4048984681968568,0.7095910476522065,0.03366894547116761,-0.939609135345266,0.016985013734257093,-0.5105544656302732,0.6983062179149773,0.227739117316494,-0.21866766237390878,-0.9421134921078589,0.3174193992643457,0.8768226709314011,-0.5997592235117484,-0.3679751899379742,-0.004116304609420585,-0.534769461181601,0.4989397542074634,0.09508855376974035,0.07272822168269899,0.7767216506786574,-0.5281498750969924,-0.06422511548679966,-0.2764349097020984,-0.5638741798498068,0.19011920197448506,0.3880735376148001,0.27431503004616387,0.14009608299253218,0.8865062267663615,-0.3697895706316998,0.8307386138193864,0.8079133727252574,-0.5119690001407615,0.8191352161490673,-0.613506109862749,-0.6608330511306713,-0.468364511737682,0.2545306643718981,-0.504506558399741,0.9808807551430603,0.7027390706481331,-0.345158668267346,-0.9617626310403571,0.151731502277082,0.05237587948373856,-0.41954682970165935,-0.3920479082578552,-0.5638320188025658,0.0350674781080802,-0.9598933583402989,-0.35212856677319637,-0.468454487636621,0.4956129057619707,0.32785722483449975,-0.6479380656281417,0.9500902525139723,-0.99043903011955,0.5708429872044101,-0.24466886742235938,0.5077124731131595,0.10379215128639996,0.9798362201775537,0.9363315911093435,0.6211485636649898,0.5838481567349767,0.3793439405630339,-0.24632398016494372,0.19510610655926452,-0.20347619430892516,0.8935341313522023,-0.286592025827205,-0.36797731950660806,-0.705134921070393,0.5332537275775384,-0.894410450160964,-0.809375806105814,0.05490138703126757,-0.5924456056792424,-0.8880280197349504,0.9755711995119027,0.9288339797612777,0.5983947807773207,0.7404512454126906,0.4491311087727592,-0.9759950818664007,0.3975806929865777,0.8514227081373671,-0.35902346168739596,-0.3843742555791556,-0.18092185689869278,-0.32639926517121864,-0.3313864875896211,0.2500089569281383,0.6738702100260638,-0.6481690120450905,-0.558721487248671,0.9325347920969276,-0.1638755936028531,0.945241455822283,-0.36990454761005576,0.21568876959229155,-0.750095200169739,0.2759306826046768,0.11001616969897654,-0.6891551941532075,-0.29006435316584733,0.02941612995103715,-0.46546809805802947,-0.9325922267921123,0.27183175100655843,0.9495868252079682,0.3425986188854664,0.1542326662668545,-0.3113861674854379,0.32811706219212655,0.45446014863219175,0.46643443659943506,0.3369215658719853,-0.7964847770383789,-0.38990357587596924,-0.3654995634550593,0.37599068461589047,0.9524283265315296,0.29759677868547363,0.05557005269839532,-0.9313536937101836,0.4683170079727472,0.40053063968528235,0.818304215841217,-0.28694668261625567,0.15793647603367633,0.5640952459454416,-0.20232203319090525,-0.41661452190683224,-0.4545082843714625,-0.36315392827587734,-0.25609730423557986,0.10340607402649082,-0.41928615429857263,-0.1646486437736967,-0.7278187172072486,0.43785449629096496,-0.3674797276409536,0.06892511035056703,-0.4933983183346893,0.1784133687441034,-0.7340090103593078,-0.9040986691335986,-0.9131114017803938,0.3741505009803334,-0.23307512668264718,-0.9551582038785587,-0.7200706239360035,0.03678742500772869,0.34911685563468065,-0.12728416210823124,-0.08341092053197996,-0.011677050098975572
0.4821670520507175,0.1681826290006343,-0.9047239254021693,0.15808026219210047,-0.06808205840334103,-0.5046814465593219,-0.10718768326316597,-0.3056541706185154,-0.2774390926440107,0.5571217602911944,0.2456387408924834,-0.40566310698396557,-0.5355477466628911,0.3600648892576124,0.19292342945097163,0.7030212936244025,0.9597863462876914,-0.11082525730453674,-0.8156803832710737,-0.19945543759678808,0.617520650599114,-0.5943421373473545,-0.6421142051336415,0.9649725944803269,0.6421445492967779,0.9444936180622749,0.11759177443076796,-0.6662251224765363,0.7695085938932273,0.30073121311393014,0.0727453004767038,0.2751513210661678,-0.5981338488559826,0.3171894511865625,0.2829627496692504,0.6453042397936111,-0.32005498399843346,0.5432476885577466,0.9716400001272527,-0.09190001137939663,-0.7377723235158151,-0.29127967409881794,-0.802440163244917,-0.8444298538618842,0.7343692001867286,-0.3458112847784276,0.48165180354272885,-0.7146385332515353,-0.9535325695307701,-0.8552016321539535,-0.5889427683668205,0.048658066567654146,0.8242715336667459,-0.04804181060015211,-0.06815026738660679,0.33927104702429833,-0.32789676935297885,0.27304335884160613,-0.8963952892426208,0.17072125166867957,0.817803924465647,-0.5077701119307669,-0.5756682712795129,-0.8305024042243048,-0.6305672235822566,-0.5633791554028267,-0.18402488082986368,0.6457955748817117,0.386214646414782,0.29357330229180567,0.08640456682768005,-0.9019965324510419,0.14675376413863894,-0.08746500776542554,-0.6885742288825913,0.7302202881296802,-0.2054816044033787,0.5187601871077525,-0.46851929335922504,-0.3847700207622502,0.4234357824997663,-0.258884419380389,-0.9677219804571455,-0.0484631610569477,-0.9752003234020235,0.7964711026738616,0.4723027111491007,-0.999860103087012,-0.2711811886834521,0.49239499931607167,-0.4447552583917709,-0.03915870922292797,0.7125544316445427,0.3362356582733279,0.8302984669999378,-0.7348312849973606,-0.04077126488477223,0.4890324946697462,0.11178449494972664,0.4152190571612677,-0.2767290400119682,-0.19913751136500557,0.7381399202141801,-0.2844617302142516,-0.49355676544398697,0.24723584075677407,-0.30490284842222803,0.5145670739695285,0.2368350305396194,0.1593773313577389,0.1823456892584745,0.2397763030638611,-0.4321885634742433,-0.8367566988368134,0.37891480980072645,0.6030677892843266,0.7579850216234854,-0.807555177469349,0.05231826636892345,-0.024062629301379257,0.37769242044926266,0.05096540697074392,0.2390282808909161,-0.7620153175363655,0.8593779047204111,-0.32757559647727263,-0.7937959632685636,0.30743860352425867,-0.9716016945635448,0.11308600026010796,-0.4905876474950417,0.896798300797532,-0.27255762016151097,0.07137261670914685,0.7262722901011385,0.44032634793151093,0.5220379100149719,-0.9962301098221595,-0.16637079910563113,0.6790452669735254,-0.933171901251193,0.8485891777580277,-0.10694218237195563,-0.13668757640595364,-0.5073209121340216,0.43658348449951867,-0.46933277310898736,0.9083460474957388,-0.5557999458991862,-0.9369710884262787,0.6179917409757407,-0.08383483236033706,-0.6214010971667459,-0.8247026300483429,-0.6900036859530747,-0.4474995172481584,0.3276906185424695,0.4808106733111448,0.9778388014649666,0.07483343960991995,-0.5084988891957443,0.9139243224136917,0.21817828656329796,-0.40812816856777157,0.5793798407633075,0.051329032402882335,-0.7604676819637948,0.09727892079771405,-0.890230379400113,0.9622905774639594,0.7486386404431185,-0.29641545160591654,-0.6222187958070973,0.9458756789160438,-0.7863523829067647,0.9417763676348283,0.4501953634285243,-0.964371427527543,0.8569483483050233,0.9394212055601923,-0.1528240944061472,0.7474582900619229,-0.1212338765488925,-0.31498724693584634,0.5047311710261086,-0.22810314486001904,0.6467188078480082,0.1395990347155196,0.31981295342640226,-0.48477504952678285,0.512978807530118,-0.23389245345449505,0.7276434427656882,-0.4111639330384329,0.06945889379029668,0.004130082277385316,0.774972284851656,0.8540455703571637,0.6786648804073077,0.5009512984933742
-0.713619867731687,0.9513772457086507,0.5563764535035041,-0.14104687649420944,0.5904088812761763,-0.7013949728751356,-0.9564721835608889,-0.6211538939121555,0.07656543384641057,0.6922864991993003,-0.8757018710130202,-0.9834565047313606,0.9076176785348578,-0.7951949038488961,-0.0678882334147588,-0.7688561023544327,0.6564818751203845,0.578159512024417,0.2047526141866447,0.4295882478011732,-0.1797679594583277,-0.6972106070873798,0.19499462865398298,0.5219500311709337,0.7618074609152266,0.9143933103073629,-0.7874215908871969,-0.26583636273023803,-0.9255015634862283,-0.859981107282149,0.5088604253153075,-0.5851594134729041,0.9440024077855675,0.6778449215558471,0.33985397733472156,-0.8664786329829477,-0.12773474683190256,-0.27826362415243167,0.9957223901304142,-0.2005805467427808,0.07170686538729187,0.0735665067197524,0.45020657384176643,0.10869399877956276,0.5401304114280625,0.7735223665664224,0.5413438485216431,0.4544463970974919,-0.1818567338854582,-0.9962259020562385,0.9401217485567221,0.6516748105178438,0.41399304042765617,0.841326658185853,0.5593519584886457,0.7544308660945904,0.8689021689351937,-0.5761509767826338,-0.966025487866969,0.35862578727344707,-0.782826070384951,0.19355217333789643,-0.2158657193913771,-0.7585829872114558,0.6542844662031952,-0.5991787442797616,0.5857549372455246,-0.393235598200238,0.8353125912505204,-0.03869737446681376,0.6004965256495769,-0.62943699419409,-0.27511665046310396,-0.41443426386111515,0.10697072460234103,0.8415402249740196,-0.3436128642815133,-0.7515170493333527,-0.6370660873461804,0.1704074229334558,0.9863535615122141,0.22309705753300046,-0.9801975797006117,-0.7818080178490356,-0.6587225738397622,-0.5093104262745933,0.9201147792158186,0.3609981691760751,-0.9739650686490471,0.8453440496131577,-0.7956872343733485,0.1650718753060323,-0.10358737827894404,-0.5339960073315717,0.8991479914211467,0.12192669148190372,0.11367528508809399,-0.38948707281978745,0.7238431157530845,0.2015207415284792,-0.15310548727322626,-0.9982738874461614,0.31284979693538006,0.6716690044238345,0.6951144943480398,0.8091242094803297,0.8733081194289805,-0.07652996218200725,0.6223798674263739,0.18983568975691778,-0.9046297492161239,-0.48036223181474447,-0.8900230426168176,-0.25504859469406305,0.8918634182763574,0.5296977107187775,0.00777771678018091,-0.661136602383209,-0.9133188251936839,-0.4995949081755222,0.813548809286794,0.3404154742632668,0.17897598869005615,0.25590458257698523,0.6444215805458287,0.22669456349620054,0.5199016019859037,0.5191223840584158,-0.4189752015374695,-0.7023302864376131,-0.019256614271730754,0.1870223282505037,0.4564593212390129,-0.557568594670732,-0.3813597134251301,0.28743621902287675,-0.7914227802386355,-0.3574914305674013,0.016349541548234425,0.8566807777135821,-0.6061785781395725,-0.6629219041677856,-0.5678036254860412,0.7684587543676107,-0.8629025840162254,0.1873142006755255,0.09815740250377547,-0.23212041122401983,0.9465712254720118,0.027810078485812628,-0.6748700717596123,-0.20546259781417153,0.9307687159337235,-0.5061767348123785,-0.15988820641601764,-0.8722227126771402,0.7471848173102649,-0.615973883708687,-0.803658585506283,-0.01870550492920242,-0.34482678192714133,-0.7243256779538949,-0.10482544365991364,0.08623290285115703,-0.5056357181467295,-0.32161477290634477,0.9382518710100924,0.9252336929851583,0.851331033287339,0.8692107476328266,0.2816107528689573,0.2683799305123822,-0.414955737087644,-0.38420077105923545,0.5797837583759289,0.1993522054301673,-0.4021801126815723,0.05104230643559182,-0.3281706662187809,-0.60137347953838,-0.4306010829110507,-0.8024957058792133,0.8499227826391578,0.10634059673544671,0.05413875070866814,-0.787165152156095,0.6568710129272792,-0.08466030529015067,-0.8841060852758977,0.09012388791341586,-0.13602021351864546,0.18822499204305387,-0.26642511397112933,-0.9206549168288725,-0.2755408894021927,-0.9463521830476356,-0.7088897794883902,-0.2602275400942504,0.4478092387757875,0.561210633566037
-0.40245662983079256,-0.9325317521182628,-0.09300701156295954,0.6802936084902738,0.7124904564513359,-0.8372832132804833,0.9827332798034512,-0.3644928737360782,-0.5100239465993572,0.4864758073172393,0.6310544771826225,-0.6174610489244012,-0.7993765993867754,-0.5322763516074172,-0.47810024185042366,0.8241912101551565,0.18221654935791598,-0.018022392686710464,0.16280476112668985,-0.7013459386281344,-0.6931143610002612,-0.7960923454372351,0.437297491564379,0.09362168421291184,-0.9150493973305251,-0.10786833551762176,0.7355074788858553,0.7798289309615041,0.014396219677331734,0.5530754327651763,-0.3530109880924248,0.6036629223963315,0.2558786511271882,-0.8286868530742657,0.23355843386457442,0.028516927198761755,0.3506333779690174,-0.702069012555943,0.5616727748507135,-0.07589217374298407,0.9942402517053763,0.9972940472893654,0.6867028240709128,0.5958101162023528,0.8746433555629283,-0.5454558436514299,0.06251627012956606,-0.5283318570011735,-0.018004686144102777,0.6630338359680805,-0.13911415414478356,-0.1810175586578231,-0.15598257204968502,-0.832194958309608,-0.20755666316931531,-0.3361956380033404,0.29488426524606215,-0.8666002373067057,-0.17699140278205272,-0.32497172038400524,-0.525771881237544,0.9626528327793655,0.7676573666611601,0.7518022914374665,0.5131056252646897,-0.9738233244962238,0.31150796262665925,0.06845582686968421,-0.18798155980605724,0.9041354335105023,-0.8070424542161414,0.9209734477810694,-0.4899026450265871,0.3703965464814647,-0.13835623186976287,-0.9594000394433058,-0.39758789599939615,0.31290327705180143,-0.9589314008637533,0.011862473654988381,-0.2090676428565763,-0.6178155469404778,0.8866891607664953,0.3446273715775159,0.5813333881300176,-0.24971881282837605,-0.7284740408834864,0.940875356605898,-0.9135121309508278,-0.10458582251623882,-0.08547601945111238,-0.6643031523578948,0.12701430242736067,0.6755175080016413,0.47484979395603455,0.8848098328561729,0.08665212603053174,-0.5667473712001516,0.37499037860642725,0.14089136167648708,-0.972931562737235,-0.21440208692802587,0.5665230043938834,0.13055608336698166,-0.8773584747096888,-0.8679008843006562,0.17398867202337942,-0.27695948655349456,-0.3458442223139586,-0.7932830682719101,-0.8450260720757108,-0.4087081423846244,0.3842093501246917,0.7467592685277189,-0.4291057113114487,0.07330167016999534,-0.08750429273841487,0.6942759995454648,-0.19075032409827308,-0.5971839293015928,0.38909506966591456,0.4609485433462446,0.5313800878416823,-0.7501710583999968,-0.23164499721588028,-0.9951307188900669,0.6952576664431069,-0.11985391956303104,-0.8166211443897837,-0.7344063669913465,-0.17095179743116984,-0.31225721125242734,-0.9265422232866265,0.23984888960776907,0.8317010090611368,0.31575151333711826,-0.19842617806728402,0.7403004926882826,-0.9899560923975774,0.1797473561858285,-0.5962589487691798,0.11895775976637513,-0.884356959775074,-0.5152316958999545,-0.3757757151226988,-0.3195716111347031,0.5372617032246627,-0.622095404406537,0.27020668202309506,-0.38016765234937666,-0.7405413814718724,-0.8139927918705407,-0.2759926621118962,0.16507046671212744,-0.8068077700601599,-0.2777970174583848,0.4789191302492255,-0.046168271060189614,0.9707264267737965,0.12921836607998438,-0.8202137211185758,-0.6032614352254411,0.6675413500469034,-0.11251527568691477,0.9572738039827389,0.3073370694910611,-0.3167591505170819,0.6548983133970878,0.7364976174012763,0.21371261992152957,0.968164496734659,-0.8810100199260797,0.7772085106426077,0.23618356736279567,-0.2357057382221588,0.0906284769408181,-0.4778614860472854,-0.8511280195088082,0.6224079095540203,0.27298828729888247,0.9030767706940077,0.22627157707130086,-0.7922661123027608,-0.8645247505251119,0.36124465357448154,0.4868035095201726,0.6266224111397318,-0.34451599344789363,0.07755580978959897,0.5979779096373845,-0.44269365570999475,-0.6320666656856411,0.7234128673875344,-0.7654328201285596,-0.6798191056439535,0.38491653719996477,0.7230934645322913,0.4629518267955841,0.07567816265007288,0.4955746648270407
-0.6632747860665935,-0.8109921923376204,-0.3005066914757786,0.7607045744097776,-0.06364220315485958,0.2901848355078591,-0.3598063897893269,0.9110246938820339,0.8265311605980981,-0.5814079764835198,-0.8132492876969943,-0.35862583533896175,0.40476395723916103,0.30827627794868406,0.7752425714345343,-0.6154254802964534,0.8235299690981059,-0.44773754042395053,0.416405934322742,0.47941143229243255,-0.6330033812842919,-0.8807922007246762,-0.06697273977935958,0.9436822332604731,0.2816387431298466,0.6340734217255002,-0.3393466215751504,0.7838438753739123,0.6771275482815597,0.16737554307687352,0.38572085890466545,0.19404929444762087,-0.4601194451602977,0.4716997154449314,0.4884092143267056,0.3758523872403319,-0.8347515403430208,0.2560507357042443,-0.07736508308861101,-0.5118628750391923,0.5308282074207027,-0.5721849143227282,0.1697084493122154,-0.25558975190141586,0.47562391968869333,-0.9124841173878913,-0.5660066081136259,-0.25197762157117487,-0.36533625707525275,0.9788754763948577,-0.4226869996119229,-0.5752129053856263,-0.15154957059991858,0.7779998151411454,0.18484481104410322,-0.8572055795065354,-0.42452314655219836,0.34259589025454584,0.77905582808499,-0.3967128333612533,-0.8089504026713217,-0.4462356959689553,-0.36170973763011816,-0.6092267216160012,-0.02260378665301377,0.5255690073754138,-0.7591362667039712,-0.031142086234941635,-0.8054447365033761,-0.34775015578257085,-0.546001481839947,0.7410928012232469,-0.9894513875836406,-0.6219926134234737,-0.9291434199800517,-0.16363610625945157,0.995978356846426,-0.6503764409006123,0.29094150551683473,0.17449015300642312,0.14659285790281373,-0.2460861831537129,-0.70236777240413,0.8191420851652751,-0.5442133581056883,0.8808376697791902,-0.779723606359324,0.5370424704440866,-0.2684014225141922,0.1872461358718136,-0.11432653059675824,0.8847018672115392,0.8515047301615906,-0.5969604780173348,0.061070899886268126,0.003499289100445724,-0.9260255924926808,0.8283466333651353,0.4125555013032054,0.28190203955402837,0.8518677250683477,-0.07837250271318918,-0.30361091857320077,-0.6058555132728338,0.5648670197950336,0.5618725008263017,0.6706342579188853,0.38451694987683815,-0.3742796833482158,0.7591716501111729,-0.7892872962619002,-0.5447857802037488,0.13818813868837831,0.6508552886621972,0.5751692370101726,0.507289768999013,0.4105269784102452,0.6135304758913971,0.22900143617087654,-0.4397000356586873,0.2599181676058997,-0.2907192157847076,0.013187392203765524,0.824171244339613,-0.6978106776020028,-0.8325712700817545,-0.6663473417740469,-0.8323160744742537,0.9780988897496468,-0.8479362859798616,-0.9126307286077098,0.0809087885879447,0.635181427006043,0.4014979392913882,0.08443007715739048,-0.3128906052426841,-0.9014002175943081,-0.1856645226207463,-0.25474686024844884,0.5755688504046583,0.6858676556728531,-0.3160987884444222,0.665124492256177,0.4217009137620287,0.7342866369872163,-0.9512280740068904,0.44778500642925745,-0.3974075663777872,-0.2994953076701825,0.7814606076861095,0.7752627727374419,0.623318665494365,-0.21525922400897057,-0.1950876632961942,0.1853355788609088,0.6144079132030285,-0.0329799392994885,-0.3861387929008253,-0.015706751895208537,-0.9672850828426585,-0.038221072383213484,0.200261990253781,0.4533598174468787,-0.6540108749443032,-0.4067338316528064,0.8655272814448434,-0.4720436534178323,0.21213201652926394,0.09190159409548437,-0.11431688965850828,0.780653211909212,0.1381482648976451,-0.24331451908074997,-0.9052793614743682,-0.20986103163888647,-0.4220589983102523,0.3859746965480826,-0.3481974202526794,0.11604861117171694,-0.9470246769719319,0.7848148654844269,-0.3034367989596254,0.8521206918433388,-0.3038582794024569,0.5142993004589436,-0.16499618821135775,0.5139686295827708,-0.32782251690504816,-0.7796343917440323,0.9456030576514782,0.8842854473792441,0.4204181279881023,-0.13309598798211097,0.05151548960242014,0.2616481383478382,-0.5548707391890588,-0.44653205120012296,-0.37220680135949347,-0.06934765312684887,0.7660537047574782
0.7817332050920924,0.28921879200160094,0.026131554506668486,0.8319492637054031,0.3631819774381386,-0.8736419744064461,0.8815420661582569,0.6561990440439964,-0.5124229812462529,-0.7280674332389925,-0.3990697449872176,0.43993813111111146,0.960416141134854,-0.36268451796844703,0.9195155432286604,0.8588286586957055,0.9590197258087909,-0.8203959484440813,-0.769730923666404,0.8056061933145329,-0.4802903696037024,0.02445426469512113,0.30112957524748696,-0.7998611869888492,-0.7147792068058294,0.49028101238725363,0.2489389260135617,-0.26390886048197726,0.8256521214801742,-0.950625891391365,-0.1447694351390063,-0.1728061287567395,-0.33300486663006246,0.15122025555293805,0.14228669899317725,0.4755766420602441,-0.7074370998435591,0.9980708456605196,-0.8713363919216679,-0.07610932338782339,-0.4553407817870512,-0.25052380596077084,-0.21159355034521088,0.9439535831051178,0.061738150536675196,-0.2559881149398713,0.19815231928290977,-0.6851541731750359,0.051771572885514816,0.27550261309068236,-0.8164067744144878,0.39790848824056346,-0.12200321288640747,0.4294708581731994,0.5859121313268145,-0.8126634624415661,0.012852006609022082,0.9999571571421673,0.7439506320622791,-0.7670276459827239,-0.7396497630026104,-0.9211534776568815,-0.0011591953668186328,-0.377000048271642,-0.6495872892204477,0.06526529177229112,0.1641338949268738,0.6754918011965321,-0.3343710505281552,0.4486834558529511,-0.9155245164556838,0.33556593856552275,0.9987071898015072,-0.5017483224819999,0.22062253983376823,0.06400089436881107,-0.08647627299403116,0.8053644278313221,0.1120247864594408,-0.3663086366090922,-0.4578416367514986,-0.718395781751904,-0.9623176081124953,0.845758626470315,-0.24579578108221956,-0.747754174385814,-0.8938849202682146,-0.0032612041692645644,0.6706411618438135,0.9473144172031636,-0.9034176442063031,-0.29295583440811157,-0.18640761235515657,-0.5354377705592785,0.658418692773532,0.903898031901921,-0.8203480119803379,0.3812007257482988,0.26153609734792127,0.9946063546612232,-0.8937880443854709,0.2160038417254262,-0.7022370568723189,-0.1166692041900903,-0.6560614309301056,0.0008813049022589059,-0.25476168330810656,0.5493977888257462,0.5097012439621864,0.17919125969482907,-0.04869003196452648,0.11187958614867166,-0.4911073931103678,0.7126183658943122,0.044534062755092974,-0.6702512539854331,0.6436140713129836,0.048022783055610585,-0.8274681125519012,0.20312405419259294,-0.7491904431706071,-0.705423796049037,0.5635221574841327,0.6590043158305134,-0.2451368966864289,-0.04373980412412948,0.018442707645980327,0.5358655110917041,0.23786343495421458,0.20287580439211905,-0.12740718617110902,-0.7063146900641184,-0.6436803963866071,0.7250453726557522,-0.7908632484391114,0.9926552317847837,0.46759628800373565,0.846843913171228,0.2484009781630927,0.0027248968008377616,0.636484941878414,0.012991993458572937,-0.9135457089073362,-0.6629941682993012,0.07799740865782101,0.022278274327600656,0.19192858281439906,-0.34567782574582595,0.14056401736952617,-0.20919087696152605,-0.12007381482229973,-0.691032801664379,-0.40704330620525764,0.8032832235948795,-0.28491240309690724,0.8565228599860562,0.250102316790465,-0.05458657340157247,-0.049698987065316835,-0.659394198592058,0.13898221225129115,-0.0744610899935112,-0.6485654442511792,0.06871025253606966,0.13240194524892646,-0.2807499842993253,-0.14389874351724763,0.5302844993477533,-0.33546035208482183,-0.32784532150558277,-0.8679115584000292,-0.13822302353122695,-0.2780481188503796,0.1753670201534534,-0.5412171622339401,-0.462793228030141,0.9776616551974788,0.18939971811647527,0.18876382660238322,-0.309223350453137,-0.6834047719420966,0.08317361140952895,0.7479995465537941,-0.5259566589304832,0.7443608738003813,0.9922382140611041,0.997246573664277,-0.5026977055263022,-0.34582335256566155,0.02286834600118892,0.8531993088213277,0.5321462570994095,-0.2628813644802095,0.08776912404173132,0.6254720424285645,0.3372831419585103,0.12349294192289695,-0.14955059439776242,-0.7822663097986631,-0.7925558910838677
-0.43071180323607705,-0.272632242069494,-0.8352164251598955,0.7165561565624958,-0.1476594265700153,-0.06744346402104728,-0.3437171479086669,-0.17734114262356981,0.33634962014076275,0.7637106399872429,-0.7975980962386431,0.769362014187801,-0.09582751012013868,-0.2710652818301307,0.4653826672615107,-0.39956616080443697,0.6315916280900897,-0.90870152990065,-0.0861935511303833,-0.2987470251769646,-0.24728254812872952,0.9140783815740994,-0.5069423369371246,0.9941846546633546,0.7644985156348869,0.12729417130464937,-0.45287989189345756,-0.05900500327463942,0.3310437748549444,0.1613798940782536,0.6388495101043412,-0.9148571940041497,-0.9028615758257166,-0.38834645057959016,-0.8717575290868087,0.6904704177080616,0.26454421961337915,-0.9805931189781734,0.5129911069437347,-0.9273851932041681,-0.9842043077197724,-0.00272592986451059,0.5576783218399752,0.42225577824407523,0.038653721022347876,-0.5230503416638792,-0.247114237657158,0.6799254607635954,0.052423393718309175,-0.8349287312861098,0.44057629150782596,-0.36020938239479827,0.021462976376199983,-0.05277297493506605,0.9732273043884276,-0.6139485196469778,0.6433236752596927,0.8001342658516701,-0.4864155716588572,-0.21291635029494715,0.8502075484016354,-0.5038465776627383,0.42073782182648567,-0.8571051776436716,0.9598958789565561,-0.05049473022732309,-0.11510562119367984,-0.05874049620668442,-0.5421255102085039,0.31712585970843343,0.6411467202249446,0.5310827913337324,-0.8251397866064185,-0.8675524128654473,0.012700485436106357,0.8216666786010287,0.2630769171786005,-0.13714498738646985,-0.9133922192743849,-0.22306663502199187,-0.6657224457136717,0.42335196922908946,-0.8382957954138301,0.2383055156625451,0.7954952332315366,-0.45331990966358426,0.8730508185000261,-0.201393149795986,-0.9595243964513605,0.8891886821827912,0.756099395415536,0.5948158547045046,0.8004300321469424,-0.9996865489464064,-0.9339702181915068,-0.8775820503671157,-0.9248107838350856,-0.9814585602709323,-0.9272390445670864,0.05671113213795431,-0.6959188965208345,0.8793853074901756,0.37811340986789244,-0.629836871293068,0.9073072689457948,-0.7567690519241308,0.206591382739574,0.5826965776580761,0.665609188915891,0.11613132774902857,0.7658227831819977,0.4999228079828566,0.21318432748513216,0.16491146466361162,0.5938601837736273,-0.6735307686632865,-0.7006628669604786,-0.18238231933430193,0.27582114704549543,-0.17262243891672924,0.40807469607417635,-0.3016496986014594,-0.38262950869136847,-0.9284995252675952,0.25060081877087037,0.5486060981947378,0.4068480652379578,0.1836966824566828,-0.4128932386000286,-0.7053666018806279,-0.2976447664591755,0.19564947696577062,-0.7484439311125086,-0.6669547697514777,0.9176174585181183,0.2497057265483651,0.674104859333392,0.5664273966882989,-0.9480721135079024,0.6414452405788227,0.8029954770504681,0.9035592478647454,0.7444170601425002,-0.31270826506838256,-0.5676152683494822,-0.26937515407611934,0.8573197591644646,0.8473198807895874,0.019322049340167124,0.7180543812602249,-0.5956162558701819,0.6520714382789987,-0.9199421089245436,0.5678745708281769,-0.09180493889061014,0.6247045171322423,-0.3879344119001904,-0.8294895941178493,-0.1562574965494501,0.7695134643271793,-0.6957270634616972,-0.42728759795321736,-0.3488064598039582,0.12747261694943335,-0.38824199618040955,0.3103517072974047,0.6410110846027868,0.2526902701520637,0.7940943728269487,-0.04030316105601073,-0.8414729025014613,0.2810850553679838,0.29369839388941665,0.38465865289307155,-0.15746723169679488,0.4573857947866342,-0.012398665003507725,-0.3560687396587867,0.10634101907017657,-0.6585756589188534,0.6867598092040925,-0.2009934554273738,0.6925615931532394,-0.8719745892463475,0.5352225342131374,0.33798718626894586,0.8823410327139831,-0.34319313379148464,-0.9409492028030138,-0.8279488886163486,-0.40916670359223173,0.7493259378560326,-0.9722509084338731,-0.436069791398193,-0.9673159441293726,-0.8122085558600654,0.9569352893473666,0.28178802471262987,-0.08430952825988447,0.1717616907683741
-0.8187560721753733,0.273498731410162,0.05441609957439586,-0.15832713694194878,-0.8446038182282103,-0.7606625145396297,0.742566638017014,0.0316805274807519,0.22154312341114357,-0.3413222216455494,-0.9283187673919584,-0.16007889764557182,-0.8054382588395017,-0.8272474905751939,0.2193899545146527,0.489411752135545,0.4469561930011614,0.6451203163457913,-0.4057060637189853,-0.6611882992460725,0.3866683579926271,-0.3501910157219579,-0.7255828399701536,-0.27769186739622187,-0.10041646638913826,0.22629391104885888,-0.6893576081278427,0.6647261933683926,-0.22379767362030334,0.24728980404916023,0.17086399475591474,0.8013831425314544,0.3027413287689671,-0.4393683528963508,-0.4504151045732969,0.09847332525406438,-0.975949768259146,0.17097164067567028,-0.36601456165590784,0.212793233329998,0.30914984141368906,0.03682835608897528,0.635368229676823,0.28946200510837783,0.5942171857745686,0.7148102344654692,0.15827169676242714,0.9733823037733693,0.3780087191669239,-0.14789557175238,0.9800524266300308,0.0093314980762369,0.21675969208239532,0.3901509415912461,0.9966285299978799,-0.7265553078483153,0.6442854603962276,-0.7730740159792402,0.08355434106064807,0.0016792450666411884,-0.6131598716873627,0.9089564626242994,0.17990406357527533,-0.512285391958512,0.6340330777528678,0.9684434842854128,0.9795057778640421,-0.6432846367149958,-0.22279007397904826,0.19473647394111926,0.47540262963702373,-0.4243763298960199,-0.5617513899780064,-0.41079674276626443,0.18648746042039566,0.2933365625947113,-0.9756513320290459,-0.3217221369842218,-0.3619245545508867,-0.27720057680360455,0.06671183625715793,0.7241204406368107,-0.6883825772834131,0.2948123176040198,-0.4569852049620693,0.13068708957348774,-0.10818985054768149,0.5495469943042823,0.9570356710858272,0.1326163905956692,0.8062796877720442,-0.02947367745106777,0.7139030591437685,0.8035190286123179,0.975535340997246,-0.7115845616455627,-0.0057737748501933694,-0.7002170300557435,-0.681919359552354,-0.29451749353778856,0.9859901744039339,0.8597267486503957,-0.24725180082870146,0.7572089291214192,-0.06846547759870969,0.1087078416745848,-0.862956612626077,0.6749863528609026,-0.7561686978802156,-0.5379258974049983,-0.3864040458661302,0.16479567904933567,-0.6840924236000245,0.6611744109539519,-0.5619119673467723,0.9554193411313692,0.0012003686536130598,0.4853146474662624,-0.5664306541529851,-0.28389842056749703,-0.029134598824797964,-0.5516804101374679,0.5740225650082784,0.30760804377613393,-0.6999614458512822,-0.3377934284625421,0.4146982655320268,-0.424993471890035,0.2922887473761715,0.17521930552755993,-0.8521227820847685,0.6416195577346511,-0.48401545221680853,-0.25517114271155905,-0.2779094796165753,0.4385598668326123,-0.5531686411009487,0.06345867938029093,-0.1827018270038423,0.09144149014267677,-0.9405229782011948,-0.9031590120097037,-0.08307353702857889,-0.3738687173068296,-0.7534602830806196,-0.6439678476255501,-0.07486418164189068,-0.8513111327345182,0.05435113222455823,-0.12086610871954906,-0.830274689053965,0.8463097813514837,0.30725418088703504,-0.951649833341057,-0.6032206564970068,0.7993502624673186,-0.5092128017403021,0.31936960121485414,0.715074757620995,-0.05036049597589054,0.9422481968695271,-0.07240713186220038,-0.6544428537795941,-0.21466751066056844,-0.742262612591664,0.24880344131401122,0.5956493145307828,0.10134241718548442,0.7558703389567887,0.3945700899456701,0.9797963794769589,0.791591141215612,-0.1516877276679658,0.5154119727940318,-0.9252278399816019,0.3461973971386909,0.7923732421919985,0.21536736943158363,-0.39441678345378905,0.2879476204434852,-0.26207228533347626,-0.28240374128587886,0.08873264765200939,0.6123323962701439,-0.8585500226065264,0.5044582993350575,0.2581156656234427,-0.06884169766361414,0.9291683843042604,-0.6650075936399724,0.7121377657292844,-0.9378861325460264,0.11122953250709466,-0.7666005460972338,0.028221719825911373,-0.010570857222230057,0.997980521994307,-0.7733831333447116,0.3489827235205678,0.37064599307360924
-0.5093528121296143,-0.9958970780129421,0.21405681043776847,-0.15529576169360726,0.07772085049796806,0.010728921761560262,0.533429254193942,0.5617601014856233,0.09102378030028135,0.17172067296189963,0.21959659818399868,-0.8259835324898055,-0.6130634218796505,0.8583302368796115,-0.7401221390201715,-0.1841776542293454,-0.648551668543421,0.9596537158996066,0.10728709445621076,-0.07276840541105334,-0.6793767977398546,-0.08706381493388293,-0.566219756962725,0.6746493802961739,0.35740466957323425,-0.23082368715590462,-0.5771421662519451,0.590523910228719,-0.7450665309625593,0.93494608237168,0.4868875431595774,0.9456336388826843,0.9113267019774394,-0.5085421071684628,0.9553507978613818,-0.420744923698134,0.7409383952458914,-0.895563826481085,0.6246689011260731,-0.9663723533921758,-0.42767257905957523,0.6309715596343948,0.662509203034237,-0.2939805829368005,0.11845750556341494,-0.5783913774673906,0.7069579206648557,0.4004147691301059,-0.30423706685236307,-0.6080441794457694,0.6674394227834926,0.6214787249730398,-0.25392205994778205,0.21619022160254064,0.7679425013096426,0.30421187555778206,0.8214929517849618,0.1365699346742968,-0.3140511706857865,0.8311855150336598,0.4457052775056338,0.2927757823762207,-0.148227243603412,-0.05657094163436005,-0.8327263539060166,0.6965686120905372,-0.8262710642346516,0.8548183373225666,0.3017267307034768,0.7703389482336536,-0.6444753269405736,0.37448396544555473,-0.09689453196526543,-0.8898548015536558,-0.864370869651208,-0.5646157498765054,0.5006502665763894,-0.8241442111720438,0.20547296968959317,0.13611215031555468,-0.6596385656540844,-0.6900531510832255,-0.5673455210538165,0.3621198312174245,0.42855524188639493,0.6620472180248305,-0.43974369793746737,0.9396170478706454,0.2887816472289355,-0.34346090115811,0.8596565255395137,0.9034467959483301,-0.7070830543766968,-0.15904920323050709,0.37374339490278086,-0.9947139178970921,0.7196635132698628,-0.09843828062956783,0.06847288338783541,-0.14140760887416248,0.8906857884975965,0.8576812550150015,-0.19326652153360846,-0.4227515809452118,0.33883048783189396,0.5237192214055324,0.826032943336048,-0.9248258993963845,-0.021668656126730967,-0.5375332841535405,0.2914576734694767,0.34951361377073487,0.22351809078416096,0.44020411721885755,0.8167193568761215,-0.8239443276087437,0.09435249299651782,0.16691473872004492,-0.36741556052980795,-0.8226243032802074,0.4793222759640652,0.46980574246632933,0.9427245985337669,-0.9944978900675525,-0.46225450743106866,-0.6009589732198082,-0.8495669085133861,-0.7978481701792464,-0.6705310139488825,0.8256179860265869,-0.29310854110071616,-0.0999254692999223,0.9323296921385915,0.939733707844939,0.7823758856535976,-0.4383985043255929,-0.19664341650126071,-0.011555845953979516,-0.22729082828858127,-0.3491114476010111,-0.9517877792891454,-0.09721482823280758,0.31371316407618033,0.13762350777917765,-0.535665538094694,-0.7441407093966201,-0.4463661834406567,-0.7183833623855007,-0.3621912499446811,-0.9823637612694947,0.07144548542005658,0.4840089641635552,0.9977625766830556,-0.841316530699125,-0.3873428733136093,0.14221437153185956,-0.4694156132587519,0.38229112073976457,0.6724733765982169,0.7217222265347134,0.7929295600719217,0.3733107938790503,-0.15382371966293995,0.913466645126148,-0.2581263897482635,-0.48823331529775427,-0.658119598910798,-0.39940535047210846,-0.6945550444289146,-0.6986222004871718,0.0021997475861459392,-0.9535576454666088,-0.5435950352860219,-0.6938386049678265,-0.9942788307367549,0.13923283636469352,0.2945219239655621,0.40301864961147293,0.9130435273572632,-0.4212371144473921,0.12174887991463068,0.6284504133862674,-0.08785895118012599,-0.15179843169967122,0.6475300024694797,0.2727507286453501,-0.10072270528554172,0.6406763374456608,0.8566259027583667,0.5172171495052293,-0.6739181125777023,-0.8003936183499094,0.10126652725593366,-0.09153721638611678,0.7289576096814536,-0.8297255180506731,0.3686710876606629,0.1982409126582647,0.6724485670462483,0.945750239496181
0.9836144751123972,-0.6729376342394859,0.03638449155113266,0.8902475896878528,-0.15075345529286377,0.9698530244744763,0.6517464763588934,0.750191568279631,0.299328660127387,-0.5125483220115135,0.9839277372191417,0.3178703718745388,-0.8467422790810937,0.6639038301696958,0.1580222670323228,0.09923761120771268,0.6386613823011107,0.8154333601105617,0.23822454953186156,-0.7864041975465863,-0.11381743612532058,-0.8390271028038339,0.040972745421794965,0.11382433080470711,-0.670851131737866,-0.5291761523997904,0.4150871454333429,-0.2853891798130115,-0.7585703034783478,-0.3103995755050124,-0.9416737887712086,0.3381493371280382,0.16826081641126822,0.7875745632108284,-0.19169829155489593,-0.1235835368029472,-0.902270264830553,0.6267117938527196,0.8820038885849395,-0.48012363101598043,0.3280923069108521,0.057464556275828915,-0.6548024605093685,-0.03109382433570773,0.9247742612410628,0.6966974063619695,0.39230101224250347,-0.13885691740977046,-0.9179601955400594,0.5089094507976104,-0.8218157236927373,-0.12971674021026147,0.8305406844860543,-0.1690898055515606,0.8808861319968393,-0.7590486411093862,0.474256214457466,-0.8697389956362123,0.46695861081431733,0.8349746094598993,-0.46492243491615737,-0.2594834664311534,-0.08733983781299948,0.2147978342587462,0.7623808561619898,0.7225689381768072,0.37136406878255257,0.7558076810231387,-0.551454069712082,0.6666776018995737,-0.7973409610864834,-0.7032071910792521,-0.9614091202016362,0.5931828958698122,-0.01779133966737545,-0.2277196260902108,0.9610627501946343,-0.44729752021751734,-0.4713387276049119,-0.825876089508434,-0.33651385285059643,-0.7875273521653687,-0.7719478264507924,-0.35988858091184284,0.838683703154794,0.8585199034667861,0.31231704052132914,-0.7952269694836163,0.32708409730892263,0.47824944567707917,-0.452816766684788,0.34714203955694356,-0.8030559133086712,0.534922672474266,-0.8603915990902555,0.008607161868077862,-0.10947200838130322,-0.35168366123611605,0.8151202881943576,-0.6179732222443022,0.2733098417931439,0.46811013535753054,0.4290581328168199,0.7912117705480266,0.9804793221037342,-0.548616508531033,0.4046991965950162,0.3292770074682785,0.23708521748990208,-0.021249799091302313,0.7623075467107667,-0.045475103829983876,-0.6869218518867932,-0.7729338492633806,-0.2356687042506891,-0.4221130451697017,0.7855334996146983,-0.8421363412255258,-0.22231106501908338,-0.6440615457231291,0.12755182895325912,-0.6082466846840913,-0.48918948531850237,-0.46115098215899764,0.22390947865440203,-0.053761867594321444,0.06820063147805144,0.49445445352884976,-0.9379327222425333,0.675179669212961,0.5125916441251501,-0.6108905450262265,-0.6903055262447699,0.15095241886164645,0.9601348015092741,-0.14190462072564647,-0.21654686747029817,0.0699634790180077,0.8883267168288276,0.1241923004537211,0.7013395800620132,0.3397685038414098,-0.9651636614519328,-0.3882687903393429,0.8527406472705112,0.5076169173950023,-0.9079945249336814,0.9806542570755103,-0.005613088197103044,0.5000799846973822,-0.5220991611906352,0.747335989426924,0.4309322149354562,-0.2950796933821187,0.4030530225672164,-0.20404073495240538,0.4831797127336672,0.56575368409153,-0.2798847857530131,-0.719949292925423,-0.0027186546759476737,-0.6209116625306885,0.7904075905523027,0.631346260679694,-0.37899075576211727,-0.6073236777960498,-0.3509349628406979,-0.05557837363801932,0.11099335485971662,0.36797933363910196,-0.7619739276289685,-0.6558053876301522,0.635293493522459,-0.9780724124581817,-0.4064623932026761,-0.23024069419391036,0.42901151807598237,-0.568214873419707,0.028399570455871714,0.04401223641310348,0.14089446492226365,0.43817358541445817,0.5110719392551168,-0.10493751467617396,-0.7757224144078394,0.8824011044445828,0.3682845146010847,0.7995901018335829,0.914452110571075,0.14219934705268011,-0.8383388775090859,-0.39733676226628667,-0.29471361611761293,0.7133452413559533,-0.5471354845341694,0.42122721964036725,-0.7530287929013331,-0.4739548320401925,0.019966810928318868,0.2854595018952699
0.4584729904878031,0.9680984484060176,0.5255223848721442,0.6462353938695673,-0.02290238045996884,-0.743518845735369,0.3600711275382724,0.010787718956103198,-0.794284397961635,0.5706822812775996,-0.23999751626867405,-0.4004034499712934,0.7812510830055086,0.08411918804974428,0.6083563340065079,0.8875778945830566,-0.08243774321599373,-0.631022825487894,-0.4837382865786062,-0.12780737120525165,0.6118036894017562,-0.5993705450115552,0.38982125024190806,-0.6643551250379622,-0.7617166858340643,0.7484307038814666,0.8661784085337298,-0.4206867735822386,0.17383253375400431,-0.8821245281185159,-0.22489556640588337,-0.2108938024607836,-0.9738720229799371,0.050837691238152294,-0.011326298308753202,-0.202534348081423,-0.747536029397714,-0.9382439925028354,0.9978528190768641,0.11911490879950248,0.8875976328286048,-0.5688288117542291,0.853969083017204,-0.9381534058785794,0.15598099205945082,-0.06244507106268782,-0.5374554914159448,-0.3558933861078586,0.11639299829198468,0.20214256406281872,-0.6435747020526652,-0.36619845786744887,-0.950577172250975,-0.7155451668324224,0.9020847439798829,0.35527316475289683,-0.684349893526714,0.08301949751169135,-0.2949143426198082,0.8088782555195018,-0.8493034720371293,-0.28012257140141017,-0.01761521053043058,0.4467864948957312,0.9071249884399688,-0.34243413447359905,0.587116694539694,-0.5462924151292978,-0.11042375059391007,0.5407202300807239,0.31089320174631085,-0.9142063078193394,-0.21473304753816125,0.6250273414859839,0.05292430332787634,-0.43788383543812737,0.22755866830339055,-0.182186997894773,-0.6683141863368536,0.607484304680584,0.030367786510747674,-0.6235509817554981,-0.5849001346271772,0.16666415443868754,0.17265263700422206,-0.1173632724887963,-0.04808535355550614,0.8962622282358885,-0.5847290752789744,-0.8975660846799822,-0.6117102946612198,0.25804414403525655,-0.24214687483611508,-0.49702438590641806,-0.3567737556510693,0.18897653228425848,0.09676905840075234,0.8821613592890514,-0.02969250312675875,-0.3874989074302808,-0.7025705925139896,0.637959682139589,-0.09317354385090204,0.8103591597663653,0.07236361111446343,-0.5823753637762898,0.36744254355535344,-0.6161965877295137,0.5101820095963814,0.9964083216512647,0.7735580776646935,0.3101468718644531,0.34202946154029545,-0.9636701979388629,0.4991679061910641,0.8130032099641171,-0.8266269068920915,0.41269511717677587,-0.5207773921892125,0.27419845647235563,-0.6909274616764391,0.9996704907173739,0.06876592271388882,-0.5819037601058807,-0.17908477906294595,-0.8005090824596435,0.43970917727785985,0.405483963859264,-0.7159215583894603,-0.061738184249206185,-0.42201352905510525,-0.5340184125725587,-0.8260742281011086,-0.8716944179074402,-0.9689844162249179,0.010314268239105306,-0.7424350074141302,0.740196232415651,0.04132555171994001,-0.7764014392134118,-0.8092582365338907,-0.6218313984594501,-0.14192494766931696,-0.6548563904011298,0.09863124320683014,0.630038883333716,0.6552808488798203,-0.04298833331092666,0.2832599142516068,-0.7937367204937287,0.08730567617897433,0.7639818281638129,0.9803700411215011,-0.1848443080123181,-0.7839182679468824,-0.1686205215997234,-0.6809655182936063,-0.1343028597054603,-0.5200276247824014,0.40808305158153524,-0.6688137252518875,0.6712111146220803,0.7991450577588806,-0.15829291024105818,0.050972358083422264,0.5829266191140188,-0.7226595931871946,0.35096173648811946,0.43983828763004307,0.7882022143778027,0.12597199894737265,0.46486326943015643,0.13034069178239238,-0.18728845664086013,-0.23137473794959207,0.15138085217180075,0.15467143160339702,-0.5933022580063787,0.8748138588932324,-0.8654962951368579,-0.6822045364211133,0.5873525620846258,0.439816915789248,0.8491039974017045,-0.8570642224440759,-0.11609249793218201,0.33577421013950204,-0.2440395431883533,-0.5731960274005312,0.9339527389242448,-0.9075863855632929,0.06653172038360755,-0.7393217579462272,0.7303394825744185,0.6846577780787697,-0.45140282073774163,0.31603686027738864,0.37546023390641925,-0.5588587668228528,-0.8097239793418194
-0.7387770226114505,0.15142896283746232,-0.9446446024124782,-0.10711800635381197,0.9212886022030766,0.9528654147766122,-0.6467320877564722,-0.8020497133039475,0.09450095860345331,-0.5733856463318243,0.6467166128219719,-0.2949114528414005,-0.06541482885035865,-0.9378646243525861,0.3586181828880768,0.3649748722176409,0.6103768444857534,0.17662325528947398,-0.7812530358046035,0.41828245645426976,-0.553536746906198,-0.4466505238170486,0.8643801531154212,-0.06459240357566132,0.8692634087631277,-0.6537120185842031,0.03200376883687328,0.6212616319744604,0.07537258694031768,-0.9794330952325301,-0.9484476349271052,-0.7893694436436267,0.5898525701192296,-0.850356288794289,0.6818520319977133,0.3245556434991139,0.9163340299803826,0.1864246652219732,-0.18058383267347078,-0.7455089834427668,0.9898866475707846,0.07278841653330237,-0.16044794796998585,-0.5107518224402303,0.9926564585370237,-0.5226874407110698,0.06844569141311574,-0.46837037706683904,0.5377422775679195,-0.6735378764741611,-0.2843874456198865,0.04142105230594906,0.9115313169813646,0.9649177140746985,0.9401223649007742,-0.8765837718005871,-0.7297654302598839,0.6991917427137682,0.2656584984334376,-0.8598046453024404,-0.21168542332180884,0.5280817657784878,-0.26325351168269684,-0.7889722978648919,-0.8601016184228196,-0.47454025608275896,-0.11794441987609838,0.9826792144139722,0.5130446726001874,-0.5143485118326194,-0.4370590417213873,0.9717257720850885,-0.1391563356966432,0.251396021525258,-0.4350667232543375,0.24345988818640674,0.3142475156418971,0.31466110484413345,0.26526095615649536,0.8179162492696295,0.5975461699374902,-0.9844467458525907,-0.5193181282555901,-0.9617582072872417,-0.23427792630749988,0.5550749405630435,-0.9060622348942771,0.9930774992020073,-0.7954969507344258,0.38281570575166723,-0.10364221341446678,0.923236480443308,-0.3013580286846511,0.24872015119214375,-0.21405629763621103,-0.5071855032899599,-0.09091455004336324,0.6691005730887978,0.7534715338684594,0.0022824606752327448,-0.18301991211925506,0.33091973934388785,0.9935402900287278,0.6585858004814322,0.5020216360148873,0.24424251379070827,-0.1712234780138988,-0.5341484563475913,0.9666483123937719,0.6339352998578607,-0.6535377265790676,0.24967347030313491,-0.7544877736558115,-0.48064127582309757,0.4440651034481917,-0.3273228154794796,-0.029981391123907963,-0.24673270828053573,0.2970062787631902,-0.4897554931260377,0.7383540011610243,0.19644013914024483,0.5467731728815128,-0.8612402353604143,-0.510595240981365,-0.5591926724591139,-0.9255617195925452,-0.7646832375681054,-0.5527551780033613,0.6289703465233782,0.43042833871435127,0.33367299632122394,-0.06597221426089117,0.9890902796637555,-0.2070366722451702,0.22752172507329727,0.6848880868583136,0.7396685411755113,0.45535335015615286,0.8733724946591384,0.2814338368247744,0.09784144857076793,0.6053828697694952,-0.8677738098581267,0.761012604603098,0.3091916529154932,0.9641387696581869,0.9248345971197929,-0.4660437457283819,-0.8244255176964279,-0.3403734139729362,0.8333974829412927,-0.23628994096160638,0.5290887158662709,-0.6707113047844437,-0.74387998921875,-0.09902315123999084,-0.45244358283703767,-0.9304286698041166,0.28026741222103735,-0.11432476523821489,0.6348266590235379,0.501661978851113,0.8035947128476466,-0.6433819586985674,-0.07543249251685746,0.5237481364357717,0.8629404406233208,-0.8732017995098886,-0.12171270185544913,-0.3144308644427456,0.993913850185234,0.6230149612639466,0.11425778228600758,-0.16286304853926858,-0.11742218216844114,0.5249123888079383,-0.4726992126193097,-0.5567516324986981,-0.44706112247394114,0.06464647612503871,0.7770246152752429,0.6873562689899739,-0.833155796202143,-0.07797958977826225,0.7930598247312555,0.19583257946562127,-0.9776859747947588,0.0010690765523713175,0.25383374056109664,-0.04504958257571845,0.9399233753497478,-0.9739064863388891,0.7304875724844233,-0.2626415624061986,0.8512652744038247,0.11166746808945871,-0.6578013366769893,-0.7780911942477164,0.8005806415456145
-0.9094400231957784,0.5036338467272352,0.8238072879590659,-0.5284065416143866,-0.41718606547876225,0.7013895194130064,0.9489052708857442,-0.7711469090146401,-0.9977045629662553,-0.6508106137313361,-0.8529819365767077,0.12557114861359975,-0.8571628717895137,-0.9503081048700635,0.7630249794352439,0.8609299978557929,-0.7024602753060569,0.05510175041559884,0.9058129580540546,0.8660790501381506,-0.08281359073895134,0.4829218824590218,0.19391159312062745,0.24903043913388423,-0.02606397976472974,-0.6517999778485917,-0.16278572015884274,-0.5180887259764062,0.12956251495760052,0.8294692929461358,-0.5563300450892394,0.8045891680132709,0.8035992360230213,-0.9756500549185232,0.6203362972103696,-0.659567228811937,0.3904584396302744,-0.6739674639712456,-0.7170872797424208,-0.9832673662779188,-0.22161755205176825,-0.7240974585641875,-0.45886838296302823,-0.03356470228643338,-0.393317032718989,0.05597320802680761,-0.9124873277297352,-0.19800275163573855,0.6002037056508216,0.1840805662335796,0.024073757286861452,0.4768630736720272,-0.4987158707791819,0.38160695782799636,0.21826337315435218,0.27225450968612996,0.9304678614377684,0.18381328904046268,0.7288613130898214,-0.6502176752149582,-0.19786485156601352,0.41462882767365694,0.1628351661820453,0.6547932593412058,0.6413938741131504,0.7950161146418315,-0.9062812079129294,0.939882063239657,-0.6270973977982113,0.6743384396455347,0.8236679460094685,0.5475032026190252,0.532349369416063,0.4434802364215724,0.9934546742073549,-0.7351656488002367,0.1021267945337363,0.6405087661786983,0.2368427439193157,-0.6775617470565769,0.46908320331656483,-0.33719513991685535,0.15338826963050556,-0.6214958474317982,0.8019028975032207,-0.4208401543451128,-0.5487004452370119,-0.46690343242365606,-0.8497813977759936,-0.6271589639097255,0.08485457698475773,0.5068116428412512,-0.9278199089477515,0.8579904713799917,0.8190679034041004,-0.31164895867680587,-0.41499942245665844,-0.714815606947993,-0.9811402199961723,0.5792261799690552,-0.336458609156397,0.24547764605755362,0.9206486080078184,-0.7646595068916742,0.9759244213054226,0.036932874304571595,0.5216650779254446,0.06357157065471197,0.8730456855427655,0.9429499871915603,0.21739812269051328,-0.2192297632932263,0.879452859108732,0.9426579292437705,0.6815699454165609,-0.39142220710021847,-0.0975214505512294,-0.47292449069843423,0.11707654211006702,-0.3422881473234156,-0.7638200787116773,0.6790405345318169,-0.7286418939630999,-0.12795137791114408,0.8733531968928956,-0.8559760985249167,-0.6333319271225624,-0.26437341895421085,-0.5533270235043861,0.8820649484003185,0.5341260560325176,0.34656586575626447,-0.8647839039964362,0.3380043873365184,-0.5651965188228025,0.4955318896825536,0.9471505538287608,0.2721705028687551,0.2302342995873634,-0.33369570754741096,0.5447646083689155,-0.4964127636606783,0.5551294110385547,-0.4395242460729045,0.31209692346761453,-0.8812887466828909,-0.6672917691831786,0.3652415348853346,-0.5965006274230404,0.2968086864353723,0.021053010391031135,0.8933106811692082,0.28997794466538984,0.5359849837221666,0.44830954244251386,-0.5027130377223845,0.2646742417378989,0.09655479744463347,-0.04938695279482208,-0.23246964471790688,0.32031057463673385,0.32808090468182005,0.21942240503740096,-0.4192635608094608,-0.9162616726130475,0.6232201603596352,0.8017249132869695,0.6333435943358829,-0.9824491932008914,-0.682718681130895,0.4178466181407232,-0.13144988164318905,-0.0883780187508234,0.9731915378121219,0.5904570582294726,0.16993341386019267,-0.7948509729333704,-0.045442123145071234,0.9124199132651682,-0.996401818930835,-0.3721959667050281,-0.9426169140406069,-0.6803996490996291,-0.6188173050753454,-0.9587338451939689,0.35993517919598017,-0.5350919586503926,0.7101358053597806,0.9671153859306545,-0.8827212295783888,-0.983050187375605,-0.9245087918952126,0.1751993598319792,0.6829455955217463,-0.781239881201538,0.11825732959764568,-0.8989017521239231,0.9004847433186285,0.6372478091581466,0.7723115558667559
-0.7752845470175329,0.9175272721184993,-0.9926590294048094,0.704267158496739,0.08771261339692527,0.8433687467848003,-0.03788202238545657,-0.7898350010179112,-0.7709088937829378,-0.41943088017252705,-0.06903561199094765,0.16105790201752201,-0.6788890596411135,-0.2660093711993601,0.9522943504934893,0.597569332696795,0.745580476649055,0.8103688715986557,-0.6476317385418349,-0.4372637142944218,-0.7209935397712157,-0.2898375254509957,0.35180611754586133,-0.2668404077246893,0.8325789752910935,0.0202763599502922,-0.9012233529913143,-0.04351504219941593,0.16228850318873644,-0.36535448338250087,-0.3948063379686013,0.945930450328605,-0.6500519973019689,0.41969385362205824,0.7197455473433523,-0.28088586704348284,0.32392120658277235,0.8915458342169233,0.4173725920940625,-0.5464222659243558,-0.874727581492664,-0.25032694734271366,0.060210718439253075,-0.03583864376894752,-0.3759290240037205,0.5807802470033789,-0.1896040705676738,-0.6368609925271707,0.6882285498163454,0.9951668723116172,0.8468021140511024,-0.21627292923674668,-0.8838371587982263,-0.029314917603531665,0.19806419694904065,0.021341193719526252,-0.6924179765024658,0.7931060198499316,0.6749970408520383,-0.9540937838770671,-0.7869609334187242,-0.41618534589088996,0.5641930846212428,-0.8041293925909081,-0.9204832469943345,-0.8648220236019908,0.28170888216173195,0.20700002374377569,0.4546740953009132,0.4748641167693928,-0.08168361113406686,-0.9100351444714156,0.4382432735603332,-0.9779727286018836,-0.45391546026924523,0.8976196789591382,0.8111094224455295,0.23199950479542553,0.8513683132582757,-0.9373846724105765,0.4106791885514878,-0.9733376447709234,-0.4666651958132233,-0.6500413238279776,-0.5588384751300255,-0.3001322522780012,-0.43304690607190666,-0.28793681977733065,0.914790906756551,0.5171119691443264,0.949839873434543,-0.7539784200468183,-0.5303434440895307,0.6413127966273067,0.9071282323731629,0.3702336928576748,0.2778638826921076,-0.7752827500954638,-0.8323136320990585,-0.4412985974311776,0.46773318754571647,-0.5179967795737075,0.470670996280266,0.1505044998127525,-0.3483704593236754,-0.0713776263590975,0.8198105790161947,0.4322021847291688,0.15740954234131976,-0.7886110288170789,-0.3086121729226172,0.7909136315406611,0.648153118706972,-0.7009975380869986,0.4320181084123391,-0.22620155587601198,-0.3956164025011111,0.6701513245621065,0.04363900060554671,-0.7953485038311463,-0.7451718341701996,0.11054955701809832,-0.2242293638721624,0.6170325086204285,-0.6024394652964324,-0.2121730425571826,-0.4792374188610673,0.2657408757800723,0.32700990317004375,0.15048502511756823,-0.07371841371782528,0.9444859723834529,0.2502495676146266,0.4048240745830094,0.14790095865150676,0.12979217214905936,-0.6962307305221258,-0.279045255823396,-0.3888694008238871,0.4505142409193721,0.4712328169980693,-0.329924542779344,-0.360325481473724,0.5581182931640154,-0.2282744163813064,0.3720482310672544,-0.8264558381769196,-0.6357192182007918,-0.9586074946844478,0.7216550374483952,0.7226594500415049,-0.21854086554418184,0.6493818458369627,0.7168688884899526,0.743748380422705,-0.7219836945939557,0.10736286399321071,-0.1567809269613838,0.6781909174163949,0.1164432753390574,0.5572394844208224,-0.40136897121167947,0.7307120780936796,-0.16249749115468992,-0.9239977353875819,-0.023424432138198892,-0.014265200476964335,0.017408606977502794,0.16771496788515994,0.05411290471019736,-0.22925754361854334,0.7291002147979468,0.04123607894151138,-0.003355861607758248,-0.41705025407355767,-0.536843073397812,0.6545720653862979,0.23752431039046296,0.8738402806603462,0.485059106421311,0.7989695066758058,0.041354355248723884,-0.3142363604906451,0.5665516968628979,-0.689336161012845,0.5166632651816441,0.11219138669623585,-0.8830775870853707,0.1410396643870948,-0.20316270453538787,-0.6767104215000499,-0.6665648914197164,0.9977197605951935,-0.3564478027576561,0.1138479266962471,0.7464445121197758,0.407851474181536,0.5691196669244021,-0.5583293794974364,0.49344285331856663
0.6054896744384459,-0.8704807910530683,0.45678562215792873,-0.8523666529045002,-0.2878503822229892,-0.7404968281583655,-0.3946786415095025,0.012645875423751507,0.323762573058316,0.9540378948855952,-0.848111816494761,-0.4650766069479595,0.5399221451683154,0.8933533141555041,0.21289664244781048,-0.6291754554243674,0.8430169467656834,-0.1787990461453397,-0.8428879990552547,0.17534221621259927,-0.10476222971223415,0.37525769906309625,-0.5076590164825057,-0.4029184674712174,-0.09627094595214536,-0.14505595489952317,-0.26511960772271226,-0.6274178128898409,0.8404259162277663,0.3161430124088602,0.4747004120460985,-0.9938226965144119,-0.7653283242871056,0.37239667658103315,0.9688804287487478,0.4603470901168638,0.9421504348673926,0.7954920782793897,-0.7943521273020702,-0.15254735945923348,0.07680328361072974,0.6308280679345235,-0.03082057389858095,0.333703344118897,0.81296974658294,-0.2909330531312926,0.2786638415001963,0.09140123334269035,0.8629070282621449,-0.7645289801808255,0.9357510782591434,0.5199525764283728,0.9002475706547652,0.9178033073234149,-0.916942433612832,0.0608300620495299,-0.3471255285882875,-0.8152377002090712,0.7220670526171087,0.5024010655462132,0.07564534126347566,-0.964415164849679,0.6788946866196655,-0.9701664537014529,0.37326717549498367,-0.30656186795852314,-0.04313766816951725,-0.8787484619430188,-0.3614888569276573,0.07436396874863638,0.9257432814942677,-0.8786111437110933,0.2535057732700863,-0.79095169595261,0.5060569809518014,-0.8232595338033757,0.5236947623767789,-0.3821619355795627,-0.7326538278371755,0.9681632957463269,0.3861412026878701,-0.8458850973151348,-0.8779266000122434,-0.1624363687786532,-0.22916090517893206,-0.13785976294500002,0.8959735633296442,-0.13181149646949897,-0.6961317724646048,0.4058295152853071,-0.055487489410925406,0.047712393962358046,-0.8696021920272516,-0.29731833064438606,-0.45419377517452086,0.7876450817489014,-0.3267723854082438,0.9389919782498342,0.4789319047543057,-0.21140497070404263,0.2697688321123082,-0.32157689403031653,-0.35158400759627395,0.9825346576770739,0.18376470458810856,0.6224535719684445,-0.33926894996123824,0.5060704929187727,-0.467489061052341,-0.05188720387146728,-0.3727737267951592,-0.8822893707781889,-0.9387270942071799,-0.2472070782696636,0.27582450366341105,-0.3266164631072741,0.781980196027215,0.36063796107597,0.8092315702325683,-0.48738817455152716,0.5473975721214368,0.527487696201183,-0.23750056081800075,-0.5577451733507364,0.9714544419362483,0.677981037617956,-0.9872075314876041,-0.3840462464943326,-0.2982249293323427,0.2983457322492893,0.7338383342956254,-0.9136113892980984,0.5074165636126478,-0.5944733573116681,-0.9933438172227482,0.6612707617696105,-0.24251984785699965,0.06946037642538938,0.4971289562025647,0.37168966102151546,0.09582751587097427,0.5705050655580663,-0.5394984473780684,-0.8251521246213225,0.18471158155691358,-0.6039049969761063,0.017578548367307656,-0.009045728924939933,0.08364548169779029,0.8229222718925133,-0.469371001804888,-0.868184854716306,0.5507026750852104,-0.6992314590162407,0.7444212227356755,0.5840817848862754,-0.03403169267316963,-0.89758966293807,-0.7043964286050093,-0.7116897608994317,-0.7780107483317149,0.08517208656939834,0.16827944379968662,-0.7472471757945998,0.53100833911728,0.4675593823766424,-0.6068977840083893,-0.9710460751196066,0.5096680331331445,0.7828092457603486,0.3248929466406896,-0.956907076247097,0.2479193936700239,-0.773283595823617,-0.3810376057560083,-0.2964537053039933,-0.3772486790978622,-0.6951154394911803,-0.5045554075377714,0.17016343322780192,0.11543518456314006,-0.7796561249736849,-0.7698594326803516,-0.3291695029975852,-0.014322401973123178,-0.9735023096145419,0.9635419560333571,-0.6269728886452728,-0.47802332528291336,-0.4386877582231472,-0.6962975158872229,0.7814558624844354,-0.20672602940753415,0.39818813118528196,-0.36190093435085813,-0.02009871251458173,0.9694001659163718,-0.6415417984514034,-0.6626635402940708,-0.7541925839848684
-0.7931549375634916,-0.5008674602318466,-0.6265926800293322,0.758966951002245,0.19607880700861213,0.4392916852133455,-0.35346052307621934,-0.33926621251519284,-0.3875408917394563,0.24177946441136533,-0.4407054449720955,0.7999854591025675,0.43229611978788673,0.28098146282417913,0.08044262218509246,-0.1662676249018702,-0.7889187741338406,0.10067817651339261,-0.5701597328833956,-0.21555538782340888,-0.18113928478734231,0.7193220228424959,-0.20695887972375493,0.1560968339294304,-0.9604839574175128,-0.9458307962955423,0.2677217514555661,-0.9228074215707516,0.016446630268561302,-0.03805623471875608,0.282273610402872,-0.16963415137851867,0.7627669125368428,-0.10138287567412663,0.7700203073063709,-0.5314670016479295,-0.6358917272622986,-0.7387857551714387,-0.6140087996695642,-0.45286622873413074,0.9236166219435704,-0.529312508984044,-0.958044518613516,-0.4977477867200788,-0.8197624190458039,-0.6558410304000315,-0.7336662005397347,0.6091285498659584,-0.3063738185046705,0.4716509255752037,-0.6137949436393617,0.9654230826580807,-0.4297679842137143,-0.8042425320934992,0.13854399133822626,-0.7782616055476776,-0.14952811603858618,-0.7652942740341773,0.46205943955378737,-0.8417422451120982,0.05606770895978941,-0.7056006890755442,0.8400615430530927,0.5991119356666306,0.28356486692940774,0.9272046476203484,-0.21037727853720423,-0.6533209995560805,-0.5171552931345371,-0.7308675403100413,-0.19464758419452743,0.06575653580295016,-0.714979047068085,-0.8211407536418416,-0.6145599861760294,-0.046226380129287925,-0.05208624309102916,0.9852898518460937,0.20239345735823,-0.28953240273152114,-0.285119405379088,-0.9776787479350244,0.025989566472752745,0.3199270444721105,-0.587389646358055,-0.9700397518800437,0.7128806600867059,-0.3804828910552691,0.18976557652098935,-0.5693329862141514,0.8300682522456055,-0.43576432859568226,0.18954567520349563,0.9573872015176597,0.6725121386722064,0.37678799292490006,-0.9055143504491103,0.6981855772534615,-0.051201168085680315,0.9061573244022159,-0.1889255419023248,-0.8511507363035118,-0.7099140663642971,0.025222845392598225,0.0326859460879132,0.23645968490211922,0.9664275050217352,0.7857046686189131,-0.8643808865257641,-0.6410187460934114,-0.1889886426723022,0.244068854531988,-0.2936981903262137,0.8891340773972076,0.21582463459584011,0.6899797443310525,-0.16056218490178487,0.2127299421575688,-0.39141253676510224,-0.7149678613834911,-0.25946664551822574,0.7938285622298571,0.6393213004016773,-0.9252405550781073,0.4715614071091043,0.7621468229045685,0.778897625938828,-0.7957341255035415,-0.7099894499804009,-0.0029014594214942235,0.43710126291876517,-0.5625454786160209,0.3290069531940931,-0.4227308108515695,-0.9600417517066118,0.8652591075567413,0.1203823651671676,-0.9615222800650254,-0.6073424221343551,-0.12526548206603838,-0.8874799487117615,0.8267504022793624,0.6356351459519571,-0.41068234301542517,-0.4825091106369803,0.5690035501249855,0.6181101615361153,-0.7411217969642585,-0.44714103376295244,-0.3270038774232862,0.47831706244544514,0.6374859919795803,0.07231557639795683,-0.09268985540901187,0.11959749134889486,0.17509641582650604,-0.939119885947026,-0.36103148075611635,0.57084154179766,0.16729185252177836,-0.6609637057036717,-0.14796879654606565,-0.28742379158942755,0.12331443577658718,0.7364950671360853,0.5232819389568384,0.8700997924392488,0.9570213261035241,-0.03783151976026411,-0.6877551657600791,-0.06010639867351397,-0.145156922735183,0.18911488255847586,0.2737496148843346,0.8837320296132483,0.390305483224616,-0.2727667596279386,-0.8872683591891075,-0.548246979032051,-0.4755503644347525,0.591965201828685,0.539157507381903,-0.8270245098674109,0.7777650447206732,-0.06380615680937463,0.6907772877250502,-0.21375448633601213,0.8796380441771734,0.5891352392002671,0.6873418483112201,-0.27916958002866177,0.9593977190584311,-0.04077166318897962,-0.9970218706426386,-0.9162098672343058,-0.11112396519574652,-0.4257879098993871,-0.06507873714655332,-0.5111052656243833,0.13711130541419925
-0.024806079008492743,-0.3468874097117425,-0.7704927954489933,-0.9507692787119224,0.159341529120673,0.8038075840802694,0.16092168092963033,0.32915619329226176,0.9768990142570724,0.04156694438110575,0.3847601043214597,0.684960204962817,0.3355492589213578,0.04716705807018018,-0.35414896047956157,-0.8681705613880502,-0.48952012224187236,-0.23282102318227693,-0.5131072869119573,-0.2148080561108625,0.9223201978249749,0.427894642786691,-0.5371398987847713,-0.8660081971035265,0.09436760208986494,-0.9001085006869549,0.16508238192800873,0.0014447972125319897,-0.9988253580289501,-0.04625314124981239,0.2559778118183229,0.5354534699723486,0.03816171871452667,0.9354196604031095,0.25070731871051355,-0.7520664889815802,0.2852854864644876,-0.8719294575794299,-0.020995815221402037,-0.5903085577836609,0.7972311353831587,0.05119830954810389,-0.9357045523543781,0.36685319068458155,-0.8237150541736902,0.5106301119085117,-0.02640576194531752,-0.41944083026099244,0.5478796181720633,-0.9634428548134513,0.2745279629351136,0.8706300908803128,0.8639129059136272,-0.20895536984169194,0.31633766632143656,0.09724153617823483,-0.41042898925825333,-0.019942931886280935,0.8675049498338878,0.9623205648568012,0.1451502897341992,0.5618897186818141,-0.8847332881892715,0.6210280204735621,0.26003583058769153,0.12010705159352542,0.3894398291869432,-0.27423000966954025,-0.11087887477899216,0.08195329399123064,0.8644027124580955,0.15706761011488912,0.712521134221086,-0.8191549144691879,0.24538211803434407,-0.8714928609489532,0.9447966290686669,-0.8899257668621827,-0.3491327676039848,0.6870668127179809,-0.22153320347665328,0.17939825937077702,-0.7868068371116039,0.6260622182268845,0.901044766184889,-0.051676190211853656,0.6438289203652436,0.33844786235289015,-0.6025063860657585,0.019848996115351625,-0.7226589263772669,0.19184667269408529,0.049428345149561626,-0.5479725648929439,-0.5052993933633387,-0.2522035247914669,-0.7424358637687791,0.33413315348621864,0.47524204639339995,0.6408352446360797,0.26279144074962235,0.2639875510562504,-0.9413232304221031,0.4923884017831055,-0.33981437635310163,-0.9445753200474758,-0.7318023311745288,-0.782261799496635,0.4408906239142154,0.44631253541850957,0.639752687296663,0.3770795154653037,-0.1630076356557344,-0.1805087275940762,-0.7711719787368481,0.7784196822885816,0.763064840229337,0.5463897573860652,0.846141705270349,-0.49112302028462573,-0.6035711259008611,0.3233804983458972,0.648976221135497,0.46006808074076755,-0.9099780151327086,0.1571256300955557,0.6559553457820142,-0.133607603518614,-0.025119201695434246,0.6611041996818485,0.11691626367859387,-0.5644422737923802,-0.6268197241472324,-0.6840330642101915,-0.9636551883344642,-0.5496884037447245,0.7162509044973326,-0.3262204154097208,0.22867906490540402,-0.04858329699143482,0.13130292474996952,0.6744641860104834,-0.25812665968297965,-0.3577607025997107,-0.6534644200649744,0.1769355763369096,0.5192012666935166,-0.18376848550572622,-0.7166920868481406,0.8265183821815889,-0.9443663874901893,-0.839104298249471,0.2666651526425994,-0.7172969771871771,-0.2037408051270293,0.8760727486284483,-0.03747902169764772,-0.8225374650148145,-0.4475754033214465,0.9750553973055818,-0.38253068539238555,-0.848139072466781,-0.2118182995552771,0.3749923279333025,0.6913829107203491,0.2971674475516559,-0.8802397430237172,-0.05678923197905461,-0.03210857988338689,0.7729881047436811,0.13785607550381718,0.2704640413666133,-0.4123707179493594,0.38303151150810044,-0.44374691160551016,0.5867243502954673,-0.8888858885054722,0.8257355951411487,-0.7592367423582778,0.03212506500100609,0.6385416913243336,0.15508517403131594,-0.6515793444956566,-0.15177119997695687,0.7836280601468246,0.53465755279663,0.7626219361564126,0.6242807444352536,-0.5432954616031973,0.5114491538000856,0.9526229746046513,-0.23753573820234442,-0.4962135097952587,0.013643512943442904,-0.16939366805896872,-0.18048568079904137,0.46638515649355816,-0.9377243549469085,-0.670216368618826,0.48237392572890236
0.1652345708305829,0.5110176161521598,0.8203001609853284,-0.018446042762981785,-0.5535750642639528,0.18096032581056054,0.906325358030335,-0.30672891814872116,-0.2500186828957911,-0.459912715591291,-0.05001223998024851,-0.8816297578753394,0.19816034865688703,0.37879764321247156,-0.01682784567261142,-0.04887624688076975,0.21818265680906723,0.7761731210188365,0.45343097377228925,0.5336264164793503,-0.7521991442650591,0.1996369713277022,-0.6257173263391407,0.17196188639926935,0.05898406070791706,-0.24755299540477838,0.8396500832543203,0.8729078514051147,-0.016010128783565003,-0.06454756472269585,-0.7901779361540655,0.7052948817550111,0.5105162977444246,-0.1415719557573516,-0.6079044248826995,0.6234836461827091,-0.3949926990252872,-0.4050602177782012,0.4374024588312757,0.22472789937488535,-0.824319315300085,0.10708996695651796,0.9826374825575415,0.1591971973526649,-0.39268569348781157,0.6570323046338806,-0.4830257451644482,0.9902585170502454,0.5350926675502596,0.791034794505707,-0.48277100174128185,-0.8865552534420451,-0.3288442736907706,0.2032200762331522,-0.668146818032177,-0.3057542087901366,-0.37114529108137884,-0.6581567607053052,0.7625809919632527,0.2092818340393452,0.4976097258839891,0.2594992451201179,-0.96308799886626,-0.25590692492220235,-0.9288741103707046,-0.892461350997283,0.9801278619016367,-0.0851588546596973,0.025811765134498676,0.785803321096419,0.7806941199405428,0.05507717955287128,0.4175104192224375,0.05467022969173896,-0.1424213265936667,0.5970368453826822,0.856780294113058,0.548968998087247,-0.6035011331809095,-0.7427513600763604,0.013919301077955026,0.016919325100869242,0.2329417562146361,0.45289740891712826,0.3532161575531896,0.3703300799119942,0.9925576216329342,-0.6982357174574334,0.8822772798957408,0.9402128657420448,0.9384393272097822,0.11707692955192672,0.07603672304740927,-0.2885229901593449,0.712014691468742,-0.6192754144532453,0.1920377280650416,0.21129350616792975,0.011703543347124645,-0.8038997802905195,0.40952613986790953,-0.9529842111545102,-0.5796874486692276,0.5748063114015944,0.5634263079040431,0.7117142893710469,0.6691692622902188,-0.46191754607767277,-0.8661870776462468,-0.41646190948860573,0.5694708194473115,0.389953127071029,-0.8736117719473535,-0.5881832908097864,0.025742947399588045,0.6379861906875264,0.5090471542222186,-0.643231876135004,0.2204451706454007,0.2190459734533028,0.35764352658014054,0.44538404218656513,-0.9189254437336036,-0.07294031498354459,-0.46916410788143037,0.22848353603026794,0.6205773216135944,-0.7686493981542051,0.5128698875697779,-0.9722815809332992,0.11721682682947776,-0.18102423196295891,0.6369144720568176,0.7507412285972805,0.4482096847259336,0.0912854011303732,0.10115434190381878,0.7516854950003415,0.9288769660916101,0.2059190121540353,-0.7833985430630608,-0.7647310919266677,0.01705975996515252,-0.4008570020754214,-0.03319983037506158,-0.4676633292787129,0.10353032763528569,-0.40732283931340874,-0.9354351444941329,0.5677487102267293,-0.8195712813880629,0.6314500664429781,-0.43306469873878073,0.8154832077908907,0.8311755656232676,0.5367673623575895,-0.5963686377278674,0.86808258801977,0.22527508363072646,-0.15046438813516394,0.16700549505389395,-0.8786895889105868,0.7470029362942934,-0.9216107379148331,-0.3721859275758277,-0.966452380712862,-0.14311196095335266,-0.7312751750609312,-0.0167032711685986,0.9732286346370755,0.1054607245235486,0.170047112063612,-0.1793570438651686,0.7577932655681399,-0.8809870166894038,-0.11102373161175949,-0.1555460367117396,-0.18867224375410108,0.22277314473666632,-0.4925732503312803,0.24560792961304223,0.780979882429061,0.8216005188200926,0.35604446094226017,-0.2586552315077777,-0.06026140451741124,-0.2571952975592786,0.2917584687685191,0.23605739813021964,-0.16659734323657127,-0.6692312300781571,0.6149404335842177,0.37562570062711,0.4175531477138925,0.2075209192101093,0.12130343648159858,0.5434890690289123,-0.38618744733037547,-0.10063587699568788,0.2580274846180812
0.11177546585128817,0.34559660745141607,0.8261304679294579,-0.9164726549806317,-0.5508397021661848,-0.8978096391668495,0.9130261870471881,-0.11204705559900585,-0.21315881551708382,-0.9324713024543578,0.6530978608055977,0.7359150247787218,-0.3446247866691481,-0.582800037332067,0.7450037745789289,-0.43966444315769637,-0.12204176518768128,0.616260112530624,-0.9869311306456665,-0.16053668385553221,0.3000227783342364,0.8952574673414035,0.8934191389925183,-0.6131270262972126,-0.8512258091440965,-0.06375285614121173,-0.13752215433266368,0.6679906388861188,0.7081118810082381,-0.7019489966473056,0.3915283840715915,-0.8836478005372603,0.34626949012521857,0.4242651914112232,0.24633257522222096,0.850696017643028,0.6706278613309273,0.1546856830223866,-0.29005739595737734,-0.792166884996963,-0.9388641847811596,-0.6687365470819171,0.684539370224853,-0.5527943667394128,0.6757444373358825,-0.8444447163389159,-0.5995149766117494,-0.4221461638690476,-0.7712383555948854,-0.9579916780751099,-0.3218572732751679,-0.7309608493490545,-0.07496407978164776,-0.6655608273872751,0.6412330687424606,0.7790397752891289,0.29411702511258664,0.592148600245749,-0.08647832327970617,0.5590451236435479,-0.13297450418150625,0.712791615792334,-0.36352861625653876,0.42267869873848696,0.5585954374432691,0.8082242218708877,-0.7752403512546147,-0.675453737874373,-0.007503178862734883,0.8049576632738518,0.12260237869805146,0.5982558361391084,0.3140543423078579,-0.41981531389324633,-0.40379295460189213,0.7406753324395312,-0.7146487902883827,0.8381054077138264,-0.985637353992938,0.5795616136421973,-0.336255022169599,-0.23859867520624345,0.8736192609154769,0.3233554492715984,-0.5776680799590401,-0.6583274120524312,0.1521322292450531,-0.1801774991152092,-0.7890899511887424,-0.5000126212860285,0.4853960475167556,0.5987842530306169,-0.7144480748405453,0.06663243267193653,0.325264494528978,0.8882815229184748,0.6196018359582067,0.8854151050203176,0.7802135991682444,0.5643833988290732,-0.6466635713482187,0.9737397341570957,0.028276770496773906,-0.10771763415188595,0.38294511734622283,0.25492812769999484,0.05073215865847991,-0.919452482583045,0.392002088252126,-0.5868979789325486,0.7069428688106172,0.8927608650851626,0.5690595081772309,0.592637085605644,0.0071221861454240365,0.25492527481671634,0.0988323114384364,-0.9133731157397249,-0.30918950877879214,-0.8130295688016866,-0.06427064640211744,0.7186312934225634,0.6910801406505234,0.9875687889256191,-0.644109135641129,-0.8069879088277434,-0.12297311300677705,-0.20099786031866573,-0.43266026330097174,-0.7788340504778488,-0.1953168716945175,-0.33157077542644475,0.6145226008148896,0.09710901867073374,-0.8826793274226976,0.5672430755278925,0.04483345545855122,-0.8510705119295499,0.36904774719855205,0.6098456810002966,-0.1453444803632591,0.7460482741086047,0.2584346838925742,0.7242976703758901,0.4882415967875757,-0.873993111120952,-0.71040605203633,-0.7873787469230877,-0.7265552825444246,0.07883924219879712,0.7755296794065933,-0.38415067216565424,0.5950182749495743,0.5346290193912109,-0.5271650176703462,-0.07829578500785406,-0.37712457008723166,0.7266300303919604,-0.42967862626391184,0.14187215119785002,0.3893710953913807,-0.5454210376462871,0.29313520206231414,0.14075460913063398,0.011949002973820066,0.40561355841842883,-0.6661271700855065,0.9576180733171742,0.12511240102835597,-0.5663465056781729,0.3216301041921097,0.4659091899859995,0.4125766703434832,0.12393867641211154,-0.8172063944448726,-0.060127084007075116,-0.46537907150931135,0.6142689261633247,-0.7879534765422405,0.5751900684618043,-0.36655062809208583,-0.05933035876253623,0.13530393845552835,-0.2509528527798688,0.7249470520387595,-0.8782020694565311,-0.4682720392420048,0.5972213000770077,-0.3137760367815636,0.07263521244092197,0.1320799017542802,-0.1913094651786047,-0.7791688438593225,0.346210841807548,0.6600089414492025,0.4579084503715851,-0.028297785759379135,0.3411458345132139,0.3379410758694461,0.6224298896467724
-0.7817984565661187,0.6265154374548487,0.14456958740856307,-0.46871523261677095,-0.40989436189684203,-0.3054125448717322,-0.8417685742531502,0.6297708864761529,0.5418818133125254,-0.16938926381155528,0.0008068993827128335,0.6626174986831432,-0.38822306907017046,0.3551198507465718,0.8393603065819284,-0.25841561772730204,0.6075108098193545,0.6190617122850754,0.40608045005046445,-0.27528123307208796,-0.5598904294383513,-0.2596744335715899,0.025242203502815475,-0.06601047328765008,0.1652170838157383,-0.36846799604547376,-0.9938670493593851,0.639264335703303,0.9747334293574972,-0.43933088975383416,-0.8016394376277285,0.039005510310344826,0.28533083000790915,-0.8251469384969166,-0.38906595095370866,0.5749823276968387,0.22368861085296587,-0.6609190527713971,0.23493978280049155,0.3701014022884199,-0.609726126650131,-0.18152485193908463,-0.6641916543728865,-0.09872245550774528,-0.2667781901425952,0.8964294835117173,0.10739282107074932,-0.2940865118128859,0.5890387947970692,0.43225357837718104,0.1847825544585877,-0.09139997978600922,-0.13699528266383498,-0.3985258412458912,0.48726976476064365,0.6240504965899203,0.6550705780948562,0.3211860210884099,-0.9040253586386813,-0.5007283436652363,0.5710492585659961,0.21748530456059156,0.30379872711894707,0.8832955682061994,0.19012643274434593,-0.2428730475290084,-0.0860486362083317,0.07721876914102532,-0.6841708489988794,-0.20687312813563286,-0.841355151343756,0.01425622607453092,0.7599401401279133,-0.3447366710923916,-0.9504652579284569,-0.9171681341693909,-0.7444775543627522,0.13859517334092053,-0.38786152010646724,0.7242570105043842,0.5965871107949285,-0.7697284965138558,0.828080552094949,0.6537168060785192,0.4362590452045896,0.5284701578645388,-0.9656279369306633,0.5666019568298828,-0.6079988024981238,0.48415507540452274,0.59308193727343,-0.5114819386796532,-0.22209724862221214,-0.5161113106150892,0.195438631451319,0.10454553976346981,0.029754106678351322,0.18400148165210672,-0.1478537855048676,0.061163699694929186,-0.034803968654652406,0.9328565894461618,-0.4483369181283028,0.02426719851695136,0.7385293745325991,0.3694289809423701,0.8046235676439932,0.9921692729414759,0.6245230598189337,-0.6342543636510873,0.791058524244042,-0.8362509816923498,-0.9712614975259815,-0.6147583022879357,0.8245722915328733,0.3153178230607063,-0.19852401267831565,0.8220939683424051,-0.16100347681133664,-0.88950915235703,0.5177479570744059,-0.17397943453456932,0.7857979491584897,-0.39374796004784285,0.46633385501115243,-0.48546269946721354,0.5026270433045281,0.32387484328565175,-0.23848791788725388,0.23297459275008148,-0.39502046797187407,0.29670013585864585,0.4312057953486994,-0.9720373092553674,-0.11395421603019873,0.2307945878868647,0.2740825719352329,0.9025816225999657,-0.5824656392152481,0.7279327219358993,-0.5413691823023556,-0.1803335730073199,0.7768104194112688,0.2534112496620229,0.7308362623820186,-0.8122021908713446,0.9145869993477969,-0.07781982269057819,-0.933958437185588,-0.9604821849392802,0.6614470825426795,-0.4459789703804531,-0.14397422579475516,0.5199058317936536,0.9572633490165376,0.6068334043132646,-0.5422959993590457,0.1538117909336154,0.1588926337887635,-0.7182506096757968,-0.3826980883108808,0.9935961226467058,0.9001380400040342,0.45630456889784443,0.47606916173821867,0.23221960453156876,0.9777030719111215,0.14278061756052507,0.39285237560762365,0.8304354348505072,-0.3227413947275859,-0.012557835042909193,0.2840660545130198,-0.34786450108183775,-0.8762464473791769,0.8989295060365763,0.9149334023774669,-0.7807828272700399,-0.5136064573440478,0.022658297452365028,0.43190691113446533,0.8112905895723819,-0.11293497794776775,-0.28559192958185875,0.5280649960288724,-0.17325403305149112,0.3488122309105117,0.6812027839525678,0.9161354446628314,-0.682715712448865,-0.33030433670285464,0.2209305264725192,-0.950421293339758,0.8222093435352491,0.9078778226053756,0.8386983874965128,0.41460425282398394,0.9295794771572374,-0.032870505555655516,0.41531187287721916
-0.4295654629547574,0.007308422418570215,0.852960953525322,0.8831154817897331,-0.7526547793381393,0.8935839506017547,-0.10878445783210444,0.6778144501833894,0.0745351420214766,0.13575817726588157,-0.5967936265987805,0.2627492283926831,0.8649744396304297,0.7583917117228429,0.763625869041094,-0.5300075041856962,-0.2847169074760685,0.2820862034756031,0.6570802589495408,0.021887184756239186,0.5517752798629567,0.40541635455498315,0.3804238006457765,0.6794905235761519,-0.8205924561710995,-0.9539364932364531,0.17126379466691155,-0.4309446173410407,0.17747715597076086,0.7545017967024921,-0.8600246080896097,-0.8692374794685163,-0.4905591292073552,-0.8774969401285624,0.7198840617523696,-0.9457395607852603,-0.7655814156100846,-0.2233277772771043,-0.803084063103978,0.4198229840903218,0.528257085716078,0.765178694624683,-0.3340739278075773,-0.16846722369502243,-0.8466361901601598,-0.17136106641080984,-0.9433927019134771,0.9585961609500253,0.7429054318188577,-0.244738214001043,0.9612821937555154,-0.6297471474959038,0.41439058674651674,0.24398352388837985,0.6947851051286096,-0.05030581644037979,-0.7900348533665442,-0.03719429310198796,0.9070649859716606,-0.683815339239114,0.07790578386612368,-0.345813204153425,0.9043466430583369,0.2867270632733825,0.06873064883931712,0.7346980433292998,-0.8792347343886566,-0.3112975845423749,-0.7425094320995125,0.18663421705879868,-0.8746046213904781,0.6290959814408739,0.38004431950468653,0.6043529275653869,0.5953587179439062,-0.8526782989715949,0.0008723729981807704,0.968182360463101,-0.2569881211709466,0.3250451582263145,-0.16977965149029872,-0.2423884763708215,-0.030840597453885232,-0.12295151337551191,0.3204518100980349,-0.9946113031909878,0.8004090598368108,-0.3984547418001272,0.7758698034702347,0.8207812321340395,-0.1531981279573411,0.49794635171876345,-0.23863903289785626,0.7923509939565019,-0.8271628482440716,-0.2844191311690498,-0.42290095953961937,0.9264236485695103,0.9584278004046511,-0.3666613229426867,0.5347643241879272,-0.7223527964283265,0.9227667725554964,0.9591370165608553,0.537029439540951,-0.176891838584738,0.8883912054578944,0.5764911239003518,0.14033612528218442,0.7978152252145765,-0.17767896478903067,-0.1455384848203083,0.5722820545795553,0.6316232086742055,-0.8982839288355662,-0.06528019074141089,-0.6505505367637736,0.611551581733841,-0.7617195188959929,0.6435198332756356,-0.9764027556556432,-0.7712508773287388,-0.512482710241001,0.18046192624334645,0.4180494195601381,-0.15193080498479317,0.3408269888405764,-0.4199182404026254,0.13121880537718056,0.7505143556144924,-0.037700101097772665,-0.578379742032004,-0.5301508709046341,-0.8101016878662941,-0.5232327868012898,0.7512547835832721,-0.8546904568431128,-0.28724121325161245,0.5045997744449253,0.7253194821044857,-0.8914823819761741,0.0773158702602923,-0.9754481474916004,0.3745849379649837,-0.05543342966210307,-0.3885629085833151,0.8365123572975777,0.007988589716807049,0.5004754699842211,0.9844536385892599,-0.2459639755833134,0.3677115714316961,0.41077967913558777,-0.42068457722189745,-0.5378770691042938,-0.6957879658854174,-0.7613911786504777,-0.6064195486902297,-0.9117763764999967,0.5783584240651525,0.5885150729505668,-0.7432339311131773,0.14014772726132607,0.27797755971172444,0.2990509770439329,-0.45734956783888925,-0.5068215970161682,-0.09812362370126038,-0.5338154158649235,-0.6033047472719113,0.12007637710019003,0.9293195293469738,-0.4961333798432892,-0.6793483849396764,-0.06625876498140593,-0.8530931602300176,0.592839153278887,0.19160843476631517,0.8199003137583498,0.4233845148222828,-0.3731013538673795,0.2809583370552897,0.5884965762930481,-0.03945706438764751,0.6462814117948303,0.8282917005599624,-0.35587467764441816,0.878670145386989,0.9630119140017206,-0.2398766272051478,0.3444633392305474,-0.1331527074883705,-0.10465823554640119,0.9826778089196759,-0.17982133826166158,-0.030162169185909082,-0.7059548158580677,-0.5814492808389253,0.46181620266702805,-0.1902120315759681
0.6381365927616207,0.12402287454320082,-0.47504643310735517,-0.34603945469787933,0.18558234655486783,-0.318140579652721,0.3721953083358498,0.6731243653490895,0.1922163445256473,0.6723383224235926,-0.9502949667916529,0.6845671610453139,-0.5359914578799914,-0.15545702515070814,0.16874352799652148,0.27236375567619575,-0.18984645526510047,-0.13173580235399496,0.8596824889156944,0.9407704731988922,0.8019932964285896,-0.8591308677341376,0.6736875012024315,0.21423850238008124,0.2631234996751195,0.6380690741111166,-0.8189910985655839,-0.9181747493913688,-0.3267855551267178,-0.6449288502421688,0.10790739902956448,-0.5130514072295167,0.43307533466722026,0.8400051181520605,-0.6406511733902871,-0.33530037664746337,0.4444013193287695,-0.24932067358276644,0.12165326222323869,0.78678994270779,-0.36349746411707473,-0.8488844271485887,0.6903660848301847,-0.8455831155738514,-0.888757601649665,0.6505969820011801,-0.3082647011940538,-0.3727607331564946,-0.8122894731653614,0.03037572130398103,0.8652695680395128,-0.6582024221890452,-0.16947570214210783,0.22956406728654133,-0.6062656584540558,0.526555900861678,0.021874674379761094,-0.5411223796513303,-0.451066393858538,0.7504923584358865,0.8500287773453248,-0.22686588993523338,-0.9051477114633961,-0.6994123908436345,-0.9335535210025452,0.8267301664144655,0.0936613313096184,-0.7168061451922543,-0.36638308844741374,-0.23989822240846737,0.35559261540718823,0.36308536829615035,-0.8473689595286826,-0.6144725858869329,0.0113594755685964,-0.2517282949225892,-0.2908470555701823,-0.19761507843714865,-0.4299131799252438,-0.9243986068224961,-0.4027785236617365,0.029308793963175983,0.8324159751173941,0.767798171598792,0.05711226956528104,0.5998547097686664,0.19049362258500646,-0.8384179229305297,-0.06628175774611389,-0.9881242230736857,0.5343887581952615,0.7796906291285257,-0.16132823975501198,0.8540984744207554,-0.4916576689849623,0.4072540181712132,0.47446289670574404,0.9702968993386762,0.9008779023611808,-0.1453552528417874,0.8372633981774278,-0.11779047470368131,-0.9454977216944227,-0.8390697094740396,-0.57025986293917,-0.3725067813925178,-0.7053828062910927,-0.9832747867194485,-0.15765306052242467,-0.2779345893025531,-0.21225207145443625,-0.7897665613931173,-0.19025031760887923,0.2911313391595307,-0.6351160280020536,0.36844218983665744,-0.33605303476657555,0.09563241633118058,-0.2877574655129933,0.0873781333868544,-0.6463400600667668,-0.7978873741837118,-0.6565013061483023,0.02407353968514503,0.9113885998971003,0.059262220814961575,-0.5838883852059169,-0.35741074657424976,-0.49723300608660304,-0.7958520015924571,-0.5103410476902481,-0.8106581473577772,0.8369930356954494,0.1520638056166821,-0.6426698953525287,0.7675385456343811,-0.07756748924184165,-0.5350083649231245,-0.6143881545073488,-0.7022093038851454,0.796629560059656,0.6047189996642421,-0.29131726565647864,-0.8177144818923727,0.8816941784316199,-0.474152868285201,-0.5519783195405388,0.08430922073382341,-0.4177594286132358,-0.5568849878098825,-0.9330481622795364,-0.9268662606079661,-0.35183440730380977,-0.9096395776425263,-0.1026370171896871,-0.41240425854435503,0.5850914043273991,-0.1275367200787585,-0.8244258095958623,-0.7817578322686753,-0.5602239467964203,0.12891960623303644,-0.8650442564143697,0.913473479562116,0.9402235639058971,0.9567838819713612,0.6497254458118611,0.3889452234383335,-0.05340587869431124,0.01717174502115304,-0.05393058325067779,-0.8290295728458146,-0.09576131237139984,0.21919840511218314,0.20295210408860132,-0.02172843857011908,0.5776272759442131,-0.8281434237227752,0.6512034168810974,0.40676627288230205,0.07655147974414023,-0.5977448848986895,-0.5214379692985485,-0.5777333072518365,-0.1531374549269846,-0.30893723718651755,0.3125139418348737,0.8446839571547269,0.5963770516279863,0.5420918672837287,-0.8610844576071193,-0.28837450827912847,-0.7380164756402887,-0.7222543209113073,0.39582736653811534,-0.6921554519001434,-0.741931037303905,0.6801402336901736,0.24082391611057274,-0.8013919642750185
-0.020163857087703185,0.9015870193601248,-0.9448347086620439,-0.8252816079100052,-0.655687204988215,-0.9082520671032435,-0.3112570825358614,0.45139506192076784,0.7061666450247075,0.38190442424831494,-0.09435526755772283,0.3005911497875249,-0.458280540316478,0.09487624036448095,0.19287393317097945,-0.5057284202922916,0.40877322399369853,-0.7696465985206085,0.1268172340195204,0.14397532392543577,0.10141109296510886,-0.2750320985567367,-0.9326008354374464,-0.7233881849415924,-0.35178600784462155,-0.20678228458741565,-0.4918532815433816,0.4833939653856971,-0.2274163659801487,0.2646448067063787,-0.20726987261681118,0.804030108574926,0.8225569596444782,0.7556873948447009,-0.9783955656092147,0.021552824221741984,0.220810522688085,0.8949820400809414,0.6065353240885614,-0.8617288867518147,-0.000992153824627362,-0.642842464163607,0.8673007834862252,-0.9937305336415054,0.544565862875255,0.40596232186996284,0.8109237650955723,-0.1739915434982029,-0.6950232147680131,0.07346364709048125,-0.6471164395612019,0.5359145277985589,-0.34266617876044014,-0.30868094795477785,0.018022006617732567,-0.3603643199387212,-0.6188779012353463,-0.7414244831236867,-0.3677568501310373,-0.46851310850746763,0.384140495442602,-0.6923264117394903,-0.8780005489038465,-0.4702906594675873,0.047243912109409036,-0.40898707097553055,0.9567743604082173,0.4236545228444484,-0.6870098713239325,0.5482616729170169,-0.46453875516203547,0.6299338517690449,-0.38455222044826387,0.9944841524060215,-0.0009467656121111556,0.7511560706074234,-0.0633699270079926,-0.10412886452410808,0.5358594967031234,0.5968689954612876,0.80480163796317,0.7065876664645276,0.8961177343502158,0.6517640607170945,-0.8240623011043235,0.28583245738866103,-0.9328695608674358,0.9903682897388884,0.5479692810837204,0.5469207307948243,0.28886007908645217,0.7284837090923177,0.3282121358982999,-0.5559722801700095,0.7226743928001018,-0.9278268894878843,-0.4500533608436976,0.05761240296903747,-0.3133241122070607,0.9543116635861619,-0.08323225626082742,-0.65580198752704,-0.9097640777719007,0.8449044247845465,0.9883817446830034,0.3176821087274688,-0.3315149712916412,0.9474685210339371,0.8939375553088822,-0.36525222837519755,-0.2677433278117167,0.28089050727366915,0.9349643804937275,-0.5261326470934318,-0.6205647522382041,-0.24817371259696253,-0.9030388227916695,0.9829893281739166,0.5827951198718195,-0.06434901566564744,0.46145203049588845,0.7488978611681125,0.40360669023858664,0.45639973011357005,0.2603996594216518,0.9248998856813768,0.47112570116258445,0.9564360602023538,-0.5299169100562158,-0.41842308015150853,-0.9462279026512357,0.32666142994964265,0.502982943001445,0.5176695590552831,-0.301004707554132,0.7726692875617014,0.38510587946224883,-0.809789082432713,-0.7264557729515899,-0.9789958190939381,0.5572758670129792,0.022107449583359084,0.748304809059035,0.9515522385998993,-0.5626121253315577,0.4248879331563058,0.7305708403683306,-0.3415421579727964,-0.8699936202385614,0.5401966429977911,0.2758677921923416,-0.4406576317757067,0.30034565813943725,0.6398363545916594,-0.2934853932871242,0.4490550304659673,-0.25960316286986296,0.676841419878188,-0.7049977723461673,0.768038786262659,0.8270154633473741,-0.12943651426420288,0.3598483787821163,0.7021248077789528,0.9232195807318178,0.9839858905037908,-0.6206767234444721,0.5153776575871609,0.9857645803906587,0.10162136244715891,-0.10919484746361818,-0.6587104673981645,-0.8514144580165439,-0.6071378438473847,-0.6296460081243456,-0.010772463529666876,-0.6269787680277608,0.5649087135572548,-0.39789416934671484,0.09460978639959006,-0.981278693043234,-0.9503413884035634,-0.45320082671510664,-0.566432993114661,-0.42234147676323497,-0.2135607031969391,0.8601205972580677,0.6408103580656617,-1.2338721739668657e-05,0.45039746021733773,0.60220419771069,0.6870592405394671,0.0005189638033502586,-0.012991351581712829,-0.03173890447342398,-0.4479079280315059,-0.5153652698189461,-0.4752313574006708,-0.10365865875229119,0.36607362361401763
-0.46877905929894226,0.8402253319676138,0.5854853347681552,-0.47315585185842246,-0.5207069821184882,0.6475574447064336,0.9894902912303869,0.8194658876189307,-0.7085221910774395,0.10519653287888486,-0.6991354325938868,0.35725801240766963,0.1425451875344219,-0.3853236019933226,0.11482477617636544,0.11775911096877612,0.494233321985156,0.9216625615385752,-0.3012971941030411,-0.22576835208380452,-0.2632013172601999,0.10258706647681337,-0.13274140993607508,0.7600622757765374,0.26273488622025054,0.8787522280937978,0.3573804611116691,0.15593390539693952,0.9088688806647172,0.9304294621624389,0.8724661920168353,-0.993815235697687,0.6012242252257525,0.36129918387846205,0.6338322078984218,-0.8134603194432062,-0.15619782884719102,-0.5604578504595499,0.5352535934476925,0.29578024312196916,-0.21146856898442845,-0.574023265171977,-0.7838278635606135,-0.6323255200465354,0.7023296544537552,0.48892152089783547,0.6052839592678612,-0.4468672449022939,0.5251492839489955,-0.22658783683646333,-0.4251865211042958,-0.35555082792240533,0.7219390481603443,0.7647693410597971,-0.23318450642360622,0.32809156127176453,-0.3320970177357343,0.39604244253999754,-0.9774929555648486,0.3285247389684396,-0.011877202593414404,0.29417160364346273,-0.440593618169441,0.46726628113709157,-0.8409830034449624,0.8063502198120296,0.4605181226078885,0.16343156111476653,-0.7762694976906146,0.5067021867748775,-0.07931018274250956,-0.5485196069989533,0.41324157300205977,0.6723822255929419,0.649363495122895,0.6106256931887406,0.5357720502704097,-0.3814638556459775,0.24954119769430116,-0.8505067263798172,0.11352047754691408,0.37668316510699995,-0.6683291578926716,-0.3593393612532725,-0.4454336973831434,0.27425694941995493,-0.5542214298252082,0.8688288038995642,-0.2637030412066481,0.7552133919558406,-0.29716127705977735,0.23742987656437498,-0.8353206168031333,0.024489081823355185,-0.385728802212161,0.19269967261258625,-0.31798516711464475,-0.9764020119143224,-0.718746242569061,0.46120078260248953,-0.3414613743537116,0.48056354440193316,0.47761478085646325,0.3243986364523159,0.12432318326243075,-0.12282031867203114,-0.24804613717057244,-0.8293172854963138,-0.23994741286952692,-0.36895241809477763,-0.989014032046656,0.798397938857812,0.043989175669162384,-0.7740498287966242,0.19104999395504563,0.6915916878613482,-0.11756188538632961,0.21037008709099325,-0.7650291500834732,-0.2576530804462369,-0.442598811471147,0.510213821261184,-0.9402314266579099,-0.39563040837097185,0.008895571109351907,0.9523495499169183,0.8746641691278028,0.9282475497849059,-0.9122686307862018,0.32769259830141695,0.7297676759021523,-0.6897277775871258,0.6379766687428334,0.4568749295809844,-0.7118481373653718,-0.4900803927606505,-0.9688440899030948,0.5913833767544019,0.5548711268319537,-0.5250276876956268,-0.7373279515295537,0.6853874400225182,-0.4619142129475735,0.2041281975756224,0.9558239803315891,-0.40872704301376617,-0.3580402259430786,-0.6714675351351742,0.5795848826122929,-0.2587715337054366,-0.8451871228775545,-0.18776385209422264,0.6698815768556938,-0.4034234044820648,0.23239294043308756,0.47924330069797505,-0.7206444652046033,0.20253853970215951,0.6067127273981368,0.4527921219505773,0.8669159515190978,0.6807914363958623,0.40341218017994107,-0.9309649128844446,-0.5868066693226233,-0.8099479912988794,-0.8851680116585563,-0.721542196981531,-0.17149654243105505,-0.5392252095260215,0.723918609236679,-0.2596013303986473,0.1996235048711148,0.5303761472785169,-0.04058020277456964,0.47689469431427645,0.9490804012361562,0.8798372373953731,-0.38804429187657674,0.2557464468379944,0.8165142441170177,0.017504018660819298,0.894877364363003,-0.08512505276914584,0.9254635129893112,-0.2580145892897263,0.3164491796958355,0.7084851531652923,-0.35590396120900647,-0.27293453222718767,0.524140639596351,0.15112226413953067,-0.27916184497958585,-0.6064138451888128,0.24008190606806257,-0.6737872687445352,0.13783958069740776,0.9719278526692949,0.06574101043381209,0.5411882642709709
0.889812091756917,0.3288402573324203,0.243305329293247,-0.9183580526114399,-0.43919820337373716,0.9773286110371813,-0.4974101273172684,0.45202662584105613,0.8387699450930486,0.16091354080768738,-0.8377900614968392,0.6733668973191564,0.17047943159681278,-0.6096704995504645,0.04473052995975446,-0.26940382203184265,0.7980458765817251,-0.8990911924263312,-0.22917165139867612,0.08949625695962515,0.3566941890182218,-0.9970527901640884,-0.3635200969717838,0.7246169319117954,-0.2031181004101834,-0.7171961106211506,-0.443006705111223,-0.7480922236127001,-0.7587295607759166,-0.03274500790614976,-0.5431262440890541,0.7638288066263537,-0.4368583766452909,-0.22954545685648875,0.46515584663506915,-0.47576719150994906,0.4264058888054896,0.38186135010659683,0.11927317001069748,0.6537693846563841,-0.3830205270400382,-0.27308046767032224,-0.11449904706883407,-0.8667498940285532,0.8883274897989413,-0.3951776155970528,0.5959222342760113,-0.544380943114845,0.4514319496887167,0.49142974650087523,-0.4469594313730174,0.9810250356249492,0.4831272814472478,-0.2570445612096135,0.44301473660173407,-0.7783742404071667,-0.8949447449390322,0.6563006141868075,0.9898578290865949,-0.7416757489401054,0.019379241518032275,0.2892659162414779,-0.6944885998522752,-0.7734145872330473,-0.7946145252641286,-0.897516351093175,-0.8235891439896585,0.9105275923277303,0.019804000002814126,0.8587671146685354,0.816714203521387,0.37675535744456967,-0.41613749269265865,0.31031589795052184,-0.9995003173293786,0.2851930135720422,-0.3733784847799011,0.243591191874726,0.9000313533205941,-0.9375996273128566,-0.7897904125464721,0.08377502116542046,-0.34965915477237064,-0.6728685737442739,-0.8299126999104174,-0.7206008804391568,0.5540237083226478,-0.7281770186183676,-0.9195991437447943,0.43257360721768934,0.8861779141322523,-0.7414786759953329,0.12805064211975936,0.5348756825921326,0.16106871503095843,0.7770033390192881,0.8582455516534948,-0.49742254547022324,-0.6353442005658061,-0.780575505898651,0.7312537832762507,0.8074914248474014,0.5575606079982873,0.5852762776112328,-0.9778393052571073,0.031190554340255527,0.9009165655298821,0.959346496808337,0.6669461630262143,-0.707011456158855,0.8416809031502039,-0.922210248364471,-0.9827431329202216,0.4737021954542815,-0.2711143990034439,0.7838480468653428,0.9091066856231484,-0.7756553326410265,0.32784768537198805,0.10805759593414055,0.28664634794220833,0.7571406754272518,-0.5760447639632911,0.49445052916181376,-0.01452461802477889,0.9016972308628963,-0.4324166094631998,-0.4020139509050722,0.011296386440491357,0.1818972962884584,-0.09204638569238988,-0.6900053413735676,0.398824881785685,0.3344129283528656,0.16013280500131422,-0.8587483155237725,-0.18948907178630292,0.5546716107525662,0.46260655044624555,-0.17890707113977045,0.3331823089443249,-0.2215495201653035,-0.21404390528122064,0.2548881205436593,-0.6315551782330175,-0.1393307414172844,0.3333873407035659,0.4722616237479351,0.025827132804463915,-0.728701865723848,0.9301008945720466,0.006869954190930061,0.2829197624459403,0.5493912169278414,-0.23571152175866517,0.3960451010804955,-0.7011097923999485,-0.25905325234443377,0.27677324865651776,0.012624395545450584,-0.36261966696004744,-0.21215046301112572,0.7760736969448758,0.8727480172840523,-0.1477709528366964,-0.31327112853944894,0.5667455393620386,-0.40723419647996106,0.020276274662336613,-0.41341876491796925,-0.6540131822299111,-0.939180853565561,-0.30781908351629816,-0.468717995503082,-0.7751580713234938,0.973778121702362,-0.6059214059623215,-0.6013841015073562,0.7527587155290651,-0.6444593054909145,0.33890543457825184,0.5384630159739054,-0.06518581244084332,0.3122680222596905,0.5990700649855014,-0.9353743662572171,-0.6195194697791091,-0.09910604283970481,0.8538590867226503,-0.3358394459063727,-0.44262425588778065,-0.6620367097172457,0.8909643187495595,0.8177128274753589,-0.8131790026155563,0.862108241982178,-0.6533563248810998,-0.5524251288794064,0.9879702181511023,0.9166237833765449
0.4782515813701447,0.05725956846188396,0.2618134939559855,-0.9413722199371966,0.49374645168284115,0.21911208093082357,-0.9693823956638319,-0.47833239065313515,-0.7004079165330155,0.8664639416667905,0.7048044901561752,-0.12751860772690238,0.35704293460646297,-0.510643238136409,0.29874487917254755,-0.1681715846680818,-0.6125506116925368,0.2503901853306336,0.04318783226698919,-0.7353235202238317,0.0760656941738358,0.3680735819919958,-0.7072374431974537,0.9775611209052872,0.7369153576125327,-0.9856984286365824,0.39291366464956234,-0.8090981106501212,-0.7007661159981786,-0.7799786444448307,0.48384275900272367,-0.6632248946678467,-0.03470765447327029,0.20971440371293393,0.025320713792596594,-0.26288113339368624,0.13940293806735093,-0.19118341323405796,0.2627400928299275,-0.8455772736656266,-0.8243604231438957,0.847160838398187,0.747242237930005,0.10240219293002584,-0.9661194382421312,-0.6652300730269327,-0.7750257869774462,-0.8905798447105053,0.946674459627673,0.9274201239808617,-0.5759136437684114,-0.9574764996150846,-0.5080710939386446,-0.24454362225792892,0.6032928335181418,-0.7543172333155512,-0.0011731435874793306,0.6103001836188058,-0.6699820347519199,-0.8347792133464009,0.13095361271477124,0.6088358899648505,0.25278785464205966,0.24072723172249977,0.5929738352800609,0.026374010672524983,-0.6237787563227022,-0.9978667184636656,-0.9606697490540115,-0.08168474332303255,-0.7337832994668592,0.35304246862629807,-0.7384178322249839,0.6180772192081121,0.1700335971492295,0.8636694451947446,0.1675914856376528,-0.8870791847441057,-0.1396792279468444,-0.9975484629972078,0.02239443767699667,-0.606054998816919,0.26984192651097527,0.6590477469625509,-0.8186958842914023,-0.2520013169047557,-0.6176149281378076,0.1825348553202848,0.6516027789171266,0.965656591327791,-0.8198288428139255,0.29800373175087813,-0.7648106886003228,0.6736041745495134,0.5346328986227478,-0.7143633146919501,-0.45682640114466544,0.9900408379899135,0.2117755590939796,-0.5389855832291333,-0.8346650978161274,-0.3113850886763485,0.6292923699332822,-0.621037312867289,0.9689446270184161,0.710818054015109,-0.7720599418410721,0.1842211323417935,-0.23847669888063483,0.21585887372646173,-0.3014015908976073,-0.27861467152760255,-0.39197169384297204,0.18865087156451765,-0.8491902241939389,0.8600391217835954,0.10019514054439704,0.8978935710558347,0.10867850992688322,0.822800164551341,-0.012328201637672898,-0.5281394234042847,-0.7522425390897269,0.41271418978359775,-0.6321527902327817,-0.5545079393504992,0.802284902738239,-0.46815986888556904,0.29518242437700337,0.39626448169256956,-0.0983569140373517,0.1477167042702976,0.919802515391362,-0.8925033402468672,-0.4653866087205314,0.42680410922911105,0.3865019897000994,0.9353008105943583,-0.4416970298137912,0.3451547343427184,0.23008425442158176,0.606650226648054,-0.14290530948918923,0.4656108269218513,0.4106005467324918,-0.05070223688775477,0.7681442285424,0.512054264964154,0.7102181216380712,-0.4818767434948741,-0.3620666893913178,-0.5618766852649828,-0.8339767683124224,0.27203361725071695,0.9064770062170335,-0.013248093976869768,0.8099831265960684,0.9661809529764074,-0.8034354904651078,0.6549897138686123,0.7091792036153608,0.5391283136886971,-0.08442368109697651,0.028888412749681347,0.3101347670096597,0.6399804725060496,0.4524042331303839,0.07988452581154726,-0.09213466184701136,0.9039167933842112,0.5342631546870398,-0.319482922418421,-0.9049539289098381,0.25197932428926295,-0.8425044157712669,-0.6577591608057862,-0.5822704080782748,0.7409304422640008,0.02622035124730382,0.49438862437315056,-0.5387966419024663,-0.1574999815735909,-0.36317483742117185,0.23538500630826276,-0.019249065030365387,0.09989048504645082,-0.5791747426813258,-0.7058822396586995,-0.5692185522858475,-0.34364509288376155,-0.989246023481392,-0.8586458661912717,-0.3267817412401324,-0.3029366256882988,-0.6877228287851733,0.8064124282735983,0.5804045437654581,0.7341623846768563,0.682266641170197,0.8758730159044681
-0.32323478762016933,0.41460750947706626,0.3244805736222207,-0.841066033216336,-0.9298398143487097,0.39409805973329615,0.08884970439611006,0.9620709618203194,-0.9159884504238462,-0.031846836758558705,0.5659067864264327,-0.035169306593505256,-0.7499974941621188,0.016226946461453062,-0.7974386058811336,0.4660801970628654,0.1581748889633563,0.11599871060630207,0.009686089219567151,-0.9834728704626763,0.03404722511944325,0.11720949908205469,-0.9028600448126782,0.8338239796349995,-0.5586133520692402,0.09429478399854574,0.2607142867427319,-0.7994700357110738,0.48852097975452025,-0.5574415306964409,0.7857475732480455,-0.536888429532919,-0.9561929916935119,-0.2093081320957726,-0.6176403280089884,-0.013591538728668917,0.12670886452981933,-0.1988122781897539,-0.8568619491098097,-0.6627990096516383,0.16349360083592068,-0.9964470498188913,-0.735388043653328,0.44965393099665873,-0.8793688576630114,-0.05954491192747269,-0.5017517999614296,-0.4264538908341653,-0.4157318056789887,0.6291647021423838,0.21119218137363593,0.21404570344388296,0.27736800281529517,-0.7739489071383252,-0.6873008576611832,-0.8413802001238864,0.5258717423857417,-0.11467126636014635,0.4627666299108735,0.2747947983234593,0.4592684011841963,0.009375913785045986,0.6323950299922605,-0.4588018317808651,0.7143472195165348,-0.9958371072198442,-0.012254804602080283,0.1502262635751639,-0.8378118741453229,0.20909164714864525,-0.4949438037532541,-0.6587997791813673,-0.3393108752486924,0.3847005921314235,0.3206871473679489,-0.8797820333086976,-0.028703870309950474,-0.5791397102359126,0.33491502391699157,0.9685001977436625,0.5800032512660953,0.7067719995678428,0.15506483247054992,0.13371451929247224,0.059220729107891,-0.93192652868946,-0.35396795319246843,-0.9066693766934679,-0.4053982507636473,0.8077935766872877,-0.5615457146814649,-0.8032403423727283,0.7971501807426724,0.25259044583903045,-0.14114572872779263,-0.9444162877083406,-0.30961719327144555,-0.7897146770756576,0.37198157718011227,-0.8856179345525872,-0.37300756208119856,0.8900231170885733,-0.6049755460865338,0.5210592996911048,0.9204433753119037,0.36458907844500965,-0.6645653583943778,-0.5077832426612046,-0.25956343606967636,-0.5792127709365125,0.5345171910369093,-0.30434339683460077,0.06489320494002326,0.21432399892653908,-0.7491160536484458,0.09941812126772254,-0.2322222621314649,0.6507768230151763,-0.6329417481225896,0.13488933565653682,-0.4621799918835212,0.032168333741249056,0.7122337463534416,-0.20275774427557858,0.014400893680312388,-0.4110230530579282,-0.18940867003268647,0.3089336721486253,0.06595533100233797,-0.491370205098006,-0.11965987115193233,-0.5540909495747157,0.23684808568837257,0.10295499768069116,0.13590941193815054,0.297430932748471,-0.8324706708561358,-0.1481785458488758,0.9419612315080164,0.908755071008658,0.8656961710327171,-0.7157558158327344,-0.6387653443502372,-0.7409379793227118,0.030595479173534335,-0.8408254822190666,0.6515701758943588,0.6697060293718553,-0.9607230506956153,-0.7593710657954211,0.06313940237423421,0.6476068515598945,0.9192340553801888,-0.7101247493292662,0.520621256798391,0.7893938643715639,-0.7764167922078224,-0.44186156423614453,0.8524768570728007,0.9550912129370537,-0.581263050900781,-0.9346109168043606,0.8922540145307116,0.5569893045242158,-0.8866384278215202,-0.28968704568993253,0.47392845208191203,0.6861775085767083,-0.44941237203816065,0.6468913355301267,0.7316110286476154,-0.7077784275066492,-0.11435003826149259,0.422429835666869,-0.09518906989745579,0.24047995593527216,0.8419442857906305,-0.7500225205568625,0.0232145060153659,-0.45142022120888603,0.8566156815664623,-0.9839503723306664,0.9298044728454833,-0.7172789615311477,0.0644874010249874,-0.7429731748491966,-0.661838919129226,-0.9479459518009923,0.21070375041263012,-0.46798771498264613,-0.9222631166997854,0.01601877513150929,0.8146016045507796,-0.7472894670878449,0.9702679902110563,-0.06376018217874457,0.3827226967561561,-0.05232779097797313,-0.4075978079531717,-0.1781710200134643
0.4446790252423485,0.4228542180275825,0.9412425476718465,-0.5952370590297054,-0.28652031100477027,0.6498336520996044,-0.83001977383046,-0.6534623856548951,-0.06921927221678281,-0.8343828187271103,0.7538340796001437,0.3766757892160775,-0.972861964856673,-0.33504473613554775,-0.7979104156188068,0.8413772384638614,0.5465943087438265,0.4931359232215107,-0.06331961650900397,0.8279956399006394,-0.6967277733553683,-0.8624197035322976,-0.7525903184277756,0.5245270271818745,0.5243317100520226,0.17673191756523066,0.8596228936589227,-0.44215670860657985,0.6564725401679252,-0.8255288383249875,0.7551505015582576,-0.20800871771306562,0.09513079302656413,0.25129623284860747,0.6803147420818942,-0.626800655479393,-0.054904358917606366,0.3188337920036026,0.7124370087836669,0.45545635682177465,0.7025779060934005,0.9549133041433129,-0.0028302619101656656,-0.05512551935488408,-0.468314054832188,0.2576816048791388,0.5969996509600595,-0.44994749825634983,0.35412824454897973,0.7665338350095974,0.8252801249983421,0.7047993162562245,-0.8392357096288237,-0.36392126664181235,0.5156793752390323,-0.614686660666248,-0.16442079558591516,0.35891346800626445,-0.026118100091095275,0.9975620400584815,0.6177059934373001,-0.790721401907158,0.43511684181819565,-0.18357687505405784,-0.4949432428808431,-0.7933322967195697,0.7237349599025051,-0.7084241342376507,0.47205802114755535,-0.6394861272028423,-0.6959526337797779,0.12882523015103042,-0.16338250853750358,-0.5545108918418928,-0.4064746101972494,-0.004285122196926894,0.7361872522646158,0.2904325739235054,-0.04185676875550581,0.12392023643778116,0.9955965086343899,0.6928869349009632,0.9467202100904724,-0.14978850404460764,0.9793676920243257,-0.0774329172204411,0.4618559232120716,0.47491588259115813,-0.953481214661311,0.9265958757240582,0.8527935461433929,-0.3390916218122333,0.4582698894913124,-0.26485040371829927,0.981222646006674,-0.2532093755270346,0.22915886981700084,-0.7598657807341977,-0.47802926964349424,-0.6963197207557497,0.8722882447179297,-0.538119937852233,-0.7249528810496331,0.09436223162969615,-0.8804783132595337,-0.1245619278143213,0.005527383426926713,0.98594276793462,0.9875493668617945,-0.5025098819456717,-0.3485423795697207,-0.5398608318679294,-0.4453192692086545,-0.6407581545432934,-0.7614176836195063,0.8027642316224153,-0.6882239772240293,0.11416656403244807,0.8456260641694167,-0.013205517925200194,0.17163484781440896,0.8028121366759866,-0.5629628127202959,-0.3443570797437969,0.8395355725463873,0.2698140828091944,0.9736697880627687,-0.896595677577209,0.1535975752238612,0.4160169809955654,-0.5140733142380534,0.5535135805272509,-0.43698810794576715,-0.286407417851952,-0.25353360742709596,0.013651310844110531,0.21266746885674737,-0.3955265393816927,-0.522595641729312,0.4735109435829794,-0.912626851059664,0.7661098518732536,-0.8008458376550129,-0.4877198983091615,-0.9720111248139032,-0.43523337892677394,-0.8526097321628203,-0.09233581137862346,-0.9538851723185251,-0.7828906999632586,-0.8512660660283367,0.5184157532925662,0.6362832114472725,0.1704475322646386,0.13276977619476282,0.46301335572706326,-0.8918512556998641,-0.5004213201397494,0.8593004023934498,-0.22961972465737768,0.8470658099474904,-0.137628977437539,-0.9723846846557671,0.6321182611109486,0.11118661109121475,0.7345037226778863,-0.5441082649633431,-0.4328884192626341,0.40510530797755373,-0.23651321974083417,0.6811843174494883,0.7165404457635558,0.1400252496749923,-0.49925293902178813,-0.2701386243237307,-0.7240691958047121,0.9933634410336678,-0.3429410179538861,-0.03218828320813061,-0.707043449751686,0.07555402236536235,-0.3371774199471731,0.43491905023719357,-0.34944239317182846,-0.43805436160883127,-0.43716828204940184,0.19495309751217116,0.019813476629617854,0.9812283898077461,0.17059054179632316,0.372722336636798,-0.5655390470612602,0.4701307332711393,0.850216195056164,0.7445460856064003,-0.4375923067740446,-0.18100232754309853,-0.8814041507375672,0.7188654667553256,0.8163150514661686
0.6302288426986953,-0.27651602504245365,-0.6723416129742119,0.3997512448328713,-0.17895275750037665,-0.7963270421105659,0.8582454143071978,-0.7267332999557203,-0.3996179329581231,-0.7772967339236849,0.7599435579920382,-0.9566060404422199,-0.6781298070581252,-0.21021031934327028,0.4195282165110221,0.9091434884302001,0.9576634550603209,0.9716725507937671,0.23954976568535247,-0.8414051424620443,0.5218624148598592,-0.09876454266089518,0.9804498387572362,-0.9722695738322336,-0.13533627148570737,-0.5426779938070112,-0.4064282179468872,0.020009213822387295,-0.7865190550001291,0.3097662035100395,0.7302465313897477,0.573439042450266,-0.8254129313037206,-0.7553355803312778,0.46485099238864125,0.7575471042063069,-0.8276371909038942,-0.37400493334236606,0.06820467268454311,-0.19797005520008581,0.8040546058726956,0.04610224389995987,-0.5360276609466899,0.3778117982364151,0.8032852777197379,-0.9961865419262939,0.969984461250798,0.2266434702612159,0.03487034432373215,-0.3611310212656418,0.7010169022512232,-0.5256130518862507,-0.04948625757512981,-0.9055838552995727,-0.18863694265909237,0.5960983009281777,0.1694669458349798,-0.7007512226051389,0.011474368074194441,0.6294957942289554,0.45922537882580006,-0.3169028329602819,-0.7259909016346062,-0.06344886977750908,0.7349294245507281,0.0887304367936892,-0.05726108926987994,0.8626798936649023,-0.6383284865947256,-0.4680727683042516,-0.12479513995041058,0.19174351810934986,-0.006183416825468191,0.4193617669294769,0.6235402165673385,-0.016600672393352056,-0.32611724529427777,-0.32728528523438194,-0.7389435008151146,0.8830309280812414,-0.8193023835942892,0.6463488877362478,0.6685701601753968,0.7601817417002166,-0.16906628719330818,-0.46650901867359873,0.21062527396519615,0.3956152697343229,0.1376054369923081,0.8445876564238592,0.7090927026669664,-0.24396408769683764,0.8401941051387196,0.557025794838361,0.38576244689291017,-0.4121894590120381,0.9641562746928594,0.6318987550422877,0.8998986918954481,-0.9152301054330896,0.3934302063455477,0.7334109017973485,-0.26978963933444344,0.5571010357567245,0.9472688983909354,0.6252613760123298,-0.45883748586673634,0.21592003188897846,-0.448916068596531,0.2641380628407708,0.4084960538040252,0.5246603945803086,0.4209342040902062,-0.7747026548558955,-0.9793082910982658,-0.9863697953168111,0.23091286023797686,0.06847160942896835,-0.07185177781799434,0.2887399668646451,-0.2481502507469453,0.3661873790223342,-0.2978220300256924,0.23492285289618509,-0.3851299069878491,-0.8057163029852337,-0.013007474058313928,0.18383735607169482,0.7400457319025149,0.6500097467299786,-0.23520424327787692,0.9369878558639797,-0.25205105890506974,0.9168619764685926,0.7153325486103839,0.22190014286417914,-0.8576316289676542,0.05990462303626454,0.5327102016254801,0.43442225462602924,-0.6185995402993858,-0.4643542096740296,0.4766327771726149,0.41191542310719287,0.5497864037056557,-0.6292804665639555,0.5790496263781979,-0.3414328571156424,-0.440481102135462,0.9712488278081328,-0.9086214379132507,-0.29861581183237984,-0.41078845314151313,0.2552104413087899,-0.011204683491092382,-0.009585152420688248,-0.8799168906010459,0.8968545966336832,0.06610583373101497,-0.029069330542454308,0.4623949988997609,-0.16958816657696074,-0.9403309982261139,-0.0932972246534276,0.5218469215976107,0.16771519070117202,0.7416027266233678,-0.28036856583830483,0.670893449627556,0.7935177971157892,-0.04762729210250205,0.12120093614626537,0.7012211283807916,-0.27497496626606477,0.3730611714809766,-0.7903418662389965,0.7591847857920826,0.25777503751376085,-0.6673238611475634,0.9517628743873265,-0.9016748988653438,0.040811824035575484,0.10964947633299738,0.3395593084686541,0.46382403293517616,0.5095352550252483,-0.11644033136040366,0.5227197898916431,0.7663616979444823,-0.9244024101207355,-0.3782872781303934,0.6204984160567661,-0.9073828528427201,0.052067569575274364,-0.932646211163491,0.9679459376770196,0.1450034541139249,0.29088335345797756,0.3293736729529648,-0.035960142287596364
-0.61833152247094,-0.9652323602116912,-0.6989597755780583,0.3925852166753694,-0.2744898551394146,0.06571776415249131,0.17437389875343223,0.7778024999984721,0.7583764045007166,-0.714212853580237,-0.978934506208166,-0.9071597005375165,0.9257402276830173,0.5577203150040346,0.18830395923971333,0.33092408279778374,0.34003836240961194,-0.22097503638252358,0.19501382750606555,0.48855675759832606,0.6280862820916449,-0.02199284229701104,-0.4421962680683065,0.6389941986979712,-0.3099348207770214,0.42913014713915665,-0.6263096157651062,-0.5771262167098996,0.7200874900412091,-0.9829641965541032,0.9857891912255217,0.39859349418370504,-0.4991311104221434,0.5528423085463834,-0.113173527510672,0.16969716066822205,-0.1460983517855723,0.3753420213172909,-0.562476558127389,0.8599994943097131,0.729955052287544,-0.7402609054136025,0.40487293271055336,-0.27842716018028124,0.7391035168826114,-0.8420509287109583,0.6017794080313688,0.25252480857339665,0.8836363927798447,0.047459965324715414,0.6290322731117535,0.08681076370844854,0.42224446107081137,0.11953269706501857,-0.7230755771376542,-0.46661785835442493,0.5996846208138265,0.46425614700704476,0.6179437043428377,0.8470638197457225,0.17929081992246543,-0.8315351798673092,-0.632942462398822,0.7776756183392037,-0.03249931128458483,-0.40386550984877867,-0.5918810931734335,-0.9329601711174735,-0.605692829154322,-0.3210343340268962,0.38624062729946007,-0.42932281148806717,-0.9914811911137655,0.3157020321213335,0.8565303426265447,-0.6170140647611662,0.012705975331527508,0.8613624467961969,-0.5062233263283544,0.4962900643878667,0.7268891395778294,-0.15962064698513312,-0.4075459466423932,0.7215902905525855,-0.9220801691303093,-0.3808031277971522,-0.05423435423815515,0.5873122953185923,0.1594275470238704,-0.20170652690790347,-0.5502142049329313,0.3822969924478252,0.3612274776850668,0.6804239723709244,-0.9074561083814892,0.1924656534288096,-0.03834228674553142,-0.8980517019135532,-0.7525102611944698,-0.9620914795097444,0.005700231034261538,0.758460211078205,0.31791051706895557,0.016907922605829295,0.06214216828536423,-0.6808163152158442,0.387940349182468,0.4479478935435599,-0.3787580436717066,-0.9375287169230053,-0.16701126748304107,-0.32491647911602883,0.7506755496713324,0.8063443110973527,-0.8533559367333028,-0.8394964715066593,-0.7506515403667535,-0.7582751727991894,0.0187193621336883,-0.7140265393621379,0.8699161596276759,0.9285500939080107,-0.7601731651457448,-0.7094710434748299,-0.2491105985244575,-0.8594645678372175,-0.7486115263625961,0.6554541833333176,0.5469527208046845,0.08888328057006079,0.664838672248383,-0.9575034373146143,0.5280257479084536,0.2000792374327267,0.2158543002491633,0.9192990705228761,0.8513847441115336,0.043842831826204076,0.38227820336462814,-0.0524785182968146,0.24178626171703166,-0.938883167238941,-0.5930969379222835,-0.17455554837244835,-0.9417767767944751,-0.08256928789645723,-0.10236154196363523,-0.21389861896617224,-0.46664482187255296,0.9310618383135547,-0.8796446778337659,-0.6496806266424815,-0.224244093834435,-0.3033863391823708,0.6117810897762033,-0.6486921199511462,-0.990416144958401,-0.45670159162321333,0.019499940219873446,-0.4309186085339185,0.2816004364544493,-0.8400500451209496,0.4587899380539693,-0.8877506979025607,0.05238927171143848,-0.7024128317955669,-0.565033859565397,0.0036130329838321984,0.5280493690390029,-0.6134010631551543,-0.06115929995037139,-0.7491215920441827,-0.7923012513875187,0.02278651601717452,0.26396801949240745,0.2910447578140578,0.1097589876058398,0.3868962428460785,0.7804771078435286,0.40589838447436866,-0.3735705218641727,-0.5182201410332734,0.941028207030173,0.2423708385554475,-0.04232977083984624,0.8778650908542742,0.37057825949791345,-0.4824723973827951,0.4146876458116673,-0.1895585389581087,0.6759752454405776,0.07698141184580454,0.09576198679880998,-0.8930990730718309,-0.437704653888765,-0.8582834433764199,0.9359859490666407,0.19197171533172352,0.6540318003104417,-0.3395295882154159
0.9292578610038622,0.6983671171992392,0.17310478621439196,0.28981050625089555,-0.5250900957324711,-0.8721129011611379,0.7587588401187191,-0.48877047445888655,0.2892858936813105,-0.4491980468433392,0.9733458259822811,0.2571412238424289,0.706164178793284,0.9263953660514963,0.1167070216069479,0.5306478801660479,0.7690344932003534,-0.8350237710839279,-0.18094925654722616,0.10952359216384777,-0.024228781504478603,0.533358514400138,-0.4479788878208588,0.7443992192685174,-0.8435733495932047,-0.8050932532041788,-0.7582635221012344,0.41194679467199213,0.16755696144857035,-0.3726561635855197,0.21979278528466706,0.5378745509064822,0.07060244826452755,0.693864787980937,-0.7840400534982324,-0.7296521817738344,-0.42443962645931843,-0.2138959430083418,0.3139818984693419,0.9041544297229678,0.11135070096406552,-0.0998160988591823,0.07732392653177067,0.07474693059372428,0.24822740331263482,-0.0010747752565842816,0.5882406899987442,-0.01495198555624122,-0.9562113198972733,0.1231279959629441,-0.5246758666831546,-0.6670119326109856,0.9950607445475921,-0.6395964693058502,-0.7090674918762798,0.27047178085163015,0.934366285895643,-0.7238232028855378,0.7227978257650314,-0.2993160198694762,-0.6996063709866613,-0.4615844534946092,0.6508321840469555,-0.3905720580202663,-0.755783849094311,0.42015042459364627,0.9437276439217728,0.1324528490897332,-0.749670000653434,0.7257662141759054,-0.33772593069606316,0.9933298839703208,-0.12168509583049181,0.1999326362136058,0.02978589169586776,-0.9146658420593194,-0.38754223124226717,0.18826544275481427,-0.09016046381172993,-0.004822250825214258,-0.7390806522352522,-0.5659449637662306,-0.9746694283974411,-0.040886120469556975,0.804575832443944,0.6609547032530589,0.15645218950905138,0.9244138676354792,-0.09225383344689253,0.665199282815659,-0.09514699889291212,0.6677308073496526,0.058734785298492964,-0.471529218895951,-0.4442275557883555,-0.052219321777457584,0.44087454556861316,0.979848308788114,-0.1866758813788465,-0.06768089595687865,0.9114317362584754,0.35423381946659394,-0.7628060318767429,-0.4351648968408339,0.40589607072797196,0.3488143250409397,0.4251563341891518,0.8850958223978527,0.23437617130380373,0.5782059611333912,-0.6274825606121006,0.46250583570449777,0.17025298326859284,0.49762541789148984,0.5584540466353445,0.06748910301934385,0.6474857894806691,-0.9178487353116773,-0.29514716520589057,0.8306862826027936,-0.14417495671546043,-0.7698721533877833,0.6623790916135996,0.316694653100994,-0.5797479989441028,0.06514523471705314,-0.34704148128075674,0.034731917473743934,0.32870249541919105,0.5866201678387171,-0.9292022648634448,0.2618029244691955,0.7712508679387635,0.69582329578849,0.19669155019365614,0.5514633090080281,-0.4735728273660187,0.35045191922133956,0.23876881670100247,0.955768693642796,-0.2792900203066273,0.7712656313261363,-0.015619706943271527,-0.7446001360071617,-0.18219930479272928,-0.20715494158119152,-0.8827943599457411,-0.16854895424798588,0.3698108100389159,0.4993137060593087,-0.11468352157150652,-0.7405781916514393,0.865225139317868,-0.04587334358258022,0.16019662885086672,-0.8118174977522088,-0.461128334539769,-0.6802734484669464,0.3003970166541452,0.031806368393172635,0.9478822996687402,0.6508621654103803,0.7900041373258555,-0.8132377422452144,0.36878461782256,-0.14265725005707974,-0.4224502802050085,-0.2242436593738859,0.7906266996337177,0.9720587544828083,-0.9203501995764085,-0.7831111522369849,-0.5916644333544292,0.7744600904840393,-0.010446616078295667,-0.6574600655424285,-0.2185989806830475,-0.7246172935415973,-0.7062218262954079,-0.08643270510045054,-0.8907504539755255,-0.408489862710512,-0.5346901745166974,0.5294654772372263,0.6117701083049185,0.3714763692992289,0.7931858137506704,0.3878318001253971,-0.7189883466709619,0.6560069963687898,0.8049493512818457,-0.2580864160067158,0.35228953831004617,0.02361544846730812,-0.8766360858151259,0.433291916950022,-0.08141828470751045,0.24725490185883148,0.3880478971305765,-0.25057331453792675
0.17030467379567393,0.20551191220200882,-0.04676076539100049,-0.30758364346054057,0.5170478527115707,0.07166867849255798,-0.15808601025621982,-0.4054494338340542,-0.07150122270261994,0.09259904469260172,0.9372515909140735,-0.35469641260650775,-0.26126936220275154,-0.8169580261152363,0.06823556051450175,0.12893347989595294,0.30689415823283195,-0.5393170625270576,0.6459249533806299,-0.4393485136870563,-0.594026337909423,-0.30740511166706375,-0.5852864708574703,0.7588942725196202,0.48112631388899363,-0.6615188999490182,-0.4138780771093713,0.7387966532163788,-0.8458151382523174,0.4295490843055152,-0.8839891408025586,0.4424881244976857,-0.3062012852021432,0.4335976013896703,0.4724547202642684,0.4903823839689261,-0.43755876742672517,-0.6580009026213305,0.9002065174280154,-0.5072603704219112,-0.44811743342432564,-0.5081911512316679,-0.3878150558255362,-0.1722993002673674,0.8202959770598872,0.016457104902576347,0.4678004017243187,0.2057921699258023,-0.5752847585698699,-0.36494475431725193,0.2304695151628029,-0.1752013217978794,0.4335864376596963,-0.2853764490542381,0.5103214294817162,0.9374909401988507,-0.5479958452387315,-0.19210683730191613,-0.7550845649643454,-0.014219355685581192,0.15179943635100535,0.24524993265099315,0.6159445190708381,-0.4783402671764947,-0.0428726831500692,0.6963733248689745,-0.20970395718594115,0.25206388134645996,0.32912414280871993,-0.0651189391433773,-0.9921231495793663,-0.10179941409663518,0.952015587602709,-0.4688810023389629,-0.8072904471753877,-0.9949097029888587,-0.6195068489025566,-0.2643125818875589,0.024462351998249865,-0.23899575507147652,-0.6111285763411163,-0.9378518882884961,-0.8412020741090669,0.5382973635996073,0.43741128621145786,-0.04696169454531618,0.1258723596537481,0.9718536273382687,-0.698870584537713,0.8051783845597278,-0.12909258279941538,0.39942345712839344,-0.7806079249662516,0.8811714570817937,-0.565503335692096,-0.7277144608656545,-0.5897851367123481,0.20861420766644168,-0.8076303122392523,0.7446308131838069,-0.9519273075058599,0.8425461172639643,-0.6807514334769675,0.9502834600567098,-0.8583572407729625,-0.29288580882138016,-0.5671594906670672,0.9003280238592641,-0.5642470993730515,-0.13636968156978946,-0.9199895844979511,0.08635807766053838,0.8436119351910065,-0.6188979181321868,-0.15931298962886675,-0.0042697135353382265,0.6565765169076978,-0.036452937598175694,-0.4030585414062171,-0.9051447132268191,0.48135512173127926,-0.903865098393684,-0.6430327430131395,0.24609095023312433,0.833251046415693,0.3650543436432916,0.6490584162785094,-0.8450325518221653,0.2873116476013282,0.9800190667971453,0.9572430200342912,-0.08799777003310316,0.8801114769050469,0.7306183952187448,0.0751504027404799,-0.4881226041126496,0.20040959478732057,-0.7348355919592595,0.26588018360128585,-0.10532912647597192,0.2571353057096326,0.6730210712454021,0.4125503346541144,0.3655209467516467,-0.058750112043203684,-0.4733745736960999,-0.2503750451922022,0.6224148275418218,0.5576826663105241,-0.8072795720795127,-0.40188611351516523,-0.2519611273101794,-0.3821436363778328,0.03466567354849004,0.49115321819222,-0.9507461667882622,-0.24131604902074533,0.9867584404442376,0.8830908756102596,-0.3912466542532924,-0.5089678538673592,-0.5222939590103726,-0.21045942926413486,-0.15099877678463725,-0.430719085214857,-0.7744827193941914,0.6154204191156611,0.8125102711405525,-0.4382456896331153,0.2238320042127171,-0.29356009688119267,0.7534815414863634,-0.07282858856771401,-0.2907861863509742,-0.5073434264068037,0.6340253312608919,-0.15137417143633924,0.3679616409297859,0.6061767169481618,0.36971599412500256,-0.3719546736649275,-0.9891980014867399,-0.3184111120175992,0.17399415007391195,-0.6448899330274394,-0.5968519670110681,0.9784573999094206,0.47244490889048874,-0.360048709698664,-0.16087791466478873,0.5258131263316719,-0.7548876722607145,-0.5449118062283116,0.258964714617943,0.8485088501114766,-0.16755541350800796,0.9563698613414671,-0.5486167653973029,0.4362007351779771,0.26433125410078384
0.18865651101155323,0.8208415735491299,-0.3149377400486577,-0.5225592664547842,0.6317373973982194,-0.6144418434062633,-0.34311149097691596,-0.9267170801798787,0.4920798099819059,0.7221725641345806,-0.070122523805773,-0.28716857601180457,-0.36168232324789096,0.7214131707728568,0.5868737822638579,0.40682930812807894,0.5327179364800136,0.4655076322643348,-0.6363323761048354,0.7359025700255621,0.8256287701340306,0.8812693661245565,-0.9703053458681206,-0.06155751757310446,0.541917972371561,-0.8647114009534806,0.4753604855349751,0.22416467347257996,0.7994595628888863,-0.812116118625644,-0.780559825414725,-0.7741782698357942,0.07007743242116171,0.3875248011745951,0.9260407036813068,0.5820172348718222,0.2116092226560884,0.4342739925367356,-0.8774339949001397,0.2942913615868006,0.002816962300583592,-0.015988838163032426,-0.44059436379349326,-0.2660911589524797,0.22010998374794366,0.7813095528386158,-0.2310847140156087,0.41781652900090993,0.0976325956564561,0.953037657347855,0.4934852530549112,0.6819521744923172,0.16708242781707772,0.7707203355125012,0.3440550127316566,0.09513599211120649,0.048418861537628644,-0.6384420950985552,0.5220746984966993,-0.364898103512481,-0.3352418108584476,0.58336775026368,0.8276684759323483,0.25267665228949765,-0.1370861710151572,-0.5264752532858041,-0.9113537597053045,0.8946849215024535,0.6643714791117217,-0.584960053172533,0.18796056128307126,0.17457903235654748,-0.35282931545145013,0.8432602230558555,0.6866411320282486,-0.8553897122693104,0.7400856895491801,0.43695911370392526,-0.6465337318169182,0.943557908372747,0.6480055779585516,-0.011323833182010024,0.2845711050387214,0.759137712655843,-0.3800346475495886,-0.7142004237858672,0.42786756977264084,-0.7093636144403501,-0.4785635343360466,-0.8186900341498882,-0.8760748401847822,-0.4539001009006842,-0.7377409485510489,0.31849882672715757,-0.8162622774796635,0.2926612353188731,-0.8244228068286121,0.49439466933080856,-0.30708085866413337,-0.5566768166144922,0.16150869576098015,0.04613639027684324,-0.9175409580533322,0.5484152208665438,-0.3039422526819786,0.25220368053880704,0.9232767430179156,0.2873000543993376,-0.42446132569562556,-0.5916125973607875,-0.6544087507406757,0.7181473162260834,0.6035240470772598,-0.6237989361143406,0.3309401560151466,-0.0008315768024860226,-0.3816084539523894,0.7836245773885613,-0.7020721353685677,0.20930840439176612,-0.8217789564537319,0.3952204590914621,-0.378811127334002,0.5267094362929152,0.12208718868073465,-0.8944760945539987,0.12893985656548224,-0.45894825403292505,-0.1854104107578487,-0.5967796463104809,-0.07798640223866027,-0.8452225193024521,0.3256626458658003,-0.13553456320926172,0.5251056807012713,0.9964867490586276,0.42397561844500076,0.4764299299071788,0.21135986109704663,0.46964616421365823,-0.6751097711749616,-0.45780294256205734,-0.13346334925898584,0.043706181077631356,-0.2664202330738392,-0.24522562921198543,-0.11785904921273493,-0.1645598918094866,0.21109829960184512,-0.09303914178429196,-0.3638085966197788,0.3403203828862369,0.630063818241811,-0.5151604530751046,-0.9361335409500731,-0.7835827265818274,0.3523658226049675,-0.861571391693335,-0.5444170679022315,-0.9233441042866277,-0.919526697317915,0.4856663097854528,0.1037535314129352,0.17474993661036553,0.19842183203042318,-0.7751566304614124,0.7112392008024402,-0.4928036510175229,-0.4886411012752887,-0.5593829855435759,0.5130798487793267,0.28068464579223673,0.9174806794121115,-0.4979551348752471,0.32615945147755676,-0.864464075280259,-0.32543296014404466,-0.22572181934997815,-0.6134794817286966,-0.27737629618444104,-0.3832426395331969,-0.23142827485813577,-0.60596354957577,-0.9675670200417017,-0.6096070585499211,0.017324305475263424,-0.3273428315597813,-0.3727645475220409,-0.16222455917318745,0.6675379100864491,0.7318641329441189,-0.8553705388311599,-0.8136816802416711,-0.655410185636901,0.21343146703512117,0.2960914169437441,0.4263346430190633,-0.9900625750988292,0.4967308795759995,-0.8564167746311704
-0.04229885135206746,0.918343169466876,-0.3883117931273383,-0.7754848359020439,0.9196681966841855,0.7353679951641401,0.6819107904126456,-0.29369358674164925,-0.6965702994346354,0.11294497379093782,0.34754810418974547,-0.6039290093773559,0.10732492902117263,-0.11111676302623352,-0.30096905970413945,0.23328331912287137,0.9857417747474755,-0.29204600433462957,-0.6388501531650772,-0.06333726112713545,-0.11895661839460869,0.9420768536775714,0.3321217516649684,0.1061060839870882,0.9632660179815531,-0.6639773387872152,0.2767088522927217,0.7378239263165289,0.48797603527121436,-0.09433496165408206,-0.5925219773489647,0.41254729693923964,-0.7032222542200448,-0.3679087028071921,-0.13613687926753548,0.05302569568469884,-0.0966942434047302,0.7264518298869393,-0.878246437178059,-0.37078003488503897,0.6074125676410846,0.5526610518864239,-0.28700542714166444,0.9248833896424649,-0.8719493101845659,-0.8613579054354981,0.8938753557048547,0.08327704315947448,0.44304107346887567,-0.12062558186204253,-0.5624918834720316,0.6030108769810456,0.7907076315446717,-0.32178027848343205,-0.6250667108049393,-0.38755343610611126,-0.800515048438454,-0.7311115847899412,0.2332579284067089,0.0442085401814456,0.19680608597762173,0.04444547191442316,-0.560442258473864,0.6720165378241894,-0.7262513167866249,-0.487928775963155,0.02168412718331192,-0.6068254114482696,-0.4137606433488765,0.476850447132271,-0.7150378879597978,0.36163149859017274,0.8141361242378804,-0.7585499409686747,0.96084054030576,0.9048295576908241,-0.523058652419778,-0.6857776078512356,-0.3234103737166274,0.3381465675227857,0.8682719022597587,0.6029691396113233,-0.061414376274949944,-0.6952167268858824,0.609742494632258,-0.4304682038255385,0.09339169620952736,0.9874465804358461,-0.46178691263724425,-0.48450471046385646,-0.8795011504050021,-0.321599362767671,-0.6043010702400535,0.6624293394081457,0.7403517407388502,0.2652172080277506,0.07771227431295502,-0.8882403916467485,-0.3246631286299251,0.5927984850692201,0.057156294763154536,-0.9091640210513454,-0.06355619815693503,-0.6404442509086603,-0.3418066387538563,-0.6931312558474554,0.14853006078128872,0.6968107708359885,-0.3873085287831799,-0.5403973154332569,0.901051544719111,0.4040967310907728,0.03797576878566855,-0.6764936328624436,-0.6017198682290748,0.6715594525908524,0.5863842476944565,-0.7192944602666689,-0.8244354970832866,-0.5875375284689157,0.33164873968842845,0.03598068461496662,0.7370419231497773,0.5509266076038253,-0.5683026426521005,-0.6958449068383061,-0.9025671916539442,0.010697490206435845,0.42470449369998153,0.9674236915533589,0.5080285789118553,-0.2497869555377521,-0.20855911614320521,-0.4267374224797462,0.9886158911375453,-0.8914044412049369,0.028981954492981243,-0.08452584562736143,-0.11764059771752344,0.3023818893511703,0.8947764644614011,-0.5530863604568403,0.5868531730154198,0.10834243848653213,-0.3947046028631749,0.26892423392046116,-0.8771367921364286,-0.8912782790955429,0.6432865530071219,-0.6648094134318143,-0.47636997864003394,0.23882705266676307,-0.9815902459043866,0.6987883891739459,-0.894062119201374,0.49782739115229013,-0.5418927295003684,0.32885618751879986,0.5886645445020147,0.23353263671516467,0.9800968466934066,0.4388991427386515,-0.2621320950361987,-0.2637353803750804,-0.23645823224269535,-0.5489595669565777,-0.30520363222011704,0.447609257668069,0.5704155931240633,0.2839729920778369,-0.5286431840666739,0.8965749747053398,0.8974683913977395,0.1116979079561724,0.07128580419480524,-0.09830861625791232,-0.7430381081198278,0.9451245280532607,-0.9921965335450995,-0.5916840700088815,-0.6226554987755617,-0.24664740473850943,0.5596437756259851,-0.15416007945149834,-0.31039058301333045,0.12869303863351456,0.18539440043537492,-0.945078003648884,-0.23426132741138517,0.2781844416157908,-0.9713684449103563,-0.5587586052812019,-0.7973571884712116,-0.0851372663944232,-0.3386755429964081,0.7590496320601039,-0.802039324992893,-0.3588704430438252,-0.33909240163376,0.7349364325945136
-0.1314242036153872,0.9216437928647956,-0.6449166070197183,0.8989304390020976,-0.18413596812771682,-0.7360301465805099,-0.6847450121644683,0.5864821986817497,0.90593142172621,0.05557028537556152,-0.16400587093189145,0.46959285842565546,-0.050353451317563636,-0.6132547411643827,-0.5432269680841837,-0.8303509575203185,-0.7818943387382489,0.1993683740347738,0.40096644739232157,0.4093223270189319,0.5179661146035517,0.9188241422433208,0.7872962512197683,0.9923633393404554,-0.6380636941613109,0.6955729456829371,0.9889758738437455,0.5933903713369115,-0.8570505701826281,-0.5874594202146859,0.03830808543888353,0.8710774157874948,0.03769018158771442,0.027998990606209473,0.05131002960781483,0.6568074282974605,-0.001152398602779936,-0.05962502263973524,-0.8527054477569767,-0.9395781476647602,0.16268145829109382,-0.9104490923812789,0.17110413674317804,0.9025567650570112,0.3058152459223782,0.5125585371508312,-0.9787744589686054,0.8509457476890752,0.2544701754728269,0.9873790916852108,-0.27164060100968723,-0.03710299413044038,-0.8271400125917372,0.20757210807095006,-0.1402534703297973,0.7562766246585269,0.10762483360801856,0.1255804249694248,0.3911664796447374,0.8033486963205811,0.9887502284825387,-0.8614608144985783,0.08735934875686535,-0.6984309585538426,-0.9465711471371345,-0.8163571653239656,0.8062588723181696,-0.5291102707163238,0.8913374607007596,-0.13602184552490892,0.5893793750905958,0.8984321882794697,-0.9187758172424441,0.08459008009550639,0.8659005236307822,-0.5405711647901315,-0.020870008237487747,0.1907005550052434,0.5521179108172445,-0.09935625227779421,0.3693624129047999,0.27930943516861295,0.23412595349121146,0.48767160183627434,-0.8590943112444613,-0.3066537993046339,0.041085718144182604,0.23265583397288836,-0.620163389952554,-0.3511963416264434,-0.43045303759074693,0.03411539400293839,0.025390526717530948,0.042132844621471266,0.0815572870593777,-0.0577468171677451,-0.5437501869360566,-0.6297656392254958,-0.04777891494010045,0.7544011370849579,-0.53985310759471,0.07492610514952713,-0.06424057934402216,0.7371184699971485,0.9193207161813317,-0.6205099336523554,0.5095244363370379,0.5169248767694656,-0.7060278416642554,-0.5685130807705931,0.9600947287245571,0.22740302487996078,0.852348950340954,-0.7820860731605448,0.14467575720509118,-0.15725902124943847,0.5606482754943187,0.7194083626712113,0.0033782417730616743,0.4294616791357222,-0.6271302122190057,-0.7744033918311766,0.7229894087315651,-0.5235869364548531,-0.27167270177610936,-0.1430518138117851,0.001120158131174609,-0.09573097901233929,-0.650101646278751,-0.24569729720958233,0.2135768365601718,-0.06888570398618965,-0.6645826965627226,0.12370731355927478,-0.6952252013629252,0.54032327355767,0.02688794096084579,-0.2058039611871978,0.3697261749136602,0.2935345227176309,0.34551102353600793,0.16186861621551718,-0.9611733099719033,-0.8511010857511381,0.48337605638161585,0.7953348440579975,-0.5492942645013572,0.04873962551348332,-0.9722096905102948,-0.6410560891730348,0.9161657362950573,0.12652181290019393,0.7919606455730765,0.26429405704891806,-0.42024567122108114,0.49701385511321683,-0.6015621861953091,-0.6606203530418406,-0.10828463393746701,0.6606146629460412,0.5884537336346445,-0.3182980628847589,0.15176076632887758,0.40446038773339743,0.5895785017303419,0.49796472944104453,-0.906612486974745,-0.5979428108426144,0.5993902177619077,-0.6818813118783882,-0.8554597760270974,-0.6969523947344551,-0.5838584328323755,0.2154286782059731,0.34777311816214174,0.6983040089293568,-0.9155913679267467,0.3971450886672261,0.5894788928532959,0.06329431029068844,0.6316646939413391,0.9568754294046751,0.5000349628711345,-0.8171229462821286,-0.22986447506053942,0.14222708671376627,-0.2678754907220402,0.6347831522901886,0.9544818550535683,-0.5334335027878214,0.20608009854648035,0.6552552218696166,-0.7225183884164552,-0.9147195413647138,0.9646636555689954,-0.6210867484390556,0.5388425616656554,0.3075437553239164,-0.5907088101513005,0.8904606895128329
-0.7009982292393309,0.08554665109086645,0.1500092943712763,0.402691557251166,-0.8107734389105736,0.3233599923059369,-0.6732520636304731,-0.4208584841400784,-0.7481591050359266,0.8545531760140457,0.928917577627651,-0.3214883951075529,0.4200846787455661,-0.4296463623255713,0.09835675796837773,-0.18120792955244402,0.333845113126537,0.5883389991256425,0.5339993376890939,0.508462210891854,-0.27862975863593564,0.18634487079344297,0.42767834673672467,-0.5718690469551642,-0.6102871835418815,0.7025284670453016,-0.44043911519997625,-0.5097318571127916,0.27451660248134524,-0.04396190781899634,-0.5084973528884285,-0.06305720520715075,-0.04048577888991822,-0.16204714336693327,0.2716634906217208,-0.6904770363166883,-0.5932224810536848,-0.6916208294997717,0.1678443195963324,0.19533944069896036,-0.2415036848966745,-0.4443383834041563,-0.5191259209416739,-0.8793438725511664,-0.15283040526580116,0.5890839709413165,-0.6926125419096194,0.9230048475005732,-0.09028236986699323,-0.9818842817742299,0.5243182959141377,-0.052352598696978614,-0.15814185496064703,-0.2999847229463781,0.8926346739663868,0.11683166447224913,-0.5996347339586325,0.5436974087673774,0.872856261306387,-0.499071106343578,-0.7851933293097288,0.6124292828332545,-0.3848826797592735,-0.9124385325095459,0.669528543035931,-0.11730421259889945,-0.6746586936072583,-0.1763847975810673,0.08793541937383198,0.8672339242803591,0.37431147653386065,-0.7766331336376537,-0.16337135006283798,-0.7099458120132855,0.30932858173581756,0.4864358724416393,-0.028573241044826947,0.9896771643445406,0.9847510973886238,-0.36887445030115296,-0.8546077509077687,-0.07937903989221495,0.6216178309184024,-0.018428481975503175,0.9571068183533229,0.8965725151563007,-0.7349114363534748,-0.764762117800259,0.3996084266774811,-0.8225629265196046,-0.32100675030304493,0.006469347276782278,-0.033802784097923144,-0.11054080610481654,-0.8655942593329851,-0.21203905526565436,0.762309712445739,-0.04605775684306401,0.3303137196888486,0.7178237137031951,-0.09187460927627455,0.671861398468619,0.7657352399658841,-0.2342340477160607,0.3278279294883739,0.5628737280868081,0.22671226382875598,-0.9145524884621812,0.48932613998220065,0.7139383341352419,0.23194634312237938,0.44813885345525706,-0.297909943997843,-0.32580535433954316,-0.4285585126332505,-0.5050635666880487,0.8529022954585457,0.10198114245726742,-0.7021209466092035,-0.1305885590651814,-0.4176656238169134,-0.3348883354524579,0.5851383120768066,0.8873403580576384,0.6028245300940203,0.12057549771296094,0.9139546455130327,-0.6744532800215319,0.8814906421596669,-0.386717149472354,-0.798359249635596,-0.4241901813196498,-0.2670065117338869,-0.4545912091261646,0.7098111968282907,0.7252834157982766,0.6150701304341788,-0.026845458630788688,-0.31348256292787147,0.5589089778365222,-0.26409357018205215,-0.5667353572360234,0.14474313953329898,0.8131228763992213,-0.6966244713460696,0.9400216989047514,-0.11952531313986303,0.18469922103048297,-0.2779402339658621,-0.1577826096634003,-0.23606076985080549,-0.7236925556458182,0.21317139796735352,0.9418885022837993,-0.1213998916106045,-0.5708091408817788,-0.9932061805330468,-0.34471937534994845,-0.44845690360001433,0.9327694370537529,-0.5594130347054782,-0.17679755726886048,0.5114391341773636,0.9301471453996766,0.16632484236396805,-0.04570057532631555,0.9699881190322528,0.5776749977519406,-0.03140557440273284,-0.9753594444210145,0.1136355624366987,0.7833258133212242,0.486559344951615,0.8622867896997213,0.9664990561103812,-0.14066282598779067,0.09595393807169428,-0.5936894191278783,0.5153408342765009,0.34237530740159294,0.4445927440485975,-0.45902747154173773,0.16351328936592302,-0.14197049169389886,-0.02915169118704597,0.4852797890564233,-0.12497237768525316,0.6979255437369889,0.49014356286325156,0.6702958515918978,0.7836827123326435,0.9890019534552064,-0.39530541663356944,-0.9410877764515297,0.513729173685525,0.43430632674937253,-0.3268486898099343,0.976778192667612,0.37260818613373714,0.6063262509700158
0.5532405901737718,-0.15838277129524503,0.42870216674551065,0.5695235469745861,-0.063395458380062,-0.020362499147112745,0.11978557616245533,0.09819728215304391,0.14878968772849754,-0.5896612448859282,0.6633730808695022,-0.12895146310825356,-0.08893003490323426,-0.16411019706568442,-0.08564972196758025,-0.6520146271476452,0.25838383491571304,-0.9526113693946965,-0.5459515349477064,0.7120731155588909,-0.7761304435482146,-0.5281584023809933,-0.9094619577970535,-0.9004179683041724,0.9024830176083656,0.5926121140660936,0.7270257663481181,-0.36739119840668666,-0.8446142699771693,0.5201471512420195,-0.7291378038778531,0.8342671885656048,0.6957527390338492,-0.3834083080275956,0.9723401486572318,-0.9463222083856169,-0.9365576024654017,-0.06423704135571051,0.754624771028723,-0.39351359816840126,-0.6775871023159279,-0.699378910457314,-0.3930245157410044,-0.8933231182083612,-0.19990042013256537,0.17312385763548233,0.8892046613329603,0.31659513438867815,-0.9605576199476482,0.2913739910468678,-0.8764070188778117,-0.7148679970214997,-0.5964975367678012,-0.8831415917122354,-0.20307033560661591,0.1366392314805538,-0.6545362967001858,0.00524776108888414,-0.2144814699808686,0.1587477609848631,-0.3390098224719895,-0.32685771075606884,-0.23485636333787108,0.6512684996767553,-0.710041278732978,-0.9972348668652125,0.709528783988455,0.06478654019364405,0.8644350897350705,-0.10523292707932264,-0.2580243202729424,0.20218729171013727,0.40558034187128467,0.9289723205143294,0.6459679552489739,0.610126675547151,0.9000632252156957,-0.9917730762762045,-0.9157129699145079,0.7259473936087724,-0.43957674549559367,-0.08546454310601304,0.4645303771875553,-0.4019672635103708,0.5336985683731281,-0.912644679024843,-0.8256808073734405,-0.25451394140280503,-0.4355051440441311,0.814178131860313,0.01452401474087428,0.7856515552545795,0.013147023993409723,0.7499776438148051,-0.8622122125559271,-0.6301213984555221,0.4926512845947122,0.5098119773111212,0.3197549082989337,-0.6268268532743955,-0.06552977615979527,-0.34586663832214026,0.5004218594284684,0.8111339080678821,0.2879249464384568,-0.44708020827175154,-0.14039774962695528,0.13256399840071698,-0.9256929342880262,0.9937429786218512,-0.30005327023373063,-0.11447136126052615,-0.621036307952842,-0.7844742651347689,-0.6528129497489801,-0.32041276859501244,-0.3421984110057623,-0.7232462083659108,-0.06916127704221298,0.25172218876444785,0.04073978053505445,-0.17769659347508227,-0.0636518878235528,0.28872510199967705,0.7427932924744527,-0.6525844902716584,0.9501054464010452,0.6944619995925383,0.41032511560249185,0.12095828576283818,0.10446567508179005,0.3984652228116352,0.06074338752394559,0.5643481472424123,0.09437650004963527,0.8952532825632642,0.6546462560903548,-0.08011777661868136,-0.0043933445692989626,0.16533153219885977,-0.01736262206374639,0.8135141738344518,-0.31395940627411356,0.8681483586553718,0.18708457185795702,0.46557102343908574,-0.07258925807312733,0.2814234798224253,0.07839616218245005,-0.5398375417672452,0.23940824186794418,-0.005171485884970295,0.43014987406343796,0.18044113802127626,0.6251075809947335,0.12486568468706127,0.5919053513132992,-0.6237124037131938,-0.7824962263456572,-0.4259395505134773,-0.9077255187701818,0.3136525857055592,0.6307779228025057,0.7465760639733043,0.9874792656786371,0.7152627317136226,0.6199673686446865,0.3423265815652041,0.30479798095051835,-0.5089522242703828,-0.16802421912161458,0.19345731382884201,-0.3517167643661059,-0.9611074137087305,-0.7669832988760745,0.032810082553666575,-0.5456316720480483,-0.15241689607005893,-0.7487260367220145,-0.8554052860588244,0.6699355601370249,0.7473840861277445,-0.4862608138205018,0.37508515673109466,-0.7555303928805281,0.6659582322235187,-0.5147264783223235,-0.3877704084215363,0.3644480518658797,-0.8420422858498642,-0.9806823927710993,0.335562892928436,0.673892459971072,-0.36120208075980065,0.13270529390999064,-0.21114551985053986,-0.10917035434992717,0.5658313472481038,-0.16684505440294073,-0.5263989269749514
0.08535906383023306,-0.8295990501866333,-0.4335558558198589,-0.3593070286519118,0.42630687007861034,0.6928368907066538,0.8420155433637515,0.8931086086213327,0.7384609786511631,0.10238212554984627,0.3810478585080037,0.5108523617588538,0.9378161983620836,-0.46164249615747455,-0.5260543454821898,0.5776902188969077,-0.825206720863326,-0.8956069887507334,0.4128779033688761,0.7298343128484925,0.2513192338694925,-0.9073883463455779,0.9437345960409942,-0.5754694065303423,0.8725771058756384,-0.8362094821455854,0.36634111926749857,-0.09844539729020663,-0.9246374666555746,0.23711947312513315,-0.414911874952381,0.5804364232900923,-0.2729655186425175,-0.44255194782764207,-0.5361032888406458,0.08235979366432078,0.7995059886054328,-0.8291812229008078,0.7747863875253365,-0.2585904148725171,0.9528114110333274,-0.380543093156962,-0.5332878796305771,-0.4009483202616184,0.9929477998897562,0.6864901273628654,0.4391719238638234,-0.34445487845517375,0.17643213261596458,-0.6955207743543437,-0.4479641912457406,-0.7943683084032784,0.034038885859212,0.9360783677011832,0.38191926985394886,0.19995966303807977,0.864356898655984,0.9125422303849229,0.8186420777922436,0.5982858428764866,-0.15952353883133563,0.7939624472606965,-0.4276042502982824,0.7621508357694662,-0.9742191776365268,0.015257503628057778,0.4162701421790591,0.8152251938663853,-0.7258792231776634,0.6562756918993748,0.08785457793116636,-0.6686053678201807,0.028234339964591904,-0.4139803404209894,0.5874519778810166,-0.6208964863090587,-0.5517609057982409,0.7482016409221006,0.8847731598069863,0.24764011065839142,0.2873256082128419,-0.37332504099386266,0.24768001334352108,0.2896357525733131,-0.8319712713902223,0.9072420859539585,-0.4480485363707112,0.7868604784470086,-0.9359853658646504,0.04429967292096548,0.8868421596723184,0.7488060485234918,0.5043366972786689,-0.8949334470360522,0.5195346277847868,-0.9906056912179135,-0.05216865841389717,-0.430580162006158,0.39485689900730847,0.6610361649937966,0.14596323088182284,-0.8591271943948628,0.9434342704835574,-0.9297141160602089,0.3276357648250392,-0.7841545482440297,0.5089571045024435,0.7025323426030441,0.3728024200643876,0.48592006979807767,-0.7072226579648531,0.04432381968056065,0.7413091762526962,-0.9061596283989717,-0.3035997544045945,0.4778626172428502,-0.43843304938239824,0.7491190223970101,0.4154057440725034,0.31235112257538544,0.30362343344317133,0.4738814120223085,0.1640044897667723,0.31065067369611543,0.8958774309792801,0.3540373959466654,-0.9807704725849564,0.48996999787940565,0.22823385117244666,0.4898490435922631,0.617389258237522,-0.924082637468294,-0.40196349305480994,-0.7175761733411918,-0.8114069549081568,0.7057613264233247,0.8611933706147936,-0.342651614356944,-0.8670228770931607,-0.6777497217001451,0.19334756837583122,0.27089528088175463,0.15632360399615042,0.38816459996697916,0.8306611205064316,-0.273650439566425,-0.4985951858102633,0.34299017579879143,-0.11899139681666737,0.08136008993950439,-0.2717176434146986,0.8111121195376876,0.18439551889842254,0.6890119357356246,-0.45565300502636163,-0.744620402666643,-0.25496372433819214,0.8252963890343381,0.39554315740228363,-0.7579634955898873,-0.7345382717204052,0.10060173254065896,-0.18657234865915284,0.5736042315025915,0.4003467243654224,-0.3591299354220805,0.1640647436581868,-0.9725412059031597,-0.9230520113664717,0.23304445001849472,-0.5771234779984691,-0.26533558028357374,0.8924001834186945,-0.3938498728697615,-0.8319957196644916,-0.5729464756671925,-0.4450882336739055,-0.7595813971984413,-0.7860322170734866,-0.5396082706574208,-0.22320889234206565,-0.806235778188952,0.3880172394904653,0.4436206668381335,-0.3851197984779462,-0.9337144910941315,-0.14931114126038292,0.9243504706931522,-0.7531540996050117,-0.6268650670390097,0.2962626940576847,0.05427599223383761,-0.0837831496374355,0.1960225244191074,-0.7947925703093734,-0.14801305465025205,-0.6710317892242825,0.8615615469805291,0.658047441403198,-0.9814737568626959
0.3771033943116484,-0.527596235806068,0.6286577536532612,-0.3535948579108168,-0.15480256752762744,0.9567214629605978,-0.08089820160207917,0.8548161952098972,-0.2518563666797504,-0.6828800801305,0.17287425837450132,-0.9340350023377586,0.638053989430923,-0.7274438322495067,0.19519560036660577,-0.8660134609965113,0.20020380444047237,-0.1397728699341716,0.7916317737361971,0.06335179797024448,-0.7159647794227808,-0.5392547615924437,-0.08451601037968093,0.9023249616140561,0.6852156870675961,-0.9865376122643768,-0.6133452999751943,-0.40780298362889034,0.5486136197872917,-0.9055311071139664,0.6971460948729589,-0.9064618004917946,-0.10349361000831392,-0.426096602648119,-0.9756980352236897,0.721509257714561,0.12108041484387866,-0.2488796554717556,-0.24833109935895537,-0.6151764818802026,-0.18069927258005092,0.7191771594770389,-0.49299005775517646,-0.6107694920335867,0.8888217873810347,0.9328734920662167,0.6857533688775077,0.8676599552887587,-0.30774814755154134,0.01247990898983975,0.6014753515987907,-0.13649307288165335,0.01204426832640193,-0.03753601220830993,-0.5477513081372634,0.9359771498182672,-0.0346902304442136,-0.11314880640355396,0.7148108181629731,-0.43677728722886555,-0.6350215229155209,-0.3371497597985378,0.20361297700404646,-0.01566047095312073,0.034948029595439634,-0.14620935131450952,0.574402085245658,-0.7373255363839759,-0.8817879656418945,0.676270897105659,-0.3318194444295508,-0.24333567196596895,-0.7199583573592485,-0.7372205223021233,-0.22278292465340543,0.04508434587951249,0.9932587495034086,0.9118201311152838,-0.6196553128727522,-0.5779716284072298,-0.8362227738749242,0.9865066499161306,0.6381073884569106,0.5980311262099032,0.973158357709315,-0.16389541121732698,0.8241547490580639,0.30307188158281817,0.8865597468636961,0.41453570842541554,0.5610714214064407,0.8011001800118778,-0.7242374188309599,-0.009707104345399786,0.9420423643896163,0.7905092917156216,0.5358606259346801,0.6019389269553954,0.528335373081597,-0.6523928710977285,0.416394847427628,-0.5145860944718865,-0.7912136198714323,-0.6181489664429904,0.974250579998406,0.604451784253226,0.8146326014220444,0.7518721307420893,0.22223369326002929,0.5872552707021268,-0.7247869634568791,-0.875751295167422,0.25991179570843337,0.43073757510791366,0.7229133277004258,-0.6049071497776681,-0.7895568095362429,0.7727358022961826,-0.4012104334889437,-0.2452881232547821,-0.4098623122167362,-0.22074795451805862,-0.3815771843629856,-0.1404402033818628,-0.7906457671253366,0.20612436957601354,-0.0893976854940679,-0.7926619305632585,0.8650502860358171,-0.5465872487555483,0.3218455013612995,0.7599247784915717,-0.25554384155663024,0.3190250970410182,0.7784876289557832,-0.7680401258294189,0.8569789452781831,-0.662856708967742,0.5426390171712314,-0.36802012854389954,0.1541278250780065,-0.08563717528775983,-0.7088313603829139,-0.6130495691367459,-0.8740611489654309,-0.546223104785827,0.4297359998965806,-0.5967242065746794,-0.8023137556972841,0.9035277100822865,-0.4205426030949322,-0.3647219772690151,0.8095874682248336,0.06490048374322566,0.8131516930889404,-0.010787619999237608,0.2939507657172924,-0.8128545084539471,-0.624825692309164,-0.2547197533207215,-0.03972663049867098,-0.5497442379422492,-0.9713642602363073,-0.5913703261501737,-0.48651938295858255,0.9319226006355987,-0.23838421685411526,-0.3933057806364222,0.542686810888865,-0.6658095779570419,-0.8987407590362197,-0.03640989909107639,0.2080721458933319,0.7014269238423447,-0.8471765404416343,-0.4442462304314323,-0.046346018968674185,-0.27207306561240663,0.9423439760438099,0.6589937235436216,-0.19107906171079203,-0.2668427488069156,-0.8917802605489811,0.6755903710769351,-0.004063952011002625,-0.9421410697392196,0.4525495282177623,0.715281289225659,0.55988563967195,-0.1782347224874825,-0.6591656358293885,-0.483388042445434,-0.5471562905427769,0.07972669047037462,0.31448241681915357,-0.45413636115801603,0.9010512959174495,-0.33990139570232314,-0.8269190434845677,0.16565605140446338
0.5145509900347487,0.3792778189234518,0.20332099616015054,0.6588124527276715,0.17354939206108355,-0.7357937642695946,-0.8849356135523656,-0.18648323298062297,0.9888937085973517,-0.787953816675731,-0.846061613922982,-0.6343396232707685,0.7478846775447319,0.8259740215142808,0.590720444388706,0.7708123995599154,-0.7840281712235739,0.08883244275907409,-0.22154366611405396,0.9270254034961662,-0.9700789687138487,0.12520436865418594,-0.9003025828633882,0.348569286414925,0.7562771096198639,-0.13026629918772836,-0.8312432289911289,-0.807283398794433,-0.7711922257594823,-0.7426026781750432,0.16188802654034284,0.5833247232097885,-0.08445610188449315,-0.49074935290300936,0.2744492497892008,0.6961950885999257,-0.5260198068219879,-0.795585189132036,-0.24042650938730303,-0.7326551418428979,0.5080513335584662,-0.6195197808324149,0.6281898452463497,-0.14550437460641175,-0.7682504195269633,0.15010939741567064,-0.21446050398782868,-0.5885797650517839,0.5180411516435246,-0.9242674919775751,-0.9225437644118437,-0.13430370533225555,0.30816142778662003,0.9430298584769421,0.29327316793031044,-0.6963698184277718,-0.5412060341473031,0.5775743276526613,-0.9871543559945233,0.6015467236865049,-0.22791406180543117,-0.3945335162807324,0.061727435613125436,0.10690284396433491,0.8882882085868582,-0.28222187880396366,0.1634517706747809,0.32659483584624893,0.8613757173990613,-0.8254636095042123,-0.12621988835596154,0.6811041497779018,0.10370862014708537,0.18111305881992523,-0.8384377618711556,0.457488965424685,0.14038501742796772,0.3863238476085684,0.10743215081165869,0.24638180374362695,0.8799929883047461,-0.7470018854288261,-0.6572409295746475,-0.9457008808647756,0.4870095793528446,-0.9749116218902105,0.4093972619538855,0.3705288985306987,-0.564461369391853,0.940515673602309,0.6341814542845328,-0.5995744070995179,0.9831636753944482,-0.32352573553658637,-0.0572726780717312,-0.2520419150172002,0.17509982560588244,-0.29412967306816573,-0.4853804531698491,-0.9368837983550877,0.8618244816074137,-0.34580289491904925,0.6574449685304984,-0.6926112448738242,-0.10044284683107252,0.7760921018973959,-0.9850002542143008,0.2879447833152935,-0.4253327336662842,0.9301021593979215,0.5918600372189853,0.780636450363813,-0.10014934787728569,-0.7764463469721814,-0.16467434504713085,-0.7113257397627961,0.20864139266665616,0.8324928865235666,0.6724526826269177,0.7751934312453168,0.006651620700938166,0.6008907215622832,0.5438076161859733,0.7787376574411569,-0.3913328853862783,0.9116140107398514,-0.8558969735291484,0.9858050166854273,-0.2848182689641263,0.7002154286409221,0.8838958188551977,0.18290037010582272,0.7742645484303161,-0.4196798337515395,-0.23787967076330463,0.6853027776415608,-0.24139331254111562,-0.30698121813920354,-0.2905406230286589,-0.11788150339903658,0.2859214495671252,-0.4506935238098573,0.13025758770151885,0.0203868143100443,0.5562305351835308,-0.9763596025775076,-0.9182269942927144,-0.5860881134279816,0.24697864266288105,-0.47940171853622093,0.6307445423194105,0.16147638467923864,0.9718690637577532,0.629011110351787,-0.9833179474043516,0.6631920347432789,0.8653239357157887,0.7340942133462647,-0.48772640293455627,-0.6737043100331677,0.9313637250517004,0.6085475579170532,-0.6050815628049913,0.9738283579757367,0.8491497361620319,-0.5783596385489742,0.8765197538400455,-0.9914394695876907,-0.44957974725725713,0.9447602406431006,-0.07372538316215649,0.6984729127129647,0.5873968951605222,-0.6246150245210256,0.5855351338232151,0.7127748226693613,-0.9859761577363959,-0.8895401085992984,0.3373437964432575,-0.07025714741156608,-0.42005120859539846,0.2589950983884386,-0.9052815862439583,0.4704309350731095,-0.25489437720652597,-0.01407952323279038,0.39119323581153176,-0.25003800419747413,-0.08515088816046945,-0.6738556840888317,0.6185397812614091,-0.3957044200418731,-0.21134474263757919,-0.11281007088985295,-0.1676510748489668,-0.4101560174618213,0.8145418204308796,-0.7312523818509047,-0.7822748217503719,-0.3779423863019311
0.18560769577706804,0.9789088593610302,-0.033481310950055354,-0.6320855841963706,0.2975478608451829,-0.9440961198184199,-0.8520988568653816,0.024497771508172228,-0.07027407378995676,-0.6863114564118236,-0.5524158646110242,0.21393282434751315,0.9066213592922678,0.8450929796119402,0.3689631869157526,0.0342819758649755,0.12586048087316914,0.0311894722178625,0.9971199840491853,-0.13079138980416105,-0.2856331867085833,-0.7057816197642219,0.03256461862133353,0.9838848018720194,0.9563319120307745,-0.9359490983770016,-0.4333094741773189,0.1022509314505975,-0.1447028097865457,0.37702602817756903,-0.5867294665483689,-0.49355998875594254,0.7789387263806953,0.8382127085215618,-0.9848257444503952,0.24829187052077195,-0.5773168597345952,-0.3040128525669257,0.29250017458785216,-0.06002162099884445,-0.0030890228251840846,0.208388668206815,-0.6349555043392141,0.009005751795668315,0.6971265597954655,-0.22961716246955888,0.9984598415896617,0.9025036116974778,0.5372520761934516,0.9389891591388697,0.0830955545513774,-0.45663249329570244,-0.3769971560383536,-0.2642273272466289,0.2994734828360164,-0.16010120483571888,0.821437137866357,0.8160118840914565,0.7053312723806109,0.2048923972721186,0.436554797828415,0.02335243668998266,-0.04005740111746836,0.9420989726082951,0.8506297591382252,-0.010164029425928867,0.9718175007111667,-0.6018953779511116,-0.2529221833692987,0.7012556682597666,0.5683844805770888,-0.4177349893582112,0.6260921395113077,0.9480422924515746,-0.6515458300487864,0.33665308907823377,0.8557932262174299,-0.2978976000650915,-0.3825013670138031,0.532594404010295,-0.6877349326145512,-0.903876886245738,-0.14827341000457483,-0.18432116000113918,-0.6919274257099415,-0.5469518999775398,0.4292732119161846,0.29869713455692404,-0.35308487182609083,-0.6907498757538857,0.13014974459315942,-0.9074620043516022,-0.8964303733919814,-0.8403785244782698,-0.00239621538245971,-0.19838011887916362,0.6059399517234867,-0.21924205204212566,0.7721475868464569,0.7214021001549324,0.25886253266891046,0.41866218831609037,-0.7508329254274906,-0.1810824323943252,0.2604593366297083,0.7807747724440557,0.2676558457068232,-0.12295980916396987,0.4767978990849653,0.14669731465135816,-0.316897544306008,-0.10025546070160218,0.24933744160523097,-0.06368797051753483,0.8382114825098843,-0.2386196427668319,0.12150353266041591,0.5469362889801856,0.5924753517302233,0.5007704481248321,0.8798207910598435,-0.9615261380350868,-0.10320470917531321,0.5421223305184462,0.763025598152582,-0.5217564930747907,-0.7241395448856249,-0.16075849899855954,-0.33636985738352143,-0.8592462096042734,-0.730713308320454,-0.35162953566580946,0.1219290992702573,-0.06151137324297373,0.15696245639221784,0.7565488125919875,0.8297491242057355,-0.5073913445481641,0.9042057935768044,-0.9044156196503097,0.6486150874256889,-0.830888358941847,0.20390307325017476,0.8567996171446317,-0.8789273589787832,-0.4276088593839018,0.7689669849963572,-0.1456721480978569,0.5797165315599313,-0.12147986206595673,0.4816336121859244,-0.4302542767386923,0.6854254075143429,0.3196231573305104,-0.06847177018694839,0.6275616376677726,-0.6751545270331611,0.574129118393687,0.6449205411980692,-0.9121308941819253,-0.30169621052480733,-0.5719324484057282,0.11988305686553757,-0.6510885732987226,0.7325842415689334,-0.24521309765003552,0.5114972689932995,0.3374575962752622,0.8051529254728382,-0.7880957632101426,0.4800206288906663,0.37913171096708154,0.4399751388765014,-0.04133537838941126,0.4792568381845348,-0.07404115672546374,0.5758491758952087,0.04868893916228356,-0.2109916531656102,0.15220455466362082,0.7285460274952864,-0.10391258296856831,-0.5051097881745075,0.10224997565241978,0.4803287991149505,-0.7446847177064968,-0.6058071465872026,-0.7193148896871684,-0.07269972621330023,0.6664227626260901,-0.7947171969336466,-0.05906493180529271,0.1628396928138478,-0.2892828781570873,-0.6491156895160477,0.5110880660134278,-0.13333542795403353,0.8914979334996911,-0.9996004903626297,-0.6085740174280938
0.26767356731290715,-0.37834403894814894,-0.8072811935643038,0.17271017803452215,0.8303499883684451,0.6121949645269302,0.3497941284500097,-0.796026216125362,0.779473300833105,-0.17151819559324855,0.9090072878987707,-0.8141022266696938,-0.8498287015197501,-0.0382655421454805,0.9337707465661274,-0.795206971413094,0.35702426680378285,0.7133570737780006,-0.7567447260375588,-0.9537708207121376,-0.11166843471631549,0.6936315648474676,-0.30447372998325517,-0.6604185723810878,-0.013514183250725953,-0.48728565324362116,0.4200801718244198,-0.7133084022548686,0.46344370699320403,-0.8734136372409198,-0.25939352972059115,0.31773700867590726,-0.5625595201435178,0.0012018039538237435,0.07095466857445842,-0.38305139901502105,0.22903443392584388,0.08594755002935939,0.9311641107839561,-0.07124959609509185,0.30123536078510327,0.21623020969012252,-0.45698520378352225,-0.3059687465867871,0.5082225708186228,-0.04824196409046366,-0.1129088747218181,0.43909108168745226,0.035236105649771865,0.01227562776330382,0.09685972776114804,-0.06880853463366621,-0.74887150019717,0.39249272243697186,0.15263456961689914,-0.19657548591425944,-0.6691772229744066,0.5538630522575649,-0.6058471157254681,0.9506300149300755,0.7215650029532341,-0.8543538795001702,-0.06410128605975318,0.13904343690812815,0.7531227393650046,-0.046701891950109875,-0.8886219433305929,0.3578208482994747,-0.6859952053357838,-0.5877929555569288,0.06875223568249544,-0.4832247628336406,0.8636441994343103,0.08522231303749117,0.36942717872794795,-0.09449146285454058,-0.058374746472555916,-0.08455499166955138,0.14345935284575484,0.05350462392454913,-0.19429562217657748,-0.49743176200491845,-0.02687349969234032,0.07712510843370546,0.5090133137661339,0.11341047527176173,-0.4600255431186262,0.19307971815224567,-0.10995991393260662,0.2590034963346943,0.0677085869212426,0.5309068016780276,-0.8668930848190912,0.8817258659600518,-0.8298871194799804,-0.030274620157767718,0.36011113925324456,-0.5730736690834701,-0.34004533537761605,0.6733401138759381,0.5919279436976048,0.6588613917803972,-0.8275644278801562,0.2151363629793217,-0.9983741897537948,0.6744833766151457,0.9869010508972345,0.27964747092790443,0.48046030011951446,-0.7194051654097384,0.6584804649948364,-0.7899845136581622,-0.34808278538317183,-0.7643268752377601,-0.22651388925594151,0.20805284357731768,0.7958999827761681,-0.4265010306185044,-0.8284582245485153,-0.6773591965506589,0.09173661974900527,0.3936843949217199,0.12738157803952266,-0.8514632702811911,0.5210807026091364,0.003756388185833348,0.788992522764417,0.1974484699476613,0.6946675640766851,0.49503023173689686,0.24251429712257178,0.6562320411705302,-0.7985661955928858,-0.7615212075453301,0.8316725150048618,-0.34729374040355365,0.33014666305063756,-0.10637125159259386,0.6166372189471379,0.924345605483196,0.4830287428294149,-0.4217631781867488,0.9086616031516792,-0.8934134417167199,0.43125809176118257,-0.18113505139524233,0.7263310893885018,-0.8692592472555252,0.872751764787542,-0.7693779002698615,-0.5287797958653224,0.048566364477480306,0.22307329032348577,0.904863062713277,0.414519576925517,0.20627368429623605,0.9294327734673229,-0.0023612884852257654,-0.2189189116481578,0.0636093688261834,0.023734429732933382,0.21199827634159907,0.5649095353040903,0.5748290162448293,-0.6070970471748531,-0.015109656377613856,-0.3804097668304214,0.2775708282242586,0.38428011242729765,-0.5766027207050597,0.48416579465217335,0.8306677838634178,-0.7466237961840088,0.46347584911782036,-0.26566572791529675,0.600670463077442,-0.5163955986939888,-0.06635793893712982,-0.9682767292261676,0.2688371790575359,0.8675680832773982,0.3632452571974307,0.8418645401818816,-0.11369281722895663,-0.5940919842916139,-0.3159343490222395,-0.16571161225693665,-0.8499940070252963,-0.6126356626220988,0.8272090653340323,-0.9817461292110992,-0.33211189298727595,-0.4170613661780871,-0.8458069477095911,-0.25169190998899205,-0.5424520917164539,0.9367982627453499,-0.9105139825492017,0.4908015871642897,0.7690909023289294
-0.08976871595170133,0.5416087378544283,0.6447861024123085,-0.761459819767466,-0.06683160206357242,-0.24419554080483863,-0.6076832370148697,-0.37357448239492785,0.6268582021864773,0.29285266674679833,-0.026377069682229415,0.843548921137967,0.025943774961174615,0.026750284888818587,0.136155807483062,0.6035031930244652,0.5012978832651322,-0.419990135464424,-0.5690631961269932,-0.5344627183350652,0.620100642931688,-0.739601609275018,0.3620171533680321,-0.47978239644491505,0.26574223635684935,-0.6643192034683041,0.8032593983360323,0.12835798398306464,0.749508761045073,0.6675618424126886,-0.5479230963756316,0.5595827408100318,0.7953486304185158,-0.7367886561133128,0.9493970198940391,0.998036118141411,0.8476012507044106,0.6763609479760055,0.6762969209574612,-0.904841334201695,-0.5508500559667862,-0.516344820741564,0.6552502693997795,-0.5587359356347776,-0.8382243937715048,0.1784643824304215,-0.10176277302964709,0.21380012434574236,0.29145631572253805,0.6679613181206732,-0.3208986495005113,-0.0288833108453741,0.9485778307351531,0.9239808831828835,0.3341057241475629,-0.17470383756583563,-0.23578165940750062,-0.6330959252290151,0.864378009792282,-0.6999321951214947,-0.6478638469827425,-0.02331336683609231,-0.1953742918526471,-0.10220173729547843,0.08479277399777585,-0.5016588108441273,-0.5545625681119295,0.6360705344218518,-0.1422595915035556,-0.03208452310210408,-0.7162778730242585,-0.592641030352387,-0.0237796674403723,-0.17978673347518592,0.12864400819700372,0.7544772024520545,0.6625655326865922,-0.5985210156157232,-0.6169035023273297,0.43516469640090283,0.48450621527266025,0.5588200067286346,-0.47591313965835336,0.33231275314376263,0.32389991449352595,0.40312504526273263,0.08702352868389074,-0.11237951748408626,0.26415852601481093,-0.2767650595531945,0.09886474651711175,0.3382317520783711,-0.8025169310749338,-0.20481358328405275,-0.44470482225329677,0.03741255258252951,-0.048046576467212,0.3921692832815955,-0.94553353614938,0.4799407684680983,0.5587240154756725,0.7606715249884155,0.7793143564870186,0.4565574022866046,-0.13359626375006894,0.8809993511356919,-0.7035439667232866,-0.7453754795896781,0.29758755788258484,-0.30407022539958106,-0.8795535178872413,-0.46405007735662274,-0.7029226555277828,0.7789503387014092,0.7035447939465658,0.43543038284651026,-0.24776318316105628,-0.7184744499293185,0.6137345571414659,0.3936075767508642,-0.7044856492609597,0.7331612782124937,0.42623960500704206,0.0016026722496620405,-0.26872464049205735,0.9081279711475838,-0.7398064301564684,-0.8719452335277185,-0.7154063782501934,-0.4225569209536524,-0.7134479010903487,-0.5745093747809515,-0.7705548070345287,-0.9557290258197466,0.3292324811394538,0.676398395045094,-0.49980110498370567,0.7139030657048027,-0.905669516376868,0.07037725248109172,-0.5302849399116996,-0.5453039228602969,-0.7844091405972509,0.5630919509249317,0.3408503233328264,-0.32916240398543417,0.9183684649190194,0.5529697087310457,0.40622411001946745,-0.9927178235724237,-0.2308528834520811,0.31047288753819546,-0.49168116595716493,0.20995213444103378,-0.16879880440830397,-0.3188795659537085,0.8079484446687883,-0.25428574342738997,0.40226488812008565,-0.30222797554253455,-0.05943991240622881,-0.8397834904264929,0.43603688151761544,0.3251543262832244,-0.6679888893405457,0.019340169894232373,-0.293670591535208,0.967563626253453,0.14840465387131263,0.7773881699677376,0.05762099789250663,0.45508616365992616,-0.47616792137572306,0.5691139301318626,0.3872200818177094,-0.004417893107183879,0.9883699244623945,-0.13777908285371332,-0.7586818896067102,0.2019827982601372,0.0685035944503849,-0.43696530668591693,-0.9912012649221045,0.11804972424368954,0.5539377194745276,-0.9665058094102448,0.31533912070418024,0.166713223267966,0.7609509832894081,-0.6299158673277148,0.3501988462185439,0.9310788524563622,-0.944396429584873,0.13597429420008877,0.30591049663327485,-0.5124408911491825,-0.24668532025075152,0.21483153106532482,0.9684616645233293,-0.9917659560636551
-0.8096495864750013,0.9324367787359291,0.20283153329383508,0.2624268710019879,-0.6308297703585692,0.05712145268255098,-0.6733816697590478,-0.6460651054093896,-0.28974604407725946,0.12062259536825004,-0.2828470739596092,0.49020515211633175,-0.947548196952148,0.529871704125563,0.5624756900475665,0.8803381994379833,-0.8521176310863443,-0.5669591376891754,0.9438318779001522,0.10564384834756813,-0.5011868142194209,0.037718527480432806,-0.7273918011421043,0.46951115633686125,-0.36250615604065217,0.40681148740709006,0.9960474021592196,0.9756480974764141,0.1232687207134684,-0.15950115803269593,0.23367189448111447,0.4222546249718844,0.4588160373928851,-0.6811465779202754,-0.5390953297236161,0.6064140253376828,0.15445470093827285,0.8331459838606878,0.3563969127880757,-0.20554295179889204,-0.8858278236568258,-0.9895142313948451,-0.43989864491446995,-0.2128376821642035,0.03212756220146096,-0.28164260134658714,-0.7120501740229221,-0.39244468707543567,0.5756058558045556,0.2882643988629421,-0.8903924158681069,-0.16202900768660378,-0.6824712351331237,0.8608985802458833,0.6015490401993477,0.7128730596962476,0.481087806842573,-0.36702274556257075,-0.9074854594541724,-0.7763494613764945,-0.7958398100890134,-0.36021973122762807,0.1268761923480184,0.19771108806978255,0.7587508959488085,-0.8919461458345579,0.667726825109292,-0.30378164449238776,0.8949859752985403,-0.2990358153953103,-0.10356041795323145,0.854509532933063,-0.8116233549164613,-0.695654992811618,-0.03236504977885746,-0.9975585978055959,-0.7712922372686213,0.8692763089346105,0.8531584705479358,-0.15062836348753272,0.5407801191120134,0.9873094400260478,-0.16475098928732712,-0.7314224352531307,0.19681885412849232,0.47646898503398494,-0.3990657045920032,-0.016486683295806603,-0.014068676758867804,0.16904287265415996,0.6205954080350182,-0.72516431173659,-0.40128038147064093,0.08144557132139751,0.8109427116961438,-0.668798444887968,0.4627921532258663,-0.5293943779785142,-0.7210069992200778,0.09026560965365138,0.5541566018029769,0.6954649016174186,-0.1907253549071959,0.3614014108106316,0.1730572243912465,-0.7403226811878536,-0.044249087560328304,-0.1408131768583918,-0.25066243445434533,0.9676875161249776,-0.5501896940840485,-0.23137918219470333,-0.20783845923403876,-0.7065020089871488,0.3990673882327649,-0.7697560669408507,-0.72621491229291,0.680900833935524,0.8888922021700527,0.9408679991771245,-0.6948144658998083,0.6465649133780507,-0.8199564626019316,0.37763184062070865,0.04506421160071539,-0.6895618265238621,0.5227498704791931,0.24747873116715136,-0.6062597822953433,0.480770265102509,0.49432589877843824,-0.07109362984174217,-0.090804989677989,0.5175728986839001,-0.7541967532703617,-0.745578559628618,-0.42062425589849406,-0.4401479177719734,0.06342339901599914,-0.6262086672615466,0.8893349249319695,0.9070622882090589,0.6862527403795669,0.030891749778474198,-0.5206092770497719,-0.3018193282726014,0.4480791489154399,0.6390672188673243,-0.837942311878404,0.08527475081617175,0.5529331888408802,-0.04893196010639955,-0.9825307852484382,-0.48972553566562804,0.7563027248225582,0.4838992495750767,-0.27585750571932177,0.043987071049793824,0.12701816598139493,-0.6501728412529064,-0.4215372609629815,-0.15856239494953628,-0.5429678155792774,0.838623124565278,-0.6568662808680878,-0.8501735020442143,0.23411996306798954,-0.49286554036498176,-0.9339232285691099,0.7441708274139363,-0.8585390076805246,0.7383643559812043,0.3143121138838416,-0.5242693290649638,0.13718125793349634,-0.5546252159297391,0.275929018709822,-0.8297120673456249,0.7857571481304695,0.3037796917058839,0.8115963739263381,0.33594836451985244,0.38868166286798567,0.3887122964529288,-0.9157135716362623,0.265484414019733,-0.6945418382502004,-0.016469778173505478,0.011471068472402868,-0.30855319758938804,-0.07736387685014523,-0.6579646137759163,0.30344475612140864,0.26864281365295795,-0.8480692887955765,-0.00434100669346571,-0.38647031881375726,0.5824296472654662,-0.5491832197401867,-0.9326889045047679
0.9310984328969985,0.5091226268964668,0.9720634375307973,0.6649816250191674,-0.1924146378761844,-0.6595775225723264,-0.12531089109304405,0.8115538244500791,0.17452028948139264,0.9110569351108915,0.9418735283709119,0.2454456580823161,0.026753012010367394,0.8543056123537334,0.04022927128714504,-0.24881642614048216,0.38123124788417817,-0.1763983179524342,-0.7501004021575086,-0.2225452002663464,-0.5035933401002417,-0.32470980897445045,-0.17623639843142413,0.2877100291812116,0.5531016414828971,0.7540303791291161,0.04893386589831983,-0.5317611065499104,-0.8721638697375149,-0.05554600811355548,0.7296026383497425,-0.13584754254200337,-0.4099563397358057,0.18076484861430298,0.8693776557743111,0.9551328008972191,-0.5795682025480215,0.4056758403346612,-0.4802161843372632,0.10115021596588347,-0.05350789960216362,0.44272093986345107,0.6506764390263209,0.6878533414291661,-0.049823970657317806,0.24456459759978055,0.11022009698364599,0.2994579158300825,-0.9057706388608671,-0.24447379251698398,0.30913527873015356,-0.24388133351098618,-0.8933495194528982,0.6997672526459031,0.3029236487744773,0.10899720681164315,-0.29210169784268847,0.6686608497173347,-0.03253696306380127,-0.2223246553223326,0.7670296046018847,-0.5803565452191102,-0.21588059179128583,-0.6511722471395207,-0.6096838782103211,0.10526347561445704,-0.8478220288473641,0.7271125313472069,-0.9093210747385336,0.9239611487378594,0.9936169753534001,0.14219635629086658,-0.3041537920254973,0.6658186466266924,0.8752118601595078,-0.45276998571222205,0.7880328289858134,-0.26051665223769294,0.3330000552301944,-0.8940276173050177,-0.36767887433612767,0.4028995511048046,0.7788522272211733,0.35920957551350696,-0.9500647015276018,-0.3215574059324542,-0.35373584372116484,-0.03839357266396504,0.10374808440240946,-0.034990078335864094,-0.42785014373991226,-0.192184147341236,-0.6992649336716872,0.22115135707445566,-0.765927315858379,-0.44159980624666195,-0.18011096929634074,-0.38099374689280285,0.8309923120545564,0.30426354930032273,0.9558838338229514,-0.06729772144836521,0.8988424822677195,-0.19619627479881907,0.35089638713489446,-0.7848462370032812,0.8368870323985627,0.9921895302880448,-0.6324738371665142,-0.4777820313372907,0.297031757609147,-0.18993323853180843,0.4799574164338052,0.5165914491415027,0.49337190193076363,-0.8193264689165591,0.7434823619376361,0.3014517798774281,-0.45610075330233024,-0.07603215760830628,0.06069832735745284,0.210577750510893,-0.28501630155204505,0.56898839100218,-0.5394215201666885,-0.22995459968308984,0.5756290594578475,0.7591581569152854,-0.5958008348526913,0.5136821976229646,0.9715323017859347,0.026363106628503274,0.8130658084195659,0.6436904529654117,0.6809789852278967,0.09207716328232873,-0.7560889527456236,0.03692486735738454,-0.2543720598250716,0.9494929525755242,-0.790580230196533,0.12312009093472853,0.15774914004820917,-0.14766051994892093,-0.49317320199321824,0.7717858831367594,0.6650168341513591,-0.9535906403105305,0.4115666901648658,0.46990623851192104,0.6423429232377735,0.05007302106489697,-0.6436922056925296,-0.05993958314422998,0.1811898916176411,0.6080881972922931,0.30663994164980024,-0.6712964383744351,0.7728193327197792,0.06455877124727882,-0.5897405479453015,-0.9586688931839256,0.5669679033493427,0.42701467244324554,0.9320123138684431,-0.8333451085346828,0.8820688958673042,-0.649731700420237,-0.6370997173123161,0.22494327747966425,0.8063680354408274,-0.5959402214401566,0.5149396472020866,0.9954006474626054,0.17013946980759886,0.191432041923433,0.4251784650839039,0.8626250323845186,-0.8754569627995585,0.7774883584988901,-0.29619406478380994,0.502609332604143,0.7079149667092359,-0.6757865476719955,-0.006973241559704801,-0.06709454247748337,-0.9341476357476513,-0.255256955898455,0.6155610688071618,0.8302783647796947,0.8459777863345821,0.8387954006340943,-0.8176900460014971,0.07073901706070118,0.5494432252064367,0.2595195768626375,0.19140278372149533,-0.7143533929032233,0.7927030875548469,-0.05425486821566872
-0.183928121898159,-0.3678914799169699,0.1797083468405476,-0.32311657264311155,0.8122076071988911,-0.5992808302117847,0.5191100477486197,0.3015915078028879,-0.2888596962223713,-0.122320275731024,-0.41815395165567293,-0.8465806088608712,-0.7846333588493848,0.3498202615477135,0.13923450645905167,-0.49710900575064687,-0.27813721673787084,-0.49723797538363,0.8631548559965374,-0.17039860582305888,-0.572171327842887,0.6622816334589681,-0.08916728839017796,-0.803867261485411,0.3837237801260367,0.3513984828073129,0.9734824599784782,-0.7927158351428714,0.03893696735967489,-0.23018008087136477,-0.6202987623662388,-0.3103078794322882,-0.06123667844113401,-0.1873185772297954,-0.003485083358654162,0.8759144417127971,0.20026975835977878,-0.05642633483439741,-0.6423700377379611,0.8484961858314088,-0.8896568739271127,0.9779546403131678,-0.732639244610344,-0.4849696701894637,0.7862890562434777,0.36344710422087845,-0.13099785779638196,0.4986226628655397,-0.6558649922772699,-0.8243081977320017,-0.7149470706471539,-0.3832911920525237,-0.5777404318936834,0.23550740264775283,-0.800298575503914,-0.09567807073360068,0.7862335219198919,-0.6791670737274578,-0.8991855896156846,0.2275225578783271,-0.866108288130758,-0.7208302916433951,0.28220511096637435,0.8181129632458415,-0.4354694146658489,0.9755615798109099,-0.30344799272192047,0.5397066080876471,-0.8146270295239504,0.491380247717939,-0.05530176856773861,-0.5015995013087247,-0.7319112468575231,-0.5346162170690443,0.013880553053552402,-0.5955028005622081,0.2235839538955633,-0.3327876417530933,-0.3174517221282742,-0.49466703188745753,-0.23873476950943728,0.7424033540089636,0.5882994362515246,-0.6037444400485521,0.4122355491983689,0.4013147875697616,0.5762252681555402,0.05475842166519573,-0.4530918167032645,0.9124282294484465,0.2919051968062407,0.280704110428615,-0.3704279972036679,0.22413354039177746,-0.6029924827809507,0.8164860046729874,0.49024601831900605,0.1362388228934639,-0.7656861550614116,0.7233100612771113,-0.8725956328239788,0.9825353767469762,0.01339796181842634,-0.9976296294131002,0.0034661556680073424,-0.4918112965079917,0.37115339453194784,0.6097227131315781,0.17981333843770697,-0.4494659976515658,-0.1480010803236469,-0.2335679586604651,-0.6766090619067786,-0.5494159677088131,-0.06882034047284513,-0.47574639989892775,0.0847617150313178,-0.6188429844423671,0.3347428716999805,0.17797574621047807,-0.6369655413622461,0.6723276673873435,-0.18289876194460009,0.7972925689379478,0.9750913519879569,-0.5458475019841256,-0.01316923857627339,0.32939042090766013,0.27718539241781626,0.7104426650404077,-0.18760229783151838,-0.8354785402660359,-0.5929185126467975,0.6468177943226694,0.915659615419572,0.4908932091476892,-0.25819717022921673,-0.06167105055198574,-0.1557121945604918,0.07993149568281721,0.873755837751951,-0.6916651384380355,-0.8912820278026881,0.48005553609293794,-0.8224396317706377,0.6797138297745255,-0.46864490766736777,0.575781347109428,0.9748307044787461,0.719474049850638,0.1644008654709168,0.48461555371889387,0.9612384506099385,-0.9589554780289649,-0.4863392765947365,0.10182784479856988,0.643872925716281,0.2159025179236802,-0.6157101392800013,0.5758283117964964,-0.8251330914022761,0.6021958021108158,-0.1996673987233426,-0.3827123401071877,0.6670912593897236,0.8928855019432165,-0.6698748684947362,0.5099645789402312,0.6443521076633685,0.9781662151860084,-0.6780693250957435,-0.8222001425221344,-0.497673619079132,-0.42881253929064633,-0.47030353012605386,0.22240648632549265,0.01657916556288508,0.6330076813116332,-0.03431537426038678,0.7004004206177292,-0.7498604395971011,-0.8058458997734494,-0.7202906741250765,0.14594071196395686,-0.8658741485993784,-0.06757755298401702,0.48798554950124307,0.846054178909678,-0.9383725813067472,-0.855375706948138,-0.7250790059667926,-0.6303132255817716,-0.7807425329336066,-0.7261861840889983,0.9234154922951581,0.23707084299203052,-0.9708868923751834,0.5660716042610436,-0.47234708993215,0.4964333100818099
-0.31169465152024145,0.9248429907452287,-0.2673072959686007,0.988984001546529,0.5134666394869418,-0.46285743410021496,0.652601600758963,0.41927819153721835,0.8644407194035837,-0.7491360120116819,-0.01490402059690843,-0.4395002412638429,-0.843916812533269,-0.010076013135871253,0.6066099686582465,0.22505135283300404,0.5173554076228293,-0.14465448687457583,-0.3872891017680322,-0.912413501803724,-0.001724260500804542,-0.13496485232776356,0.9091354207270586,0.994878387532089,0.5296166791556247,-0.7802581938361586,-0.8041336170645905,0.5562139669372614,-0.2392192942106386,0.4563599761010022,-0.24257203066756627,-0.5785448905401469,-0.8385186923683512,-0.9408679811560459,0.11088724096168767,0.2742760882140003,0.19150557654679012,0.7988838403376,0.08806371981275274,0.3813005481265781,0.21764497243120684,-0.09239757254921521,0.4603692470696581,0.13482776786643003,-0.6918653628560942,-0.5647781976956885,-0.1806639808344057,-0.3997864708919314,-0.6192445003132245,0.4280581961594192,0.5368365251723197,-0.9981769623783177,-0.4768204174191939,-0.49365914253630705,-0.44975140486465337,0.6498932968356437,0.6519723425012831,-0.6200497817328128,-0.5444429536174757,-0.11563124071506148,0.6400679832443565,0.16804987195530185,0.606196846483851,0.43162930032604474,0.8467495961428546,-0.754699350447984,0.3187072606313457,-0.16437261262281067,-0.36534199456028404,0.5924586456836782,0.16053599289764242,0.2562422440284511,0.9192667292577341,-0.8871453111940479,-0.1356798692815142,0.05098334258958692,-0.33561799253775737,-0.3074514380166098,0.21092738177954096,-0.12762175694246713,0.15908254244448572,-0.47986784160542095,-0.06340879299336089,-0.7748635857842909,-0.054952325651018485,0.29750067894625176,0.4131735512483239,0.5545372837252156,0.6326305604250055,0.7695034110914367,-0.2822427361069393,-0.3298678648330573,-0.7619600884428224,-0.09239227823407203,-0.3424653454004296,-0.49042559184588663,0.4248404409240636,-0.09063647915890694,-0.9847588961291325,-0.013399933602527225,0.11827411655925824,-0.6326229022801244,0.32168319211965346,-0.7097697859765151,-0.7740794672387239,-0.08855577736482778,-0.7404500967520442,0.03573695750840011,0.3239184993595716,0.14060768453198702,0.17524074297227843,0.37562862457088997,-0.6519881701875954,-0.968798589738681,0.781843484927178,0.291286048324781,-0.912569329163383,0.7418905900595856,0.5173459197031289,0.024460901143883884,0.5880232516886674,0.8927718716745698,-0.11276816802553169,0.14447350687763016,-0.6442308959670344,0.9363731131256265,-0.37145868585546715,0.1751404287953613,0.027363220328124438,0.2532597746711913,0.341101876615995,0.280832542754317,0.02325261436072279,0.6033243352385314,0.04418815526450737,-0.35947348832846315,0.08740489017528197,0.306801478478399,0.42065070774202273,0.09343645153609548,0.03602487678035282,0.17417997708556832,-0.23311965980813376,0.7907157956093194,-0.6999686824302631,-0.12201590668919082,0.03220187039375433,0.8919599104823603,0.6211196634886618,0.3306476162101406,0.8189287111650048,0.4094780547233048,-0.37805830801113216,-0.5015131395670218,-0.3047148323954103,0.5109100124155463,-0.8893880017438498,0.6894713195390187,-0.2720737511364095,-0.044751382003475504,-0.8473864728885991,-0.5880051964777768,0.2924964516035262,0.891598123014449,0.2832023148996108,0.8354759446759386,-0.6703169552641912,0.049493954956113306,-0.8518007468081668,-0.2243939761540117,-0.46440208391285065,-0.5821047644066639,-0.9567972168652792,0.7990488077468214,-0.8094717101315592,0.42828471221987785,-0.8987676544236722,0.3696026164498978,-0.6101599973218266,0.055471579177821306,-0.21371592081721769,-0.9087681739970135,0.7272987371074768,-0.22437863594829044,0.5431131558785822,-0.24203657501199927,0.30270384753165347,0.3062672367933361,0.599166266565512,-0.32074804458505746,0.1084368367624362,-0.48221573671989626,0.6178201307731785,-0.5977092604975713,0.5335744118342725,0.6680980486424832,-0.38644925331061675,-0.9540685413189189,-0.19477278881590698,0.7841259898739841
-0.5159059320779917,0.5075715439224544,-0.7240245620878267,-0.26597008789772913,-0.7807916572141078,-0.12786588065692572,0.5219564278677937,-0.7429581590786514,-0.6993238000988318,0.7237461280333986,0.42157518107313874,0.16407165864880846,0.16378555095336145,-0.29392199264953867,-0.8839398630646373,-0.27404354800001895,-0.48870122580750053,0.3866573398062685,0.7948131053119665,-0.29322834064674486,0.4105879091095923,-0.7373031489090622,0.26000676925441013,0.48689429149536156,0.14664904104124643,0.7505840759011335,-0.2237983649239128,-0.07424049199363014,0.2358241923182396,-0.3779479092365179,-0.7170696554864582,-0.27714269332380104,0.010463466416061884,0.9906973326881867,0.8009983624301507,0.5716172231982324,-0.06061694358220748,0.5973212323905146,0.7690099146506812,0.6437677311848617,-0.535792693405126,0.28697336602590506,0.32866159440821874,0.34953235812385675,0.9132670198412087,-0.6960573794053935,0.6362538868967826,-0.05532874475635596,0.8915421093452025,0.1314272851948739,-0.8227297408542671,0.816193763894584,-0.8754415396224771,-0.6360243608391998,-0.7010877514370641,0.6830694602029506,-0.9372290292449581,-0.7580941872529865,0.6072142183544735,0.49945717642735965,0.5490350760077396,0.9125922907551332,-0.3567265819024803,0.5489006194062485,0.7665568202151205,0.30070207831892026,-0.141826079341838,0.9372664157332435,0.9598722998101623,0.6875929033281929,-0.36635440165978106,-0.9069179771569067,0.6093059999183759,0.17704011671958697,-0.5161797438595082,0.3136557017146606,-0.07694640829433497,0.8719127331155125,-0.3304712404323562,0.2558286504476146,-0.7589973691201912,0.9912824028256808,-0.5376512583829978,-0.6682464351817867,-0.11279060466572699,0.9840858381383248,-0.6663233209554296,-0.5320664745773638,0.8261248085476236,0.8398350985585825,-0.6716591025732019,-0.34806861786860344,0.1167448939707878,-0.6291002819237519,-0.8641705399768842,0.8905118664315013,-0.24079402494182411,-0.42645376500909893,-0.3022202133930416,0.9502644150313191,-0.3483015697457512,-0.6883241526447739,0.5442698910517993,-0.6093202799717383,-0.6574259996107557,-0.2691395805834371,0.5401617557204652,0.47182660107869956,0.9493349413309251,-0.7885436724658763,0.3970039758333317,0.15360355121881852,-0.4401639395888024,-0.6526965685462802,-0.9359882939575901,-0.01682536137591839,-0.643078722349008,0.6682301143706142,-0.057973437066322075,0.9741052406318427,0.2440242780498605,-0.8846997007997757,-0.14357255021583715,0.3016624508821477,-0.9150244216803425,-0.7163191463487921,0.9507628044935195,0.31608045902319937,-0.7220016128766629,0.6546994166329663,0.3499039677531568,0.22330051911198878,-0.11010312826045121,0.8089087812807365,-0.29430704324834966,0.6413395622492033,-0.32815789002633955,0.5095259225648525,-0.2731264058806402,0.2198117710623797,0.2795070968423843,0.6568424877336716,-0.021375306978891118,-0.01176403108353119,-0.5875646174098221,0.2603233760594408,-0.6722253119900008,-0.6484990631372591,-0.6204650727086485,-0.9993662901054712,-0.4209141293431924,0.08162837927350552,-0.3205679542671471,-0.8199450867905236,0.9490022523582309,-0.8390430450025499,-0.942001358135746,0.03189546972521806,0.03805107439714717,0.2916550468297674,-0.7420306984943192,0.7234888690042107,-0.13196612461698543,0.21929969305505415,0.5333497401509413,-0.9614229952490105,0.7412775627044279,-0.10982638834727254,0.04560788081368394,0.020546938329357278,-0.558528673837208,-0.35071672237916585,-0.3755211337738289,0.07243293356486946,0.7599436459717828,-0.3058342338678488,-0.593017906391651,-0.7952337935639513,0.7651113447496649,-0.1463404364444305,-0.736240596258346,0.7534586457288159,-0.8378743179084871,0.2902656896570861,0.79279352521167,0.3915499349336202,-0.18177642691013518,0.9776505329454568,-0.8243387404087683,0.9160971959411097,0.8582332731861793,-0.8483998301383806,-0.479342274363437,0.690441329881039,0.7049569086114071,-0.7721315258383055,-0.8721133034696147,0.30302703905455997,-0.42631597366879737,0.8235568388562609
0.5165543974254767,-0.6231638661886876,0.17190956141512692,-0.8680045674023205,0.18435834388644912,-0.021792758970837767,0.09070648536615056,-0.8656217558140122,-0.6899509692436354,-0.49293527656517666,0.19041721269751388,0.9106220870221693,-0.6084345030047149,0.29121125712468543,0.6032996008551035,-0.02057244302006045,-0.7210913239087655,0.17929082513633787,-0.2623297706419838,0.9985388792421355,0.15444112802751886,0.6757718018725176,-0.75761102306042,-0.6131790550549616,0.8809915622784064,-0.9711887041770617,0.04669663793116996,-0.5723717248028408,0.7026574535860555,-0.47588679505530407,0.98156443068946,0.06237946993075982,0.030557260655532437,-0.47525278443535734,-0.6420228964594357,0.2577193001117726,-0.20574498713853795,-0.42651125569012693,0.8812620519915355,0.3127916632775718,-0.18441931041393156,-0.5892802691056267,-0.9920666093362194,0.20193761755787354,-0.4020615410272641,-0.06988189847839488,-0.9518031029302576,0.11938634282880312,-0.9139201548814997,-0.8428238460897082,-0.2707246027037964,-0.5442293808315819,0.2705302318188938,-0.6602757704385012,-0.9089535723667259,-0.1889931342091069,0.4475290173969635,0.5750214709923147,-0.5354768304377271,0.8962354140510289,0.9852335437779134,-0.9351717618138606,-0.2310311893842114,-0.7498531884279223,-0.17638194949072283,-0.058183684673903446,-0.31426567215971435,0.6694137807550962,0.9033754796240419,-0.41089074024512007,-0.37245542937540277,-0.274957770131818,-0.32100668459962267,-0.7213708198498592,-0.1519408302928955,-0.8367502194897425,-0.5154298879530403,-0.4496309351170562,-0.3715271005713079,-0.03862625679887288,0.7947002043393399,0.46067595886303425,-0.9861250475822321,0.7977858372733373,0.1560859325263355,-0.6815071630341627,-0.8335297395699759,-0.9106126031285946,0.025100779347384528,-0.6076233166177627,0.1320719877230796,0.06054206867498535,0.969287240134689,0.365631102063777,0.8181192701815856,0.11833186504238102,-0.47425580046415083,-0.8675114711749794,0.5196317213666135,-0.17972514980291865,-0.1436620286358381,-0.5979270853397245,0.9515225643486849,0.6898768161278479,0.6855476162252021,-0.39905229243243,0.3320090914100844,0.03998910705836556,-0.8868057470388913,-0.9513209016523709,-0.76398687560407,-0.7199380647395635,0.4575130677539174,0.22403032944829193,0.9083354925358573,-0.31593483868984795,0.9203927102378449,-0.6262724119184799,0.7299946089162961,-0.7798285651027965,-0.2883476657798143,0.5150466799343298,0.5999855158181935,-0.6090363737054534,-0.16824264781541487,0.5895135148293995,-0.9991734222639674,0.4272385109904453,0.9162768913160626,0.9038088820562815,0.42117774222885784,-0.8297689557530157,0.6795667928764115,0.8043900442845535,0.1849092534403458,-0.40546891734662327,-0.45022720172880426,0.6230367767513059,-0.7372559532220073,0.7610356991896883,0.49707615241684566,-0.8440556179107044,-0.5423044281560678,-0.5197601392531379,0.18901476876807655,-0.9777700140402743,0.956856871689447,-0.9353121314227726,-0.6525248058198232,-0.749466729350496,-0.12083387873736928,-0.354069513072949,-0.4482116579629898,0.13278600113372208,0.5273597884929928,0.6479215550132014,0.3383790475577406,-0.28819251931477474,-0.067473681761957,-0.38225643761512185,0.6987109610012991,0.3244997159909606,0.27718071963235147,-0.1942378437001171,-0.5839321738900904,0.8147533529826785,-0.6397782145996993,-0.35701451144394314,-0.9563295956776792,-0.7111018197136909,0.7138203574606481,0.9107836394978943,-0.09498222950530266,0.024878083278675467,0.42337671107385644,-0.00019240932101594055,0.3129290154396063,0.4770792756197031,0.4134946186216477,-0.7485151914817509,-0.2048278545122273,-0.046859039647998424,0.9436764877959687,-0.4085104602844838,0.031175486506712202,-0.5837260660111425,-0.40869839863971813,0.6989247603485291,-0.010562047573200672,-0.089064725251637,0.030728270216296538,-0.6971767041063468,-0.3708671841003861,-0.07687005994164098,0.03888235794100581,0.5674706892600294,-0.5459430906328346,0.5494546916512846,-0.9312810142489272,-0.044885830687125816
0.6833549603492239,0.34583188450857105,-0.7745948720779887,0.7503564992012237,-0.627385642423079,-0.8853534796317111,0.5037160003039227,-0.8612345076107133,-0.5420197587898898,0.5262815173813382,0.29551093951449015,-0.7091614478113624,0.7750857308226538,0.5366391653832638,-0.2401208272532247,0.49064082884421745,0.7188017552167898,0.44182950709928726,-0.2007252753753226,-0.6069556931085363,0.5627035190400824,0.7329336523160943,-0.7522254220687152,0.02988820692784233,-0.994385865607101,-0.5044004707927645,0.6848860605168459,-0.5151898170669975,0.18342008931523823,0.8325709167772866,0.6038483414347564,-0.12895717353767533,0.15895376246393988,0.21610880080096773,0.44662981392620127,0.10242157354529668,0.4844174539476087,-0.9656703158947753,0.7736904093228525,0.4622579405686733,-0.33431368764587943,0.07568770222209409,0.061998400736955395,-0.7362358696507347,0.8337589963196881,0.24288011303102874,0.7159216151976413,-0.9996638424097708,0.018072619860293626,-0.7082509064075804,-0.8465309679064581,0.8835527191751322,-0.5039360221031599,-0.5586394764249096,0.9015336289174096,0.1455670305954242,-0.8440982021346408,-0.8569065106925442,-0.8531062011940218,-0.968537358059046,0.8906158227381387,0.25978048220408856,-0.3010939946721187,0.990805464716821,-0.3591893033543496,-0.5038896567398123,-0.8593777989580225,0.36716933093847137,-0.9821419143085783,-0.3865974353894397,-0.16643418929489773,0.14002171810785047,0.6214709869496369,0.20489287904668663,0.671698299441861,0.26718637836232784,0.23539775976816735,0.3851313501206708,0.3925833502278404,-0.20896246528630757,-0.4799542742118621,-0.2931817572890665,0.789735269242209,-0.6658961954985236,-0.8651700044064456,0.05976591532978959,0.5461618574990939,-0.9816878952548838,0.42740326946428775,-0.3711988346520052,0.15976062922631162,-0.4091458347286703,-0.4692133438301158,-0.13199931031481604,-0.4040663757593863,-0.03284141327372314,0.025211099121446257,-0.6380546451603839,-0.33524762094446103,0.6060458575916272,-0.21343003720253484,-0.9486533712761687,0.06470253620916533,-0.7859767245633742,0.8722050782877466,-0.9045846764056737,0.2296807555016085,0.0021720873000738994,0.6366891103268224,0.7286280740196802,-0.6479907200620951,0.9951818713303158,0.391630492766631,-0.17091479766860873,0.20853553325719765,0.40689158279710913,0.08273444634358507,0.6576372017895202,-0.9804979089847656,-0.47496395009350234,0.6342148207868654,0.832816548386135,-0.4665937391842847,-0.4517383861779194,0.4822553325548089,0.7199675629320583,-0.7474557773654404,-0.46445156308902535,0.8628651101026996,0.4429811838149771,0.5860423335156504,0.023934738501366626,0.759657395482948,0.5618599052756041,0.6262725263959115,0.5505581913396285,-0.4166534610959636,-0.29950147521045944,0.1991602582283163,-0.20618301805492179,0.01905274686002878,-0.8358940549336746,-0.26881905508755577,-0.6612624380416776,-0.4407170322928875,0.27297217012284447,-0.4417400290752025,-0.5546033544353683,0.8126403463948553,-0.7375419390283529,0.5600420675279998,-0.10149452918724933,-0.6069271263822476,-0.1250904912853441,0.10180879195991688,-0.2736196572086105,0.4284497556310016,-0.8637702662964442,0.1752528229609831,-0.9187345126296969,-0.8858295919487975,-0.5310485268818383,-0.3868890827746141,0.422532548645119,0.09630671849568384,0.6992694676667452,-0.06225092055063253,-0.6752668563027171,-0.6408982970880153,0.2845303530353309,-0.020161667233064895,-0.6894236187314766,0.1348539876537609,0.8490675166210693,0.0032026940954330563,0.8696932536238631,0.02554438421218852,0.6283931745759865,0.1003246774898574,0.7893154665864579,-0.35373750413750993,0.9004959904939709,-0.27513606507819954,0.429792878452929,0.7249810512112482,-0.11207809788498935,-0.4379271451689559,-0.692076205628682,0.8897577979493161,0.21847242361544472,0.9163109613122338,0.4251330584056263,0.19809214635963568,-0.17325191747595747,0.2886506417156496,0.21421032167749154,-0.6882837483559505,-0.9882030710626521,0.9016837632267387,-0.03499438275388411
0.32645402612584906,-0.08368667857434975,0.04135624354678735,-0.8159848400847172,0.05964372031650789,0.08663883370841385,0.37703685030533474,-0.6709653564135358,0.9248206087923623,0.17508793918968646,-0.587980235194367,-0.20360058332774522,0.9346828063579067,-0.28400150551776226,-0.8133059081243683,-0.3370942178081182,-0.38106229615976317,-0.4753099290605425,0.4625115676524245,-0.1867135545249028,0.8696638950352034,0.2254376535045053,0.32308828071865725,-0.5415578558037988,0.21492331036075085,0.2641293789989514,-0.8095615853597544,-0.8164202606146331,0.8802407212859409,0.7138668023109211,0.6107794569675735,-0.8158136143710162,-0.961180968432233,0.120615926210357,-0.9358200607894591,-0.8268757725704419,0.695758162828152,0.3466887848397524,0.28306704235626157,-0.9185288792543527,0.28449905130650643,-0.9687739995771878,-0.6126052388550751,-0.009259445399408817,0.31988091651777917,-0.4553510658816038,-0.4127530266513213,-0.9371162019227548,0.7113727734070601,0.9678197583104802,0.12508873686122102,-0.6433565334454221,-0.8217086128865396,0.6684908536311702,-0.10947681700792877,-0.8806149742421219,-0.4352950325769047,-0.400837935768269,-0.7390523127300113,0.31181071308785047,0.9207902422542305,-0.0520718032861367,0.31067878392931125,-0.5043487314481707,-0.8686207069245566,-0.05520450799974497,-0.6673836028428148,-0.536610934634673,0.4983834002116847,-0.10820695271926062,-0.7606829914598798,0.8960680594193318,0.3974867121065948,0.4031894972128365,0.654013330307246,0.5991157576844166,0.797951519416648,0.31226391999232495,0.2782357560120845,0.5236613519549438,-0.9842327718091719,0.7777771093666885,0.05734996986182872,0.19539996008780092,0.21456082461792447,0.053854578198603065,-0.003977752454160877,0.9948889535162939,-0.6976758402928609,0.8826680449208406,0.5979500170799874,-0.7899904309452768,0.6995770750785415,-0.13439518352885438,0.16032214351887863,-0.03166087356946656,0.9737657468540726,0.44059204160323895,0.05713689181043691,-0.10829689051594737,-0.007470490382387229,-0.3121793975686322,0.9003942427370246,0.6745405632763795,0.45628763911790804,-0.8284962249436707,-0.4110322185179056,0.5826928689901585,-0.20729244996573604,0.18505509857291735,0.31182195632431475,0.14604645725191578,-0.49625632725880875,-0.10396467530698517,0.2209684266581664,-0.1875147563136823,-0.7660075652152194,0.5986757737392574,0.5429885208673078,-0.999751684383893,0.3997497547268549,-0.12344535544884683,0.9366125734235933,0.8814619726808786,-0.5086713149560418,0.5214794429381178,0.18017889272966214,-0.8994047029118286,0.5251715299395532,0.6965766791890065,0.5540420317467294,-0.02477533779015606,0.4608821870409925,-0.4103369957418881,-0.7038613082801264,0.8158789587366273,0.1780528888106503,-0.5980897954664361,0.32494077399347354,0.45608853529336946,-0.37287815187432094,0.8884150066676095,-0.03144076034487897,-0.1806648843457881,-0.019619825036007565,-0.24966884583786864,-0.36223347585587296,0.614950378241276,-0.7082920810393669,0.773368531523352,0.06958287059273083,-0.24444797051391753,0.6094337148228288,-0.3117612308398887,0.6429972806649888,-0.12111745720793077,-0.010447543911042967,-0.7733275148363625,0.026948198404849633,-0.8741307808962171,-0.4637613040063415,0.911518725199683,-0.8567761327919698,-0.6821243215747155,-0.9991719038978364,0.46898493226604887,0.9460317340124422,0.261128233226263,-0.2074310262014436,-0.4247539816383852,0.7200561658497056,-0.5806286874314524,0.3982307626237469,0.23658739365974002,-0.34977957310397234,0.0447734046340027,0.02521572641719816,-0.7453483895094544,-0.9741976196938493,0.04076487334334655,0.1099698390590349,0.12322127190560028,0.3035531224072381,0.38424546778073365,0.936922200324136,0.46239717437987493,0.3637412369593487,-0.33166892942867987,0.550541298684815,0.6187162960612169,-0.492981308686282,-0.6321419076588786,-0.45527499259301085,0.9995910808319417,-0.9183738949067255,-0.8659689623690456,-0.037441479867663885,0.5721132673115763,-0.8841637949872496,-0.33739032015283654
