0.2788535969157675,-0.9499784895546661,-0.4499413632617615,-0.5535785237023545,0.4729424283280248,0.3533989748458226,0.7843591354096908,-0.8261223347411677,-0.15615636062945915,-0.9404055611238593,-0.5627240503927933,0.010710576206724776,-0.9469280606322728,-0.602324698626703,0.2997688755590464,0.08988296120643335,-0.5591187559186066,0.17853136775181744,0.6188609133556533,-0.987002480643878,0.6116385036656158,0.3962787899764537,-0.31949896696401625,-0.6890410003764369,0.9144261444135624,-0.32681090977474647,-0.8145083132397042,-0.806567246333072,0.6949887326949196,0.20745206273378214,0.6142565465487604,0.45946357338763577,0.07245618290940148,0.9462315279587412,-0.24293124558329304,0.104081262546454,0.6588093285059897,0.2370395047284921,0.7234138006215545,0.15470429051352408,0.40914367242984695,-0.9083512326886756,-0.5442034486969063,-0.42122407279578566,-0.840416046152745,-0.5344182272779396,-0.7979971411805418,-0.44405279377981577,0.27136888852880037,-0.2703356420598315,-0.2596380657662347,-0.5809859384570246,-0.4660443559017733,0.873309175424988,0.2960707704931871,0.21826201133397638,-0.657722703603806,0.45825359590069836,-0.6731950124761432,-0.24108911648470444,0.9790467012731905,0.2799995197081857,0.11389948754929247,0.3692285019797492,0.6857038403796192,0.5519998230924896,-0.5419038560717913,-0.9357995121919245,-0.36909390388183616,-0.46451824804859454,-0.5780343128273471,0.8858194286701089,0.7527352529453377,-0.37064423840304417,0.3108773305897601,-0.20873619787867148,0.829095179481087,-0.0822962948252024,-0.4702396670038951,-0.5067449846120331,0.12273626832630158,-0.47451678295412947,0.16917198044708104,0.795645767204954,-0.20119898971920547,-0.5613584816854333,0.9950752129902205,0.01905258735292903,-0.8181811756524122,-0.9057672491505309,-0.7807017392986817,0.2548920834061801,0.5841587287259282,-0.15568006640063192,-0.8729445876960857,-0.23676142698692648,0.9922427604801936,0.058228690198274036,0.9421567552272363,0.7215594044689961,-0.9770379561143607,0.4414436387203893,0.36342073805314956,0.07394066081759032,-0.46634962009491443,0.2819235971596161,-0.7768956528082471,-0.13046949866179003,-0.09255258734158711,0.9076318550421603,0.7517058807563881,-0.4732218984978185,0.0011722261005966406,-0.6426962389397373,0.825255678689641,0.7410371396735338,-0.4031104171027342,0.2778989897320103,0.21794042287634463,-0.6943214629007304,0.5250216001503025,0.07875806023925147,0.5572529572611165,0.06070734439035497,-0.998856207744113,-0.3516878859906538,-0.9610465152283354,0.8581972325292342,0.7574437556463685,0.6633310587223589,-0.38497174919467714,-0.8841496670116249,0.7560191984080811,0.8938988905959881,-0.8286930958642424,-0.02801907336677245,-0.8615749630632328,0.5212043305144631,0.5316688586139755,-0.7432170710004744,-0.04943524380253739,0.0996071869898878,-0.4698867421198818,0.7448660821705149,-0.15372411959822618,-0.5764035891158359,0.07859217755891668,0.45986213817995236,-0.5976978732206082,-0.3765674173982101,0.9902987133217893,0.299756115278907,-0.12379983217099189,0.035151682071181245,-0.7579916082634686,-0.5506053259368853,-0.32382887570508934,0.17661743691446663,-0.539770534806846,-0.559565231096881,-0.8580138279819349,0.2622059145401978,-0.5421164323776912,0.8108400260122559,0.719270800507493,-0.8582853002226931,-0.5239907312620096,0.33795555659256116,-0.5715263852591228,-0.73537630254995,0.871028481161342,0.14208618665056894,-0.05465794737641172,0.5692388485815068,0.6149939955332868,-0.6191801712762446,-0.8061383715423533,-0.13789763518724496,-0.15284275396015845,-0.06595066392665005,0.4581516989197012,0.34672909458660306,0.9683304227319323,-0.8031642576960822,-0.19475743579546245,-0.3213947892100737,0.7233450727055821,-0.5026873321594287,-0.619582183118377,-0.1027729043337362,-0.15623672033119163,-0.44290971066611906,-0.500387104235799,0.8465311985520256,-0.11373850989308609,0.7226982095236612,0.10065062489969612,-0.8988233409502375,0.9985649368254532,0.6720551701599038
0.9379925145695025,0.8527339660162552,0.6973914688286109,-0.667377778792172,-0.02871774909856306,-0.5725054016016367,-0.19791941490109477,-0.8827292000556421,-0.2420537620461678,0.9706176875594519,-0.4695938836556961,0.5681412038971387,-0.08998326532171341,-0.15398502801967417,0.9146352817193464,0.9908453789854277,0.11153664681123643,0.436816550592652,-0.6904063494518717,-0.4065843490108716,0.9374187299383177,0.15836058163251243,0.08439040274854848,0.4959511207581282,-0.8856694541850338,0.16835518891794243,0.005700765839027122,0.7054397840965707,-0.6851345441210335,0.9215578065489007,-0.8397770695188262,-0.6283500780385536,0.19007021290005532,0.3504251072081803,-0.5295922099981376,-0.7602267721057516,0.780574628258875,-0.5075693044227503,0.1890383070668824,0.23876302066420618,-0.16155016932825506,0.16734457858244944,0.04556543106391775,0.8694125154728545,-0.5914816011529271,0.4323836015788296,-0.522628094768308,-0.208428306417491,0.34338044591994255,-0.40000584040247555,-0.36764560745629193,0.5037289848288042,-0.8549137710136854,-0.08342895476282775,0.9969088817088847,0.9921928957101889,-0.853478557800734,-0.5736913754659192,-0.4695991704991973,0.8665187559874181,0.7617283473728791,0.7585404849690855,-0.2609458225222321,-0.6845063352855361,0.667489909279614,0.4070798501747419,0.22335553145190024,0.9744661272630086,0.3079526354214652,-0.9843537856956841,0.6342082702309233,-0.4012424956000442,0.32677742993215464,0.8778600078542078,-0.7314177712132646,-0.7691426591617956,-0.7859280445811647,0.10644728176963181,-0.45530357537036736,0.20965965406044784,0.43522437427759586,-0.5928053753450941,0.26847591777015944,-0.4720321967391812,-0.02293629570124689,0.8106729821586465,0.6922074265897109,-0.8154030645745332,-0.15284845487254728,-0.44663955205549666,-0.9929086218244354,0.5422384460392542,0.27422675460275925,-0.4760894751313036,0.48246181669586163,0.10336084225278253,-0.14462616203864131,-0.9806606007833201,-0.8495122798524659,0.7662127866002859,0.8078571431197863,0.09118057841104465,0.6691900397720334,0.16501913297958803,-0.7038124288650347,-0.7451089614357225,-0.38348330013973264,0.79796297748518,0.5922446097760834,0.7214051640018055,0.7978492730529492,-0.5798469233204919,-0.5009405215541511,-0.7944127566564287,0.5602324837428854,0.7682694029020178,-0.1872452203357664,0.2413230203014256,-0.6908933233355907,0.8597620313873489,0.7292113924399279,0.9524120658619257,0.6215434398807937,0.7628324093266488,-0.9504272762036226,0.4731289435101642,-0.33562906410714266,0.8616317720966511,0.6044702778742779,0.7281280567505588,0.621498633148778,-0.46638858081105594,0.5747490182709423,-0.7838087471940858,0.7443335658121795,0.7171865026755633,-0.5551325649086711,0.6331732111938579,-0.07939353064211585,-0.38961826532279886,0.5906909983057236,-0.5448090251844593,-0.952671130597097,-0.6137404233445827,-0.34347609760458697,0.7287058840605727,0.9337782080967223,-0.4417500145562572,0.2829634772152554,-0.20064323127987826,0.9622993743965202,0.07243146495744379,0.8784742806494314,-0.7693164962971448,0.9408012220444559,-0.6428643676550727,0.9250686315231109,-0.46906727495406275,-0.7831949055705778,-0.1308724828707113,0.4570901213054086,-0.37264537161001754,0.21241770661228654,0.022846119338956195,-0.22960913331054567,0.15317608699319907,-0.4905549877228361,0.4175705676683412,-0.9966174435627411,0.8511503309981654,0.0769039941855838,0.438859998289691,0.48390015567895306,0.34125700886599897,-0.27155705643747163,-0.8600523777473796,0.32847536982254466,-0.3395999279148072,-0.37216870988328066,0.696030559012671,0.43950852602790036,-0.39935546357747165,-0.3814306755826935,-0.1832141827615663,-0.19519922588455074,-0.40868959494810597,-0.7454244018816936,-0.1591073324541834,0.880727341460366,0.35463589054546585,0.8056110914651653,0.23102983190276105,-0.39810025086886935,0.09587442627139642,-0.999188120605425,-0.4261725662621456,-0.1402237000203308,0.15996956239136395,0.30941124740614323,-0.07002361950597158
-0.11568040139038516,-0.5725971980217994,-0.053627628181347475,0.8023616516565084,0.5920495202535605,-0.6606172076038905,-0.8304089265497565,0.030904019830432894,0.26588171153159146,-0.3296234891803982,0.6368469290733285,0.5022762750814644,0.3455913411143341,-0.5507186680054235,-0.6017401345468467,-0.9511492245463473,-0.5103149118432997,-0.04972731156238974,0.6994753892494638,-0.8543435416308618,-0.1711179780045613,0.2595307614754274,-0.6111295265205814,0.39270850098100984,-0.011245661979126131,-0.5120311208431223,0.31211602222356816,-0.9889103637239365,0.5019289532369458,0.5400923771480501,-0.7868254068729221,-0.14970761211453176,-0.6482266365869367,0.9159320845590795,0.03591550088748163,-0.8995632297187182,-0.5016034406800567,0.6966726947033195,-0.08707634905965489,0.602833203444529,0.3351554651727062,0.975784906132896,0.1909046369388394,0.9000792168863119,0.782851851620874,0.2253046455235257,0.4385479225519342,0.00955632964880393,0.6611383394428301,0.09574390122165677,0.7944162064665243,0.4873108843191698,-0.05065112635389335,-0.4816169030699613,-0.5055205249806809,0.27532287355231255,0.5316273685943309,0.0425996256559642,0.2534968739635626,-0.4508051061649234,-0.8450332922705284,-0.428543698273695,-0.4565697858356308,-0.3605808631624754,0.08030444503691281,-0.7232518769676886,-0.5374770405436264,0.38789962459810456,0.41283828338910444,-0.8715422985722439,-0.18480126066682656,0.08522228100783069,-0.1684515317936881,-0.5863312209711795,-0.15971296445314875,0.8096769566803539,0.1681588284084503,0.39104597299593613,0.7134640646078685,0.5311891522361389,-0.23923794214457672,-0.9882078328320139,-0.2964823946563506,0.5069502501187717,0.7068959011382092,0.9068606769402126,-0.1619574347403563,0.49503133795610155,0.09226461946767817,0.20650517788248268,-0.5589226113523622,-0.5611567307571277,-0.1283280479067268,-0.9419503601065695,-0.3277409126032351,0.3582837700566994,-0.19136666172472583,-0.6699105375929824,-0.0652197015353797,-0.7447444054376786,0.24451392194812938,-0.9460670961897246,-0.21195948732059056,0.12878396604954823,-0.9457959073193751,0.2854992960186715,-0.7286010255388715,-0.07660311189697655,-0.8994307330227449,-0.24179227162372086,-0.5766794315770369,-0.3463083902373829,0.5224594157880542,-0.24174756887172744,0.5040196471095697,0.6638485703105452,-0.4954569364352388,-0.8361875344767149,-0.9612334258999786,0.0788380958450674,0.9998156570184185,-0.30007931255963216,0.30028818649975,0.5624660992217898,0.30350931048777885,0.5084664081190524,0.8992234654319777,-0.6012786352749342,-0.9592399653593353,-0.6952353084304193,-0.7475580502515875,0.33891768923982135,0.12793916386003823,-0.5640709181869927,0.3989299424923016,0.5337961967124816,-0.6644217132643955,0.21449498778186338,0.49585130391057164,-0.7709342572422047,0.6386023486221701,0.9294415460681753,-0.7838025006847869,-0.948643149005068,-0.3760855112106096,0.3546945737008176,0.9163456764117919,-0.20669111696674536,0.4300294100989368,-0.8480070443138801,0.3812288318659607,0.2544847912020889,-0.7961973891080469,0.544961769902448,0.7005864781775926,0.20082322963368826,-0.7578898698653698,0.9676887030293426,0.5652706927220392,-0.30559246938310203,-0.1432439735305111,-0.25885824756388764,0.011921579354155831,-0.31753765027743364,0.6991512539991547,0.6446618361801162,-0.7889222587120028,0.9215751344291572,0.27117021220289184,0.6574146220049164,0.41461728741215387,-0.1290257099846459,0.46759060802678376,0.9309474624761553,-0.45983520722519833,0.6163984376135119,0.07634581289651154,-0.033004992233607755,-0.12885101399221144,0.46205242861024454,-0.46320892390154933,0.7034263200386637,0.6614620377812068,-0.8266742038886512,0.7632623680055439,-0.512273121618088,-0.07058306679353654,0.22066340846104127,-0.24202139174347193,-0.9426000044598208,0.7019056726249182,-0.6363202856846164,-0.575760299640522,0.595664713656193,-0.3193223136714327,0.7606399595164508,0.4023675006644032,-0.4474628484876302,-0.9796977711226458,0.8961251555540624
-0.8287740760839575,0.4401493282083886,-0.022844306302425288,0.5163293069649328,0.38121867889304606,0.29180579948190455,-0.018357329842827674,0.5858657362646349,-0.8138932988906566,-0.5568071990549397,0.3835743105904037,-0.3875879397398232,0.16311117066473435,-0.05347902248095049,0.0618438622915356,-0.1489923745895705,0.49187087342721925,-0.3384174056081397,0.4057098843715379,-0.45816714604760733,-0.497192647598117,-0.7586882304953884,-0.6148314130969652,-0.7608905174898943,0.07172793076749961,0.5243792189682059,-0.6297003151246761,-0.5672307202427886,-0.031602825574582605,0.44917000218610315,0.9532140457661136,0.0492737382172157,-0.43400259345008996,-0.7989477838184185,-0.6117648438178531,-0.5450336730348906,-0.6411169126291933,-0.9717032654878723,0.06827017853532658,-0.4513773464334654,0.9485898622054758,0.1067179335972166,0.3948347858203889,-0.7474410140831822,0.736922394525888,-0.018242610952442284,0.7454394699970692,0.1481284392526645,-0.061206110138979586,-0.1190624037279795,-0.6312726592198366,-0.8972465656328443,0.8821271935362065,-0.04454162546862461,0.6442312905988608,-0.19858511549612046,-0.8518356594887204,0.2588914139039966,-0.8927818514149337,-0.7016048310526897,0.12567919416912843,-0.39232897631554464,0.9878362454204404,-0.7630968755770768,0.5288868906523885,0.21263530248592555,0.5814816596868388,-0.5486257258699307,0.04514507026043568,-0.09897107022249152,-0.11455799196134331,0.7203333316523601,0.9800625209335958,-0.3892395113612792,0.24205464214429706,0.21926182449026066,0.48017861096909,0.895180400650756,-0.5844241883528973,-0.577949609389214,0.32085627438407327,-0.6858858132382457,-0.652372903347131,-0.8498702621976642,-0.9946485547942285,-0.09899259076459521,0.18762239023912652,-0.4174814219379448,-0.5370475308879483,0.41391165975806654,0.4059751161874343,-0.09193734718591351,0.3747698401424855,0.8478220889650974,0.5756560532934627,0.25011601432844377,0.32236608570673564,0.8673369168910265,-0.1497220677915767,0.08912475742115733,0.2952694468049615,0.8168228904252122,0.6532623193001192,-0.8571803262883717,-0.6681544215585506,-0.3847763747715349,0.4979154441392466,0.13841409863818477,-0.4227788233883165,-0.7512926836505835,0.37735598242418744,0.3994673699514346,0.8853524814880815,0.0009443542358511525,-0.012409561309831396,-0.839116296201398,-0.9202784316327739,-0.13594267167845486,-0.35535683328340006,-0.4992641951759922,-0.8173462267380296,0.9238222043856734,0.6719172278123626,0.1503982184398609,0.9015725556127048,0.9991448337549027,0.3445631686064785,-0.4609779480658922,-0.9195366537107676,0.5125376608251142,-0.05899835349673288,0.3030189788673727,0.832145575853535,-0.6370217055537482,0.17065925055570874,0.26956943890817375,-0.016548395617973277,-0.8175151874123456,-0.3040778874106991,-0.33338321266981596,0.3402670190423709,0.7154661888007052,-0.3403926728420692,0.387347347966865,-0.4235644092770885,0.8903870791264212,0.6271320694759452,0.10019321794356584,-0.09034818279654111,-0.37096568565966415,-0.35345242744801064,0.9403694536171543,-0.19164988599850874,0.029192504658210217,0.9762384295635083,0.31532077296625793,0.08518718871439002,-0.173504858401357,-0.6248349172109458,-0.2764412816966495,0.5128863081111474,0.25081748429001793,0.5199810721220339,-0.5928835232994523,0.09843927817066334,0.8553455216888954,-0.1237678098552435,0.39650005824434453,-0.7571478332747603,0.9462936316433888,0.21774333416392988,-0.5214050753446993,-0.6832436723895352,0.10167801400533993,0.10450281810746609,-0.8135815974369549,0.9845142787904393,0.8258597569683359,-0.0771042116424332,-0.7650677018208849,0.6642863475378025,-0.003248990585609457,0.4332066519835822,0.01774403013902348,-0.4531502065734516,0.6694478911533888,0.9604892652067509,-0.5125381878497233,0.10253015376093932,-0.23282797350570017,0.8437362998631237,0.016481783185787968,0.7586525102929522,0.7280538688571763,-0.44750519435591807,0.5800123640062269,-0.17011515289730972,0.8684967873650402,0.015475351619312905,0.6410989463711567
-0.4343220334343467,-0.4028883004564656,0.17387544482832218,0.9978046664586775,-0.020719306688598005,-0.7028091632344218,0.07716115540774737,-0.30975211661398494,0.10383483414162198,0.08686012591734604,-0.08931076626699785,-0.35644529954192516,-0.6226952525857892,0.3949968552411427,0.14359528396980226,-0.5328751078842138,0.5510889501985177,-0.9127054018053962,0.4894103031303918,0.4104557620500051,0.6228178051297537,-0.22784249501803533,0.32737765896906934,0.6414951034191101,0.9616362773195701,-0.009342700767152934,-0.9259607773088476,0.00458230026593176,0.1803608586191341,0.7394006267244309,0.7483807481086167,-0.11938758045864573,0.05190217361512284,-0.08614385105151556,0.44488765514128525,-0.1800427605072712,0.3095626528554676,-0.6912775624569023,-0.061018798030536114,0.9384072611484344,-0.32287753189713664,0.3854091971737641,0.2996733051585452,0.7035305847013829,0.7046826731317861,0.7186843683365332,-0.2399812049546899,-0.36667769213320067,0.437434850445966,0.5188036186687273,0.7447660347970726,-0.9282018003246268,-0.8631585056368971,0.2623220337092811,0.8418581975605934,0.9948518459124307,0.4935327334758539,-0.13205705615374863,-0.8031137472336041,0.26749565756158256,0.7451584652141814,-0.11264289667658844,0.3880023255864691,0.806848124100972,-0.9080180626455745,0.5922869303244236,-0.4132644480695824,-0.25031782044937034,-0.7088604086012031,0.06233263629752006,0.13185612383187362,0.5850389477619065,-0.6600327018638052,-0.8420632986800107,0.7416791972897097,0.2394207370748307,-0.5183404162873739,0.8256580320471096,-0.7137645597429807,-0.07770017329000489,-0.49204532117291544,-0.4893465836816919,-0.9812051370902579,0.6092661539502926,0.802418847197766,0.3552217713981589,-0.6840487558564261,-0.11654043279237114,-0.3088687511138366,0.17514341025284286,0.2778774047200243,-0.15138212307820464,-0.4998035511845975,0.6906078502851973,-0.6015660017822153,-0.23061350206530906,-0.0335838778815678,-0.5255885961448508,0.14384538470147779,0.14962386035729014,0.9853840872537951,-0.4095384922334613,0.9558889691537253,0.31645963185736137,-0.45103923964354453,0.13185803391139794,0.37159898546802417,0.48933768233065034,-0.9019114984480001,0.21281298615294908,-0.006545426952259348,0.8083105817874507,-0.42761169708161106,0.5977202390151974,0.2141299963285319,-0.29535808832936694,0.27323575601178374,0.24178232626060825,0.35552891724671887,0.44185675334141794,0.3183630806335074,0.6766742339250331,0.25649620737379664,0.8068074081459358,0.2926812177810456,-0.38213423209472785,-0.11835361967437685,0.1591476107368055,0.4647195358784766,-0.8197332485075621,-0.40977909674168944,0.49496172987674303,-0.6487198591113867,-0.7356804045064329,0.07881551796884212,0.9429791624226798,0.06170474740557008,0.8269739489633938,0.6609452391347947,-0.4860598308734754,0.6493796250848145,-0.03630434025251761,0.612976987587533,0.4931187014340901,-0.32256949239622745,-0.7696605851004812,0.9257865857377552,-0.7184859699882347,0.9330004189255041,0.7202811937976437,0.4484334241510364,0.9598844855638069,0.9345394946000647,0.6091752880411239,-0.26844990118886725,0.5813639371778749,-0.9721626897981976,0.07314461653811821,-0.09042794453225067,0.3456567637475072,0.3446815947020263,0.1691201833043321,0.6448346024535485,0.8805837835591084,-0.7833077956015386,-0.5323561955768337,-0.9499507007070354,0.7684696904297044,0.1228147644997577,0.8305118174863189,-0.55726559985202,-0.8735659176796091,0.6477107027808953,0.8187752768557841,-0.39561965094149953,-0.18340828840917456,-0.7204459749855578,0.8925230657638925,-0.39127083128798956,-0.014750762043588272,-0.8056160027563568,0.7745186170570046,-0.728671902587327,-0.09271248622221484,0.34097243770034247,0.4862802430463431,0.8919481715588642,-0.16174649317055434,0.48453802953063163,-0.69095419518033,-0.17023094512638615,-0.801956730578943,-0.02130592442077095,-0.18376822860459896,0.903043050762119,-0.9345674262899062,-0.2589400825311292,-0.1132338278785967,0.9011103397028539,0.7109003866119092
-0.8012907507877394,0.3713605309625707,0.08893172296428986,0.9556850589040935,-0.28265231757536413,-0.20372071451125384,-0.6203828756778409,-0.7556805618254725,0.6960663769273621,-0.09056526285896571,0.325537476123956,0.2834089344664352,0.19429191903909016,-0.9572850905272587,0.5735891809092335,-0.5128622056719527,-0.7481522293839142,0.12915595181592665,-0.8627796943512882,0.5303147517771689,-0.585685259306683,-0.5680972961626505,0.7393908535390894,-0.34288089313553916,-0.7048916401171126,0.8010620712635164,-0.9943288970399673,0.7168122527603527,-0.710624039358984,-0.7400157371131264,-0.49869160654375233,-0.6510057581972131,0.3221152851946336,-0.9484397004276033,-0.9702793455385823,0.5799693284695078,-0.5241367878190739,-0.3524570760759551,-0.6515075971876456,-0.895201964277647,0.483436113908299,0.05217105319573423,0.4913305500679914,-0.04750806915349948,0.5560340786284055,0.026475915218383328,-0.781891979992309,0.007677379571642717,0.8908312859402125,-0.9132699262016566,0.5664539919607592,0.7339618155196765,0.042902429426168176,-0.08391495580463593,0.9280523662440574,-0.8783491850109884,-0.04203617800327342,-0.19676549097487905,0.3721949921244654,-0.01946229171154945,0.8194016582304586,-0.853018568467099,-0.8384190451784161,0.21659484726687994,-0.8686355333597722,-0.4499680008840936,0.26615344860203094,0.09671286809672108,-0.3496291133626641,0.9892555117218471,0.06111367486264907,-0.09256916484905675,0.21085358307062574,-0.801643076641916,0.40355883709213236,0.7055854745911501,0.3018333297626108,0.5379254602094772,0.44167983331519833,-0.5699538673450062,-0.09689016806943695,-0.5430128512708312,-0.3221367623296496,-0.09300219418510536,-0.16802069947700948,-0.8098283214487383,-0.146471987478084,0.3302157261206178,-0.2513979531289263,-0.6947221504625525,0.8459700714687688,-0.8657333837267045,0.663543776949709,-0.8135397965926452,-0.8068711348684288,0.4775919969774314,0.6235385705547847,0.11274147123070022,0.1729301654789539,0.12317282798414486,-0.3407080371675899,-0.7555374292908814,-0.2928038407324647,0.3306810400058309,0.5005685005029565,0.7361842977381299,0.44212135749229886,0.9367972506229489,0.20082018244935407,-0.29670762861370203,0.15583703677970973,-0.5745223886559878,0.3134726059763042,-0.5515102617848688,-0.7835632361454667,0.6907468372026901,-0.2648778987692997,0.5252112638736994,0.14820000866292538,0.6144427423046888,0.6903103226567162,0.9490932042514164,0.6368537190813393,0.22714656107092956,0.2853983276596628,-0.9474923370928332,0.8581685819898728,0.658921579919326,-0.4651045496917787,-0.6391678560782912,0.40539754573120934,-0.3820306223401797,-0.32035068644548326,-0.9877884211926826,0.7397254130728763,0.13264218952275253,-0.19843131200096886,-0.7162506916974627,0.26634402531102763,-0.9386858032381882,0.49222352401141345,-0.5697342399329781,-0.1603350124709937,-0.31820803646133444,-0.2598938150459922,0.4431919354853464,0.553671239933482,0.1351871132287945,-0.8300859200456414,-0.8947823471489564,-0.6851802057856937,0.23567636385206114,0.34793742122622606,-0.4557943129075621,0.32387738561652246,-0.028676590218007503,-0.11591162660444176,-0.4536663112704611,0.5098862873367414,-0.7723649837795965,-0.1401727332042193,-0.4335070598391013,0.35697250952026605,-0.02673449327149835,0.33426511747269916,-0.909165274791145,-0.2094732078247421,0.19864991388890085,-0.9846258282002343,-0.39716127596312645,-0.5775320415593754,-0.725530389485346,-0.4889609919570814,-0.34375528812431777,-0.9845401868613761,0.4940282468595356,-0.6486103962483154,-0.23958510856952753,0.40734252676532723,0.000524693112426311,0.6667084048397565,0.6124003731335277,-0.8558490068156843,0.7235287240451771,-0.9153954768744172,-0.9625169268287086,0.8423248690048248,0.7242200272241328,0.15151832147366218,0.14679936177168607,0.41899792313786843,-0.16461208031303887,-0.7696532546724035,-0.9582868819505024,-0.3504636411089723,0.6026443086209043,0.23625052660848045,0.6640518261434143,0.8395395034827693,-0.8237402374042306
0.6889687196293939,-0.5133670503545327,0.17774257660582382,0.04792508600126322,-0.20846660628133407,-0.37945087632827734,-0.3209734377030722,-0.3338627550137361,-0.6637345839086268,0.020966569084296616,-0.7719467203228949,0.019904124645943932,0.8118454631601009,-0.3012494690552394,0.4547582113478086,0.6378972030497039,0.6300740115000283,-0.5274623021065514,-0.7071115634446112,-0.6054563943520335,0.20479797054633164,0.5204305910937841,0.3110180210374782,-0.6457077421055417,0.5456961784951204,-0.011765949965222733,0.5088916504939716,0.5197542992154969,-0.10218948600987399,0.8483085167713187,0.12898356680559853,0.27059663812118684,0.2490435588837896,0.7284937496628323,0.2544348137995436,-0.6980851972138462,-0.8634274830084878,-0.11558387232743028,-0.3943591297219742,-0.45065266502768164,-0.8876557595738439,0.014673770579556322,-0.37918429878737814,-0.09617227259863559,-0.8862198983320952,0.6633932633262429,-0.84653799765309,0.7285000678504783,0.7105867429121806,0.23001677683114718,0.014135634667910235,-0.07457668214545543,0.10863274267660783,0.583635594530717,0.7917535311136052,-0.10053259269818748,0.6196318353959422,0.30367490929721974,-0.3569464742391433,-0.04874194411386101,-0.6982778466087229,-0.8762525997977986,-0.7929962454592168,0.7982536679115471,-0.31312444832346475,0.4286310983349253,0.009098003001914767,-0.6548821771272701,-0.5045125528034315,-0.12448345138153405,-0.1211564164747514,0.04549607053109117,-0.6825075840369172,-0.25429603579734583,-0.43421284277116423,-0.18246120550535938,-0.3232657063171609,0.19577172476597893,0.5784538631273295,0.2946107139386138,-0.8681762914405651,-0.8109881049698113,0.356758689680162,-0.43170605224377256,0.44746731000492357,0.31312817282095584,0.8126853943273544,0.7465593241210777,-0.3332759278788868,0.1654790291728392,-0.7171432388313643,-0.30035842492831155,0.9353930153854892,0.3969599256237619,-0.21608403132927934,0.19008245630314957,0.8760043991315216,-0.38083622516807814,-0.24664138788739964,0.5833239157270871,0.6263695676296019,0.340232799989445,0.657917945788929,0.47754934425896556,0.3708288805551525,0.05278667946834803,0.29204964146697576,-0.15318726735579258,-0.2763438073064308,-0.27480466203591125,-0.6394741542463107,-0.5716146775821993,0.8953365350686937,-0.02745815825454545,-0.5469139069322255,-0.7248692936458414,-0.8456698313982474,0.6888567773717666,-0.7977184726642117,0.541749440726202,0.670239653269112,0.7673643309851232,-0.9245050152848775,-0.3264712560714369,0.5326152088944831,-0.737901917140984,-0.24656025835495066,-0.675505575823099,0.662690113378251,0.5421956274619768,0.6180874392786022,-0.6689216685118826,-0.12465318972330652,-0.17828277700693307,0.3527258443770658,-0.5249395971061499,-0.1116025803894487,-0.4301441348732835,0.4970730361908726,-0.10214407393331926,0.06802229939652227,-0.3810642068744208,0.6172477421815727,-0.061968789935494595,0.6702267854514148,-0.26431808354993436,0.8942603404882459,0.9688795870631546,-0.07664004311802164,-0.43645653459244915,-0.23625513161857903,0.05491957692296534,0.9325363064118946,0.6337824791624802,0.6025184483030952,-0.7232029307931376,-0.49999357682198586,0.2823580724088943,0.748233890104474,0.10908149084886243,-0.7948205365031813,0.691784553466877,0.7023320961695576,-0.42987397188134313,0.5262336605833817,-0.45441740081728677,0.8106124179564824,-0.7053026880167914,-0.12505487961003836,0.8928265260235213,-0.5559239861860388,-0.09774401955858214,-0.30082984372270216,-0.9466596183941229,-0.8934862256578511,0.004014229386470891,-0.5284438522731347,0.9890507024765824,-0.25017465316446486,-0.9436249089436999,0.8616518094999062,0.6783525752232114,0.29992136858836327,0.582761274964352,-0.7248008245482567,-0.42624120537346366,0.6595231663056451,0.39214397715196725,-0.7224146163636276,0.41107235057816083,-0.10279705203550682,-0.9894976033887641,-0.8415484574585574,-0.4881521431259106,0.669926198564762,0.09760849088767087,0.4544695706498636,0.05554301177344856,-0.7776262793515232,-0.42379684392153893
-0.39769761082756006,-0.9045011067622974,-0.1603489124931139,0.5877982172788763,-0.08577276672710266,-0.77828420941997,0.810293771323997,0.19347808563789393,-0.9671292955882111,0.03075146041881216,-0.5161237311580134,-0.7128463195074799,-0.14152221379333252,0.22961916555190132,-0.5188715223869129,-0.16686480958292038,0.3287426034840182,-0.8287720900254765,0.9493089819044433,-0.8646413541823079,0.052118890644341054,0.014655393159573205,0.9766629711929349,0.10830390483639096,-0.2190925348798718,-0.05972984368302803,0.2713415829372601,0.9620788451031206,-0.49269947786157453,-0.9675155377821048,0.5770400325590306,-0.3103950136732174,0.4658820429012833,0.25651392495131287,0.5430027482197182,0.4703739696246225,-0.33496278325603024,-0.9113286234095836,0.09202749041538305,0.6270177311121763,-0.6498217458965831,0.558285186956563,-0.07075420050592451,0.3907785039921279,0.2634716955166756,0.6229953636952128,-0.8737989259355508,0.5523807994068435,-0.08464084510529357,-0.4131148576499375,-0.9123874486817538,-0.6010603325696233,-0.916188116139236,0.8667419599007946,0.030767178508997572,0.9782454045922468,0.08606139530837176,-0.4933724695947652,0.5065818376377298,-0.6177931385321782,-0.2860516479292732,0.56168313395685,0.7315965541561151,-0.33615062723731093,-0.7510499835112332,-0.26396165137065397,0.7789730340245629,0.48661541103924244,0.7892749899101066,-0.22671046347861568,0.9474471686306181,-0.007593546925954708,-0.004953215012745371,0.8486209332539272,0.03855170706988398,0.6022961748035476,0.45416264868527145,-0.8421459878890643,0.2049065976604545,0.6446825590797733,0.09094879468927397,-0.35757714357081194,-0.8398621778500095,0.3218384429162733,-0.38700828781849506,0.2052432554611996,-0.14776785423390915,0.37952961689097253,-0.29690603245601577,-0.915289674299741,0.7400743501127842,-0.2948813793830354,0.9963011955460981,-0.4508892798502848,0.9600545583885582,0.8958087572061726,-0.8499176700236815,0.2750250757665966,-0.2733777386980354,0.6021919511243399,0.35882121562937974,0.9055787925592156,-0.7144410632749005,0.21514580664171068,0.562623939486933,-0.930402068402916,-0.8655332738757824,0.5570307470137308,-0.2673430537857029,-0.23429119662244458,0.13448928344823896,0.210189657709571,0.3581241138267899,0.8976470585311129,-0.25597324305863256,0.526168943597159,0.14784355666779136,0.05891976307257929,-0.2039319080951001,0.2991214734120631,-0.5007766938132041,-0.7731027748299639,0.47134971895885536,-0.0019120794870663982,-0.22602523992147305,0.12334542151929417,-0.47644664682500837,-0.47942045772019326,-0.10745377518876764,0.9927302243095215,-0.42884624460368403,0.8329578190837628,-0.017599609491551815,-0.7547251561920583,0.7056525807686453,-0.09591462950920526,0.7973580615724607,-0.10977761451508994,-0.8244185177905379,0.3638585205012743,0.6910424379493989,-0.36082445580005973,-0.3051494105228709,-0.8701218433678577,0.08434272245112462,0.7826633647077779,0.7027241015062518,0.4236182080144253,0.8546489134463555,0.2754000451280325,0.5873927676900055,0.017511490348601555,-0.7572750898430862,-0.5980392576446285,-0.7222462559232685,0.5807461216154983,-0.9474319463834686,0.10804287451919015,-0.26217766899755857,0.6073234525771729,0.10329386785285499,0.22389672524104176,-0.8275690366961346,-0.3814185649430757,0.9991900878687738,0.437739319781439,0.05139130966060024,0.538329100749396,0.6466787990167813,-0.852498574177522,0.9447594630275318,0.28467717877276266,-0.10005100867400785,0.36021798129916194,-0.3109704385946006,0.7559203033008235,0.5605258576766168,0.27958785873332603,-0.6360737268957253,0.9325292278682136,-0.13476342703605027,0.8214245418937747,-0.8891742999644459,-0.7516777587219756,-0.6939690663795988,-0.6706858402197517,-0.35467849769088877,0.41866426505849175,-0.30795383531625387,0.8818081098630695,0.7898518336422489,0.6918674123117312,-0.49878938203600187,0.2701141827754918,0.10168283096627939,-0.7496594097461946,-0.39435078778224786,0.06695605953676109,0.005146289482525379,-0.6627281965045864
0.8832139757371917,-0.6916114662408737,0.3174657467675086,0.44126553687454595,0.21027781572371085,0.6850600082267779,0.12723606886259153,0.650472534653264,-0.9432530242022448,-0.909076393417316,0.2829074676487202,0.15354246295475815,0.30225995497119973,0.5339180018326222,-0.1668264326735076,0.2779823844177409,-0.003923879727767865,0.25432802059616866,-0.42065668639678844,0.91330033990881,-0.03411036364916109,0.6093763084314661,0.3699816823913533,-0.4051322571405154,-0.8540539489893084,-0.880173934130662,-0.12078900015917804,-0.03149773978528159,-0.5919539728732026,0.21332052564127268,-0.3748350015061339,0.436725770224875,0.4683995096090936,0.7215547315086506,0.9507482558297604,-0.7384676968952271,-0.2589196038994175,0.12330243149673836,-0.3617682271936855,-0.06705486591872711,-0.4650566510916352,-0.5041622349489088,-0.8063766948788571,-0.41957599006019697,-0.23170033299678794,0.23075488832793734,-0.5034594392376268,0.7306150034414354,-0.6806006757396781,-0.34512835839761014,0.15537407578719287,-0.3745701582754539,0.5262427502772571,-0.0034689158801823883,0.029449678462968976,-0.0024805832046916887,-0.3829190358911414,-0.9536474035672979,0.8904656081384745,0.010888926047543102,0.9333732611049508,-0.5697111549475178,-0.2942098222872893,-0.8989191907442162,-0.010211592949647352,0.7646789527364022,0.3085200737792342,-0.05882629326360855,0.07338149857785403,0.6943447307869357,-0.13814446130491898,0.7649114618371857,0.4550161267187838,0.5277135283239791,-0.26812529496487403,-0.19883675797048683,0.14056328776205862,-0.6106893962245619,0.10644585324230338,-0.8529365005143164,0.008511058246409409,0.5288082294144791,-0.440558644752036,0.9781814012414451,0.3607972802377215,-0.7623779605528209,0.9501656308275681,-0.21219257454278573,0.5897944567618916,-0.3218294000948694,0.8778971339107509,0.5099303445855878,-0.6018842368951001,0.01824503245036424,0.00015580714128771156,-0.9093932950658505,-0.7259272528649592,-0.3339185892944656,-0.052511699209619955,-0.08602288143425207,0.21252104480760825,0.03101146429450785,-0.3440683047269475,0.226136242129356,-0.6749959082461212,0.9812314751222802,0.4786387211472083,-0.40153131494336347,-0.3272530956966433,0.6565787719147518,0.06467965975175272,0.41747961287087576,-0.40041887052517255,0.6314976664876484,-0.2632843802684608,0.3476127849460331,0.9597960623583237,0.16740428369757265,0.5935096278602943,0.4506484251037106,0.37608730240554333,-0.9467056900723336,-0.05081957182987895,0.9341413923441018,0.5658079828628428,0.5523240503441442,0.15526879172836572,0.4428002245926135,0.1670465540952799,-0.6589758765066813,0.25805048229072725,0.23947161100217884,0.6823342499165286,-0.7044485833993364,0.3614537901013577,-0.9368589733158013,0.8964103415686027,-0.7802089573326063,-0.9621252649867749,-0.3726150331082896,-0.6971374837613091,0.3810005218370509,-0.1792451813545899,0.549944603614182,0.8410418997944213,0.7456354178246407,0.47167454253736274,-0.8754374279711361,-0.7238350284295796,-0.5853165900575106,-0.34990093114789045,0.3244535994286981,0.05095430280007074,-0.37249480252436573,-0.6536351522853445,0.8242483218480208,-0.3153459646363077,-0.29142602271037443,0.5439795682974815,0.4418491226545853,0.286618199998923,0.38662662005964177,0.22015316015750308,-0.6154716617265732,-0.5069617289452792,0.11617330161480832,-0.5502659240143666,0.945821255181138,-0.40477086944618423,-0.42199172519295014,-0.5854444102907195,0.4099765194803935,-0.36591850996310393,-0.30239365159738685,0.8674007495416012,0.5908107120046671,-0.4530849264891539,-0.7562517885345699,0.3532444915650914,-0.24061162925123503,0.9603210746427244,0.6367549202611247,0.9092177267829227,0.6092316679131407,-0.41909469601412885,-0.42473931677172017,0.4282825749967907,-0.307272971808767,-0.11524777627032923,-0.48711204905303584,-0.04184147396703364,-0.595863985598807,0.07715584741730552,0.8660478675666154,0.3923426012936453,-0.7254540903981541,0.23135406882898457,0.1736609971416303,-0.5150839231794264,0.33966792978620797
0.062082979465598376,0.2758891468172753,-0.8950177863210744,-0.17339726790348275,0.43471611250048725,-0.7989101904453042,0.5415321161965583,-0.9896371071857399,0.10070513155923333,0.8581993603399556,-0.18618509690623308,0.8700641971923031,0.7567992430284565,-0.04510295911820705,-0.6010880506647966,0.9278280777818715,-0.35766459576166665,0.2917958357805397,0.8158739174712448,-0.8210785589769674,0.14826670635074657,0.07030455378720935,0.4462353564848467,0.8733387595012521,0.826459451339705,-0.6498704490380738,0.7644899463296664,-0.6484225849222749,0.839269623701868,0.9943436061770199,-0.2060108514434007,-0.009232205356484391,0.8732174895555256,0.9242627601666848,0.852079395792886,0.7534863358358468,-0.9814656630398004,0.13592373732899077,-0.785398618452924,0.9659877767420129,-0.43087669529990746,0.9781989401774467,0.08660096711394982,-0.012175159316361706,0.8771210034817447,0.7021194771559933,-0.06395846198741983,-0.6143772034523804,-0.774706477959691,-0.6750114749205227,-0.08217105793527768,-0.4854702395409618,-0.6276018617438646,0.47323579098451396,0.5815353288505114,0.13556244484187863,0.5145655005151224,-0.6490101723230706,0.7122930085469155,0.7940855235679503,0.6539796505526192,0.030561317919591824,-0.8265244603032882,0.3385117068199084,-0.6304375979053201,-0.7187762487314031,-0.35279665982983444,-0.50390583266571,-0.4784294458691123,-0.5289574943969322,0.507513303562914,0.9080696453098251,-0.3961083206167706,0.44576505680199485,-0.977128531611664,0.3073667341403974,0.3855371808454777,-0.8757513363989278,-0.7635503043920548,-0.38638731599276044,-0.18916677406320548,0.00504094247677922,0.7902367396325083,0.40711407020451196,-0.3780441032306794,-0.7651685083104474,0.8322607717012707,-0.4099247996875064,0.229250896287698,-0.5617427981293122,-0.7328624356063917,-0.6936288706216416,0.49546967430171307,0.21147789617813872,-0.16830876913755066,0.09846901763672955,-0.058343846241377006,0.0750353753864017,0.32818887867932767,-0.5631767546853481,-0.5050691413828445,0.5094790994497307,0.7462701169754666,-0.8362593870534503,-0.10650404500703337,0.4075322503117451,-0.8437945557051196,0.12833744454694962,-0.8764839048866324,0.09529849742186292,0.01097411218519162,0.14540334845572933,-0.7002952372351714,-0.34376472451558704,0.040683082369574075,-0.7675199556306715,-0.5891970289212769,0.16629535688203512,-0.8181167110966243,0.020750708065669032,0.6173841663544744,-0.09313539964043605,0.026495686403283036,-0.08640304857624792,-0.8845264381349505,-0.07524338852215262,0.613830705108785,0.4465601596500046,-0.20810258009348503,0.632906451866261,0.4916089656636313,0.1566225301180708,-0.9094203945443424,-0.3109422668757309,-0.8724801757758336,0.9882473209538403,0.8691655977698929,-0.8619617076793724,0.8675511251698613,-0.9365302579538419,-0.18226612836150347,0.5379441251669654,0.5316553658474235,0.956666569848202,0.29176163619432693,-0.15927612223534426,0.9857131971617579,-0.2350407622972559,0.7392405706214169,0.8135346230491451,-0.24870893239602476,0.36546070820308274,0.32358507625093624,0.07860052783772042,0.30706819683740405,-0.3044602257216995,-0.6430527419917766,0.07451697279600245,0.057685079088018565,0.4557162818122562,-0.554619568067467,-0.9930534101101844,-0.9545293453560668,-0.40327402259403633,0.34699971555313414,0.08889067805004158,0.0638672169935175,0.6467208747515687,-0.5049759229924489,-0.3076805300247465,-0.4487005444097454,0.8748207222701336,0.4500478918178368,-0.7743107224670454,0.6189563670783889,-0.1615188030164958,0.5321069350278067,0.767513243690749,-0.9687084072729009,-0.5878367562995717,-0.7982065738149859,-0.9328474484914384,0.19556979346310532,0.40657253372985735,-0.9026473575125018,0.48108215695972323,-0.19546929837818738,-0.5313214430248767,-0.5654615796448932,0.7274604853401128,-0.8871119299510781,0.007791697881869064,-0.4214730972921623,0.6315725135266337,0.46303496623203655,-0.36219260726161595,0.19583534855452478,0.3450638028738273,-0.3586697692140337,-0.3964711297115935
-0.7134791316733426,0.3204248476214864,-0.5579145191079349,-0.3989980924851608,-0.8780847257864757,0.8970405100534427,0.7594277819277659,0.8231553312410889,0.25198627529665996,-0.145598835410913,-0.008758425013958071,0.9445804706873717,0.8831728196638235,0.3426850494914446,0.571609191961036,-0.36253108536737555,-0.1673507331571107,-0.7015647843496726,-0.24707962298573594,0.5088321944762506,-0.052962359175560136,0.698681864520081,-0.3985271624097044,0.4151535949759444,0.6115523198697739,0.829482347631811,0.12477189917381826,0.9355723770932534,0.11457351639854618,-0.7318144978818439,-0.5142829678208285,-0.5933265338798912,0.2934117030958894,0.8444522090224447,0.6942667718392237,-0.8150720069462727,0.4491694246144038,-0.6190367631385234,-0.4630768242900376,0.34734384126915696,0.20584408997815173,0.7472409169790792,-0.6236734121344893,0.5233928350744199,0.44861047970429824,0.11770095254505453,-0.04121158705817041,0.7389477030490759,-0.33407137836235745,0.9140395210533463,-0.9693325875430143,0.8743195264044954,0.924155112228918,-0.765367601113331,0.9991440140356234,-0.042158247315268405,-0.514813636308517,0.20880306815756233,-0.5909737140442126,0.8302529191871129,0.10415858509562903,0.5510277641275405,-0.2386765112541549,0.06730025483252611,-0.2814808888968485,-0.4768767452292948,0.025633080047547052,-0.005445413798033316,-0.8027835368690399,0.9626369136931534,-0.061019155954883164,0.6794623631273697,0.8286609977949781,-0.2585901571374831,-0.17213965884275084,0.12504945492870867,-0.5574518033675495,-0.7081545737949029,-0.47845178018046086,0.869516500592707,0.15828585207480095,-0.16484385288965275,-0.6951771796317134,-0.3402694280442802,-0.24032045051769169,0.6667254305739703,-0.0013970352613550396,0.3092159322420438,0.3696932246918123,-0.48534648473023445,0.6431838793847127,0.9330165345006873,0.2833889087974144,-0.018808834838435207,-0.663532708096918,0.5899510287072682,-0.6614685782796366,0.4406270615241874,-0.02336735749173524,0.8337987793887336,0.08427371070271028,0.28361892636473307,-0.8825358968385397,-0.9323524856706189,0.6933947663654447,0.8903762224017964,0.3364310867863056,0.5286776871440384,-0.1752155551688146,0.685089433650697,-0.537133215845109,0.4143391274069197,-0.9817170766186765,0.011465839386130217,-0.25359861462637623,0.235670471753606,0.3335094591066794,0.23303872216867583,-0.03359169275634977,-0.02429123199385752,-0.9867752860156822,0.10328712182251376,-0.9762980637442151,0.058835293683301204,-0.45051852560433603,0.9549586964650234,-0.9657148047951456,0.6263144418278197,0.34806590423842065,0.6123353978948578,0.8195467319975323,-0.7859671426110142,-0.8073722194971831,-0.702205028519499,-0.6161358860167736,0.05291197080043242,0.6304287814265652,-0.4653505266467284,-0.2062071550038571,-0.25389683307263566,-0.18794518025222806,0.13000436489593814,0.9804660632794546,-0.5482854947451556,0.368083250940771,0.6957342040630714,0.3074714391183062,0.7164383180423743,0.5191717003536895,-0.8129989891457812,-0.24147195552036815,0.10540287905939061,-0.8877701217420686,-0.9810996546917388,-0.6572328495579047,-0.00028321377441598017,-0.13218069605667537,0.5687526215802223,0.13171325590206995,0.7159206267273388,-0.8092763290585399,0.056318371283295976,-0.9148964847659098,-0.5771658882309056,0.7362337811632111,0.7751086140689871,-0.0489994247094534,-0.9068760585165134,-0.8513038801486978,0.8511696201618464,0.7986233017300173,0.12701972809596707,-0.9341964396930562,0.8575327225093186,-0.3710306135466981,0.9229383797520117,0.17407220816897673,0.5045089396937301,0.42542279989871945,-0.20340795920975596,-0.8461250171173083,-0.6750994985705883,-0.5190556113914264,0.669301120183504,-0.2216867852652824,0.7930515340054396,-0.3365403207563429,0.5112185290417846,-0.7200988115296054,0.9769559158282062,0.44832714018862974,0.0015857032754502676,0.9486466548719927,-0.8926071361052128,-0.12582349431300166,0.6773493152263499,-0.3188145070497881,0.5380113067308847,0.9097167938293316,-0.206593901382081
0.5471098322626449,-0.9407486821096698,-0.45334594274240536,0.9851717569015948,-0.018793087778413486,-0.2883776045883042,0.8822856899414508,-0.1363041075209106,0.35938971617631776,0.32134381502975096,-0.8286117647265285,0.23723178051977567,0.5961103476054932,0.4262170653567714,-0.8359239806537029,-0.6915580722689632,0.4233543095572334,0.2678017639261019,0.4793105779531892,-0.36664354263692767,-0.7868981645774777,-0.9896095552599398,-0.3834650897274039,-0.2801650053062068,-0.46046711352122704,-0.7349859910116012,-0.6252164329442456,-0.1023126459570971,0.10948000121773549,-0.183911649833725,-0.9474761919734056,-0.29217142530948226,-0.8138714790802517,0.19608759558854572,-0.3511393388551747,-0.22952416520803265,-0.416305297407358,-0.22440088124321256,-0.830600966142955,0.8022720897128661,0.8104151486267177,0.9563461280277745,0.143920861499079,-0.660834153215349,-0.23853595302251374,-0.7223198820811665,-0.39773746924986253,-0.01375211557843059,-0.8734656994460912,-0.13064746147451012,-0.15779532045495137,-0.03153737213214303,-0.8461572772096857,-0.49660052442219427,-0.5068198633059942,0.25006737553778935,0.18761279607815728,-0.6089035502394791,-0.786055264838196,-0.3906840084974861,0.8976469247891303,-0.3355655693767461,0.24038437574937865,0.6081529239147649,-0.3409165674414796,-0.330527552506086,0.6309509400060063,0.7190169342016703,0.9484507530092137,-0.7277510568434704,-0.3586696892498247,0.8945578440322324,-0.5982970225958566,-0.37163343760911727,0.9291492461895878,0.937450443493391,-0.41710369683989357,0.3899155353442201,-0.01798537421579538,0.1517585632499212,-0.5151514064388538,-0.24788939535170584,0.6329890308658261,-0.21412974052108025,-0.7722243527760038,0.12770101725757188,0.18445406850077095,0.09125817090164423,0.36342526626017535,0.10019831399494561,0.906009222972592,-0.07675555433370307,0.41673410251212695,-0.12309009138218285,-0.41733758402940935,0.3856705586486855,0.637931136008917,0.5913136719919088,-0.18171681951019703,-0.0013935694220794659,0.26667207930732717,-0.5159576646584023,0.3173259370646362,0.43047278259885235,0.5781535264401259,-0.8520697288354231,0.981401228873936,-0.041530600454747546,-0.19838980534125272,0.013225286059018071,0.8407843689565915,0.3834177317962153,0.08729040677495536,0.5814418340985184,-0.28094101396748017,0.7910030307217981,0.07381197204917567,0.27636073402168226,-0.8300361318980245,0.537908095840081,0.3152032891615313,-0.2899823611030208,0.2939996959668085,-0.9114066129443008,0.9672164119039655,0.3549437917283713,-0.20076450754983544,0.5053655554592116,0.9314335554276565,-0.13908891221963549,-0.9789044544308401,-0.4825232591926891,0.021352481050089356,0.03759553369869906,0.16103659104800827,0.15047079654085227,-0.1084428969901865,-0.21773166264499433,0.5446844649248641,0.17717991308029446,0.0009315632394690798,-0.31006522480096343,-0.9508746939484614,-0.7909012839878766,-0.16804914294857487,0.9234557313599407,-0.7678613240820507,0.881352316292386,-0.7166496463369034,-0.3762193122049171,-0.08933472954824584,-0.586265347583371,-0.03414800244122307,-0.04767493758167296,-0.12366812345394584,0.39352653104733215,-0.3621810515645991,-0.3994718336361194,0.6203718738373962,-0.7698294666024281,0.6983600160938195,0.2959398345554274,0.35427866578176803,-0.6712918142985935,0.9678009411765558,-0.5121741068960146,-0.6510935343517321,-0.6797285775692814,0.11969790497972621,0.9169252434678994,-0.5362889051771793,-0.18990512743949428,-0.6310964496972127,0.28095775332015616,-0.135731095141435,-0.9416154513152188,0.22821387474383958,-0.6053511284355073,0.1844063167207366,-0.2223284392885858,0.4094712319194689,-0.5884310412653562,0.5046509907209833,0.6174595772625215,-0.8748724970616713,-0.7964959025457152,0.7439586600197703,-0.6260803287358132,-0.34803017680236303,-0.08489915558762906,-0.47529320909527817,0.7252730949146147,0.05543003925556533,0.27821717133230117,0.193941658565987,0.2226168422780037,0.17400942913043593,-0.3041507251264912,0.6910356053391185,0.23472535867284994
0.6274765085218676,0.4119767218919601,-0.4051103306012962,0.22896903142583902,-0.8304960627539444,-0.7321044606985787,-0.7642766946766866,-0.3892399949290022,-0.633910963337033,0.38687308343289106,0.021649738974321764,-0.1635217875774828,-0.724265402930885,-0.23258007432462602,-0.6284926014144687,0.2710032841172705,0.3868658530587106,0.2905201901599008,0.9997991051261841,0.10982515166499485,-0.020715947615582264,-0.7194069298044059,-0.3708399706783114,-0.09799805850669774,-0.8927774747383264,-0.28192165565726235,-0.9808331208734375,-0.7269305706750082,0.6304318813077237,0.9276581788298797,0.010876039461340747,-0.010060304267192732,0.369393341119973,-0.16873912945177616,0.6797836042024454,-0.022600976120628724,-0.8346587484270662,-0.9382785887139904,0.5221132370908483,-0.41582018088258677,-0.45029416345293205,0.07521723640963884,-0.6635820451268526,-0.08535722545310187,0.4850365038595741,0.5318391098873814,0.09945236907610266,-0.7735780094159537,-0.7715866972820624,0.550226055727991,0.6465656159951332,-0.26627645578915815,0.6452218555925227,-0.9167789554595334,0.43796048226008666,0.0927065494439292,0.9795514557533664,-0.7951671222450034,0.6601414330850794,0.5026909894873444,-0.4045821297942127,0.9986253385578154,-0.10053531433917251,-0.3028460463553724,0.6334571702328771,-0.12186019323333408,0.9879153686372342,0.5512632997615472,-0.5261078892666375,0.6214054336788204,0.17584779395362116,-0.29873831777202065,0.421507918987599,0.26554126185427696,-0.6680367646194816,-0.7215300681464478,-0.5867606876264533,-0.586114558496468,-0.8812843327213178,-0.2983690420943381,-0.43782996241960404,0.07753709209527604,-0.35269276829063667,0.40810752351037705,-0.4213335130701128,-0.46531386744383973,0.7160336898925153,0.9709766045235884,0.3585986318466201,-0.8095496723713145,0.9255439899875839,0.5713820965825946,0.8375374236596507,0.9849724512893487,0.7340951808675569,-0.7462236627723795,0.7321575899823136,-0.5006455161237204,0.4227896976783381,0.6569636053972652,0.5229471749597139,0.352469107399892,-0.021082548168724458,0.15485105860832293,-0.46256569582502816,-0.17154982126992468,-0.0960165548992713,0.2672555267005954,0.760250162614647,-0.8138104319147652,0.031226944175398064,-0.4435486242964326,0.8726722281771504,-0.261857651849156,0.9005081577307652,-0.34542143967813943,-0.9950538297160305,0.5482705808753865,0.46544805307897397,0.46186387497410597,-0.0831014866405646,0.32828764166368507,-0.2835545413180256,-0.8733386278796507,0.06884892877512971,-0.5643401299695883,-0.1407137986295277,-0.5762970671845236,-0.4629263233711549,0.656687234097616,-0.3244896896584253,0.15586728052190302,0.13228422183428057,-0.029324191982989856,-0.3125207588947616,0.36510385218641184,-0.9031814776965541,-0.8008505161675883,0.5677795236811365,-0.08083647465286625,-0.7515256415392031,0.7153031998572277,-0.11742810224714684,-0.9986481369757916,0.9160635386079445,-0.5953635872052006,0.37718376382302066,-0.736173825231973,0.2999943986813054,-0.6820450741883612,0.8654511254518484,-0.45196108380943567,0.30917592883758815,-0.4992214429017823,-0.2563124647064685,0.8076005376713158,-0.6689498416813124,-0.20731686613553357,-0.3889815103115386,0.39888274304914706,-0.5317123170311611,0.3109704567670699,0.40739607952808843,-0.9978273926165526,-0.04638658347817182,-0.7346004159200268,-0.5476182770811879,0.3599654502431582,-0.9814261047830797,0.3911942145760974,0.6342180538265969,0.976309818928544,-0.15537213244988024,-0.7356496978148783,-0.8583433891989758,-0.2338601486484546,0.4615267635279421,-0.7951456591009867,-0.3732970451181876,0.7619779899605412,-0.7257414105129087,0.5469209673012483,0.506315601982136,-0.7337075376275757,0.98588031049277,-0.7142938663302123,0.06101655309336196,-0.9830505160939809,0.3000404263156138,-0.11980115844029626,0.4448640527286447,0.25616007668180507,-0.697251738311438,-0.17658021128064383,0.37313233975147986,0.7199250492042999,-0.826623933068023,-0.7990697750447224,0.5048912930959049,0.17914783552302627
-0.2319361813137586,0.9264974211065282,-0.3709926636356613,-0.7203396223815326,-0.44606468611030925,-0.8315025680040267,0.10679326356946017,0.20001573445170573,0.21518619783104653,0.5579393050265198,0.3809521500293076,0.695784208879918,0.31681074017028776,-0.3967013328456028,0.03549825559447495,0.019045132229425166,0.4956872819624991,-0.40891589751586666,-0.8908617379694941,0.7958251207139793,0.9093430226943056,-0.010224560113466286,-0.774512674792383,-0.0008349174546848914,0.18785953627544627,0.05657300187236847,0.9553938956866712,0.9737650656863779,0.8678488033484317,-0.7360342385345959,0.7216280078734949,0.13676077754592186,-0.2691750743038026,0.36588409800485233,0.5254518757911715,0.9089059678817728,0.5407340984492277,-0.9666211964582876,-0.8649348614544656,-0.47562944567586585,-0.9203462761256205,-0.8790622808235886,0.5785799979861828,0.01322120854985398,0.25714139212115206,0.002097931014150234,-0.1691360112491962,0.4036212772470327,-0.8351443761507082,0.07312963214003076,0.232094111333496,-0.44506452853087985,-0.38018622876671615,0.022609396590662856,-0.5936050120843444,0.6161201619413066,0.07278034577891668,-0.21853699406330063,0.26858849470651336,0.6690529383695054,0.3621113694184208,-0.86776983275757,0.39735176321098264,0.4599167548630829,0.6929362302815525,-0.8841881119537391,-0.8275744032170214,-0.1310328227879618,-0.09325631540571466,0.21766480885488715,-0.3814198722529476,0.48338701811510854,0.48131636046835635,-0.7611139861842251,0.41580121423619665,0.4029992224477321,-0.6723347381291849,0.9060324035093952,0.046010725456816504,0.5659742030874917,0.441531036186918,-0.6660740916152383,-0.7461387850377503,0.5622479598739751,-0.4624710271815087,0.772829519481312,0.5428605809792493,-0.941287497654393,0.6142156933147396,-0.4560388099572925,-0.8722560217537039,0.42464649640099084,0.15330334942836799,-0.8458599374272293,-0.08960444464114503,-0.27975220895649344,-0.0007799884772334842,0.13377225647689972,-0.26462444428637655,-0.48976783792184375,-0.7941901699562608,0.147824610384113,0.44555674665173295,-0.5431911536934979,0.017649769821293626,-0.9119241854743809,0.7258569898052225,-0.5108970992865931,-0.056470820844523706,-0.2340410512652018,-0.6998306635176998,0.862320154314371,0.7149703954959448,0.10572957699172902,0.8278953390422581,0.48133165621315377,-0.16126139127440298,-0.3563959710558775,-0.1674868029973693,0.4405758428563942,-0.45748408398036666,-0.8442258600661761,-0.25438366652427735,0.004081885119165518,0.8038820185165427,-0.6413112994553887,0.6086760389175134,0.96282772788299,0.9081588149208553,-0.8621471244545098,-0.06981164416622776,-0.43538625875819514,0.689693008522656,-0.3453981565477622,0.10618279064813518,-0.984061652885089,-0.5986576930940883,0.12761348164837383,-0.3921813854638341,0.2454350477842091,-0.07214661883900142,0.18338186996963235,-0.013278648290230288,0.5452265259010487,-0.609155152254353,0.8008865944528465,0.5209644406433931,-0.5097462512468343,-0.9872442344963919,-0.17992778086796024,-0.534004516280514,-0.30715260452118764,0.6791480137923478,0.7543972285031499,0.9019805242868866,-0.9970759189288445,0.3146077003519956,0.6980119755578436,0.454430078081945,-0.7921019612968807,0.05962897812002499,-0.5236648109582687,-0.0159422463002048,-0.8802098486936207,0.993918540215097,0.42330494940020547,-0.8139467232838236,0.8425488059442128,0.7945749438629184,0.03951843698407398,0.40169381939735915,-0.2550160518518385,0.9491095803365022,-0.830195164967021,-0.8088459893252289,-0.7329722994980861,0.639925783788432,-0.850339031340245,0.13564145657841653,-0.13003424313002943,0.9284365494654816,-0.526456530516207,-0.47801812215277995,-0.36998216918048343,0.6016336439989904,0.40145121264308425,0.4707057375647361,-0.3638845614677988,-0.4560882563350912,-0.8506251283950406,-0.5945747474415326,0.5598739649377258,0.16941607160825778,-0.6891788973561266,-0.6712500386004636,-0.06788977512667649,-0.18697489618157248,0.07184909818004726,0.9292694445004575,-0.5847275487792929
-0.38338456357499084,-0.4699841461705836,-0.7601728872892128,-0.6847692458689676,0.37210968590103044,0.6527733758792995,0.3937559664741528,-0.9193403837826732,0.6718495019759725,-0.3444126822304161,-0.8175741924173028,-0.5035624210774898,-0.2885144889914326,0.026919350757458993,0.35436675397814366,-0.4796664145575522,0.9813532408158143,-0.9378358132824809,-0.1912155471056507,-0.0955976611978746,0.4961568944174184,-0.5002947435568978,-0.07591350224752214,0.6077935068877003,-0.7204139214537553,-0.976086153661174,0.660744663789272,0.9651344749672432,-0.7385695249120441,0.6473468303767116,-0.25552051236800466,0.26059509720764895,0.28937003141700357,0.1646476028281263,-0.4823586953069483,0.6254941832272287,-0.9563996345227745,-0.8710559279061805,0.8049921638665629,-0.11313735232802236,-0.742416902005991,0.8101559407603058,0.6587123544348359,-0.3369002174954465,-0.9146073618191384,-0.0780101559961186,-0.6640215825418871,0.14776839961344557,0.6433708030645675,-0.21000262355616117,-0.941035413999417,0.36642583350336566,-0.6543855763384216,-0.5705677880599467,-0.6256977725776767,-0.4402908914385524,0.7668475977872522,-0.9307011125369882,0.23835309769179158,-0.5084304415095091,-0.4097896740005671,-0.17601558740766987,0.10137733040796104,-0.8780418621343145,-0.4404480251220573,-0.7255279657358704,-0.6010843866668267,0.76930503244993,0.05162811650555943,0.26150877764951086,0.604336165542255,0.5896924886037405,0.9788072315230678,0.5638315336908499,-0.28177578032486994,0.08903561206810329,-0.030641029118983365,0.825354033196734,0.004786511087483403,-0.22323745086139923,-0.6403682526042616,-0.3622448653412409,-0.5619596238538109,0.7915295632286274,0.5570765626569489,-0.882817539443763,0.9830626468611416,0.058864583930863246,0.5336843369005457,0.9992114936226921,0.9479597234670043,-0.7997313253900848,0.3137288427524685,-0.4669459978686339,0.6325703232174695,0.8345189651408811,-0.8881826882951005,0.9927840970129143,-0.5611768279121503,0.6930101809302662,0.5947813747588175,-0.29039073086968026,0.6784445046118186,0.6904418047325616,-0.6477992648400199,0.18503901836282544,0.6124204507187767,0.39525312719915995,0.8279600082570686,-0.9435868605456819,0.4011216067028365,0.8951174701400304,0.1272129735663874,0.12621778172803677,-0.6235326701894874,0.9760124208092862,0.7632527197955206,-0.015546552209189546,-0.38189385569756085,-0.019127159745041533,-0.8194852462981943,-0.5347532838335218,-0.5623821166168455,0.05289702829702181,-0.9986330072323384,0.835792371841293,-0.5970712332957178,-0.7390209087616348,0.43387526538163224,0.837561574614412,0.6885681728753015,-0.3528223773903256,-0.9561742075128554,0.17321835018241893,0.8344482949622372,0.5487329976397839,0.6929617751582693,0.7213389331831015,0.9211175005515158,-0.2528184398332536,0.8838464269360833,-0.20880887529229142,-0.7979356596386273,-0.39646969254906184,-0.7270966622850199,-0.6849922279663083,0.8973870640526469,0.5836850499997435,0.9213242007374765,0.29836053128962803,-0.6515946580889387,0.9374857926663354,0.387120796585086,0.8576904179708507,0.5739835851911537,-0.5535255720387151,0.17790031156620723,-0.6492967400195584,-0.38635354140408396,0.37699687919791436,-0.745303270552929,0.457661911871998,0.8975762084425754,0.8973963196998058,-0.2167971454447961,0.9885662610952612,0.9303678805751019,-0.9352345141458251,0.2047773349019424,0.8420764328361587,0.935063371231871,-0.5582094991259758,0.1311004922406409,0.8733755871085085,-0.7187132637028633,0.4906866562039649,-0.5240081497012061,0.9647593098807137,-0.6642251664968317,0.7706405067902746,-0.8225479748597473,0.4179316262904489,0.278205375809758,0.7733070304356435,-0.10674013180441233,-0.46957511887424763,-0.5009182737294424,-0.8644104398715324,-0.48668411691457036,-0.7839307975707415,-0.9974376850106201,-0.22812580409318017,0.4651689889975372,0.9382036502113704,0.7691039951744549,-0.013836013052304752,-0.24257485045148197,0.09204793535690858,-0.7971428807257568,-0.04102149920567899
0.7281014409371538,0.3019391262269546,0.3743208084342289,-0.6746869765030232,-0.8525812208772516,0.6915249680491207,-0.4101827737677397,-0.36256618408668495,0.9033242628682412,-0.8515991964666814,-0.6597895936976186,-0.24908423184000728,0.4639701705426338,0.09409251722446288,0.796248346239947,-0.8137906292386268,0.18806108810418976,0.22728945155778768,-0.03452642702304365,-0.93801359189565,0.8848845162039276,-0.6700056104761718,0.7795065408080872,-0.6857924453384319,-0.7974843780533287,-0.5888990465641257,-0.6200314848232291,0.3943934076147142,0.44407620915135126,0.45994801134057983,-0.4694704613000469,-0.43695385310946944,-0.5249034301055087,-0.9007291139229803,0.14353961571548313,0.6797090096913021,-0.6928201309665316,-0.2783421575454539,-0.144788085108573,-0.41090110206757036,0.3240404520197353,0.20043105602753752,-0.6006503984781073,-0.9485286145366285,-0.6583356166155538,-0.41637706790778495,-0.8361278105740153,0.6875381486938732,-0.38329319976454124,-0.20506530298375414,-0.021806375758685492,0.3220801094920098,-0.8177262448986415,0.08825205843936068,-0.6302375589159055,0.7709853854990778,-0.2611966701361099,-0.10844945841108378,-0.4734080666342315,-0.06988408769069898,-0.5475154394346662,-0.4628760134541008,-0.8767212606798014,0.5044702842305742,0.33493691826913685,-0.8285853763201658,-0.31241722690790663,0.08289801201204416,0.9414110743471515,0.17945288460720699,0.10720381231581766,0.681594332860501,0.6368104297307471,-0.16273585013109892,0.07102882395785937,0.7337880274111246,-0.05035122375616008,0.7633077388352456,-0.04747543783706276,-0.8420899004518336,0.8055544026783081,0.4286113982607198,0.0042029406312096285,0.8009101229431836,0.6009006734413713,0.3550697711520605,0.24054622869860598,-0.7594362504891334,0.5143775112783868,-0.6542420543870111,0.9687359804982658,0.9443297566755138,0.6169214426387262,-0.7476280027229205,-0.15325020136880108,0.9765598726738314,-0.1292135089349855,0.9945384535575512,0.25445242446479566,0.6682162373520084,-0.4842272800244469,0.8216089714631885,0.8283478737971732,-0.8659760939027752,-0.22380169397049854,-0.20529001128592816,-0.3477463892605279,-0.44759836018550136,-0.08368563775476967,0.7469325067455141,0.5731012776555435,0.2461158571776163,0.04512402089961842,-0.16081233154954266,-0.1711152024620426,-0.7036005174131108,0.175868266562776,0.5167547757153459,0.8792999699742197,0.849856333518547,0.12536751895464504,-0.7980191143491027,-0.4278142919022552,0.07126696229183338,-0.3122616428450711,-0.17821992540155907,-0.23391305424589426,-0.028830415427338663,0.2179243039048704,-0.9250686590045731,-0.44917171593049243,-0.7122946587466525,0.21731052817125396,0.3873225063341841,-0.9224349350364098,0.779148427828515,-0.3370118485314586,-0.5248414121673857,0.49149963967827226,0.8416699658123306,0.7940627242988452,-0.9595342228134562,0.6347718506105551,-0.39389009310380674,-0.43930669363071684,-0.01676157328136596,0.39236568934994964,-0.8035652194545175,0.7378000501983972,-0.731228958063119,0.9484388492066209,-0.11377877333714226,0.6516466635595011,-0.46116003798247274,-0.16645454458923448,0.2911096228552885,-0.6241286182147772,-0.5772189957882048,0.6479388685102814,0.48188959784001595,0.5189865904525133,0.7343779411004514,0.6420347847969206,0.03053940521911369,-0.6820551147219991,-0.3777538134221823,0.013590550473110863,-0.7287003579658804,0.7025906819743843,0.758665182719712,-0.9421036813596286,-0.6144731063368836,0.6658598661531026,0.67395335521739,-0.5010194773514414,-0.08710266574383874,0.8360621386822324,0.40926789044007306,-0.45204500305128215,0.6470125833782323,0.010252749874327671,0.270819618151688,-0.7522542822186,-0.9388736152360129,-0.25506647692938555,0.1880871869043026,-0.6448326116722767,0.7409615438369257,0.17376049684485362,-0.3004801967106909,-0.6729727709642983,0.7889838406243908,0.4979222689698666,0.37770107523190855,-0.42986124713047613,-0.22686865851803062,-0.674185188802759,0.1445161220406015,0.9298352184045102,0.7142223748766046
0.29475978352296406,0.3553904921819415,-0.4618328414620858,-0.18098560700891575,-0.9598952850009512,0.5606073285212867,0.5351454568237026,-0.9822040278599085,0.8230308761047436,0.29474310835004824,0.20228390098906757,-0.9830725457702574,-0.49521911727869705,0.6101711383909727,-0.38908060323088645,0.9340488867367533,0.2854806225803279,-0.15238639868076187,-0.24704909545799847,-0.30258160145583735,-0.4960025814442479,-0.06660396900556864,0.3543923127746267,0.6486216429413272,-0.20569492005575962,-0.7953757940627997,0.02302743493660353,0.32471090505250455,0.6865679001715543,-0.25154047367785703,0.2946842401291807,0.21810020927603357,-0.4030481474934051,-0.7837909388283131,-0.8723258922057802,0.9767219316435343,0.2811894912293116,0.7229832005036612,-0.4777061841470063,0.42218755114358353,0.7847475953618654,-0.4024177761620271,-0.700141407291687,0.5309487766072463,0.7993740894909898,0.6108596452670596,0.6047274889056231,0.20006660229114326,0.3210606473622579,0.3615115007747636,0.44256639518522123,0.3108011409248832,0.9949381991565918,-0.48114745457602215,-0.16286862783731682,-0.2234501579890833,-0.9293619903471515,0.4161379187517422,0.14408486807368237,-0.6201696791772986,0.45309975316180706,-0.5552736120474622,0.06927020308842624,0.569794110592234,0.8130530110101095,0.3437369519248177,0.014629711213630658,0.6908384884891905,0.6812773891927999,0.752989568684221,-0.6377282843919985,-0.8047938723745813,-0.7441117206078933,-0.4826962988795842,0.6166877382849403,0.525836436638605,-0.6338632859748099,0.3594247385798566,-0.3287350735897625,-0.8214003559611216,-0.2894332077603352,0.4884198586856161,-0.38582945733558294,0.5761808736151985,-0.33736572605844706,-0.47888152918859284,-0.4118977566993145,0.7024277764228204,-0.05892686465863961,0.7327867393850793,0.16714923948516103,0.888601968000154,-0.8575685251918483,0.7788521229407757,0.0009547489854087043,0.73499550939646,-0.2366615603888258,-0.40328849236507347,-0.8918760587148498,0.7084795408066875,-0.7252694816537522,-0.599406818409713,-0.18161630649579186,0.13880717594690783,0.8132418690122551,-0.08485713387691751,-0.3672330847025822,0.4313369122200721,0.557882354867629,-0.0248383085037851,0.2620655445253903,-0.6463514668730785,0.268997938305342,-0.9905729971520123,-0.4529442755970008,0.5223865624299984,-0.6627884868341847,0.5289674722915159,-0.02084581873996716,0.5271383342109985,-0.8239173124819108,0.22895947745012357,0.26697508140518833,-0.19321303920409916,0.9306556802600663,-0.23336715989307866,-0.924549363050124,-0.6011714975437661,-0.25379718914525795,-0.9718457625507357,-0.3555737323038619,0.666457333133128,-0.6188465801191909,0.3534962833542201,0.25337385734324513,-0.5023537542482361,0.3870494943407943,-0.3113004518733582,-0.7421383991433945,-0.23289904738461265,0.17734137633614377,-0.6659596254633813,0.6476876593488208,-0.4035954930117225,-0.4183444163810268,0.4556638228936256,0.19273983723100474,-0.3243296975841341,0.7759480876740834,0.9909448196558568,-0.31453432148488014,0.802767552289049,-0.28149822726673523,-0.6231479322182611,0.8961687074138853,0.8364108176828668,-0.1932167109977494,-0.543163430328349,0.45433765627264266,-0.7375884471656349,0.4681532386230418,0.17938566959848323,-0.6620305162197058,-0.266817097200303,0.30108076024244945,-0.9252731446148095,0.7530882751989525,-0.48842165214941424,0.0694668683876809,-0.9028260768365255,0.9893604673141296,0.3239398316757893,0.30713523680150523,-0.9605164669717097,0.3794994967548522,-0.16644886964091232,-0.23949247414477082,0.09456476945785108,-0.0512073233445256,-0.6937458037511273,0.3903840584418181,0.26062268032587377,-0.39776709048641545,0.3233291521814441,0.32496593177779354,-0.4600457009256218,0.2112686738480083,-0.7256729540403821,0.6613054409417796,-0.7901715261998061,0.4375324490323358,-0.7645308631255214,-0.7719748946315041,-0.78747258338721,-0.6027066765874356,-0.600501227707283,-0.47401216877253627,0.046292215185161245,-0.5966536200356212,0.4068735004925166
-0.4092975979987741,-0.9211885847428627,-0.007290573263814659,-0.58461203145677,0.8662486893037549,-0.33879276760659716,-0.9945240018852146,0.3432662649304097,0.8137600885395841,0.6704643305264824,0.3380438610032801,-0.7017110146664678,-0.819834652848151,0.023410693929317716,0.44712723379695785,-0.7974190428140853,-0.48821579449867025,-0.5376794270165082,0.9773318615152082,-0.4079556425791231,-0.07144528552770324,-0.8003821698847651,-0.6505963821092182,-0.9211109600626128,-0.4188656455246411,0.6031922053808947,-0.37458578607447146,0.47708039158435245,-0.8100030593388394,0.5164080096824766,-0.9082218258131696,0.7039974501489763,0.3267100549816879,-0.6589754472872493,-0.28494519152451137,-0.12457096643613053,0.2436140666650144,0.7569510747949473,-0.8140973691251554,0.6299285790729927,-0.6342611593927145,-0.19844497143849416,0.9246198602995079,-0.45633381849961974,-0.2285690204813715,0.701343156073168,0.5997981938979002,0.29769296774452747,0.5938191140708138,-0.7738868872447078,0.3923397470475898,-0.8827072086696452,0.8849339759998001,-0.6812092050356702,-0.1679445667382069,0.18150060598067697,0.6045295680901919,0.356786272498411,-0.6374788789253958,-0.24049844176822477,-0.2828021703458068,-0.9423675408575569,0.36892826676294566,0.6770729530942234,0.9468891604507386,-0.7386893409031683,0.8407959712762054,-0.7741250412524652,-0.17743147252965152,-0.90805534924066,-0.47677426554302027,-0.3715241102522582,0.4091363529612462,0.35585784204032866,0.5350574365798206,0.15329801624675898,0.1300244513747828,0.955791115101597,0.33968871642863085,-0.32339871646315355,0.046206350449347955,0.4011603685951086,-0.8095157230966106,0.323426525691926,-0.5028460102985848,-0.30850102508499266,0.3525911367148824,-0.2302467651865714,0.6780660424595746,0.11668847340437583,0.9755832495229544,-0.8908677695446483,0.2867974331136258,-0.6861452533965176,0.6976911495520015,0.7037423028921324,0.7388312692255359,-0.8502695150460304,-0.01670407771119753,-0.5182163666055377,0.9402900975668003,-0.8992985709469121,-0.554586953662402,0.28663462964650366,-0.1934460130765543,-0.5300000000174256,-0.08181081050352956,0.6025225754534442,-0.10380282866925228,0.7131784483560344,-0.10586376017240395,-0.7625862958927343,-0.00525330386699796,0.30674600627674353,-0.7947133570396951,-0.1753229046489011,0.11426202280966624,-0.9996605690433271,-0.8182089061769355,0.20840655212359493,0.2381323074927646,-0.3908040837927029,0.016675480638929763,-0.5862975023002033,0.3429487415583121,0.9007102599867314,-0.27331504486037805,-0.8914495733888643,-0.5541637712073708,-0.09108003479283133,0.12030169021213633,0.2395159393541686,-0.053732637812822226,0.31433441286227914,0.4318270005663105,-0.7719532832885234,0.5186399021582342,-0.55650578435962,-0.3172857708463226,0.6597677712688024,0.92886736690868,-0.416032872383437,0.04397017320827179,0.40419210651997073,-0.9084437802899314,-0.6716892645892183,-0.7191016253555023,0.4337122252957655,0.4431181909026318,-0.786076988960962,0.2217035322773675,-0.6249131989367933,0.8604325183062906,-0.2142070201696531,-0.08590798341402217,0.5628408072975093,0.43357582893868596,-0.784468505425016,-0.1710593097433395,0.8532530610746214,0.67493247497293,0.17762221579580273,0.5442903472744576,-0.09899080608207189,0.3169133900004053,0.912380643251502,-0.7307279711387344,-0.002342715794777517,0.06072869503816847,-0.9028567887361896,0.8706165616633053,0.677632221357833,-0.034136072928147465,0.016665798143766564,0.8423246280876022,-0.6455951229957089,0.15710877140835322,0.46098932348555555,-0.7432364358968444,-0.22518884155866803,0.20109204361082256,0.765391727117356,0.00822023870632882,-0.2306747225125918,0.9590015204100859,0.8318204833941985,0.5247493125235854,-0.45280824008777754,0.9271870753595053,0.9409832998242011,-0.09430858783726648,-0.733256337967813,-0.1745090543847614,0.4000285697942503,0.49685373175583214,-0.40217373008915147,0.40298862081476994,0.721415092258316,0.42374871279029014,0.8710241549250715
0.26516656901452773,-0.5982218353493112,0.24833517841077635,-0.4188410090414987,-0.3094128382028378,0.344747426102634,0.9626709924697345,0.30017277561395583,0.9166529056103929,0.00778687808649936,0.3886239474546527,-0.3552372051722896,-0.7691894954327492,-0.2955243950742452,-0.03926015521874637,0.1412763885061985,0.33431447610443277,-0.16504413374895632,0.4957374467531739,0.6827786048338234,-0.4281440395492728,0.6946021828410978,0.616609558653392,0.045459972418404604,-0.9494557174910558,-0.7093465767344089,0.34050835753388364,-0.6001951654705664,0.5003700373401074,-0.67812921131354,-0.4267689036817801,-0.498877985083634,0.6787636289303425,0.38118970072802005,-0.40971886807678803,0.50718789609033,-0.9353872335153457,0.6280524351089374,-0.7950399873240468,0.7360707473088206,0.47898496034569993,0.7296829704092052,0.484825471745721,0.12254110558162123,-0.524809054867591,0.5686143457417732,0.5976435049791409,-0.4247226909855595,0.3289871371832471,0.8529696223375591,-0.2248907027160194,0.9134039400236535,0.9516454441122526,-0.3746920382107317,0.10424919506612706,-0.9740695246507234,-0.4973177432553886,0.24112339122369808,0.5618497857517708,0.7402361846426702,0.659966963910289,0.8229727541474772,0.4092581377855755,0.29526477110000116,0.5102154104170997,0.09323027340248258,0.2067739545772831,0.5522934902446643,0.9285796462520615,-0.41164455639101694,-0.6451482030234736,0.36531770340307035,-0.6260468369353527,-0.6524097362893897,0.02769370554914774,-0.24560354589470879,-0.14298437119853147,0.11319724119066588,-0.7398669397692554,0.16797211536786238,-0.48996770373515597,-0.33887442251546185,0.4193785926326281,-0.6903886044034275,-0.6925932328607405,-0.35473994021296007,-0.8982891176095464,0.8647637311423817,0.23121735219866002,0.3237804219298781,-0.01889811769264682,0.1453539811098601,-0.28382882367252127,0.5680628971410029,-0.36428198925562105,-0.5600759691448851,-0.6322618049292821,-0.8636470617911483,0.01028070091263178,-0.16813751245915665,0.07407190506781736,-0.8161088921218671,-0.5576038377970944,-0.5732923796276082,-0.336232970192037,-0.2784043506745346,-0.5631094284309706,0.5053113791090338,0.06099779121364923,0.9932621652086775,0.6473768018504045,0.962266395230593,-0.9823926074099252,0.3378769359887732,-0.1086655074306151,0.8089929169753842,0.22740219412158869,0.24226339524726792,0.917793632147867,0.3651027215370559,-0.3581259789858371,0.8318648605973509,0.8899753408636752,-0.22824813043191217,0.080474625885123,-0.4343420114412051,0.8226718532572361,0.6442181284799324,-0.2500839156760417,0.6056334750165877,-0.10888620485656397,-0.9122966781789965,0.7965632178117066,-0.6149752241326458,0.02778940025486709,0.8964236392968361,-0.6652103815730102,0.9125524129467981,0.07594966192850205,-0.9853388275663097,-0.8690563557925601,0.34067025228611336,0.5471645327385533,0.7299017114252624,-0.15158109611771886,-0.7921463816526597,0.07550842804832247,0.40548573253508247,0.9524478426780556,0.5504134809261225,0.2931223186366907,0.879502223016627,0.49378165134852425,-0.692490845564709,-0.08154952947991667,-0.3365692490654244,-0.8249582041316028,-0.8914638582171179,0.5884295739517806,0.11616841063562156,0.1499245885255831,-0.5447087301166866,-0.4827040820176487,-0.22393479271045846,0.26043452925157573,-0.13394993072145822,-0.9662180633917175,0.3465974646554255,0.06966874012200419,0.2828454929632793,0.23669871782120433,0.5119211933903549,0.17121602662677837,0.4017640627660042,-0.8548211104020458,0.8560955003326676,-0.7877289162600549,0.5737837953251399,-0.3972985803102578,-0.8269895571244146,0.530548482040925,-0.12464770106355005,-0.2097734835427647,0.32144632981448096,-0.052024645264097114,0.06693552762069888,-0.7272370793409064,-0.2180148691420194,0.5949692256669317,0.09144893728164516,0.9202685301608691,-0.7118489250830338,0.35457809101012505,0.8283378327692357,0.5900342444649185,0.4586491532316894,-0.253738970199352,0.8989302070610254,0.10704837552855784,0.1101394912805238
-0.753529682133002,-0.9899403218519898,0.19330977490666057,0.07430409710892194,0.8939587784577436,-0.3906176953009832,0.49659317346558685,0.8070927519490918,-0.3122967003027062,-0.17469100794750414,0.2918630071201749,0.025105389095174013,-0.67809128487121,-0.5584240612851841,0.6694967337361242,-0.6113475693073491,-0.6372840304526999,0.5993201072110628,0.7045022555349514,0.7027754448509484,0.8647397308062972,0.9886261008508668,-0.07746959262081221,0.0993292193583335,-0.4186946649598293,-0.8652744851903973,-0.8035951972392561,0.4511785146682805,-0.02561917973250294,-0.3382981366345532,-0.7435697068080969,0.3109459613939054,-0.7999098854491542,0.23903155430866585,0.8002371816858436,-0.3644281255325492,-0.09870804357012997,0.23268486051890624,-0.38864902118655853,0.1683398656903945,0.1311040158102197,-0.2710131286427415,-0.36733368100734176,-0.14338521408081784,-0.9903362346706572,-0.5076497229090318,-0.5569485915869605,0.4796324318772336,-0.1277518678206231,0.6802201175613105,-0.7313883352342223,0.46594559150282944,0.7557716590159231,-0.07430324784877951,-0.28251679577280653,-0.3890564071093294,0.10334365232039433,-0.6484596782095493,0.21325533214172254,0.6835859906765211,0.7174273107415985,-0.7199966625676002,0.07723607415604472,-0.4735306988128334,0.7726716641577911,-0.8470752428855692,-0.8492000864132467,-0.9627394102575293,0.014356622571147781,-0.9376115379833818,0.16378098098785854,-0.18973106489777192,0.18007262368143606,0.8126071547963665,0.10318799705231663,0.08693864783623706,0.9974563500237035,-0.05579209843414823,0.5503944776748564,-0.26836273979398095,-0.5533867047512899,0.5442896871209255,0.466453654425802,-0.4180016795712522,-0.07059771565909445,0.020823986687571017,-0.2064296847005851,0.004334539332861764,0.32535697875739333,0.6959636802077331,0.6130801138557969,0.2280719531202562,-0.6683128959356834,0.028273361032764344,-0.10755911232199655,-0.6417096321827584,0.8974236632259567,0.31882661390595346,0.935471119675026,0.4718396176696489,-0.03299316854513812,-0.2824089223083881,-0.5623617654819433,-0.024715703252704335,-0.8742776771730616,-0.26112962910505133,-0.9143831183227062,-0.586451850564998,0.8154521851459213,-0.2774972708807424,-0.06065154197958211,-0.09071310041022329,-0.9071250849976438,0.9611795641262046,-0.3518577798720448,0.4074725056952446,0.04274580826710128,0.6592943113073007,0.6697445324347868,-0.47336786123169317,0.08870012417674289,-0.6523003671070999,0.30735062626776855,-0.2694064440179047,0.3066730931136996,0.6709381353532891,0.033325795107877365,-0.24734243791290966,0.8144848528936393,0.032743564335140585,-0.29420398448054863,0.7354388437424946,-0.02627687465164885,-0.03577982057374807,0.20842196057137374,0.0036739689414835297,-0.7220633858457401,-0.6687883551420157,-0.8458235485175063,0.2869540047766195,-0.5769657917284905,-0.6261886483824648,-0.2755541115698179,0.43460541690819077,-0.7633395543529147,-0.5393073348013508,0.62234525874592,0.44051131774989805,-0.03696670122102774,-0.042370714559835765,-0.5785920978964731,-0.6775074802747485,0.6667299927905084,-0.9551079236914173,-0.9137113373296692,0.1469730227045365,-0.677741719264924,0.25908084977630996,-0.9216182695210329,0.1445385984609291,-0.8881759916791117,-0.48348070796658305,-0.6399249208474058,0.9164766729691074,0.19871504558985942,0.1272094046715304,-0.9627599287255262,0.4390945990081774,0.3234901252583162,-0.4330907471887191,-0.828502994528511,-0.10159327676108654,0.9855516474159576,0.7346047979841888,-0.6588664320206075,0.6607271494085616,0.20167742882240014,0.5892321405209024,0.6409063602609948,-0.6362316962598007,0.3192975001157061,-0.4709586029094206,0.44837359615551176,-0.3146574508793363,-0.09305970971981647,0.1811919818646146,-0.5403724256424405,-0.22907623451630488,-0.782859772196969,-0.5953029018236498,0.719183384021211,0.00871905214142532,-0.16040997465678775,-0.7008776127470879,-0.8074028465535912,-0.04826162902104536,0.22949633896073385,-0.9219268727637435,0.5677364696775369,0.006658416276918988
-0.7649671868504591,-0.03551812977503821,-0.7393423184456713,0.20694930164942105,0.6550435573041469,0.7939379056950633,0.5497408461356066,0.29846347021306774,0.04408845932310834,-0.2592450995024398,-0.913123433327037,0.05963303787941121,-0.5410274872418996,0.6046003920156275,0.5791111703019092,-0.23752700760188983,0.17809617228241303,0.48278808456449007,0.5230784540949838,0.39341520631493343,-0.8045661833064348,-0.7322337887507973,-0.04571752599091994,-0.5349742187546886,0.7181064946028228,-0.43346666398208833,0.753532626386449,-0.1827065906255696,-0.6219579725642586,0.41829767441221577,0.5788449646102498,0.15597429160089238,-0.764342792037698,-0.9856118950988371,0.3090922416063948,0.3755334735555522,-0.36819657074145873,-0.2754604204508184,-0.6904428388763728,0.3031518695558635,-0.4927345475360321,0.7099538525358571,-0.15287690513327368,-0.26871181112705655,-0.44887891424002246,0.36121141012689684,0.5099438012196669,-0.1735436834081272,0.567576833927075,-0.03506448598623879,-0.259574062241706,0.1098227125966571,-0.49244470911460736,-0.3866938266508111,-0.3112873915702927,0.4109892159421704,0.47156486120922136,0.7099978456471938,0.3185656982524061,0.49562839015977533,-0.10681024516956139,0.39862288459010675,-0.6764097645837275,-0.5710837169238399,-0.19887818714855432,-0.32312430738130615,0.1011524291936361,0.39411481744892063,0.41357986706573957,-0.6785239817335655,0.9291405027490349,-0.9894187330548561,-0.8178228315225919,-0.7093431283284926,0.8517235755956982,-0.12924513089447198,-0.8718390872613788,-0.556459510760976,-0.8399205266083947,-0.9244893234298421,-0.23134797914795602,0.9688962012625464,0.22793118143342772,0.04201108644111784,0.42321166341796235,0.1949451276281926,0.8914317156912155,0.6404574688564408,0.280582629060274,-0.12205590291752832,-0.5965855143879708,0.31376844541368576,0.6078198182307673,-0.4279869765826092,-0.9327812972074832,0.19902982578497896,0.03162726310565667,-0.5366580543638768,-0.6610342163737957,-0.9278777337113024,-0.5214867494252455,-0.9994254562907532,-0.6851104782992183,0.9936342876544126,0.5593457579528345,-0.293744673286944,-0.2097137658975876,0.17216033041939705,0.03548540197858974,0.47385108029279,-0.8627656561258821,-0.819668284809699,-0.4310124259272412,0.6595296048985997,0.8300179478963079,-0.3038095035035151,0.9265753301309776,-0.4469843026057556,0.21272681598450438,-0.6109496138280779,0.8594276816242405,0.1498134434916294,-0.47778498865612185,-0.18573074778559673,-0.7870700872148468,-0.8552280589465922,-0.4114963510637599,0.8940309303553251,0.6058844851447147,0.9134186991705504,0.7522260924861339,0.6262946992127485,0.14978775754781792,0.38838372294260015,0.9321109112662118,0.12633720760986034,0.539934385467667,0.5149465700933449,0.9224774506032287,-0.0823031413317521,-0.07855911707097563,0.17365303429995893,-0.9452986049358523,-0.7674633971181548,-0.8648914786774928,0.26732359511637704,0.988396066730951,0.35382595213019985,-0.5401397228216918,-0.36853861194214277,0.9108913742467204,0.0330084344096766,-0.9805536165711501,0.6643540898464573,-0.503484781275845,-0.8139811396758165,0.3473958335636276,0.6421493789850603,-0.8479423589326218,0.8627924796713253,-0.04688909182142065,-0.29292414756765783,0.7886325057404133,-0.4618484350624019,0.8942362181269563,0.3662146170475371,0.8198549179757757,-0.002001319272633806,-0.6006669218113816,0.4708581304856614,0.745484996816596,-0.5864427353559802,-0.5944668824234534,-0.500609132106085,0.23719379836361654,-0.6880088630476822,-0.7866214197892176,0.8403762590659791,0.35162424975305306,0.32684815664090006,0.22765395055150495,0.528488425271054,0.082947909206049,-0.9154737465380045,-0.03541583759789879,0.2413349496635333,-0.015319244591575965,0.9707226586488968,0.7939995463865901,0.7375376712491069,-0.018389296786906595,0.968789365355109,0.8320136593451146,-0.43946675363362586,-0.5558144338403734,0.15333037269481942,-0.8917036574224317,0.598539835559962,-0.04335984677591309,0.08153589118365412
0.004950424243345131,-0.2125661542952042,0.3726772930607789,-0.6503992757619019,0.9530143904740835,0.3964891361922791,-0.07985881990713994,0.3784210981192977,-0.9763600427791022,-0.5784952285971046,0.16201643795889353,-0.34912760016914723,0.22555619272354277,-0.4805984618194039,0.09712680075837721,-0.5257216949849095,-0.057309270523089095,0.22616808627689555,-0.26815169775614645,-0.0024599667796063596,-0.5789350357786873,0.4014252536326015,-0.2553807442623679,0.7086521744816392,-0.44074093623863186,-0.6402215425460083,-0.7377216670025522,0.15178545841592417,-0.5428665010006628,-0.8002605181810938,-0.4601017861949268,-0.5283896542289848,-0.1355624965383302,-0.238233235537064,-0.7083125293249273,0.9182958414933384,-0.7009038854690341,0.6113367231151803,-0.6467854466807743,-0.000804347776298675,0.9911235405992032,0.6987798307933208,0.034013949841001256,0.4411206590492611,0.5706658733877568,-0.39993163569310264,0.1242769041434224,0.1356690384106234,-0.20319619627334484,0.38108635192128837,-0.8799272445519668,0.6276361384136926,-0.04692115129572594,0.2597244247243089,-0.10029036187241647,-0.33068692297087443,-0.2780759578897569,0.12070006962852897,0.8636891515555363,-0.4845703490951616,-0.96032933277248,-0.7575250215665925,0.7347371679482735,0.9262331218358282,-0.6020837787262536,0.15178891494669733,0.2982619037991501,-0.6509223285410832,0.5606181961984742,-0.2897819232182164,0.3463856802947003,-0.025012511391276693,0.4730523295243101,0.779264898276441,-0.2378580031743085,-0.42695284688842183,0.2634243809669379,-0.7103033234438652,-0.6648489290389323,0.615434287914137,-0.3252233800021338,0.262546816651674,0.14327514774758687,0.6978015438776173,-0.8573118436468852,-0.6760010221060293,-0.5435641212242535,-0.36624351660887755,-0.4172872944111603,-0.4650552182587242,0.28928858631037646,-0.45750379729730195,-0.11020322470405652,0.725612967294005,-0.27367031949914256,0.1738395470520211,0.9310520656449892,-0.1720218782526537,-0.632227601793232,-0.9537978153669848,0.45554483286480885,0.32404509561727934,0.8808746746759912,0.40139385684936846,-0.8398705242489057,-0.6661790699206951,-0.7939813718862279,-0.8724152008176795,0.7573819528994827,0.09686748763658759,-0.947270173267518,-0.20597495847966107,0.5299927442671915,-0.8334975972186267,-0.47509547147002573,-0.6894512759996763,0.30966535108669957,0.7709426341927976,-0.3812586929000028,-0.5052069613696155,-0.431649439883822,0.25296136925237933,-0.7374457787462723,0.6770355577857492,-0.9428574139601742,0.3270982706076091,0.7207376348267851,-0.34959736668704244,-0.04769051868925289,0.9499630908801893,0.08116832278456632,-0.4551711447753717,-0.1103101352585123,0.9390845291090923,0.39524575381409477,-0.6459267200405758,0.19516839767312133,0.26209504528211935,0.27170227285167137,0.12796897344257485,0.046919608709014904,0.2790564974216241,-0.3806773437720068,-0.30566339967173817,0.07933624427211927,0.609415532492906,-0.11627938884693112,-0.26843335610324437,-0.4803859121245513,-0.39285416885382207,-0.9998153072101439,0.6307595783217763,0.6958929767653412,-0.3122301655000115,-0.061604089511947624,-0.9833657788072534,0.8441767914881058,0.8939150237362488,-0.04586585909708574,-0.9817348008473337,-0.1391293734615331,-0.4141547739952245,-0.5375692129616829,-0.9855640299884649,-0.25271224694593286,-0.17652826186773085,0.12110871727923089,-0.21049584075963335,-0.6734610093394224,0.47423570820675476,-0.22055346029360812,-0.24328387945007646,-0.47403944910750195,-0.15552123449261468,-0.5208763701228789,0.5290765881532291,0.8199088068785698,0.6151498808551512,0.3692805807570385,-0.4306462906530941,0.4858537842623034,0.6176172981980743,-0.17419224697350533,0.7069640467832081,-0.6351856419947144,-0.42080940141742906,0.2737854190966935,0.2354588278050307,-0.4557317390967519,0.245507560551107,-0.6244211149119776,-0.9612092055060073,-0.9007358555538028,0.06994150611953254,-0.6281248037169487,-0.7954530226869205,-0.4616097342217089,0.43039188442255005,0.45421414089506995,-0.5343790040880891
-0.6986326126050229,-0.012840893608509374,-0.3161742922627475,-0.37684662959388904,0.5989247038721404,0.995926892331199,-0.07263106559314148,0.5828494285305905,-0.3395027059283393,0.6870925985361571,0.9032880834652159,-0.8879233111962144,0.551305821425047,-0.8572306105018863,-0.05970644680256054,-0.6156154141470944,0.6830785758805193,0.6345014479991407,0.6565040947886629,-0.7560768876284585,0.5362913417023796,-0.5020752789855318,0.5424506660546691,-0.11407811571415993,0.4752380251070172,-0.9329794168594499,-0.07833072937544028,0.5419919355803773,0.04227824011456782,0.9642317028112282,-0.05434891001696962,0.3628846401157064,-0.37578126883186047,-0.3538736230341877,0.25832850826139864,-0.9156281688105379,0.8748418472644677,0.041852505835019205,-0.49337451932982224,0.2770400240840476,-0.6025527363952004,0.775039152087085,0.7273153314992007,-0.5644235018897943,-0.774143081367525,0.26581793180348945,-0.3509730247398064,-0.6652792871834279,-0.44779991232310445,-0.7607008159785227,0.578287560389777,-0.9821402882213157,-0.9160132619578092,0.5669504805021197,-0.04945864247669984,0.19242456786322504,-0.25720267339353264,-0.8210401945006511,-0.6846030876052498,-0.817196895391574,0.2372897168758823,0.8616975690372541,0.993946205967071,0.25026466041881346,-0.880449736781155,0.2891497932958369,0.40265628004600584,0.5829324887304255,-0.7483450846695472,-0.5346507382878729,0.9633514219276671,0.577123651573747,0.5133950464027781,0.6110507531731717,-0.12256220380680527,-0.6140694018996831,0.3784999605680843,-0.2836650054991372,-0.7305356524780955,0.7973260885400852,-0.029395733674973723,-0.12499999166988163,-0.41057080711820615,0.39407554999130956,-0.6204483275606971,-0.6267465421017924,-0.30467064196346905,0.4648048202454256,-0.4493510742833937,0.6626991867822398,0.8289480039560921,0.10904062033211304,-0.8622468332776811,-0.6899490438493461,-0.40865467757853047,-0.47330146220913605,-0.2657745859909211,-0.9985603425515011,0.27605212488707487,-0.24191286066684525,-0.6289314198057001,-0.9625602868238896,0.7136585766684291,0.5520331355958776,-0.5224268835679577,0.44200712536784637,0.3165788347596399,0.07791304318680958,-0.2250183196385287,0.048139537620904616,-0.004901680860905477,0.10293561449842903,0.22607848470105352,-0.3547999201744121,0.2818078595701463,-0.7790717319211917,0.046401078386471006,-0.8666403138074688,0.6703867157965828,-0.7404514673555078,0.7469855551611446,-0.5958419426224357,-0.02925942552660943,-0.8024928267029354,0.142024362709398,0.6725990532129826,0.3158425165699368,0.051642725228823405,0.40262804314942513,-0.48812293933204387,-0.26729195981140763,0.21190724846490006,-0.858252078099756,0.8604220736181021,-0.582523813012997,-0.01718899714345179,0.7795346503269329,-0.840086393534256,0.6020398980217683,-0.878599623427897,0.11603977894004336,0.8764877153997213,-0.16809359458049378,-0.261862698283053,0.4168675699576738,0.647285932554801,-0.46836873100666954,-0.9186936954513143,-0.8592237407795118,-0.3921909022638892,0.8892069640144713,0.9211734908742497,-0.8057614996846749,0.4503438656183778,0.0633221028049451,-0.6210791737866486,0.052384043587394125,-0.5024739418919733,0.25065010707830404,-0.6422042167421658,0.4983887159547449,-0.1696307995005195,-0.7889716362016885,0.27724859977608407,-0.2840732682571925,-0.08255881514325125,0.3304847095470873,0.7656480387464522,-0.6663813621929051,-0.6392069227998636,-0.19688565277020964,-0.32497425887686204,-0.683647088201337,0.9968671441065629,-0.1139756600034243,-0.2953518494593357,-0.36969000771520544,0.9829259812362539,-0.3506917827598153,-0.25656097512925746,0.5283687358087423,-0.13882385453350898,0.45173536723033947,0.21682674051407802,0.12628940560856816,-0.5721437279125592,0.5314164392685696,0.8522938451853148,-0.49182174563395176,0.9233035512626688,-0.10500042200350124,-0.20581887662119236,0.45262655667458307,0.9659129423570956,0.19152565324757154,0.03521871768065843,0.9868240191090785,-0.3963166921352026,-0.39933207654365277,-0.5562265930351198
0.7114408510164123,-0.9565972570848009,0.6438798448942289,0.379438367818854,-0.44808572651278866,0.10732630657064135,0.11264617101353691,0.8518449004234645,-0.6905704275624882,-0.9245273998324604,-0.2886884934290186,-0.72318361304718,-0.2658342139478722,0.16431141271974004,-0.5340117028915312,0.6221484735653167,-0.8161897574292547,-0.2004035030444722,0.8357636066889356,0.46853190775515974,0.44716105348903,0.5858083886285599,-0.6541950182873548,0.6514104887697709,0.37919020209979837,0.15246492355339614,0.8153112842941888,0.19046240511916013,-0.3992134923134507,0.4615787239125544,0.15256739231267735,-0.8430452081542923,-0.8881545823533612,0.5418030073402769,-0.3041395860941336,0.6342834000930844,-0.16695657476416126,0.7356621939024406,0.7395730282424398,-0.5465646572756968,0.30555836632070177,0.20460326863308498,-0.977131238074793,0.5548372362880947,-0.23502607562947353,-0.39043321424151434,-0.9176354956728736,0.07985945887733825,-0.7008399616653975,0.004803220894465499,-0.5584056503594297,-0.898960371708345,0.46315714712988276,-0.21423459096192965,-0.10876752804457857,0.1902643825896806,0.009458692224069587,-0.5558287436971714,-0.42043394168662584,-0.21135519224386812,-0.7356219092582439,-0.8349097747228347,0.14288118102125869,-0.9013778038598239,-0.20161740090611624,-0.8298420250635292,0.003646231211589246,0.5476502731125132,-0.7392496502096517,-0.7302584725480901,0.11859235462708062,-0.024277800391334425,0.3044968779583377,-0.6078013992135585,0.23199367518840375,0.4713355082906452,-0.5075083189857739,-0.8567120393178302,0.5535437975833672,-0.3531767176875775,0.8482761617901657,-0.8208107037465295,0.3434951068994707,-0.15291879526871988,-0.30338428630695136,-0.3585232742946609,0.18775429808214095,-0.9515863393294619,-0.3903623049072138,0.9753038339274585,0.2324419889090068,0.9803183645426634,-0.11557978953149695,-0.7083630496194449,-0.9102448981372535,0.6363438402636288,-0.6006295727884885,-0.2523584193588613,0.5154675651861242,0.7055282903584008,-0.7752565184297915,-0.8909239732764915,0.8978818300515776,0.8534593902182142,0.7375047032899371,0.6402679128599924,-0.9725334146131372,0.38759045011223514,-0.7774440153670603,-0.09987685872330809,-0.954503769697596,-0.5819809177515958,0.07601091581397212,-0.5923972942467897,0.046531762933062604,-0.48268399314880295,-0.03394733931061644,0.4598471670195776,-0.7173051581521164,0.3975104640165057,-0.9632229748873911,0.16600988665283145,0.32705668399928634,-0.9130359850010821,-0.6593607059104734,-0.4319729179040186,0.5783769890148442,0.2359295527827956,-0.8938295026874421,0.30951574363077405,-0.9833316495031448,-0.22270970552604163,-0.457379241839325,0.7041658895145173,0.32020074665872955,0.7285645471199069,-0.9618433521316117,0.7348208857089624,0.2988222895044568,-0.537662759724366,-0.23859759407430414,0.9532238797797083,-0.8007925763149253,-0.36908806138244055,0.7335454910562396,0.06312129032642644,-0.627165225164962,0.0013016457377577062,-0.08402747570443858,0.852699946052867,-0.9570230835713089,-0.5052157205004975,0.05883072771023978,-0.3328607307384486,-0.21320036434545053,-0.6859894988183346,-0.3064401941849091,-0.296173835465638,0.25046194050202075,-0.5275904685855746,0.9564885344890925,0.0025029223543147072,0.623785720199491,0.25158472743152616,0.7573545483823207,0.780804172157523,0.629717275356674,-0.9410682030895845,0.10987870319361104,-0.43961231074358986,-0.6965836384626307,0.7943506299383429,0.3138635178992253,-0.8244099657253972,-0.2355857562911834,0.9212113868891432,0.22489678670021096,0.2510492009896532,-0.545144045094649,-0.5192783836588479,-0.6945016916622968,0.9410743461904341,0.8194707871283424,-0.341430523258907,0.08446750241178469,-0.5864854506779813,-0.7228469464029268,0.08270765370202993,0.6002101183281872,0.7251753231601363,-0.38200320767563456,0.41027277557020136,0.047610967003743454,-0.7294950123121695,0.9913716004640174,0.9515538181371985,-0.7096952102149763,0.8660598928458136,0.8342242413468348,-0.36500757831612174
0.11468059618713755,0.897203128329523,-0.7632254185656426,-0.3648048216175661,0.7592762432325306,0.45415906652038296,0.5308700251383698,0.760263800217152,-0.17191968916064226,-0.17749647344130137,-0.11399102590069599,0.8675370487823859,0.7882601862676053,0.8665000608316005,-0.45240767073695287,0.5582157699455856,-0.7864571343131979,-0.6305070068508654,0.5248949674659309,0.2239631953380481,-0.4662747739910409,0.13408618587794918,-0.538177302533974,-0.5356349314613287,0.3747557703567219,-0.28147733093089733,0.37628256946543215,-0.0467955599116292,0.004649174900922537,0.20942351920550295,0.42403825595332,-0.25208119773899806,0.7042588649311703,-0.017108805867330545,-0.7249745553167706,-0.6134803410429797,-0.9355408935459084,0.5290777082564693,-0.969971479096486,-0.46028259470763744,-0.17391195561656048,0.4847333233257991,0.9764868349259133,0.5155531794512584,-0.8677273515302213,0.8542064123555877,0.9712552791727362,0.7342580052772067,-0.02011420297827282,-0.3502087463919088,-0.0849101411165758,-0.5064323182768273,-0.19026646351494314,-0.9163474498997637,0.4706635597993212,-0.23925166248975827,-0.37420501717700505,0.22300974934010398,0.4849357094158895,0.1876116027855781,0.05046106340577916,0.7515659437196336,0.5738397246377462,0.04129818244749739,-0.09678081487267587,0.6540202033186997,-0.9151681679818044,0.9916727430480963,0.037405305175023384,-0.20877760672821655,0.47034016310053484,0.1154018996268189,0.032253366189596955,0.2612971061854408,-0.9014091016374479,-0.4176412755317409,-0.20392021709088137,-0.3908917043555229,0.6552420152115015,-0.07730567207207395,-0.15507563509911715,0.22626855848778504,-0.8909066663689471,0.03393930053227612,-0.7155207624498168,0.6597870088532791,-0.09660382434068926,0.4452935829856661,-0.77365682751281,0.5574622837520795,0.8756849153984787,0.39222828367959117,-0.7293866516192749,-0.17288138980476675,-0.09822829030585134,-0.6422428421127688,0.180630950579308,0.42526878261260537,-0.5961359905816848,-0.09063358470529836,-0.4998354118455235,0.3834348566618029,0.8143249260108134,0.5929724449514451,0.4367494394371261,-0.752911566329133,-0.7716701223518445,-0.1012031639505564,-0.2741132216854909,0.04763461213229769,-0.23182525147685662,0.5821331884740504,0.023332902969010583,0.8995077782854388,-0.24264273717484053,-0.23878598147770647,0.5365206475687767,0.8245055576442648,0.13098315702833818,0.3190606812040877,-0.6998205309789765,0.7376370749564076,-0.6422664706534627,0.42409497575924515,-0.16083661752846545,-0.38096338912603644,0.5372608447218852,-0.10748353170185498,0.2529056993230585,-0.7648920431950403,-0.7368579363758285,-0.5942965894411074,0.24512065597468324,-0.4937780497639215,-0.08271468434292673,0.7108221128380632,0.08700231920860046,-0.9884989022018922,0.7654058410743891,-0.5242432919610465,0.1777246543686184,-0.04857602039369224,-0.1796972685772873,-0.8411901652631677,0.20020420859117838,-0.5105736571227333,0.09468321916629274,0.2395320777391705,0.11509729653777745,0.6505050094073652,-0.9021624001139406,-0.7034876636406193,0.30655375643104055,-0.9265578963551759,0.7076585744683754,0.33399308589238985,0.6760288715852121,-0.4031169067157645,0.8407693965390723,-0.9019372745024019,-0.16608615228928358,-0.6435032164851544,0.3441809905228099,0.22217951209730802,0.3830272361613334,0.18993797260943923,0.5746151590671718,-0.645161465312641,-0.08932434395946864,0.15793258488459339,0.8629596387720113,-0.8137474243564609,-0.4014110368069732,-0.2628611490498518,-0.2421212968190798,-0.8646666443580093,-0.14535232121781072,0.10094216562697089,-0.4143345732865209,-0.7309084218438979,0.389238876989602,-0.45116291449653323,0.054105466809241554,0.0492924185074175,0.39165899469034327,0.2241074898568478,-0.7813955311273475,0.459457039525359,0.25795719815711093,0.9743785275171657,-0.03267403358110599,0.3773085565086902,0.8677833495763665,0.9725568846882229,-0.425625392391479,0.21768921386894524,-0.3670228830030555,0.050782450663189316,0.9900486711151024,-0.29229331125161995
-0.7405737248913948,0.1252686753332155,0.0394116003689875,0.2637152149936721,-0.014991092562968156,-0.6401855366876175,0.21881151546123068,0.41717413500678613,0.9585153191321407,-0.9968381655483376,-0.952026404963648,0.2509214847793064,-0.7641485521574563,0.6961395771403733,0.5991287025110124,0.9979740145002616,-0.17191772095125635,-0.33241548613235294,0.12083100983565309,0.2750070871761132,-0.9774054640439405,-0.5976257221398196,-0.43674659349892275,0.5803910056924233,-0.38445490151220585,0.013379254192018353,-0.35215232123385976,-0.9877374751294143,0.37167157729391587,-0.3172768295399946,0.4487932856220236,0.23198668599296846,-0.9417652363770788,-0.6487418235240046,-0.33897033581397995,-0.324126289452914,0.34494591473204284,0.8323261063471503,0.5945087676578498,0.2913044413291497,-0.037008953759278596,0.25440097541537776,0.7841166535798363,0.07393508994472908,-0.32978069093122975,0.5679780664170775,-0.1720938693316285,0.48516929233107375,0.6702114719312373,-0.4013125067212786,0.44992830869849954,-0.3689943171266139,0.07177095143077405,-0.5834750596076603,0.3709866006928575,0.5990706669716006,0.7760589390364705,-0.2928089191583838,0.9392265848711863,-0.43907994269223294,-0.9376536706216274,0.9672375377303477,0.25302169523050133,0.6848115498717051,0.14196328231229005,-0.22086745221348258,0.19038373405999875,0.7291873810044516,0.5030804173392267,0.4105323680910389,-0.3710012032115457,-0.93674356830869,-0.17226086427572707,-0.00589113120662077,-0.5247155074539249,-0.09618734077427593,0.9014534995351537,-0.5677202414706288,-0.3953634027389774,-0.775537455466156,0.5698879664748167,0.5555807829215884,0.8267076923341172,-0.11245181402571958,-0.9501304507400801,-0.03467361770636157,0.00010861685987961778,-0.6195766428095715,0.8472735357801904,0.46488213351188734,0.04725592300830339,0.5510664183994822,-0.7134099041002782,0.7435979708768659,0.6442770359258869,0.8760476934335621,0.3534345774757912,-0.7345656871022717,0.4491412645064672,-0.08126317877191003,0.4273547808052629,0.044689746437012845,-0.9917802615317508,0.8646746880416565,0.3741046614665391,0.1885751615744098,-0.8258482168124655,-0.06624819503447599,-0.9077204599514184,0.04115542421013374,0.31796857335499995,-0.3750383999574147,0.15511966881891803,-0.3757142031364018,0.7842711688555133,-0.35823926030761744,-0.614908720753083,-0.4467009226638705,-0.3617004189970032,-0.11776875449532209,-0.7646983225248127,-0.7013585544005632,-0.45272622831969866,-0.9694865650192195,0.245889925355103,0.028121323918927965,-0.5868452408532991,-0.2993637241517655,-0.36303017629605394,-0.7168863424170344,0.40870739227537567,-0.4334646079825917,-0.5103498522747312,-0.8575142575595147,0.22652576703195426,-0.32252221494053157,-0.11270472331753112,-0.73985199587058,-0.0585288419828951,0.3509918756850958,-0.7881461622774655,-0.8924002485555473,-0.14706850957994533,-0.6420340134996536,0.19224272506350104,0.18551244779632503,0.6723488076049817,0.398730999914352,0.23263067536986326,-0.37511869769793615,0.6348839580736627,0.42579736945632907,0.3417405308678718,0.06696985779025555,0.9473637777981756,0.5114858711425703,-0.06860927391366212,-0.7364094392520761,0.6257020354621186,0.8393780842214733,-0.06344818923975537,-0.08883165850651742,0.36895594961074885,0.42043180415769643,-0.06920687153122018,-0.536611572691079,-0.5524110921662797,0.7221925541117915,0.2338841744967215,0.8257232213534316,-0.21584616328249773,0.39922924216485645,0.33036123708379184,0.5775574126957592,0.764807780455963,-0.09343386460085612,-0.9394717355763138,-0.04933127592672326,-0.2971183586321462,-0.07751663259020058,-0.6583969103953635,0.5358830295296824,0.20888046286520745,-0.7452119960196366,-0.7941355793820921,0.6351057844500703,0.5935155467239215,-0.34826054340377666,0.2989028255779145,0.5848618790822941,0.06549113185666267,-0.198367050431133,-0.17311618866659284,0.2417496777130821,0.09589803455800228,0.9477834624405899,-0.23236708244592053,-0.31857168364169985,0.6278314097830631,0.1819403980843497
0.5686279532343927,-0.12929258395416765,0.5746535411805038,0.0890537603815369,-0.5276913617091559,0.3252245138526737,-0.8442111948226834,0.8617265181527856,0.1483765816203979,-0.02673938700075662,0.18432627016418413,-0.07418313137623533,0.11017540242752277,0.6440461046280894,-0.6476519955987377,0.9117668927579179,-0.8607847303411487,-0.7825107323302527,0.6281334399641365,0.5426867577413577,-0.24217797327923418,-0.0114097052069142,0.32032951804223986,-0.8189339903352892,0.6340671798425426,0.7745230731482489,0.8065120094267801,0.2722656400477792,-0.999631319089566,-0.7065492918956073,-0.7015671364519833,0.06251164215062932,-0.22003467953842648,0.15586282979190003,-0.6086667596450199,0.36303357597329233,-0.36680456549323615,0.14055281571070322,0.8264085304671365,-0.39089973392335153,0.8866665949922274,-0.13054593327952602,0.9651606070267842,-0.3114707471387199,-0.8214251908253585,-0.983761495180566,0.9728432969812135,-0.1916051678711661,-0.7448886058851305,-0.411630674266658,-0.2615542128521846,0.09777027320712084,-0.8937453776472315,0.40670824885413426,0.6415065672799383,-0.28151073888393774,0.7224956792922204,0.7313592736599555,-0.5295176590723472,0.40444376454001474,-0.21146335266211191,-0.3637453807626121,-0.2344207703168295,-0.23686990983501022,0.09023757593655679,0.3249751206250504,-0.050257174088524925,-0.623546323844469,-0.2308098846178106,0.8489640855832081,0.6799253734534307,-0.6914654182125499,0.9949120860209417,0.3401321638457351,-0.7314451037108489,-0.8565080069245512,-0.9685844012499469,0.4426784647239548,-0.026597326130767263,-0.12652976848222286,0.9804352840151749,-0.8306731114205679,0.2844857991627099,-0.16828906744490935,-0.08794269124295617,0.5778568490652816,0.20885902539359047,-0.1485916581265856,-0.6404052458048708,0.018829828860233322,0.10410006076203904,-0.09990846537478704,-0.28938553890971974,-0.6284179326180839,0.2091465146456657,0.15587700155611262,0.6936077733473982,-0.5265000654439629,0.003457609850919807,-0.17832437267058432,0.09233252072859321,-0.2660599494954665,0.9564668988863383,0.1362991554031987,0.4097650851097494,-0.7736712607701306,-0.03693418261799608,0.3809945297250614,-0.7158250401886483,0.462586366033674,0.9671581962607898,0.9673367552545995,0.5577396345052177,-0.07012734536901788,-0.8435307961202148,0.7798309566091091,-0.8231072985346422,-0.05509685530270869,0.48337222134674973,0.9208220939147045,-0.8438361632216869,0.2673753282308162,0.5961964812819427,-0.3750005571091308,-0.8944514557184984,-0.3129076579953245,0.557054266494265,-0.06226237931795775,0.025326220781431763,-0.061535215765754936,0.46762909489145854,-0.1579677857024293,0.9211626049542503,0.5964464440139821,-0.4215831135584689,-0.9293475196502932,0.8457290321236328,0.49885055875883744,0.45394342817398226,0.12741254658167267,-0.8771644736930722,-0.05367893609194341,-0.6618415180912616,-0.8967602304172535,0.9807296587788046,0.6177915593591343,0.24863401096013305,-0.42636869125425547,-0.8349796663698357,0.011192218614552107,0.7028905121052684,-0.44430240613146177,-0.7349224743873215,-0.4380561370370224,0.7157167681598025,-0.9715939798738187,-0.776901191416062,-0.6507723046819645,0.18354025094162263,-0.6977287730700428,-0.10669366464366292,0.6156813826471472,-0.47749482419300526,0.40154974514537867,-0.030162972497803198,0.5987440128235346,0.7240288560552972,-0.31430400931728397,-0.8311970685817953,-0.7098594964214551,0.867883709396776,-0.6916994029639034,-0.008103448856453754,0.9871711494467834,0.5407355782861558,-0.5241051217814194,-0.11962998321653773,0.2751493329895027,-0.5782865050769241,0.4687222218786631,-0.3098485610734556,0.2845221946298404,0.5109678628970833,-0.7680112711709262,-0.6647992064950627,-0.20251039451015096,-0.39726574009260185,0.49230109078067197,0.5048557061323411,0.06504166474433704,-0.2403984116984912,0.41121560916409616,-0.050820838471872465,-0.7097003380888385,0.7405554716994514,-0.9762739198089807,0.8544450521068132,-0.10235875275725004,0.3569868105007501,0.9235254456140609
0.3657526218275837,-0.91796476993912,0.8354242821230493,0.2748483025107993,0.9123673117792499,-0.1364282427655823,0.8360840328345585,0.7167113463966637,-0.33006518676391083,-0.4658243685615606,-0.8034464231827272,0.3086865631368283,-0.21769247262018054,0.5463020306123958,0.4981818235188269,0.46862691151931646,0.17744858220960613,-0.610148630738969,-0.32518679383817095,0.3805566578092403,-0.6401666952182379,0.0952251108076867,0.34560371947998036,0.6633789996497623,-0.9760771779529935,-0.8046024810483416,-0.7921854304447837,-0.10811559332137688,-0.561167348545035,-0.43340596181309077,-0.6138409371071791,-0.9525990542859253,-0.8161174348461344,0.8770109354576257,0.3132110371286714,0.670918274176489,0.9009779184965039,0.27616577031895706,0.41615021165900434,-0.7600457804443483,0.7128816486103204,-0.740185493589067,0.31278925782230127,0.7997944302544866,0.13213760857582169,0.9343310175056547,0.7920032607144873,0.39130726731215404,-0.4933285222266821,-0.0660888454246844,0.8723641198234882,0.2775610156870447,0.845390781689396,-0.44723287568451275,-0.14603320222763005,0.8067829857405899,0.5397610183077992,-0.35319174442683776,-0.6760679367075668,-0.8520058799194177,0.5542119005678203,-0.2344019951136347,-0.3346905261880373,-0.8798827043438167,0.9112113984346517,-0.47067029509053415,-0.11885033444466475,-0.01655642718938033,0.8571725964645909,0.22060376990786845,-0.6431156598704582,-0.015885411077283917,-0.712254799296973,0.5374146466143961,-0.563227003604676,0.2866763339377896,0.8252184456822529,0.43080063550168646,-0.7934257680943475,-0.8541609932420802,0.14268911968983922,-0.4988072994763082,-0.10823589535408051,0.7930247857824173,-0.7022914491166872,0.2806705385575836,0.8657874470626656,0.32921167299872356,-0.46712703776944475,0.40011039867745124,0.8092350869078988,0.14928050344740962,0.030766005927408413,0.8798221464602742,-0.01864109220893062,-0.12788466507326457,0.6880983073676736,0.5618740739267416,0.5707634101822925,0.08025743403802577,-0.9933852794107219,0.908310691852291,0.6359533187721651,-0.03586731670493415,0.13448777102387055,0.8700843750179019,-0.28216334680557686,0.3636714712206732,-0.19877040303953497,0.2645450531991689,0.9176477737288833,-0.8186660503543115,0.06925259312006937,0.9218510440001306,-0.839086430651224,-0.08072129248897619,0.5330161793523827,0.2955851436126302,-0.6467633909810264,-0.9213376348091222,-0.2316726496706294,-0.6179936781693944,0.3917645572141515,0.7929213957006933,0.2612341148978856,-0.28147775699938027,-0.830275030654458,0.2655825382170638,0.4706483660558536,-0.7201140964672226,-0.6138145621811659,0.43947806948994916,0.1858908569587041,-0.021534899044520772,-0.8740147383102899,0.08110409443687838,-0.38453824073546916,0.0678800935291326,0.6685005845394445,-0.10138544490077894,0.9916672560038906,-0.9259146401392653,-0.8878910938245268,0.5755570638330576,-0.9143709330930136,-0.763625782554177,0.6142074116148044,0.3346328366267626,-0.08325927048787807,0.3561556468933824,0.7485107859456746,-0.7020927408180908,0.15869142462291785,0.8496316235070447,-0.9262446651539249,-0.7168190555439189,0.30766305355821544,-0.05756072838337922,0.8360381516571653,-0.9083966129618504,0.4025936223385693,-0.7389245329146803,-0.655501982083001,-0.900084005226756,-0.38532533018679604,0.5873942091657554,-0.08763081414660978,-0.6586212242342211,0.18208497857984307,0.6356003555278538,-0.7873375994834353,-0.005713006928899977,0.5983504446689565,-0.5588549515141532,0.6089070618546177,-0.147577072123541,0.6230420594795933,0.9643855055857955,0.3567956745923848,-0.35153011797662925,0.9517065388573465,0.15193402090497,-0.7253411960364897,0.6728541845782456,0.5862033398931001,0.5284557647345445,0.18617050608169494,-0.3289925446626263,-0.758509020896355,-0.7175263947613526,-0.1696913515321785,0.39259157135974365,0.10681545980283791,-0.12267757589154549,0.8513510611949235,-0.9186022112761307,-0.8000642986438828,0.6947334204941185,0.22488301062779192,0.5553232752942094
-0.9687393474634449,-0.026065050352773067,-0.9873008428927661,-0.6411742877045727,-0.8217175199577027,0.30351158371166154,0.773830283935838,-0.16755551556492576,0.6148236064946757,0.5451254170538853,0.3847166616751614,-0.5876795628206752,0.2796514074645897,0.04617372826366317,-0.17593735099950814,0.876179220893218,0.2210759772609705,-0.9247575760443216,-0.6399990660369583,-0.00022473019287283513,0.9005961282256423,0.2543833080900251,0.5651660606443847,-0.3042928663077076,-0.9908599174363852,-0.5287219853415659,-0.7649843545764161,0.06039804185616182,-0.8086322900813678,-0.2761973908136628,0.5222564784702974,0.07944565277607363,-0.5614477326837779,0.5406625662217175,0.318654316784571,-0.44714683215217277,-0.612562013973607,0.5932259432854863,0.37048750883015513,0.9371476756257469,-0.051174320317583843,-0.6473523652589384,0.3402852702539121,-0.9137687973077953,0.28972167319347064,-0.429870959973488,-0.1306567154618834,-0.3314107415554026,0.6103073491167961,0.5168160416654888,-0.9133650346931652,0.48083376962626834,0.8497226914370155,-0.6482247835688948,0.5709840361634675,-0.02987720795119242,-0.767869829075642,0.7901583498015974,0.44280616111786486,0.18541332453134318,-0.34805537135800324,-0.6024972089069076,0.3537050917502158,-0.34863008215929225,0.5579505579193362,-0.3477355505856565,-0.8038717323971041,0.47549573201828377,0.7397726058953378,-0.24893522424451797,-0.5586744833956703,-0.05801948033135762,-0.031184568191478412,0.7809776877740779,-0.7101174560760684,0.8557742328857414,-0.09001825484542914,-0.2253393922226865,-0.7271907708385559,0.4396424322449404,0.2640422338037218,0.9511117826356668,-0.5955782184617022,-0.7455764706120702,0.3844210590223347,-0.8806965607314683,-0.7269970013035945,0.7033027330865604,-0.08284215005898732,-0.6575973665663664,-0.31284798354128673,0.7728179439181313,0.20727196569425033,0.5790939300442546,0.27599842776000694,0.2230561808582856,-0.6601290318649793,0.9402716838234011,0.7100080434933647,-0.8270513353989104,0.7139475274349567,-0.02157320287527087,0.9913286747998387,0.18316174259020368,0.673978052478476,-0.44165824332082493,0.4600355092899555,0.4723577182382117,-0.5066916458631838,-0.3454081053398741,0.15893406007299715,0.7836452562731455,0.1835432640649728,-0.7020605964399171,0.14740156975763719,-0.989844837519946,0.9603680825862912,-0.9198826403726117,-0.05869473914092338,0.5372127816709329,-0.9327588911995643,0.06224345258355357,-0.04146132156675297,0.5960350289442167,0.6425826415121436,-0.09511726356618055,-0.518977014972396,0.11697393287835545,-0.9751540170139099,0.4635725677999567,0.8998677912057411,-0.734575996422683,-0.4084191435715201,0.29528039692270247,-0.8185409901152527,-0.040434097215002796,-0.3903267955511387,0.4066089758170073,0.715844222461891,0.4945733932206051,-0.9511730525430921,-0.09031840467809693,0.5436700156126009,0.7483980760445428,-0.18927925549528402,0.5797174255781143,-0.2591590787945546,-0.07140842521336599,0.2668046057427471,0.7207653019920739,-0.8586028160917869,0.7868688805513178,-0.33418772323548307,-0.9345716491849725,-0.14819549392330633,-0.46042123886860953,0.8921909870580023,0.0848702129010761,0.5889575065247181,0.5753836882809575,-0.8380819168619036,0.7616944959118168,0.47152157026891794,-0.8903766495773722,0.8906444595754759,0.34930593317732983,0.7759558119112637,-0.7780669125474247,-0.26881828210722114,0.23826690079084534,-0.26885771205376097,-0.6494651936266922,0.11758091606011467,-0.8659881716853648,0.4186742719050571,-0.5905748138069242,0.9625032445032846,-0.5227345892841544,-0.7728846423471214,-0.0430130699667326,0.8782958649438193,0.16023877071039938,0.9182074621743501,-0.5804120487991946,0.49003342927822313,-0.5491255474021464,-0.2945766613195384,-0.46528429532697846,0.36045347784353976,-0.4457093320122363,-0.8732616398809288,-0.30954683642967584,-0.02754618970379097,0.05336519821822372,-0.7545811314856434,0.4196505774841379,0.3566165838447066,0.06571093051807875,-0.4154712937477474,0.24190253567912934
0.5998077343896995,0.890730644661532,0.6175917532754605,0.8817517740000833,-0.8687448175496821,0.7838064265844074,-0.08425176013546065,-0.8396591932969915,0.7958917197408053,-0.42325462463115904,0.9132538598320976,-0.7812701588158875,-0.44811452758275605,0.3941642217033212,-0.007342530034511352,0.7499862790741942,0.04137527871288005,0.25455239448979894,-0.41366111611520284,0.9391492110848929,0.08286991613688266,-0.735945262403713,-0.3065995064358418,-0.11227989587621034,0.28936888309541775,-0.4169664056739113,-0.8741009828144817,0.7435874015389248,-0.5353438729800655,0.8948974239769649,0.2893440624457204,-0.17661654086851186,-0.31441504276155685,0.2921024529162699,-0.3473871724881472,0.18671451011084517,0.39372716143974995,0.6838157407711254,-0.10948739263404783,-0.39183532346410077,-0.7360914960759593,0.5786965237035602,-0.6565257491280481,-0.47998508473065593,-0.03151377481367734,0.9414480967543466,0.5394994742499843,-0.9053621270010124,-0.2937582092824276,-0.0881469256249987,-0.6672738549317387,0.8482632809995097,0.423624344696353,-0.42950683560549474,0.9464121785068413,0.6786633537428253,0.38571853793727073,0.33271193198050963,-0.6930303996614411,-0.5241893512469928,-0.9176970870230641,-0.36674832441620286,-0.747052975879779,-0.4791856055010537,-0.6310068338341213,0.12497448484799834,-0.93062182269166,-0.3661124709543204,-0.31230596977555436,-0.25417012798146765,0.07973319255509481,-0.6748047838562288,-0.39688046095535134,0.8408679518837512,-0.19087533755497765,-0.001166168324378658,-0.7092322267921412,-0.08391852784438014,-0.3595641381136587,-0.991411388365177,0.47698996284820994,0.9512020723135624,-0.3374387078397878,0.410902713172985,-0.052178652644493395,-0.42034563467494324,0.8880190514648205,0.9613795577595492,0.14745516578685836,-0.7058330506149506,0.13046302986955305,0.8137615758522168,-0.11578893156819903,0.3782939629601778,0.4632810425606553,0.8003489381086961,-0.7211534130870054,0.10191998059862994,-0.3838355984569253,-0.1967401561510267,0.681753832405281,-0.10805461768219549,-0.8150377373938789,-0.8899327276922584,0.2826253055803438,0.1668628830676353,-0.5557122859167554,0.8713301534517872,-0.4441456616563251,-0.9549027072848448,0.07682458832042482,-0.10908383612240291,0.3431155526283933,-0.8252461258196906,0.023575043595188916,-0.6110999213089741,-0.3644843756679912,0.21015564369493478,0.8868043282039106,0.8168939004356619,-0.27787026170554774,-0.704108123243395,0.7076081399267982,-0.26074006578158415,-0.25433769803954975,-0.4306992688041895,-0.2972899331437746,0.9550472564336066,0.7486034715329559,-0.82480273819424,0.4557067139119635,-0.11155927566397694,0.9851943316401506,0.607371009029513,-0.42273196333959207,0.6113455702066519,0.9407213464040101,-0.15233560310892003,0.7928576531141069,-0.7208646262360883,0.1743601351668791,-0.8278440513664591,-0.5844324185962806,-0.05077373998787382,0.7350516397550857,0.9732766946467271,-0.8677684376664014,0.9201905964416099,0.5122281070913732,-0.8231034426894954,-0.18107872249475143,0.8288209926087984,-0.17097197212438275,0.11162768992960381,0.4204940135466504,0.5104874955843703,-0.7261459201684959,-0.627987163777892,-0.23646093473638352,0.10773385302104965,-0.9155341711223244,0.6524966106115713,0.6691704032601156,-0.3921712414309311,0.11856211334252387,-0.07309633158862261,-0.9463199706193872,-0.9951066500839001,-0.4746459528778584,0.9120531922661543,0.6684861427033071,-0.05491766148541988,0.3076259444045044,0.7853730512811099,-0.1656864556763724,-0.01622699339995992,0.3756863719938075,-0.5104994769626472,-0.7612906729471929,-0.4455659316025642,0.9886659081373412,-0.8665503472254974,0.49113114717244355,0.16213154018649312,0.13114917928082503,0.7366918363856008,0.2559920949624901,-0.04791857340546346,0.3884901973348973,-0.7608326319873004,0.025051738812882585,0.15052737321771792,0.6905601361324962,-0.6743055346361624,-0.882979212013824,-0.36063777713412115,0.756634528834865,-0.7290052122267268,-0.6733822963701439,-0.4546592926805699
-0.16097198968757498,0.824209242390936,-0.2880313538206385,-0.4202876047542081,0.05922465978483138,0.8726340394739311,0.027732986119610503,0.5328848753575972,-0.6335050051705633,-0.8109826952403414,0.505257012950419,0.08742467049668501,0.7448862689168814,0.6536439932136964,0.36993430256660575,-0.3978553820929085,0.3708874389226362,0.3766932839531105,-0.8083331803318812,0.1600932829324806,0.6466296336608754,-0.9742046723224307,0.036341492554810007,-0.25397160978901634,-0.03020195049055663,-0.3193738174303269,0.8215759569857886,-0.795164283843693,-0.6908901705833839,-0.5577729965511926,-0.623166430069406,0.7941134655275226,0.2268567188032391,0.6628323637320876,0.051305649370994244,0.06419130731444245,0.10222565684117191,0.5126134872821015,-0.7720665273465774,-0.07901728278352094,-0.8471993488585108,0.6376894881014845,0.8468195053544549,-0.040963540252895614,-0.37685306830628673,-0.27486286850252784,0.6340774065544887,0.7794527707633634,0.19529727880837178,0.5271790917234338,-0.31590974074293454,0.4197897658450045,-0.9424809255531399,0.629148216822697,-0.5552843044889797,0.713630418393675,-0.715281327246917,-0.5468511386598898,-0.7493116377317757,-0.7395634952022201,-0.8427900757669649,0.3816362733099412,0.5680594460922805,-0.844529404956007,0.5493846160807443,0.5146680687553804,-0.9149661183900983,-0.7843652362705364,0.5861103633014684,0.026958385008218455,-0.8814695258575329,-0.7621555640022561,-0.4939750575530306,-0.8675052776687473,0.33517284706640815,0.5091005429104505,0.5647416282265416,0.8401961416273112,-0.5891976268946673,0.8023497343066994,-0.6304363508433009,-0.2969326670578254,-0.8184413739210818,0.6917230449050367,0.883689959010119,0.8975832101665637,-0.30432691645319365,-0.6788853279480624,0.0012688306093533441,0.45710817892784505,-0.5163549556596694,0.14047071439530012,-0.8017886307897195,0.156267356324852,-0.9720313768261859,-0.5660038483766969,-0.6169049596151144,-0.4362864170704268,0.8033205830159464,0.07425297803176822,0.9471598077617489,-0.8026285629833922,-0.5719692271876757,0.008390543629181346,0.41551218144171687,-0.26707394870917645,0.17876114227065099,-0.12066834161392315,0.915495471765466,-0.6383029247113743,-0.29035531012265214,-0.24076988661152354,-0.5714519990347178,-0.544891574865908,-0.7743090426711823,0.9692255007368367,-0.7527691950514661,-0.7793676775734488,-0.7281752601889371,0.5245473587699301,0.40946183038162065,0.11426424566114801,-0.918782873716236,-0.3437691853387237,-0.768554786074443,-0.4327771148540711,0.2007790168549779,-0.37598617841233994,0.9523580944700565,-0.11208825966904423,0.10783178221109835,-0.41882134996410736,0.7107313339108476,-0.6224300286654569,-0.8607816860861386,0.6821165502434432,-0.048646406246990015,0.35826221655966917,-0.6414054332258428,0.9974466513717011,-0.01670325291014496,-0.7896562308613992,-0.12388329919185681,0.31709652657089626,-0.8299881798145496,-0.7132648766813956,-0.1987514243269397,0.1811144646640248,-0.7965556868697383,0.8505806310836617,0.9557066584933283,-0.8705791776819529,0.950414988384938,-0.3227367073258238,0.18992165988727638,0.9813226372642669,-0.7544756646026727,0.6762182626829176,0.4504010006652788,-0.4429633354422897,0.42698761472064484,0.16383724799230648,-0.45405441885735187,0.5789854645875725,0.2876623562458911,-0.19952894216630912,-0.04834743340794745,0.2063308648785771,-0.1911128016185284,-0.030934281477115855,-0.4422187336180494,0.5359991111551932,-0.7839266639621547,-0.4986202792921457,-0.00545243574944454,0.25674205932621663,-0.7307832385640813,-0.8007932195395477,-0.894295158530586,-0.8635426536480353,0.3562148813418877,0.9441451009973241,-0.23473403446996333,0.3584087241732461,-0.6945266976542384,0.2439335230474564,-0.8073327428076946,-0.8469654819208294,0.5032194930307403,0.5351442171959206,0.5854628304544363,-0.5961364910965723,0.3241864666029668,-0.019499279487211307,-0.4766694524520918,-0.312768700577593,0.7193446239907888,0.09324006762609449,0.9051609898204342,-0.9368029536200828
-0.13918718874267255,0.8298783171047881,-0.23274024650282388,-0.3708816043604273,-0.24732687409883525,-0.08068752235202314,-0.9342804077734177,0.1133331009657832,0.7207214054373274,-0.3939108567729559,0.41211840754962314,-0.01704078270970122,-0.7310235155752351,0.43144637926042795,-0.025090146601034258,-0.781236014234197,0.3500491602801339,0.3201571785477384,0.37074833421993825,0.14442046686736298,-0.048177889551886954,0.7087029390977464,0.01337009751405005,-0.21723036075545887,-0.0106177390956117,0.9417415168553247,0.2338793527556624,-0.2944724594582504,0.9555658889478078,-0.3590344330456261,-0.9437060268154231,-0.9097630958527616,0.6738683039905145,-0.30224642441342153,0.484114268183216,-0.9462003146828113,0.7826857809000163,-0.31748695104459856,-0.8052999015428397,-0.3097139449127686,-0.28526783865795147,-0.2974614790611083,0.32248001164538986,-0.5047721380796719,0.2961656497731733,0.18506333358499005,0.8207780374287257,-0.8689995278576024,-0.39017508753431906,-0.32481148586006103,-0.9605760196087241,-0.34776632432076915,-0.07818122718084197,0.7267370435964022,0.13609880976021005,0.8028196904237959,-0.4667622294962068,0.39191695257574155,0.1759784671997493,0.971529563017403,-0.24452481314013097,-0.21939841922489767,0.14507728960701316,0.6166531367355379,-0.799886633591891,0.3502225906537222,-0.3280650750289651,0.00553704517270881,0.5298078010587028,-0.32092115034718494,0.2296557471084728,-0.27333138928670064,-0.12801773545505668,-0.006096577116188495,0.6946681883053072,0.5742992173928196,0.6807609774222119,0.07166804692268514,-0.4252888818807141,-0.9049372777742108,0.992455386720906,-0.19594529562289997,-0.5482280459318716,0.485776051252202,-0.8160843295200642,0.6883737680046744,-0.8105327696820401,-0.32632387767188353,-0.8654604469771938,0.602371342943067,-0.04946326573035287,-0.5805216826898385,0.5913034986952184,0.303073627110406,-0.3963059707784724,0.608253423868254,-0.13417903090332906,0.07989515831102367,-0.5998460290683174,-0.19539808852576046,0.24992775194897088,-0.09354278934657212,0.5268844298655164,-0.638798298226348,-0.9627933557652841,0.4066632913980499,0.725419613518401,0.15368659048085842,-0.5740943899630575,0.9242341492162345,0.48441602197442934,-0.06540937322473606,0.8743258511711114,0.06543867005308668,0.22884459574184768,0.5382383302872751,-0.1325510302985322,0.1322328854592898,0.25351694315495577,0.04453917146694697,-0.2714506616817909,-0.7045126223508427,-0.6990546919936909,0.3706132734645915,-0.39944865041789424,-0.129222431626018,-0.3626936396928737,0.660428761111763,-0.8711449409436065,-0.592883917004362,-0.1751232405463643,0.6474214089966503,0.2920853072491929,-0.48710673023976536,0.2024645393510136,-0.18826812150354066,-0.772882846743431,-0.6161679770394539,-0.5088267803632505,0.6544576482555353,-0.07168059817876893,0.1196500210656688,-0.12773417797656172,0.2938441024073306,-0.9259925305546746,-0.6812830228699451,-0.7271387423702798,-0.48320630506173035,0.6070763659145233,0.3173414252803639,-0.6480295562104312,0.7050420350168998,0.9275737810503542,-0.028316068914029824,-0.960182516942512,0.7191680058316212,-0.8321409178688413,0.20319948044388236,0.734343559497322,0.801149769948251,-0.18598629688064405,-0.2731315095473519,0.31486120649754024,-0.8193874150977278,0.8863242840738663,0.44846890632436076,-0.7188796961897441,-0.776135272220174,0.4689608141816932,0.8658708947992713,0.04391511774386658,0.6579631653490623,0.8993490006791927,0.8631112504789253,-0.4963838831119076,0.7691297246552822,-0.5238462895181579,-0.7554463330925871,0.6133744912357677,-0.3414281780669963,0.16865244116241263,-0.22009866228935726,0.49674845850406535,-0.5281238416507827,-0.15426200303422832,-0.7114441825924216,-0.6496914891286398,0.9398469518802661,-0.12104917454159936,-0.4913881590530287,0.17896188878901897,-0.019282839693576692,-0.25059003085467646,0.8974217789316377,-0.36702010712407485,-0.15243736691990328,0.3654768950692815,0.9266306799312496,0.7588670817654317,0.8739445827143122
-0.27400397546258914,0.4313424582442533,0.6427307323838978,-0.9578515791088704,0.9336103186790559,0.21162946574105956,0.6829459330357568,0.3244468688807087,0.881696552852874,0.38136491056468014,0.5776054214179305,-0.5206483415814804,0.10545580662325338,-0.38146299661771876,0.9169672235938429,-0.2742898031598764,0.624500597793584,-0.7558924625082213,0.7339058702644987,0.7152942782998502,-0.22305797028741092,0.8195781999937886,-0.21404886353749952,0.955985708801846,-0.4889326199756838,-0.819499344582522,0.6454154514769901,-0.5290790900972053,-0.5792270174709451,0.7804934555325989,0.8317816024846709,0.26270540531254327,0.7589344950355255,0.5334818012182339,-0.18742236808959545,-0.9322366375619693,0.7328891766085408,0.646395560792933,0.8809908403708318,-0.05781743322399313,-0.17407736291740528,0.6823269327390522,0.43477203581282486,0.7535224544785348,0.6404826209008032,0.6488017314723631,0.3969643750931333,0.012669027840602753,-0.29628730683221627,0.20423188402103754,0.6268560968000847,0.47557104120803384,-0.09347649372801037,-0.9452982133332575,-0.8958023541961195,0.28318502282708313,0.2603126830369973,0.5820386356279075,-0.727815553500119,-0.19867630004770587,0.25659254648607277,-0.37255639469907664,-0.8355358971531959,-0.6843551211118168,0.03273178210204741,0.9393291736782692,0.6612427629408324,0.5263254065825484,0.6939208596053141,0.3715067566978365,0.5852845898183914,-0.36120174152419127,-0.043269040085288424,0.47034421762093603,-0.4786402408260253,0.37493374337286367,0.6535372186836663,0.5990573358803588,-0.6026725607454935,-0.17100715089441,-0.6362214923874412,0.7527800258594755,0.8895143096846199,0.7686828608869098,-0.5510257330427375,0.8962184343184543,0.8462247037668522,0.2942133786082737,0.25325471503596364,0.813689561023959,0.948255143499745,-0.6034675946565993,0.4025223084066938,-0.6624880872699177,-0.19793017777794542,-0.14219326376329766,-0.47968444005770694,-0.8218774652774206,-0.2641596917789746,0.8944870169049932,-0.7652989623827502,0.43716684767362013,-0.1296825293696029,0.839978097800685,-0.09258426983270884,0.3472200854740892,-0.7629753019737611,0.4271274239293539,-0.6189116694621397,0.7238734485717477,0.5642438868612474,-0.4240760542982367,-0.011663684516049821,-0.7396013374431643,0.7126754553110293,0.2001655729944496,0.9904148999465836,-0.43406550993460336,0.3543773023689265,-0.16333801775619583,-0.1829517961671423,-0.7081142957691384,-0.419614076970098,-0.47640107221177797,0.2353604801144702,0.8146564699458771,-0.26072452093805265,0.36853417228513297,-0.08367177716286966,-0.9793595154750108,-0.7335901279532393,-0.3535080406904345,0.38604711588553653,0.37370489853944866,0.4266718981190838,0.41690633331672755,0.47220821078413633,-0.4875488121352254,-0.8094411558359866,-0.8824953727109341,-0.33427491886817506,-0.5303171206871806,0.8164530747279775,0.9934788734670648,0.8786438803492715,0.9344196886159255,0.19646413191506196,0.49648368075270866,-0.9089762567674968,-0.4926862343468965,0.23931575389113524,-0.3949852887164971,-0.21060637129452808,-0.2581975738370681,0.9361156209144881,0.11912077726609982,0.16097381978291603,-0.47941669568618406,0.007493443680402834,0.8606538823124279,0.7557935039413699,-0.736160932635546,-0.36536522641397173,0.06084760178520754,-0.7164085319577753,-0.7663158876706719,-0.9116756770235808,-0.7442570105312674,0.7433591183032315,0.6696080756336547,0.4956467354385883,0.8524740849448147,-0.43414898361574616,0.7538727710130271,0.22586314126236995,0.523127837877227,-0.4724841189835567,-0.373979368272791,0.7853436196593018,-0.3689141610731299,0.9891301317702945,0.5273508273072645,-0.6974705076862171,0.7060673225351095,0.31483895535248796,0.5964403665064215,-0.8935556234580286,-0.7027583859180337,-0.5402789088615578,-0.9282755036615205,-0.4795520728296794,0.4119257251491075,-0.12714026695454073,0.9904034867163778,0.8544126822786149,-0.918416582919364,-0.28695976750823005,0.4180582845338361,-0.029600971076493066,-0.01402289997799877
0.6916767018998258,0.7337586007722274,-0.75269153193229,-0.8128442435900316,0.7363462192433543,-0.6386900717771999,-0.663409996778717,0.01747552786129347,-0.45441689248014416,0.7817890444865476,0.17135480362767197,0.16709478196508498,0.9432547093052523,0.052030813199991366,0.14157562226904696,-0.16716201722006208,-0.8463290744102385,0.5365068539695557,0.3538170321927252,0.7747353960373666,-0.9480756627875382,0.3626246896584997,0.36127881887541613,-0.21166039446654472,0.18067699565214568,0.902439700157492,0.6739544171622147,-0.6924490626324042,-0.837873526510102,0.6613984511450923,0.3190786463000639,-0.09188896971409433,0.9104030619460111,0.18840851870188557,-0.9883892785098118,0.9395410276032536,0.3123455140347011,0.9017919369504153,-0.35016906339796794,0.46309043466778244,0.4686391190719359,0.9148055582796553,0.13831687166273876,-0.577266277920025,-0.9026355027920312,0.2872880590402187,-0.35365830662627573,-0.888929952028394,-0.8585518219000665,0.9038003772838641,-0.23721814017666865,-0.20228300608450334,-0.6439783984410745,0.9300986196231467,0.7310310214596578,-0.8216233846468921,0.704691666487198,-0.674118632249491,0.5589850902914439,-0.4301282220010758,0.5051171325807637,0.3081285976489583,-0.7587960317947469,-0.01830980478077504,-0.13528316116498007,0.6127063918367,-0.3797973855773469,0.3699238837288856,-0.7374266630553565,0.33104059243368344,0.6641057486453179,0.025306451318729772,-0.020753928341829653,0.7708260772837627,-0.04712062674046469,0.12611415386707692,-0.15385883912112797,0.5129812869807533,0.6219887192284468,0.22773556688958152,-0.131788154979255,-0.14796580235738377,-0.9191238207617185,-0.31651030520689805,-0.0729502487713094,-0.5515395753441661,0.37247307171874455,-0.6898605982859789,-0.009355492483396732,0.25911916266717583,0.04935556775286942,-0.4185939510432011,-0.1252889621379507,0.8144154221049649,-0.04477726965556661,-0.7027869226904775,-0.744420503313632,0.8058072373331882,0.6830759085514173,0.04618411403494771,-0.4090367321888255,-0.9045434512049806,-0.8469349605247078,-0.9098101926831228,-0.7847356571160022,-0.15017295758397275,-0.8110312750241684,0.32171050787433964,0.1369564207319134,-0.4932393378696198,-0.490279591298582,-0.8364608769320434,0.006889134887884341,-0.7721290180010176,0.32315664683101986,-0.64089560827349,-0.6355837308926908,-0.21408532492430932,-0.833418869730062,0.7535106942710064,-0.4047049684234507,0.17441677636049202,-0.09000370267995805,0.3405197329811438,0.24762078833332746,-0.4698512205282692,0.9334392535405147,0.7426896364987792,-0.6256165323992318,-0.6298252183464093,0.4940586385456649,0.2081057467955003,0.7432315896959418,-0.7873386825055047,0.06875200596325426,-0.9883058608333195,-0.7666434792681844,-0.6565292975932215,-0.04576025217528623,0.3836124599738655,0.737561041976766,0.9316076151169363,0.20377488025890877,-0.02655501212477729,0.23699874897498585,0.947843784343374,-0.2785424338182467,0.34760628585728415,0.38058670871112166,-0.21000552468537204,-0.39468668270654783,-0.7498210201395461,-0.9722481639563727,-0.776174995065209,-0.9682295069689686,0.9410407273206278,0.7180240605296984,-0.5815410393310012,0.29724644340804485,0.29947965207368443,-0.12842305239901397,0.25211830225869036,0.5800230732348939,-0.6181710945651897,-0.3981642608386109,-0.07314888912192519,-0.052021824987542375,-0.9563663435509977,-0.6677890136478046,-0.6951555201592867,0.40519621141651174,0.9277337414778297,-0.057021602695766616,0.7195928908812443,0.1704525387678988,-0.5973231599505038,0.13886092349068457,0.6676770656069129,-0.8981556395612649,-0.984251438041575,0.26081976067467805,0.4261856292454591,0.9589738758755608,0.6972325220063806,0.4741566267410109,0.19167910115537845,0.10860905049780545,-0.4184509361234723,-0.02500697374820171,-0.027798078755204125,0.1820785511227574,0.22299058638931735,0.3573358342807462,0.6333784739320605,-0.024197008730385106,0.4285806575522524,0.056617617890531546,-0.15599090492124335,-0.36829969952619557,-0.8729788621090522
0.785754392270748,-0.16572508381097628,-0.053324056909371365,-0.010422399301876384,0.8779289520707698,-0.30647177326194375,0.39502888077840215,-0.9583861505786564,-0.42397843709276417,-0.6155974049979385,-0.31230522039367736,-0.5357937737161527,-0.5605953099182441,0.8181403083350371,-0.3216940027216735,0.20420026560803928,0.6849342691182965,0.3139162729452145,-0.7376828658107908,-0.413211916044429,0.4227703718896392,0.9196067365536253,0.6661614915906933,0.34621458727866683,0.4691692644395762,0.5919453274060016,0.5995101179322844,0.6890625679794811,0.2436847568632452,-0.43508556946072674,0.49850860366511185,0.33411290471091504,-0.7418068919585481,-0.6010315543962406,0.21149801451244543,-0.7981925488489501,-0.16803127612092061,0.9875344707626861,-0.392696213204877,-0.5811341172929032,-0.9059013277402339,-0.9637388086499759,0.76181221396935,-0.28591225032615886,-0.6827890697909178,0.6558973768273244,0.7889149413031176,-0.9360599844632218,-0.8726688275078722,-0.13875907489703176,0.23512584308818352,-0.758623934358635,-0.5518087225203918,-0.4843557179918465,-0.3193515720235438,-0.2895180468354539,-0.9066472832844423,0.7554272943291418,-0.46501752888682946,-0.6976432524113634,0.3802711646809529,0.030774885479949,0.3389717803022565,0.41280983463558596,0.8532641969065029,-0.12434658707697865,-0.08572872038711465,0.6831939482057741,-0.7781383100947774,-0.7882162812105955,0.2211450876244283,0.5643125155327826,0.8947669878880387,0.6472204560409913,-0.9160611255868416,-0.7891778324984566,0.25985223230807986,0.741738948306236,0.8219715410715107,-0.6859349052853991,-0.41575402456278576,-0.1169641798441905,0.011793233430251293,0.46510378823418486,-0.8014115221158307,0.2941859418710604,-0.3307849493747834,-0.7244550716432414,0.6971901834292757,-0.12178307816927636,-0.16850032256216863,0.5380663276700313,-0.5093678707657254,0.6182904314050575,-0.31735986043873,0.010045456458058766,-0.8295322766003665,-0.25512728519440087,0.5096904250235648,-0.27871318713664417,0.32999050982968914,-0.6967775709449313,0.5070143420942168,-0.1565555812833348,-0.5436359921396625,0.603537357282979,-0.1731811625060431,-0.18138136121533432,-0.08249387216805615,0.7047809588336242,0.5892146927445923,-0.2764512606897913,-0.9404741459700661,-0.708831388203027,-0.980102573072527,0.6124937313400014,0.8872856806156215,-0.8304435709371623,-0.370390856241422,0.9638898487742638,-0.6713506365705688,-0.877063343029227,0.5183847701116462,0.32035234455047323,0.2829315088831199,0.8050222631477901,-0.8843803409079765,0.26321512430976424,0.42673903404281677,0.32072326355894387,0.03955672640593555,-0.4085511502727077,-0.19599436393703762,0.3617413148401736,0.10722085645118895,-0.3913539540536548,0.48539500405930314,0.8184617064022623,-0.9841955329924292,-0.4404385104744357,0.055583471214786906,0.8409011832902105,0.4005901277652095,-0.10762189859331639,-0.5897328572335876,0.0888505820089529,0.5766831579534331,0.30407417479371746,0.3949419311471374,0.7753497930143933,0.5631261862629204,-0.1909885886996936,-0.6054084914777476,-0.39693717532931383,-0.9260596552873628,-0.3310141505301962,0.4501973646712383,0.48010444462114,-0.7479887080122576,0.9838479390858146,-0.4321442810634597,-0.8143608642865479,0.10357170272249583,0.04267173023088078,0.5140926485610828,-0.6799453195419649,-0.9442175494086842,0.5931973984827494,0.18500720349982647,-0.5173204417194579,0.5483155742875052,0.4530184927991907,0.973909400482097,-0.7791161875130808,-0.880108522749194,-0.25404226392870477,0.253979064635923,-0.2910533081917015,-0.9045342541253576,0.3019248387417648,-0.7505003892073501,-0.40407777469701656,0.4737173915686219,-0.0937056788954096,0.9659011250152785,0.6107751242184349,0.9780001577972444,0.1311944531596767,0.7886777957907232,0.2554887036311706,0.0665773130133116,0.1910978292500658,-0.29932572991845596,-0.4309290101092702,0.5695785256487016,0.4297089364046711,0.34486760407643735,0.4287019577274578,0.03933329489100457,-0.5047333373840612
-0.3443060738377002,0.16473809171550347,0.6456854459427224,-0.27746493437424924,-0.8040243365384154,0.42328084149497935,0.6568752588637612,-0.8361056731306225,-0.8756126549111796,0.7770185936996834,-0.04749385692500474,-0.10767182591449198,-0.26141156737770976,0.05251120631029749,0.17647891579521358,0.03788999883569355,-0.21043504965283288,-0.4726125808908974,-0.002345388584418018,-0.15315561001730305,-0.1198400901404344,0.8620712153288725,-0.020917866651461337,0.946544966353809,0.6476236606067831,-0.7113076373072582,-0.7457520442491115,0.42230113532711266,-0.7412296240325005,0.40904936959125804,0.7265433151891991,-0.7638836846579506,-0.5747149220789616,-0.053288876524457685,0.492992612076397,0.8881391221139832,-0.2613358807310857,0.9036435055548855,0.20320042747732692,-0.1827602817068077,-0.7582671438219255,0.14352950885281812,-0.919435716826059,-0.6933909786083965,-0.2570652916293654,0.982040202237066,-0.3934798345866608,-0.028148918927046962,0.582407402140936,-0.7157203885347769,0.17924848827357542,-0.90269790683954,0.7885058567697398,0.7781144124788388,-0.5688370885986518,0.6382501384565282,-0.022412687508974294,-0.7553441889951036,-0.30270211297922534,0.7408530718785893,-0.16484969137346117,0.14611818357857875,0.13152795214018842,0.8005745759281999,0.5626986977056507,-0.04954490312248505,0.4400669907582322,0.2114194204331874,0.5239024629968745,0.00952772254437595,-0.07812767085911676,-0.10014121730296699,-0.10185052232470237,0.7326911051253102,-0.3495674269003426,0.599623242389715,0.32900462483748005,-0.18074334580845952,-0.5343554332815943,-0.20920574159923389,0.08198890158265382,0.9161589841610764,0.7800863302215366,0.47182558890245985,0.291833059318809,0.7319071466567333,0.4144172523141516,0.1439895872788013,0.5923175628720989,0.4147976980931769,0.12208871014654155,-0.752436777294961,0.11870564647245452,-0.6151465333228063,0.23740810963264591,0.1537111663462991,-0.8942512280152322,0.14048876645794195,-0.6212082542395805,-0.048328615685719445,0.7937285604873905,-0.7594336471221685,0.8723636199811016,-0.6405131971481925,-0.9620528329169376,0.5735140920550374,-0.5094266112194874,0.41123540459450236,0.7753116574816814,-0.1115410613321075,0.6138420482507922,0.21370964229749378,-0.19640426950316092,-0.9100327120501841,0.723948671428096,-0.9534735032922543,-0.12596516042190786,-0.1701271530381303,0.7192968208775186,-0.3652351292668137,-0.48564441366456323,-0.7707107517155094,-0.8013327339026441,-0.6636880146659654,-0.7119314941366177,-0.4888909493639366,-0.8207428730394339,-0.38641156327479,-0.18544713141607394,-0.6616179040236216,0.2289508575368424,-0.34941860763046395,-0.9456576151654033,-0.8829964354928683,-0.22012057753288428,-0.3599170723190823,-0.17435437600298198,-0.3515644184062736,-0.2489736833933367,0.6554827973172292,-0.7580674729961439,-0.59488108397092,0.504267477944562,0.1720581536962258,-0.014041118195336155,0.5047799573007412,-0.22990264073972333,-0.76983725623358,-0.8787360441932612,-0.0703529335093338,-0.18584707281800794,-0.03165698008378692,-0.18501242051212063,-0.5325190884808437,0.7723117920551126,-0.4616805232454053,0.9269493756618006,0.3501948580370755,-0.5073678081783908,0.10941490011738098,0.5704283733006021,-0.39077431606880375,-0.18650815716412295,-0.8321832888382994,0.27159798890996534,-0.5930861863064532,0.9358230254406783,-0.25338955908358485,0.9706174309281754,0.5640473253303986,0.07507125962693428,-0.15249508676898338,0.8229854636662042,-0.09651599762153507,-0.997997882773821,-0.07069589255579656,0.6587435695637749,-0.4215010903319889,0.9441636080649745,-0.9989141365859655,0.8670136320860788,-0.03562748024906326,0.19573550300134634,0.6789754432439474,-0.23969297112164112,-0.2971641593808134,0.26441388149193124,0.17031833292073295,0.020656843204964526,-0.9090305393723206,0.4783658911897135,0.1261631558825853,-0.39872330293483893,-0.20939019771770684,-0.754046070121257,-0.7206994634110664,0.11295816300543016,-0.4410834032553541,-0.13607513590380305,0.2208906189325488
0.9148343473979317,-0.36339211636883606,0.36420199193669056,-0.31472948737189355,-0.47727893323242165,0.5053880022131516,-0.09456383775155053,-0.5081434300202576,0.9660438943153358,-0.3167403905000703,-0.08040131689619012,0.19902733457769806,-0.9682507676777508,0.38369012078234155,0.2928865838387278,-0.9959049730183669,-0.04694209986509024,0.8028899879690796,0.34541280826234844,-0.17367393440320122,0.7905363544298698,0.4065993501093492,0.5249304829953771,0.07626290740294417,0.5746104698884529,0.29819455223182545,-0.8449537673793834,-0.9381049589429471,0.6641677292593806,0.343226156311881,0.3444918263467489,-0.29401053529919663,0.6255624946411913,0.654933670182688,-0.2840685190744545,-0.6456267261632416,0.5359316887240066,0.3940602687566801,-0.9831372480874678,-0.07461493655323048,0.8724956988243886,-0.11084468648786405,-0.5569584705957109,-0.9604366606709214,-0.4377310323632606,0.8427973793327477,-0.28435796213877684,-0.820066961403477,0.22688541747982138,-0.39364293503143655,0.4356190595201801,-0.5314841124397649,-0.012382656823150873,-0.27400164251333425,-0.43848728399220316,0.8090151802308514,0.4139360130731309,-0.581827357305059,-0.6078264119585823,0.6422469413047447,-0.2078276409067732,0.7398324650130801,0.13820446283110432,-0.011977357112212594,0.10357037475362785,0.3196768423738303,0.13141409564279827,0.36476720277924146,0.13028046750320255,-0.8692787499999317,-0.7435072102252627,-0.8699013571823999,-0.4807510385876388,0.13980658137021895,-0.5440696495621937,0.04615991903690775,0.5645054172624344,-0.6162969045688633,0.3559574339258298,0.983902707246106,0.38597163077793195,0.06588303468311651,-0.4941578555005737,0.12023195450159796,-0.09214775261350039,0.875780737804092,0.2819325726196136,0.8861484475438304,-0.8962744049152762,0.8775186586826929,-0.13490365677563032,0.9902129531931265,-0.45192880747142894,0.3603469508632311,-0.06682654476799499,-0.2770563137940034,0.518043429307113,0.7676048833313625,-0.5509035878335737,-0.4441339385749179,-0.15987586181744518,-0.1022770059668725,-0.9896814317724276,-0.6107837209894387,-0.8363821971401804,0.14363923382271682,-0.9492561222573423,0.47488835790199024,0.9561912222139382,-0.15235948625541207,-0.8511192661971567,-0.500031676935005,-0.6710368494805004,-0.3783882847004516,0.25198937394164056,-0.8065478052515873,-0.04006715965347096,0.6161181483272242,0.18506154115827234,0.2525942166903734,-0.33139492809016136,-0.4991810583002334,-0.7843186933759374,-0.5232815748631559,-0.3183960641545429,-0.8911342796439858,-0.33282308996207965,0.5882222389689633,0.8870951544182126,0.5514989435667499,0.2391331112165671,0.5281971409271768,0.2506975151070383,0.15786893851796346,-0.8289306018572216,-0.8786261094106083,-0.9333126488716137,-0.3734411315607469,0.6953842892253945,-0.8699435624085927,-0.7449284186660912,0.8382315755246146,-0.11616319336311776,-0.3970578519889916,0.2523704235529749,-0.8684194817866746,0.3551289149491481,0.11851610321109196,-0.41016645953164543,-0.23708903190965858,-0.8083394971891944,0.5039267154203058,-0.5337760319622944,0.19915170650891656,0.3194480631352685,-0.9787869087843413,-0.23215995037244141,0.5903293554202576,0.7598763349683686,0.23846110852476832,-0.32076705022273333,0.875169704493524,0.5658582750852714,-0.09184647325854178,-0.34361266213933606,-0.6150373651384327,-0.794620692546836,0.19035021533518126,-0.8649110556708799,0.5788328474876203,-0.6127709164564314,0.14642426559301636,0.2747274713054002,-0.48742779559804195,-0.1579859930068359,0.4492460730798673,-0.11075137278551761,-0.5136950442541734,0.5940511680255947,-0.8790176342773326,-0.37666628383811873,-0.1283037437032799,0.9194827027872945,0.5087472700736468,-0.37762351954481144,0.7704438200763419,0.5509913287404877,-0.7051818747889436,-0.3826511710386056,-0.31419936878883936,-0.26234000965548976,-0.9838363153088006,0.17287982490177156,0.35660074866712654,-0.8853647077472904,0.014215734886881437,0.6703498595871018,0.7174044110567463,-0.15587771916663495,-0.6091857407016938
-0.5992561930335345,0.8170004368016306,0.5705276141822899,-0.3168961526549523,0.3357202779609718,0.38956315356256055,0.9638465116531012,0.19952460665127392,-0.3377091310619016,0.15682149776960763,0.9261297782608937,0.2322062745635447,-0.16260942327053773,-0.6754400267474667,-0.09139581209263992,0.5783827738544796,-0.9156157002459366,-0.5611882370717289,-0.9926058554833077,-0.5539498225864685,-0.5394519795993455,0.24784003515747943,-0.5219619202502639,0.4691723550610005,0.90517645798106,-0.3369697808135852,0.4801627751575679,-0.5893672794057048,-0.6315109755682302,0.9797560871649591,-0.2743657080845223,-0.8525376862602434,-0.9399648226098478,-0.7696214148044294,-0.4188475692211373,-0.6111931110719655,0.1713727848635429,0.5310654693828409,-0.912190348277848,-0.9406288534533551,-0.6043500112876166,-0.6517067817010727,0.7707644591033287,0.4376733478052097,-0.3203650139639649,0.10900991031474261,-0.6429171383978791,-0.957015943883696,0.6857628414301364,0.8212979003964396,-0.9580124790751081,0.35490475799506194,-0.24215448416964436,0.574828161075883,-0.7780619809272398,0.8722282083367909,-0.389855243918245,-0.5197001342528962,0.6189755405835844,0.32181743042707134,0.8823235113460828,0.9542036920640293,0.9953898284316625,0.7633275901335188,0.7567756728968342,-0.8692449611649913,-0.7111355083775057,0.8483109344660442,0.5897962330228257,-0.6166374156988457,-0.24360894122192422,-0.25148939612579935,0.19909832521587845,0.9539630805871329,-0.5109007221309305,-0.9076096152799968,0.23205601554104494,-0.6217956713671173,0.07093668422375221,0.5791755787814694,-0.3446387909774238,-0.8934820498606693,0.5912238401185468,0.7457029838332314,0.7030052767436128,0.9367686150086256,0.7716685755400454,-0.5815248530015567,-0.8371845962902127,-0.05866541279856552,0.32700439713726115,-0.8702539180601607,0.017227610768613788,0.5026160759094667,0.2901431285014191,0.01831703445711863,-0.002824447767550309,-0.07146544487776585,-0.3563537342475822,-0.2522425573248317,0.3890193474784054,0.4312997453771812,-0.01041594931843659,-0.46332908300777254,-0.19810785892448446,0.842370447376735,0.1679652430077978,-0.9267910241007866,-0.5609474346803931,-0.5939990065681926,0.7263365273830977,-0.20820004912326162,-0.38800192736055195,0.777417859093591,0.1427407735170323,0.8709978139762817,-0.2517852894286925,0.10110394782958787,-0.7313393689450212,-0.8319437012814281,-0.11098936917154911,-0.29685009672973206,0.16792444946084784,-0.06949377786722666,0.24225163961014107,-0.1477953128345133,-0.06489802252492827,-0.18209444928896534,0.60900893058692,-0.36595914851100053,-0.23525814675214596,-0.6408685379968808,-0.5324192007537951,0.2907097052915162,-0.281814129628601,-0.8351629779559699,0.6852067783737914,0.025581978956638052,0.2873087984049172,0.5717465918723486,0.8532118384203551,-0.8031817805977481,-0.8573026454413402,-0.9234372296031408,-0.5993868062830294,-0.6067073542608721,-0.3415174148973281,-0.3945688345251779,0.6311295594048925,0.36707865961563924,-0.4510708869897957,0.4112852752809828,0.9959914108792709,0.9968101956695199,0.5047667133239708,0.4796420118678455,0.8247650602629102,-0.9829322431970227,-0.40105169591538226,0.6446177117024712,0.56625650818411,-0.19237771711029117,-0.18848303225843144,0.15990756091186498,0.3106170149429248,-0.055992012409999514,0.025293946106353715,0.5223210744781621,-0.7014377137204093,-0.20498942989739044,-0.5461473953226823,0.49827415063791003,-0.051123496387553535,0.031650700971538326,0.5719492964836246,0.5152425984850275,0.4450207026958124,-0.07719772546500625,0.5838297767322638,-0.3738503330081453,-0.6243068958998774,0.5402621320177581,0.39588253822457586,-0.5808304929929853,-0.10005612890505611,0.11689363464868174,-0.2505996653594045,0.15501689722761824,-0.7433087184194933,0.8867080023557701,-0.9806376919180124,0.6208027699418086,0.6685977631011968,-0.3203555162922944,-0.16170536837399996,0.37152561176756294,-0.1932625656896596,0.557286809243539,0.07520801275427935,-0.3478409709490078
-0.9535203193489101,0.5707156215937284,0.8442883810272028,-0.6926175210290653,0.9052750914433205,-0.3394989435644318,0.2596786141268279,0.20600557198751246,0.2156745429914999,0.7338895110917967,0.9603442308503174,-0.5915907629029056,-0.2187277069135123,0.06898116151144862,-0.6233226437154762,-0.7827232878082788,0.13903002384212826,-0.09692934693391186,0.789487589964948,-0.8135169867959073,-0.7913736451434266,0.1058135506158484,-0.9358816917765913,0.37804909949546905,-0.02277335484566545,-0.6266157895475815,-0.8610179288484856,0.9259891120477632,-0.43236475876134195,-0.5339211480154764,0.3191397864281489,-0.860041134734993,-0.8850936387680135,0.03706336037884772,-0.6563485663120141,0.7194146947534745,-0.17827753139875435,-0.6859290899396671,-0.7785121034214249,0.07290603843947041,-0.04349771524753043,-0.8624740184993611,0.9101935312686487,0.7313989878666354,-0.7401354332201322,-0.588645990047497,-0.13559864732777926,0.41934322811354163,-0.05043995143799118,0.20741889737682606,0.8783085094439049,0.17498390679020925,0.004950042318881076,0.3696718582355445,-0.4491180449470471,-0.9851133824723197,-0.7146160238127175,-0.8720599141034093,-0.20152617089675973,0.6151316649740952,0.0517130096091547,0.8206050778810541,0.758478782936314,-0.07959087993658409,0.15226550458497967,0.474581421779136,-0.42417643001229877,0.7619881468846776,-0.08738675196793921,0.40063307944893034,0.4232958673290428,-0.4051025451557284,0.22605502342327832,0.6199695296562298,-0.6497474250934607,-0.501730364865391,0.7999292406102494,0.4664879058610887,-0.08434369586907353,0.8216661909085516,-0.6331113621812756,0.13723053180477263,-0.2128973648154029,0.8913747227737971,-0.5206094848283855,0.7410791837860975,-0.4524474459505703,0.2561664065381517,-0.41622081895683816,0.8325926671437003,0.3960879851361774,0.444818778369348,-0.5654902620801856,-0.013024845551280029,0.9847794437685726,0.10564778925822105,0.9906327630390535,-0.8469327277631036,-0.7895508780420597,0.5330781605766808,-0.34797372802948856,-0.09812803320826435,-0.4944667636249649,0.012129143545555499,-0.07566502650502516,-0.8536090159585086,0.38897142820987196,0.49947228225922524,-0.23768886411700096,0.4919148743054542,0.7115462898374136,-0.20665134433247667,-0.9785252772181372,-0.7706345661118688,0.834273951299199,-0.3457792748466795,0.49735205567248975,-0.030481525341317095,-0.8635256576158312,0.09685708071325116,-0.515412781930245,0.9000368481535264,-0.7194884796323222,0.640853379355995,0.6831250661815185,-0.6588218087182067,-0.9638677446992912,-0.7989697578961164,-0.4117106925822589,0.0693076661444676,-0.21830099570075623,-0.8448294003100374,0.527178093958059,0.35476628353077566,-0.693007045378417,-0.2838260206887093,-0.5666551334498484,-0.9311103091733501,0.35008826154915695,-0.5676670008591096,0.393484727259815,0.6730022823034287,0.6230236518811354,0.28202437851637496,0.4328208664065658,0.7940197602330636,-0.21876322194417264,-0.3833514981867867,-0.8951694876223006,-0.9906685345073836,0.5448193904369403,0.5342284769078798,0.8576411046043004,-0.250710593033487,-0.5229193538429486,-0.8172271398300166,-0.15663453894936796,0.9785812499308579,-0.32576671510150224,-0.6156963604694676,0.33789891098695213,-0.5588642960973793,0.764572115191865,0.5938483303097646,0.6609013328568452,-0.6642342250941471,-0.6659054898617789,-0.16863998007029157,-0.7846323428209971,-0.34571706767857724,0.12410823444703856,-0.6209049280781544,-0.5857613692532873,0.08340530686175684,0.8778464559894843,-0.7583920772014836,-0.5724400266127987,-0.2868473481630114,-0.652756884470663,-0.19572102049003903,-0.3675195572975074,-0.22162668089914428,-0.08244813650703153,-0.8679674318736539,0.6301697832116129,0.2998899910436479,-0.262040077985243,-0.8653374629399173,-0.5628782896534081,-0.39693150270663025,0.19773819296920325,0.9662049858342749,-0.7963728202502265,0.07236306058257469,0.9810625750157818,0.7009300674379626,-0.6570817790636398,0.9180694087556684,0.1997342903070789,0.9628317897151994
0.3926307318890905,0.35580104477038077,0.9447337056905984,0.3874414881010566,-0.3359069053034329,0.2707069033640068,0.7679340643826886,-0.3640660497841013,0.7031084249372868,-0.035739242024518836,-0.32978956375049373,0.2170666443124898,0.17007382882999722,-0.23525720073243783,0.2811839095028328,-0.5351490452376002,0.17493709481699948,0.9767617287232231,-0.5347881910024082,0.232697349174932,0.7935588527330184,-0.3823027426541401,0.475826567836074,0.5144914871982593,0.2395324569849615,-0.8801539668805081,-0.2509527430128087,-0.4067705392537746,-0.6966588292159448,-0.591229339807646,-0.9241865688850885,0.8468182791070404,0.19615037722217088,0.8917529947120875,0.47851127203303423,-0.3426202962656766,-0.4437471133837305,0.28720414321081145,0.5209877645910899,0.04174571919113035,0.9551350089146702,0.2960928501592657,-0.42308979108108713,-0.9526133354155717,0.6938696910869051,-0.3374594547938048,-0.5155020325509097,0.07862350425234399,0.8132641154181683,0.3300120381768983,-0.5033239006779819,0.37469967747148925,0.4390044394499666,0.21612639535525102,-0.23702815888118867,-0.35672601783952906,-0.11527821973290275,-0.9879146804717649,0.7397334797925097,-0.860030160044712,-0.6150691054447464,0.2687339185478175,-0.7169359782595259,-0.5915599744683355,-0.8164812151539949,0.18526130242417893,0.6624417572503252,0.8636253804620107,-0.5273797436442293,-0.843670972790721,0.44997820954135426,-0.37707406037809243,0.44334753152037054,-0.5101500835416202,-0.647128990205359,-0.5020611390009417,-0.4292942199644174,-0.10345761526039543,0.2712075442284494,-0.4562784304853451,0.5625778508360788,-0.8399680562166396,0.9451104009089162,-0.20351105365578115,-0.6644679237795847,-0.11724785830531648,0.010585108539375776,0.4698562090610039,0.5206489288192757,0.6392076157593356,0.587117202311765,-0.9603778457354115,-0.237161376664083,0.7080844206099637,0.517716644800559,0.8430649980937175,0.190366723197664,-0.6944025821558815,0.4532964702799813,-0.4854165556959773,-0.07269753059972417,-0.09279378826579832,-0.2497062301316546,0.2120507133132865,-0.8561207006389777,-0.7266873014738655,-0.061483037535611684,-0.6905510885099779,-0.6207483708235539,-0.974331455504073,0.001399617349634008,0.4506907518842489,-0.017092564634155538,0.8513821425411128,0.8805699705280317,0.9409852734535036,-0.25371020460073024,-0.02089777130170445,0.2820974437523194,0.17661801086715379,-0.18242483012378852,-0.922346204631441,0.843206496901475,-0.23034797709987243,0.1312171841019747,-0.6115435993231706,-0.12740410928283818,-0.4894831661690717,0.8261719905075042,0.4444905869450968,0.01921672685635767,-0.022756313756410185,0.3769787902858932,0.39291082408584077,0.30181266941626594,0.8530375126606276,0.4713284112035008,-0.5152942616086371,-0.9309848558683911,0.6262528205128652,0.26190542737482403,0.35285119754457583,0.39494284489267506,0.2906670741421622,-0.4773386030579265,-0.08905845963559722,0.3621329687143473,-0.4914239310113371,0.20429865387591395,0.9035564908773401,0.6830317998145135,-0.9753252250443305,0.5419443710491925,0.2887947814406373,0.8337657061867076,-0.20466615697637547,0.17232085725882018,0.8019912999920296,0.03707408770843057,-0.6223534960149801,-0.15411028018856654,0.659499130053393,-0.4942575292015554,-0.3955608680747924,0.9353668620169358,0.3169721199073028,-0.23442277929067967,-0.38404226699570665,-0.1767820156743789,0.7528009403395739,0.4553041587683253,-0.822253121297448,0.27236049730497136,0.5533822297682456,-0.3112143752838967,-0.7145730365958611,0.4974601449001661,0.8600337318821287,-0.20405956061171016,-0.38379931440323145,0.9740509862959188,0.6327787561971434,-0.9968428448308906,-0.8603170100786741,0.39263341453432443,0.04992397750679123,0.3090423835566678,0.46608447180613255,-0.6587314877450274,-0.2506972225546833,0.4080943932284722,-0.6039589421976916,-0.6360313370434383,0.8969666229223943,-0.09867843140524446,0.628740909882983,-0.6287239163973801,-0.8820358701062838,-0.6345412014547196,0.5183293699008946
-0.4812961670317186,0.8045465778055123,-0.1824151956926221,0.25367475916402626,0.2488429115592754,0.7367239838307147,-0.6677477347879142,-0.4137488292797349,-0.24454292469201122,-0.4464755942782397,-0.3156961645235621,0.17129280022949156,-0.04420576266654819,0.34560918451150635,-0.7983817158712958,-0.8778870662140736,0.5035973929645676,-0.985546683291759,0.1648908971131915,0.9752376681843302,-0.8063162980814524,0.04466908859888519,-0.9854760859062404,0.20596974372974208,0.973793684870867,0.5227279404675333,0.8642567617584191,-0.053536433623557755,-0.32594006353063065,-0.14109275733604743,-0.2584297555407884,0.7803043923240518,0.9988902705196112,0.6336943840920481,0.8819820934714468,0.3301565706502101,-0.2431286035357556,-0.8855169121130548,-0.2879415322381642,-0.3394894926805765,-0.7996452748315832,-0.08616148128298673,0.39661653938603925,0.45044037454457797,0.7759411025797891,-0.7222739454257425,0.20381835286162087,0.7380105634127458,-0.4410649396320889,0.39852924274563395,0.6301035173019414,-0.26314020973566077,0.23670339116729622,0.317752210346655,-0.04960114486643685,-0.17374681442635653,-0.6241301297675208,0.9723628109406419,0.9150942853381887,0.6252380955544645,-0.9667393917772578,-0.27958877573259944,-0.9084914331198102,0.6151156237097535,-0.3489496010850457,-0.11138768146099687,0.213526032634618,-0.1996696183203961,0.22518469086230364,-0.8372615374872989,-0.14416743905716034,0.8629669389348864,0.8616890084165618,0.9737429269900768,0.7142000004574616,0.810405524081822,0.46855548597661456,-0.41227405358591973,-0.6098460896023814,-0.7136771102270676,0.04010885769477479,0.14378524996134545,0.713605220864201,0.009273231502558987,-0.7442772910308086,0.5936415208442491,-0.39730339002081605,0.34612432116724157,0.0974933205130637,0.7495715538681007,-0.6638942972360764,-0.10742659933788756,-0.7686427163754621,0.3252842208842621,-0.5181967728829981,-0.5767183576459736,0.5065050414831918,0.31949020475013556,-0.821136368729626,-0.13021318624375078,0.4315303121391203,-0.6795294444411477,0.8579347182288883,0.8052970377130777,0.5326176476531899,-0.55924793006219,-0.48474291464786723,-0.04739536417269896,0.7950217674762199,-0.7538037796992605,-0.728487135131118,0.06908660581034698,0.45082881289659116,-0.8191164911457829,0.3835690965175793,0.7438812140197486,0.8635599102969778,0.532674773392789,0.20135884083311284,0.28797308121958043,-0.24597935512412916,0.43488546822917185,0.47200497575146083,-0.23669899025679175,0.284204405323891,0.12379988977682577,0.7122820233846046,0.6168949638808883,-0.5528983286158153,-0.768620069459431,-0.8246393187138064,-0.8217211464011991,0.4811624376803707,0.8744213013076241,0.48923550459753984,-0.7677875522846132,-0.26452594805631846,0.7066606180872363,0.9081372377305492,0.1538336833852214,-0.9966430170715017,-0.8762301267674599,0.07120608076241108,0.6942371932885874,0.9596989963009728,-0.36071402175305933,-0.2699523151290695,0.3586043407607846,0.5931306053147816,0.03950276469801017,0.2032352773960826,-0.5557168855281782,-0.20937523232119504,0.07658588666263255,-0.0787944597612884,-0.710598426816643,0.88577981735503,0.6744333091214929,-0.0003346699479085391,-0.08843093890807996,0.20293082719136502,-0.7082586028119933,0.33070140852224017,0.6025835100971353,0.4059336190572955,0.19776061654298527,-0.38221714642080684,0.9806702239602803,-0.7530719746134797,0.9936972088764497,0.4130445357258907,-0.04343450619165501,0.6573746087507166,-0.00994894964255244,0.4082809532656624,-0.24658274562936167,0.9622855903239573,-0.33371090661433,0.6557693886275038,-0.5787738286246369,0.4653162052397861,0.620837304369684,0.4008148273188705,-0.8948673915392482,0.7308637913471272,-0.6419595352295222,-0.024990696796842515,-0.21638427229073987,0.9687790843101167,0.3185006218012625,0.697036492216486,0.9821264299983652,0.09588581908174709,-0.32517970468942137,0.35579737236233955,0.9806285999463074,0.5154283701086448,-0.21787381065155254,0.05568886886171387,-0.43392026003652706
0.3927526313523022,-0.6098156466914912,0.7125044397713247,-0.2124550924104518,-0.738198633143029,0.5045329599272825,0.16076735952281096,0.6101435728985563,0.6996194412496004,0.4191750631343425,-0.08493499972471619,-0.6726110640591769,-0.724878081055228,0.3919110519057767,-0.41783686135384324,-0.7103542356227883,-0.563727053934955,0.49676503532610927,0.4706377931123673,-0.9817349707748626,0.45191502356739766,0.15136419388574107,0.3566356120332963,0.9769683757190519,-0.7047890815652045,0.9007963088557205,-0.14577787102095408,0.6833201820883588,0.8519706734468266,-0.8079045361938499,0.9483175199311338,-0.6407342412313344,-0.8950557691254193,0.9605535196577784,0.300195609606591,0.18678478052946068,0.9394539467777061,0.25394509319291125,-0.19201200835405285,-0.932014344352446,-0.5182891577982189,-0.022748212476229712,0.3759682118319789,0.9091107274962513,0.30559393383860933,-0.24925671851858788,0.38358969973272017,0.5906504194548112,0.3170377029420606,0.555461622233298,0.7297915789216034,0.30062187287361786,-0.449567919487752,0.3063909477758151,-0.26535388810034966,-0.7599992287661488,-0.8347260188750691,-0.021563118079165777,0.3375844196748501,0.01949699558220863,-0.953946477370702,0.14596381764634447,0.14526113092151816,-0.4525503859858835,0.49071858964194703,0.5886874287259429,-0.6378068121677656,-0.03161704540320964,0.2891932979633953,-0.13268704267794873,0.14284619875604565,-0.8011174898560498,-0.8730033976768234,0.8177610466213596,0.5904496541248421,-0.6302203028599842,0.6257358744851038,-0.960507223102502,0.11212032761369395,0.07283357953242287,0.6243925173593707,-0.022873475194995718,0.03780223186528575,0.16944307891997368,0.42749824850004314,0.5801353849724034,-0.7518213428034155,0.505976382009145,0.9313620874074455,0.7952045964796255,-0.6386716535388912,0.19820521317744078,-0.6401248871486784,0.10944353710461963,0.6010259436711085,-0.7539093935617334,-0.7423680189984885,-0.5875401995682643,-0.6775794761207563,0.1249924191349816,0.7029002123038282,-0.929989440968479,0.959856869648652,0.012296621480255121,-0.27288071861451635,0.08885430055265409,-0.1538973454072612,0.8904569694125557,-0.9998288713643391,-0.3988000445639155,0.8924292317896274,0.03888614333599061,0.5656036480277302,0.31831515631232254,-0.110159424843564,0.15414293841187376,0.3902029888769394,0.04533251987074527,0.9720390438556248,-0.29576574852806137,0.07641897366330541,-0.5803209887753382,-0.8019817372766587,0.6395265913715296,-0.5257992887983629,-0.6238526978840333,-0.4005815408217137,0.6652556093813915,0.9148458560438155,0.20428877401457157,-0.5679200650485883,-0.28186967555588915,-0.7430157701804578,0.24462548527143912,-0.8512806810461193,-0.4900652578372593,-0.2364353738759617,0.8073198670643473,-0.19988124883073954,-0.8334918477424909,-0.4916412133496155,-0.14931327193678445,0.38903074179953245,0.07180863922481073,-0.8588839079503985,0.465349797448511,0.99071853806257,0.39360586770730044,-0.6147451592319464,-0.25571548098858976,0.3146361060108409,0.6410164164219414,0.20988938456837936,-0.16062705484676654,-0.6930171800202083,0.9848979828921565,-0.13274573715117732,-0.9481802737114178,0.20721449326720354,-0.8449508060496267,-0.7507575522144114,-0.7800197350385898,0.09673756967158997,-0.8680812816417589,0.28035497797987086,-0.2743610306196602,-0.3329653027941146,-0.4534939952741619,0.7377107411339485,-0.5484690625422182,-0.980273334712582,-0.24568803638986947,0.9375469717715019,-0.24273529720629972,-0.7899945410678744,0.8512717205808087,-0.648537255429094,0.4566548299120652,-0.3869008930202269,0.6426864982664311,-0.020762799746683935,0.057920237614217385,0.40091107148167593,0.7307966989576327,0.1030844639398747,0.21493388860026208,0.7931404865974676,-0.6585051667988839,0.8930206112842696,-0.22087333827208755,-0.30965422382824137,0.48259427663403565,0.9360005675069598,0.06336427556979185,0.18923395696313872,0.6992600322164781,-0.04627626251712269,-0.7448555937549319,-0.9810050623616824,0.027130837935546825
-0.6890174350505631,-0.7472632804115096,-0.2423986707991248,0.47084474962010825,-0.8942707491153234,0.45083854554881864,0.9489996935449643,0.41500483121764886,-0.5017767447499153,0.21740598109727705,0.41357352521697566,-0.6337909484064579,0.9724925511181564,0.5969377974967034,0.004458491307789858,-0.4483540512231541,-0.14446983455725526,0.8833540189037741,0.7627754200072876,0.6280465011114493,-0.3896251375133508,0.7158429486593942,0.8949092970141992,-0.1869704310509801,-0.3745261751823783,-0.8197188133794564,-0.8410502660767256,0.459906060100149,0.8897338970546962,-0.6697737488848463,-0.8851769553931785,0.4868189139045902,0.10831954970343416,-0.014298933620051857,0.7487059237166445,0.9243326626479131,-0.15203275267730576,0.01736472446384152,0.461594732648557,-0.040688104960245,0.030022974090603727,0.9959088515754664,0.7761610676707229,0.39576390571432674,-0.18905709663182124,0.23257321402704711,0.8217728112846228,0.49183452140227324,0.4283201459792092,0.4051834275472881,0.49933590509087766,-0.5115475059416601,0.4779663035448507,0.9017367798158369,0.6467267870779023,0.7606637916705217,0.0562228364360049,0.21838721696072771,0.21474709285277171,0.9292947675069023,0.3490443368283711,0.7638611311273342,0.047032831665852814,-0.5498628441272051,-0.8497552518986027,0.6788178702193319,0.027368968029193974,0.904967204494872,-0.15455546236771567,-0.24181046827906427,-0.2534326021413744,-0.7735329816049548,0.8280903500178929,-0.5004695529978513,0.07823924497927792,0.5328278222353184,-0.7642691986253152,-0.40164401407354067,-0.41290992103888424,-0.573868110742654,0.4760514442797965,0.13768388917478136,-0.5650736104986613,-0.3903604011370392,0.8662228876223406,0.28594727092279504,0.6514547749372996,-0.9291417459336762,-0.07388603847482944,0.23549738300370837,-0.023467077948201798,-0.2885118722037807,0.23106049687197605,-0.34289639743640055,-0.29221451122814335,-0.9896911777597415,0.7803925532465217,-0.6276845872094023,-0.29093535231256884,-0.7973244424044519,-0.015907761491173122,-0.830512441261164,0.02863719908162876,-0.6925786672425411,-0.7523147029711439,-0.025175690547966312,-0.6887391989015401,0.3132668919881396,-0.5478095342114766,-0.2092823479427477,-0.4014300947711513,-0.14331706028888558,-0.6356359193261358,0.623087708197261,-0.7826100142394119,-0.12285586213648858,0.6787149226569638,-0.6763313987869859,-0.29252444584531956,-0.13207969060823,-0.28152650768196197,0.7410281406226669,-0.6030707640846724,-0.6208658622965253,-0.9194873849499177,-0.21090798942661637,0.4878479738714323,0.8019956206024668,-0.6793749978213786,-0.6020161517206455,-0.04141002953501283,0.330485790713559,-0.46840075971495665,-0.15780935452777411,0.10024734579872474,0.5996401709576915,0.42864191722026446,-0.3502246029512599,0.528785419171117,0.763533061740935,0.003717165082611773,0.8471225014611063,0.6861258272176878,-0.2223029862133017,-0.7805344319689485,-0.784240830053196,-0.9576955865901176,-0.6889160224181332,1.8628485343175072e-06,0.5347699028914819,-0.5269901297682549,0.356620637026962,-0.3157180036654317,0.9528770535750213,0.47486311209244847,-0.13134297012995177,-0.42106674191022875,-0.028141512235777322,0.5217997942708721,-0.5045054015872903,-0.6950085501484786,0.022479671044055127,-0.5010664272138652,0.5334552096578475,0.7283336112429308,0.9885141208910311,-0.5052912583003872,0.6412188325697024,-0.6031750817016837,0.4129217979716795,0.6199049368957412,0.4022899080880986,0.004667887257046033,-0.63762350099282,0.9851033367942559,0.18239239795368767,0.26895438356289403,-0.5412316155364933,-0.7354083746480471,-0.9232671369036789,0.980797591688892,0.8581966630549598,-0.14739404592422645,0.23293471633856733,-0.8181291391797347,-0.8980892690963649,-0.18540561907036346,-0.38710810690881536,0.2666199502367428,-0.5371447023484821,-0.3276442970920228,-0.04160952476635993,0.0197273854475144,0.28774631100379655,-0.39142002001322895,-0.4615078216258266,-0.4388881185203979,-0.2979509724440337,-0.16385160018550415,-0.3603182301654484
-0.9048872115947064,-0.9182217419067633,-0.8957387259538361,0.4895094084984004,-0.5760448979539132,-0.05588367163897545,0.8169639498967203,-0.7984766001864148,-0.6303199939092541,0.8966563715232363,-0.2728375146644988,-0.3912866098951011,-0.8062255580880116,-0.9726768332278504,0.10353645340299056,0.7239485402451169,-0.3375765329514637,0.4825842054193503,-0.27723007287186374,0.5576166151301722,0.057724127243664825,-0.2568154299519627,0.300496686636611,-0.5799333962153315,-0.23190128673268617,0.7743875996226894,-0.7390291895038095,0.48517487349860544,-0.7592913055265109,0.1731229121734228,0.8243536633855308,0.3087103190632037,-0.6191327990155295,0.4093201077844171,0.8510012790357679,-0.8502407976714075,0.09315804569438635,-0.31420406249945754,0.45070131829676785,0.9792892301229836,-0.59600176612202,0.4415389322291665,-0.9123777877117405,-0.6165865448383607,0.10099136399631381,-0.4949489848079287,0.7541506850623361,0.7068765885545019,0.8136296951822346,0.9502523146173287,0.7898260558547381,-0.10303555980526458,0.43465174909575177,0.8216983591932916,-0.8645830082473067,-0.16199167782421786,0.8626646541423235,0.0077388553453261455,-0.9562502031484974,0.1983073245607112,0.39341245543192227,-0.7421315269223399,-0.9091095483928484,0.13234953672876038,0.5887807603549062,0.3876066683261232,0.4814303936739788,-0.2050123438980298,0.36938855845436214,0.7405114399416399,0.9430768351999748,-0.6689635598995547,0.5014555828165763,-0.2316991603002163,0.558744346950157,-0.19830208111974046,-0.45701162208729107,-0.631867319291822,-0.6799938891545241,-0.5643845559341796,0.39344349516721544,0.7583100338075652,0.5812937544702839,-0.0891180261400677,0.415508042582559,0.05014640478543364,-0.3931796572733659,-0.5593273446505713,0.4165094087796606,0.10430184184168856,-0.6577818062315963,-0.9087750683193536,-0.5235664503001676,-0.9218186491785147,-0.703721047311336,0.7672049444579556,0.8544959147717266,-0.4591302890571529,0.5812426366138452,0.2848262485865303,-0.5019838513503037,0.6468205334242043,0.06918984824694441,-0.9972000770472662,-0.3050762022631932,0.21031907159415808,-0.261779676011773,-0.8335076876516965,0.41092343455532765,0.09855014479217195,0.4441591819168864,-0.1833142355332411,0.22296406768106425,-0.35072971902398353,-0.8854731377071843,0.6318443121076849,0.6478635721725694,-0.5614408145773908,0.9304549288703472,-0.6465295217039109,0.9432094099467767,0.07477738942679135,0.9575247744915176,0.5563719859572782,0.5610263732561649,-0.7871145349353226,0.49153957796268744,-0.2360380449048236,0.3076494374475651,0.7400515768860225,0.2686110824993504,0.1017556072199195,0.6336940592852962,-0.5587219249566939,-0.46241299504162936,0.1633275990158416,0.6154659220311243,0.5057953953066976,-0.6887170456937566,-0.536553714725198,0.4525722478911811,-0.26271998661258555,0.8043362867684198,-0.8126178756958071,-0.6369729122610375,-0.6299439547121826,0.7247043427245401,-0.6222801570645276,-0.018963233480527197,0.45895998448739395,0.29512854340738426,-0.9579053921973673,-0.6741627024821484,-0.6445314613357307,-0.21160532999982218,0.2156441537715199,-0.8610917606424935,-0.8559026207567002,-0.5094923309233166,0.8182621098327449,0.9407709300891205,-0.799532402689652,0.05355709995763425,0.4535292498833565,0.6159854533044773,0.20658703296974212,-0.2442497404815176,-0.9585681690270378,0.653124496542693,0.5268915121334363,0.288964225868549,-0.9125199149224306,-0.5033141110819932,-0.8328089078119922,-0.7147287884563449,0.2547687530463514,-0.9730061919629511,0.9327215255706931,0.9152353821942314,-0.7873221107964194,0.47226302054904923,-0.3232201657783955,0.41491150982626057,-0.5953567156310366,-0.03914913893235106,0.1257024689374906,-0.11134760356746742,-0.6737111165019127,-0.3364873606129233,-0.6909733527331225,-0.8882489868473049,0.38408239584351533,0.2549717060269847,-0.7538489696203485,0.6498498029191173,-0.7943693765306161,-0.40652301754704,0.023084832526100607,0.6729667695654133,-0.7163299470959543
0.8243339244173875,-0.9519982602197656,-0.1457291337045572,-0.7052469796939209,0.3107291949815483,-0.5482312154517932,0.7579802078666906,-0.2305123852675217,0.7684478270240305,0.6455697402598657,-0.775182657065681,-0.6608818770830625,-0.7797286924045912,-0.7965274906684983,0.9116981369527319,-0.28538419192597364,0.23139353593773815,-0.7632980590985194,0.846639214824173,0.8397472066403076,0.791172981908125,0.20901276396368385,-0.6438644464518368,0.06096128128236611,0.19922296973117404,0.35886662342018694,-0.699559928579367,0.3345467699641096,-0.39687246643367025,0.6351250899881951,-0.3032286334722911,-0.79215487433831,0.832468710828584,0.3234634305404498,0.865763668200388,0.6214388297048903,0.4226133644384673,-0.8472610147467834,-0.9956424703938669,0.866189896733305,-0.7027141037913556,0.3117082438854737,-0.35948799330323666,-0.21880085100687463,0.44268692727164516,0.571092188005734,-0.04313597359285115,-0.8653727305954095,0.155685758999782,0.91917062888604,-0.4430477150579122,-0.8191059630654245,0.9895433653523884,-0.6362553273508638,-0.2299652047066576,-0.36136844017794023,-0.15233586011397038,0.38684166927410457,-0.17211130854870227,0.5870031809300806,-0.3330697098639419,0.6042818567757346,0.30790844442851695,-0.5081837567212402,-0.16268073693902418,-0.0057954111881965975,0.06754129368962936,0.06494886482078654,0.6428083960729019,-0.23074549311969106,0.16192787460865143,-0.15631847788474063,0.15575287903238166,0.38699790554183844,0.49656699924668635,0.4061866266615721,-0.5296138620121862,-0.9942677884805253,0.9878106243997082,-0.9656906967997785,0.1167489360857954,0.9152315427898268,0.8418082015239643,-0.8808452202176762,-0.30130493103178546,0.6975029982526468,0.7335450169242452,0.6380209049485515,-0.4106054237427059,-0.7117195153943847,0.7066244118139204,0.9436392028829717,0.8259078177970196,-0.5150051830599105,0.6556436154929874,-0.8882686682493186,-0.7243973744327457,0.9241039707628,0.40792571221406115,-0.2450784335571301,-0.9473062351923804,0.92982638515098,-0.25663153746599954,0.4028035269083057,0.3254946407915216,-0.8524594086881494,0.6748743890810853,0.7409539544310151,-0.9396285392807922,-0.26951156346086425,-0.8420134150230021,-0.84586940687183,0.1383663092712757,0.6274225177838633,-0.7005655502465711,-0.6351509769295942,0.48711587697435,0.4962142486490313,0.3971278510803842,-0.4009846080812143,-0.17695503350261732,-0.3253260188702698,0.5627938158042303,0.3904940487922641,-0.4264618588795266,-0.6882253280281903,0.7623142844804269,-0.9357617854450109,0.5022658582565218,0.0065908455900667295,-0.9782648474515874,0.6653601888361687,0.35980708819988294,0.751953027461417,0.10831184255192805,0.6590364613839141,0.8383004601607491,0.0037448749845319096,0.4187056307094521,-0.15265947682484637,-0.6863987256314219,0.9462446584096031,0.04300208952367712,0.9558525674204981,-0.749733287943382,-0.5762715130984424,0.23808752083773643,-0.5621871740774669,-0.6326124545558549,0.49199147486667916,0.11858857579653548,0.6834259789766257,0.6331176711980491,-0.06312780860936251,-0.37362067918926556,0.2837816686198096,0.6545073595713087,-0.6703512809474521,0.6066785212081391,0.2932943913969679,-0.6105388213706082,-0.7831982358634464,-0.8443828469112273,0.20638033418055257,0.6932185491244742,-0.9439022803376629,-0.43558613713442695,0.08313582996226154,-0.8693616656674454,0.1942215116467625,0.5130428807390781,-0.38175977486753765,0.10338275435158484,0.27677792205217333,-0.9352664166638978,-0.46166397504449863,0.9533262933808977,0.12959362633339366,0.12747864405056775,0.5804514062971917,-0.908638774632679,-0.37083941559179245,0.8870182828397282,-0.9830425384559986,-0.2867017127323237,-0.43519564034433644,-0.2037272229758489,-0.6102325869430238,0.5036845414436057,0.45137624972816237,0.947701485894872,0.40531362108418967,-0.8052403281432661,-0.18542687749100972,0.4829026833709835,-0.7979942336354091,0.6149886664012101,-0.6996266838359042,0.174351018608649,-0.23577653651009456
0.1727164070131233,0.7040541922659915,-0.4197612380799205,-0.6969243782404964,-0.07378755392502478,0.7704077456288445,-0.8134182698604719,0.4369254146750281,0.7688041361517786,0.6149520677545626,0.3084402999410423,0.5376514303468842,-0.6779059470680859,0.9273347184303389,0.03260159480987279,0.4574412794223266,0.30278983001838733,0.8604544068669708,-0.3171694212037295,0.5707037170409794,-0.3219585822397235,-0.2793672885973639,0.7119051060101558,-0.1381971085069642,0.7813598619813096,0.5483500016163807,-0.22473145665063532,-0.5823587179629581,0.2207744659018076,-0.8500034219322257,-0.6951971863672011,0.25557929269082136,-0.004954351523428713,0.6094528885922097,-0.7147549574625893,0.7409149603477463,0.09427210491200788,0.9378942370024774,0.5628910347094362,-0.8256646320385894,-0.8117720118938707,-0.37256259963337146,0.868111942643049,-0.6770550300454821,-0.4397653553409633,-0.2733434684072662,-0.8215415169129683,-0.6416274948320535,0.5438810208550267,-0.4841118009963139,-0.053478092275802025,-0.4879473930128462,0.7533157384700384,0.3005841661119575,-0.7191055128003736,-0.7520675514387989,0.1374668998756854,-0.9208147173602566,0.7180065108332792,-0.198121571406227,0.7140019181323571,0.8342802327958461,-0.7420315229769399,-0.26653546821356944,0.6896712873076185,0.9040899174458594,-0.25263380879922903,0.3644017936765287,0.011884859950725302,-0.4743451345353036,0.7510729132778666,0.3651111728351648,0.2412274476503078,0.2877335705914894,0.48208512053773744,-0.5103664293923187,0.6424700701355994,-0.9841141081666616,0.7061195687249004,-0.4186787996318686,-0.683588391987477,-0.20143915930644885,-0.8540426459453809,-0.22355400213362464,-0.07544285551979302,-0.8129937596777386,-0.06824480789171616,0.28496896527880056,0.8002530309303066,-0.07029400603295799,-0.8283549073297776,0.46355624658388384,0.8349207037619968,0.8449814974806438,0.5364333008693813,-0.6010580003035,-0.3425587257076572,-0.3654302754637073,0.9928764641936036,-0.02740996759183445,0.4045816770387405,-0.04756106265892934,-0.44324987449379805,-0.9234353222685872,-0.6885177649776091,-0.06006490967402178,0.28043276389643745,-0.35962676155259365,-0.9373534919647764,0.20215482673355223,-0.23943035211562735,0.8729193331082699,-0.27701448217691294,-0.13978052171229094,-0.053180721202182424,-0.891844969816612,0.7360412034830857,0.9052900188955126,0.3673428807097725,-0.4603037796605933,0.27137458586850194,-0.8328174331525282,-0.8614819009020134,-0.18986303982572106,-0.403326394054653,0.4244134046349066,0.7425782594043293,0.049555886001957816,0.3392887993614879,-0.481105548380639,0.6610981830022078,-0.8151174799359355,0.8032834742744905,-0.3159617042039966,0.5063521012202647,-0.6709334373681948,-0.301447481782114,-0.16179784414730602,-0.04900116420527878,0.37766098654057667,-0.6786216800572005,0.3933801716086862,-0.2906152470022767,0.3858028735267649,-0.221724065795307,-0.9801369821889931,0.5661447479393971,0.1942572772288318,-0.8443825733255792,0.335924976743599,0.23302474833454534,-0.35253485047723454,0.9727358940765829,0.8779381175988403,0.485672694820686,0.4734385718871148,-0.3669694212945287,-0.6989874408170416,-0.08268186548621359,-0.7050268277608505,0.7286026971996997,-0.772786247849214,0.9399522494367556,-0.18722672368880078,0.04138339642116473,-0.9926462175214499,-0.0988820650678317,0.6650216558168391,-0.748565589870616,-0.10134269835179466,0.9389150228854568,-0.8051078910159175,-0.5627544560177993,0.9580639777728459,-0.1596477821998883,0.09217245540595642,-0.6677979439356423,-0.24488685703073032,-0.30382889196629725,0.9047537623518556,0.9434890103284752,0.1536728584036895,-0.9712579642198025,0.6275586987107165,-0.9676174625464609,0.793309827252707,0.004170400188140633,0.7355162966958484,0.39863429217235224,0.2978233545876765,-0.08800502994576509,-0.17922637832568622,-0.29557755845508193,0.08493403234853125,0.04633964559540371,0.5301622798417003,-0.7732400011070244,-0.6483723899897402,-0.14323277215478591,-0.6462096787578826
0.1897836202778984,0.08552575760895254,-0.2368733542408359,0.6901832172215818,0.37710131228390087,-0.1250126565380807,-0.4335032745883969,0.24075297918769012,0.8502711937708074,0.7139945343021312,0.9907264424505855,0.6118795251434224,-0.7923759208673546,0.2992491724554671,0.23252074319864424,-0.17744067156798704,-0.007190141827707386,0.5034535173151744,0.854457818638291,-0.800595855213327,-0.11179328704831737,0.16246716388867255,-0.9347289254112523,-0.420191081587892,-0.15871828478766803,-0.5542412582504712,-0.0907402403416051,-0.23784033783523584,-0.608879523629805,-0.060851515076287166,-0.7511188782660116,0.935232204105723,0.8280586371413934,-0.17413051563510962,0.640835950447014,0.4076699135398143,0.48230611377669197,-0.984789730018127,-0.2507123979598873,-0.5521268023913979,-0.4327911545692513,0.7592143216532743,-0.4710018588990468,0.6769683495562233,0.590276418765451,-0.17056695113627907,-0.5168911218023666,0.800374506548927,-0.17088667999692841,-0.968939870204824,-0.6932493032439035,-0.25118851898953887,0.6334140229070668,0.6400687805003735,0.19989134844349254,-0.32982012375577185,0.918321185889653,0.9856582497063231,-0.5163377738633816,0.9469806461239216,-0.6146791932542934,0.2888687162595649,0.6570997990903404,0.6026632924667055,0.15570723159763866,-0.7422590711803481,0.2725469826223208,0.9547112692611321,-0.6525654583704619,0.8083427446801206,0.03455415604179568,-0.12519682599649573,-0.8008441521223657,0.6023439485777955,0.008514093136380962,0.26288213695486995,0.568562587976637,0.6860614532555918,0.2546367632845843,-0.47953975443038543,0.10581101714153829,0.8974006075025294,-0.5924748466423986,-0.81346918604314,-0.12515792233440104,0.25778825238395076,0.18657638360632367,-0.9443633315250333,0.415151827688105,0.8411887880027276,-0.8424549911648955,-0.23519030175671185,0.4846792479480677,-0.7389039697734388,-0.09258747645522436,0.26300358440860716,-0.28375729640491065,-0.5205562315505339,0.7958184811734441,-0.4061549873079522,0.07083444059575772,-0.5094911645902305,0.5600579054221122,0.5720963981465541,0.5407831707668262,0.31851539092881764,-0.45007035012597796,0.869951786753081,0.25487601791532066,0.2767731396078741,0.15870915155021903,-0.7931615395705176,-0.0817445527434495,0.19178888384527437,-0.7858466931904051,-0.4350739231408438,0.7892095771525456,-0.8144457179698137,-0.011509897639995659,-0.27720536421657926,0.6766317666764923,-0.21839958279324012,-0.017926085063197483,-0.9560860631801915,-0.8528480606300044,0.9184343461049014,-0.8473746298209435,0.3746728214607702,-0.2494912610990776,-0.3728301281697781,0.8166047997903603,0.6170981103346294,-0.6403871283120666,-0.9797194167429482,-0.642645855848992,0.13458769963999684,0.21330971799506138,-0.9370990527092349,0.9518317482294207,0.9874791554627376,-0.0321780145925874,0.22800999283779944,0.09296554334483376,-0.6832234632708349,0.4833936580196174,0.8531663584946634,-0.614309480695266,-0.9408895144469414,-0.953923649817781,0.02348944188596258,-0.6953079668237787,0.7337485159172212,-0.7704230860088412,-0.5660844291821479,-0.34492054375164183,-0.5604777770721503,0.4554877980292098,0.879696207144562,-0.46481893548866404,-0.0368502557391297,0.9064587219352995,-0.3028932406293814,0.10299422818309845,-0.41135824520820763,0.49038891209679436,-0.00839658921864661,0.02531309345879662,-0.2001156967528448,-0.6138915233300157,-0.6540809691268736,0.3741149134343231,0.7746297823994774,-0.43783447203231907,-0.21434815074660496,0.16729651083280483,0.5328977344569397,-0.37682974091689125,0.588199052301523,0.9075241494485786,-0.024336420990948904,0.7657146669351715,-0.15252535646662446,0.49415854024401185,0.631784399133156,0.24582192462025731,0.2145913002348816,-0.14137404859482094,0.1342840694325491,-0.25207902643241487,0.26539693503590955,-0.871467494228432,-0.665501894214009,-0.932479978232124,0.0227136202613063,0.1737384857208768,-0.4130529075282501,0.6533728372641219,0.29019594118562453,0.9302904982939091,-0.2954933285965522
-0.9401200992666192,-0.6401915280663899,-0.3546376760395349,0.581792744784279,-0.2845109664601364,-0.8547193375947453,0.3139092232534333,-0.25607143126369025,0.5590291070111526,-0.7553927896971555,-0.3628217177347479,-0.9781979513644783,-0.34226122179966545,-0.06924674559430422,0.5904788422817175,0.797487947831284,0.12328116694443136,-0.22881823355534303,0.20360382217429818,0.054524722955575866,-0.7941596126413539,-0.4439030629952905,0.21580874839828978,0.76672024737934,0.7198252777955676,-0.8503516081877294,0.7853280402164178,-0.15649971839589005,0.5124024068594808,-0.36443341056414735,-0.3597571820296286,-0.6057534955492656,0.605450384228442,-0.002698063153150132,0.9805194329383291,-0.15752550781877317,-0.7518146417620017,-0.6577205419327219,-0.34625048054499796,-0.23428496366110574,0.15282763572437608,-0.42992617163306046,0.28733321701445624,0.712206133838873,0.9759095311857313,0.8232862869169093,-0.43126836223813836,0.6832857276030413,-0.19437842015909879,0.7916590501884668,0.8360689659046185,-0.921759510973247,0.2895513328354402,-0.8610917706803478,-0.8097603644452958,0.6050265642267296,0.44650733919439123,-0.4506529075326078,0.50738455870486,-0.19931131482471232,0.11290040276368596,-0.3736506775942654,0.22464129398871613,-0.21334501656228588,0.3929138777251069,-0.09083651761209044,0.6973446256085802,0.9343050555955144,-0.7571741067904885,-0.25218783411825085,0.23595400307690517,-0.9414236363170392,-0.9043315228006761,-0.9792079457829235,-0.7897286118039435,-0.3542819192798621,0.37519782370706434,-0.12863507529584695,-0.6596170948741329,-0.6176806133373394,0.8045529695195255,-0.2622409341313301,0.8057611664765829,0.9791300595542989,0.8682207120692915,0.7360297449304309,-0.48062461788476507,0.5698880708676006,-0.778392805933902,0.8942897216124845,-0.8499156495373379,-0.341342051507211,0.22550126599710918,0.6249710526996324,-0.4601758912404652,-0.6593227397671579,-0.7244733485064925,-0.07861247480062517,-0.7474225860933561,0.723789798438571,0.506069653989826,0.7755968250357164,0.931672526828603,-0.17341216449583108,-0.10644051926977571,-0.7552533817028448,0.055177856095484534,0.15576944467316278,0.3225379510239337,0.9526989054760575,-0.35617727380031394,0.46172916118363005,-0.5483389632135725,-0.4723759328394834,-0.4075316233727131,-0.8344114519207226,0.1170304691127253,0.7457446641083993,0.3189615554680565,0.47053655767237346,-0.5882175312196454,-0.8439665425547302,0.943530417898383,-0.8794661430645665,-0.9737437863573588,-0.5677290638066772,0.6370228884378109,-0.6241651402764683,-0.7909305640988031,-0.582677083998987,0.18104619922641696,0.05528927615176604,0.7169176684820506,0.5209759167489612,-0.3763491405768342,-0.09195606924162303,-0.6920021497039948,0.009022818590111559,0.8282505293199496,-0.5624303383127267,-0.2727124335531035,0.9501293667023165,0.7357175740670867,0.02692808513374212,0.5600421190292373,-0.6240930547022923,-0.44432313109794297,-0.6716073500176372,-0.3857064403370829,0.7396627601570229,0.29676592502093824,-0.7054205319143219,0.7523924724336473,0.4900519864290829,-0.5188750771196495,0.7881961086518587,-0.6259404679126044,-0.9428275007569729,0.32377100781925616,-0.09471816790168264,-0.4688425493489774,0.853855439280037,-0.8318664676781471,-0.1370527265658077,-0.698759907529831,0.00438078389835983,0.015853648390464548,-0.8936858558455021,-0.4548222665521402,-0.8043746046850921,0.29724349651519244,0.4640032191279524,-0.15482325562936627,-0.41198821083531345,-0.19461579357616454,0.18809833043702984,0.05912550698888497,-0.012767545601450658,-0.1328693165006556,0.3623210497181333,0.2926897145650422,0.9179434345823942,-0.5608404708625689,-0.8937244579932324,-0.9286240849609599,-0.4676435107176433,-0.86830522817177,-0.7979360181769808,-0.5470699685424525,0.24044148176181723,0.4316466361963658,-0.216183820472875,-0.7973914560692268,0.4678487453470923,0.7590553416562644,-0.4634661004666738,-0.5885892484928801,0.5714553028877896,-0.3047337735161304,-0.42401490053753044
0.1926267935034427,0.46776454155306313,-0.8115148665744243,0.006480305012798837,0.4009424540716162,-0.04648334176703184,-0.38935162346714836,0.8133355332603442,-0.52276102944862,-0.3697750019812214,-0.8610907321178101,-0.6253111759997114,0.7997384437205839,-0.7163326894902733,-0.9745303442175481,-0.05079861837740918,-0.3318917003150754,-0.6449698958639674,-0.47233562348399283,-0.8460458640646173,0.35840588450820365,0.7061793358584325,0.1880103104135935,0.9390830617223702,0.16631771625588043,-0.02338531802269017,-0.5049791414653027,-0.7812280052128955,0.6378528776376071,0.13453346014091738,0.9808262033858681,0.6707180623454998,0.05053836857000693,-0.6653905249388148,-0.7068340811840215,-0.8121798023582629,-0.3907954573051242,0.47237292432304234,-0.09476729496327274,0.46963000820250866,0.9795862368600825,-0.48532097543167296,-0.027013372577177952,-0.2714213362522311,-0.9728778924383301,-0.2947472438047227,0.4203143020531366,0.7827448326026059,0.5490525910844954,0.7139123211075027,0.8043336546971964,0.19148708111576496,-0.7744778652498507,0.371568315018846,0.45643108546436295,-0.9585454441919867,0.9572748751985869,0.7125310483612954,0.31873382619153046,-0.7167337483585716,-0.0043355370923181535,-0.5112643900873632,0.48202485882946955,0.9465811763811187,-0.28116014292377955,0.4887302382182177,-0.6123157751463764,0.9096288141277171,0.2774675057520217,0.9309061210442167,0.7542880717946843,0.357603051437682,0.7984427647648817,-0.10146130640310558,0.9166122507466798,0.05381375811922906,-0.46938133373368784,0.3581327251917876,0.7759898056268046,-0.21794754878956324,-0.16541142843266599,0.9878874164260496,-0.38135340525846684,-0.9178000453186508,0.04015546592825103,-0.3134511137877172,0.22473485951067884,-0.1330807537535892,-0.08994465221967674,0.9363060711700553,0.5846810243576439,-0.42318293288066133,0.9389397801210713,-0.002145962011322,0.3710533998479111,-0.06736505507047386,-0.6995444964887774,0.9333429379728699,0.2475902670344836,0.32864064220498235,-0.3927088009294153,-0.4234800925162958,0.5995701297331859,-0.9688152007183704,-0.9180938122075006,-0.43396540246202653,0.18614323621147522,-0.8936134355013603,-0.38835699848696237,-0.1393543429336621,0.3205066298560806,-0.9987165771439368,-0.4971330741387787,-0.2995635289144205,-0.43346892617250554,0.7180210873781625,0.33065199790186117,0.5377707564942407,-0.6899259693371467,-0.827993069392486,-0.4586622097694242,0.9918285121478607,-0.6065451736442629,0.17044967291146262,-0.8385641233503518,-0.5622844691256184,-0.05364446441926418,-0.2907355241666958,0.6234181773439089,0.2740892974472169,-0.15487342478165633,0.9338136301064912,-0.8037226067031378,-0.47747817754456223,-0.39595468942763223,-0.3785283986732071,0.12781522327387718,0.35784642213482254,-0.35504019551902655,0.15633483438456586,0.3666423673579149,-0.6009866707023912,-0.7286184964133458,0.10856753885035464,-0.3978754683584558,-0.8288041457931081,0.13333018015501863,0.2566376546197291,0.09166135167140022,-0.2480681123971087,0.7518429582395008,-0.12621436870035097,-0.72278024961693,-0.11619733729759774,-0.37347907567299665,0.8697596294457208,0.4251970105999556,-0.06324225136348849,-0.14466165801059372,-0.15898867008914186,-0.17948275117152956,-0.9446541232979553,0.11781820694241096,0.9149835074956669,-0.15816275643663147,0.5117129108397005,0.23041710118724068,-0.39522002955329305,-0.5147086891483901,0.024413591222631092,-0.7454502788053492,0.08653910308945778,0.13114920076437642,-0.41331362644529324,0.5106703466938038,-0.21468135526871923,-0.19411574795724107,-0.9880943080364495,0.6149620527475403,0.7498217451275628,-0.0795584941029841,-0.8913075315258043,-0.8906144906554396,0.6597885785426723,0.2997598813034432,-0.33303309091419453,-0.8052018758365493,-0.41884615174765294,-0.03706419928978533,-0.33738480710515195,-0.8782704603457052,0.4809458789917451,0.3488259987655411,0.47872684474216953,-0.8939594670895836,-0.5898711008390185,-0.7116961991481596,0.48084823738453464,-0.009390694850642367,-0.5529128328702997
0.3513615226696152,0.7045113914426488,-0.39821558254600387,-0.37821834207859584,0.9783172597964287,-0.9870983987209672,-0.03008971179032449,0.375549393902717,-0.7705822726019911,-0.9999285764541912,0.20758132457582734,-0.7579311651017882,-0.8062727265476275,-0.5914126917182354,-0.05251519345259115,0.6654529050857498,-0.11236825003156237,-0.8886936765008504,-0.7563771709811129,-0.19088532799900304,0.9653925327069153,0.6405419146258808,0.6834416068751854,0.09343849510359048,0.6433729173654326,0.3626408940424002,0.7186277755820649,0.23431703631872725,-0.13529260238637986,0.2723943296321909,-0.6303842940675293,0.6371002010196221,0.3149307257038636,-0.6584490163398535,0.4833294406477906,0.09336205125378116,-0.04768320202132381,-0.4199276225350943,0.3350710585716319,0.9181828288549749,-0.01407172728569206,0.3353993188616833,-0.21762155911593473,0.39530540704511385,-0.7853283216958689,-0.16620706299701937,-0.1503340877865773,-0.9440586822715071,-0.08583544015695921,0.12841816826804564,-0.977960712007611,-0.3944768602537583,0.29021797553334117,0.786441946881882,0.2397529251050856,-0.9147364063842844,0.8141168706823418,0.9255930504099059,-0.06418578501903749,0.44613053587600837,-0.446191921694278,0.9635073715197224,-0.28450467436554483,0.7116791436228478,0.006411242645682824,-0.30233183648361983,0.4124492336072869,-0.2187513483607002,-0.8744684580788482,0.31183849500719774,-0.2962659946689996,0.43841821794432034,-0.3214178463893871,0.430364666263221,0.5733937343960895,-0.4433197113132339,0.5252151736385218,-0.3941402297693948,-0.21214254098817564,0.8323200470108612,0.2902680111489393,-0.2469545310354977,-0.05649537435409746,0.31794362038932045,0.1520779089406159,0.8548244909492166,0.5507959970668717,0.05086781470814361,-0.7411560610269203,-0.3518467755786763,0.9103891936052548,-0.3038095595763144,0.23495004817673948,-0.19245229560777588,-0.9101417358290875,0.7040623684656246,-0.6816406513496591,-0.806919117789552,-0.787559129306169,0.8684678178924661,-0.04717398697645403,0.5198185627391123,0.9626567925772564,0.6171109664033094,0.46529410474903776,-0.5267656280781061,0.7995886188858063,-0.6520040820812709,0.7849457023156203,0.5116277482110221,-0.15988768752849403,-0.8712601950477565,0.22380724922543527,-0.7710524344828984,0.6936037056138358,-0.8542366111050779,0.5267038997161702,0.21306660221955243,0.6813587103703536,0.8471016909788136,-0.35768157083301255,0.39745145215853483,-0.24474210838650712,0.9777417277901734,0.1475593232582244,-0.6005311430138656,-0.4950101153388171,-0.12497029187010211,-0.42782133481656714,-0.5976145156897024,-0.6758208359172493,0.6276754815657353,0.6173444359005125,-0.6154083745774881,0.16421589291457894,0.2582313263391305,0.33731649959394505,-0.5929207796865823,0.6200176945412543,0.7865820229833764,-0.28087799587271123,-0.18394525992430721,0.09316168523566648,-0.8560697683585985,-0.6293912875300467,0.45995423134779334,0.8219770003599451,0.28446475458375353,-0.007649061230765364,0.6648058177154477,0.140740138703223,-0.052534259843077136,-0.2957878953742208,0.23695772736900667,0.1173946239564061,-0.7242529272795337,-0.8656906420159629,-0.14497650227739367,-0.2477635461989507,-0.8582647656030593,-0.8437123875738326,0.5647747146673032,-0.4035460337860435,-0.7641450092388355,-0.5388529889065177,0.20297917039003988,-0.33816041018750553,-0.5519575503270657,0.881235037593491,0.8445466582201198,-0.4972363056178928,0.4065466278479277,-0.8640943635636191,0.742946671811685,0.9362296355973034,-0.8504457543131143,0.1507117486208438,0.7063904332780799,0.8636180998570822,9.401607870040962e-05,-0.20156068178050357,-0.8867036022850632,0.39503581660700404,-0.7782510581199451,-0.05804258678962482,0.834782674684136,-0.4738938562090398,-0.940043940659244,-0.3239095148234712,-0.4782377898616903,-0.3309175090785619,0.5294718304185861,-0.7214227437342211,0.09417469526473243,0.46774533882154756,0.8483485245308988,0.32667225468634853,0.7565403589953259,-0.5287655965454114,-0.8541761963715842
0.8959951931812791,0.8086477310955777,0.40618166081612483,0.531148445717804,-0.9292758502685194,0.9621120850855571,0.8998155655896689,0.1962952574981658,0.22486530139093963,-0.8388130234551634,0.10285050390320238,0.8932013530949439,-0.4589831870298122,-0.91651804590134,-0.9287998304278149,0.015208530802205633,0.30067393705632806,-0.1369688737751158,-0.3931632968553629,0.6996670048899918,0.942931297835039,-0.9571134756319741,-0.8892869051344126,0.5472264853391431,0.6227263390447837,0.06837172222344412,0.7205889430550989,0.3638824326335648,0.47584714022420127,0.10499192002673952,-0.8957191648017648,0.5313630309287876,0.3908810634201376,-0.14056270269546234,-0.1463328369029624,-0.7244591397705198,-0.12409429076325074,0.7942934575029192,0.9650691137246978,-0.26458265853242446,-0.6127087422739621,-0.12695033970372993,-0.8841549867664247,-0.5359331504703939,0.17723494783117832,-0.5457482276400107,0.4949513785923876,0.7766706765850637,0.5863616844448085,0.13609722324877538,0.9818774730230435,-0.970202880006197,0.4396536983538031,0.6252437838447638,-0.8467766485116692,-0.7465682113385814,-0.6388130443901423,-0.9125611437242347,-0.3006650715706347,0.310417903817068,-0.5115113109634994,-0.41517455682581317,0.21224769052592873,-0.04259726915385098,-0.7552472851188439,-0.8463923323694189,-0.4996022889260927,0.08729239114911791,-0.010141496281993678,0.4704372557017926,-0.28608337197243916,0.8302017280274652,-0.559425421900424,0.4262677178191976,0.8828539753993396,0.5604168109805261,-0.41463317172272607,0.30728774136611503,0.05368837554720751,-0.4649295014313022,0.39554337473838275,0.006890805130871591,-0.8920049317682468,0.8008507551377095,0.4110033504748858,0.24374356100272676,-0.4404323089354325,-0.592890129803878,-0.7257370227362909,0.951876811996027,-0.5389281465867282,0.48381731738098943,-0.5784607362337701,-0.255220029876966,0.6327594189038881,-0.7160775358100584,0.9558194016680901,0.3966838783067077,0.299816172781467,-0.09247402916781655,-0.7715227302716725,-0.002185019309443259,-0.9324876327768181,-0.4440653385484197,-0.2316466823158736,0.6543577010198902,-0.8310134103935951,-0.4418150357220436,0.21949545121097946,-0.009285002665989639,0.7255456206588176,-0.23067350023955502,-0.9111688997678691,-0.5885397586326753,-0.6311464062344181,-0.13783007066708897,-0.8954806974470251,-0.38970385445198286,0.0830983335226223,-0.3043909231241959,-0.9480157954982817,0.21747858456489544,0.7863387217554194,0.8453973655128115,0.8148991653700579,0.6204873733716958,0.18191725338316167,0.5145044330856969,-0.31811123004874187,0.658478910051741,-0.13184797963884054,-0.14490162160079678,0.45845226837048636,0.4708289765179263,-0.8857628135771052,-0.7815795905397214,-0.22377887439022093,0.44259405035484867,0.355939049831308,0.7170281855894796,0.8759521474653686,-0.07299492621667669,0.145205106127563,0.13660610868055145,0.037825722397874406,-0.6749022608949988,-0.2374179293612768,0.491267740616397,0.8493222778771357,-0.7362545742435367,-0.9696331727400405,0.5991778475433398,0.9019344638942601,-0.8289262652575062,-0.5001347695091487,0.08560911261774473,-0.32493529362853435,-0.2107975924222738,0.23109449854895292,-0.27661026613790773,0.3184598870651911,0.5648525752578839,0.6205189939076292,0.21599835175781124,-0.7513871743247635,0.13688215107882717,-0.35802121704817136,-0.47096491087089976,-0.6424312078385253,-0.07455146286984271,-0.12018144117488427,-0.06712099854642517,0.9317709857035226,-0.03958418015028409,0.6886506610603393,-0.5643150000481176,-0.8828303280536784,0.8776685160330964,-0.4471086577021439,0.220657043925641,-0.3719469315812993,-0.8719130241805388,-0.6403921804129042,0.5319536594560101,-0.44771131486384874,0.7381107433874745,-0.7455550398317141,0.2606763567700283,-0.7061964292639618,0.2358986088034234,-0.9008406515021257,-0.7711068741291638,-0.9229964437446672,0.36888276795624453,0.7211405551479588,0.15978143091998143,-0.9160888261585278,0.43471539360213907,-0.8783742643638881,0.4290991275306215
-0.48189049996014943,-0.48510985052409517,0.35677563913063537,0.7149806149215596,-0.2933299162918128,0.43663859434028063,0.20115767769063786,-0.30054069892818513,-0.845041714505286,-0.11237463186409236,0.022071034870299933,-0.5260425775640918,-0.3484219078665094,-0.2572812761494838,0.6453858864458837,-0.16806065929840264,0.2837740544449585,0.7517062765819489,-0.7138410355941267,-0.3469189165984581,0.5763289237065157,-0.33002842999847504,-0.18372489664864222,0.30395642481320495,-0.05862993087650037,0.9470024003693913,0.24383273767169422,-0.6793743615105463,-0.9107788459826616,0.860617028922785,0.8237453191165243,-0.9489294274712787,0.21807629185139588,0.6160684274599815,0.02159228497397847,0.5617475024170191,0.016364541403459665,0.1629729973202978,-0.3118945071110155,-0.5702625605636882,0.6614535388750769,-0.9348009428820114,0.4525195233534973,-0.23782067354601888,0.9956417031468761,-0.8431100553992488,-0.8453771180119343,0.8710357396650228,-0.5508379851966743,0.006991773811175772,0.14887849435693568,0.09646606048868955,-0.16383976431239589,0.46609132172528445,0.6951901596558034,0.05551279780574947,-0.8971369921102821,-0.0553416809559204,0.04889614165329914,-0.11796517197878131,-0.4616345585134092,0.6720178809053261,-0.41386938227609527,-0.5119420092003868,-0.5138533145337412,0.5352868285398893,-0.27607008470757766,-0.08835765250300809,0.49637655872697906,-0.7691661612231564,-0.5179070466010649,0.4655966603399595,0.7604535581160456,-0.2762376803205897,-0.2960307812622618,0.011286885685380721,0.8292710239037422,0.3066598547124044,0.21043716714307403,-0.10206395706081195,-0.16229954019541593,0.1386845086190267,0.6535678354910757,-0.7494374822718362,0.07523179419255133,0.5528965429852266,-0.18476512023649927,0.16951067247841722,-0.7237196921475879,-0.47944209283804984,-0.42622962085050653,-0.3723113221233485,-0.8369880853816452,-0.15795481942555423,0.9664955012261653,0.1520235016077791,0.26525953235389643,0.5452899515346319,0.7997449365245655,0.7528113939474395,-0.9689754967872659,-0.7584223088826896,-0.47324775508776984,0.10915755795511406,0.8602503310123124,0.4857079848795438,-0.7472040970704139,-0.9318486625871278,-0.13716027104956718,0.3800931299766246,0.9798669676931904,-0.7352444899842578,0.7337599773602139,0.8372460065501053,0.8085207853072685,-0.2912644575915786,-0.1953649864058391,0.11388156177751574,0.4239670230953676,-0.7619407126783091,0.7948526415931518,0.7967077841854167,0.1829560042732572,0.23325918775456822,0.9882682073441085,-0.9095246035791555,0.477496846329029,-0.2900847353053235,-0.10220931603499928,-0.18225054992985745,-0.1004925706878681,0.6696093445374092,-0.4214177167764297,-0.045787905154918374,-0.730788920321418,-0.6330984424992285,0.531911426627012,0.832683694662244,0.8732428924646076,-0.8324210174045505,0.7911983431545457,0.18710657347810677,-0.2602521825744646,0.2988095202077501,-0.24125083803479574,-0.12282591794845077,0.017334382571774443,0.17616175531297285,0.8895361985714185,-0.806202795620806,-0.4053029344485184,-0.31776557790803994,0.1282626765620356,0.7946032512961869,0.1596564130220992,0.6881308544880682,-0.14662093989167824,-0.35439985418218756,-0.36284339789598863,-0.6431683755887498,-0.7136068784902332,0.6279743603624799,0.4692514968273662,0.9784107466188801,-0.57863862170968,0.03826994118476246,0.15027564584588604,0.2309549944753555,-0.8010669298865556,-0.4304180865646521,-0.7628978447937496,-0.45230299999362655,-0.1221665110642709,0.7706983263689393,-0.42304235787384403,0.8353861310992987,0.9776111484493342,0.5069376097041285,0.8490317051362184,0.3328672241960273,-0.717993749738097,-0.5863137758945907,0.6775799916490639,0.5097294772990408,-0.9452997505904506,0.805082604881302,0.9197134061253731,0.0796594997929918,0.5979840039481619,-0.9866697864477949,0.6650089893102378,-0.9484453891286171,-0.5937181222165002,0.8836119167190755,0.14233032504472964,0.4641788370136122,0.04178779015211309,0.6620756306327786,-0.41011683765060925,-0.780770246442394
0.41264439998840774,0.6894882488241878,-0.1111898736822643,-0.13546810309208124,-0.47388693560862816,0.7290055027129951,0.9861545008190451,0.46326748533123085,-0.7670747195416754,-0.29255767459212123,-0.841865841384567,0.5866405102974439,0.45472318044826876,-0.3457685685645464,0.014120345344203145,-0.44778394023382595,0.26124788426640233,0.02568822610499666,0.5540911417318657,0.4136196030369039,-0.37038014989685264,0.8494599616282708,-0.13324475138725655,0.8647360012695742,0.5883947986557603,-0.36494560256006325,0.6828620815004449,0.3222608542089913,0.7551470641207814,-0.9287276275577763,0.2689943109048165,-0.9840588234973888,-0.7262506546624994,-0.24758188617058385,0.8863247367770901,0.34669526212928137,-0.4694279064220874,-0.6971337872071988,0.627737703727258,0.4671213700879573,-0.43480065268588186,-0.6028540635887873,0.7517278952704622,0.9016655164406631,0.7143135923636494,0.4988919528452913,-0.9936045790565196,-0.8654774652318487,0.11547432260538915,-0.5829060567916855,-0.6437699490962516,-0.16368130314377471,-0.47385237197014374,-0.23941954030057233,0.16779791168445013,0.27542925400590557,-0.03153387411741715,0.3138819330086591,-0.6398713308887236,-0.39979885755938516,-0.5362133253359933,-0.4157681663635999,-0.029880099144250716,0.5934923534099383,-0.215579888256757,-0.2857442566243811,-0.03808189488325686,-0.8069335338632684,-0.7752651577752987,0.7617903783443329,0.5099222028842063,-0.42545729250320763,0.9387242860670821,-0.34920590747302405,0.32483637966014856,-0.7683616403312321,-0.07052813535458569,-0.36218809097092075,-0.7729274131718491,0.3939371615363554,0.40963760209169764,0.5473635626162803,-0.0325225317460176,0.6094426194430771,-0.021651244147736115,-0.17599416245189414,-0.5302799190735439,-0.41813952821606604,0.014974805937799207,0.7796212263552598,0.5656557889134559,-0.8783934777638718,0.5435973155974152,-0.4767894942315065,-0.364763283562227,-0.21724321232690613,-0.11609690747858181,-0.202640976597378,0.8247374602352584,-0.4633655326738151,0.4563736948214201,-0.3203168863614472,0.6370491690282305,-0.382978700881655,-0.18037691382601806,0.14501139336261115,-0.6669297138450578,-0.5875983569092751,0.25057301089637884,0.8957555885353048,0.22660794274138496,-0.34063164697266624,0.2099224111403124,-0.9601601667660691,0.4444574418830527,0.6048257556436676,-0.8194945785338652,0.40946104129088035,0.8244571291312668,0.5336841011943361,0.10578838085330688,0.3098631657543063,0.03729799703454062,-0.2758044967729947,-0.6031203719196128,-0.6860141778268063,0.07139762335309796,0.7194456714066937,-0.5413310633571822,0.6025707894772911,0.8213075604122868,-0.3369957743079175,-0.568769804344309,0.46666869891738494,0.8800275923854244,-0.927850055016846,-0.9599432534706325,0.8807103861355092,-0.794958539284776,-0.20412518394971713,-0.030200108255667102,-0.6861089872853501,-0.3970671292507,-0.5399895216292814,0.5448232693682615,-0.5053825224373041,-0.45508350804574205,-0.7527143387050057,0.5681072231807818,0.3105519175641378,-0.7376136210814732,0.4810514729711657,-0.4600026777091073,-0.8301667410652775,-0.8522195144815794,0.4442257389946167,0.5247719844078842,-0.1692399528599653,-0.9705164321861868,0.6605030378952317,0.2097437220659042,-0.6963048861092827,0.4717467961936561,0.5852400122750385,-0.6114318395931764,0.21138316183243777,-0.37562059186739094,-0.35254653654765034,0.024711262337615336,-0.9531360968626443,-0.4519005200429911,-0.5946666136431811,-0.47146008954551255,0.3121014174252923,-0.0571992937239898,-0.4175226922402595,-0.813875209953592,0.9337726593960927,0.12199251768824304,-0.03330096178616615,0.8153315142226139,0.0664078072695955,-0.5107719245194147,-0.9655749351806351,-0.005930219180025897,-0.2127096362194809,-0.2545246666267458,0.09316283039120932,-0.7833914093334922,-0.5518782797771771,0.9503811899556498,-0.20530276341429676,-0.5357689045803953,-0.2603567469595922,0.12630653543693482,0.2856371300013336,-0.3351290502582305,0.6193615739034686,0.9516348553245446,-0.8092219298946051
-0.6614885746288031,0.729655428858001,-0.020377075770355413,-0.500061883272398,-0.7173388689280291,0.23297694084153164,-0.05297068471602118,0.44606482743695386,0.13327841103943583,-0.5351404836932876,0.5348169579121134,-0.495952302040777,-0.3770900854392183,-0.3242630387198415,-0.6987760508580549,-0.35711403654519325,0.13062472043529283,-0.186931433209361,-0.9888564606287347,0.3807946772757793,0.5100758606554492,0.5893915815461708,0.09117747097932494,-0.37396764815635564,0.30401724928229057,-0.35632408467870924,0.4177363437860657,0.028862231296408636,0.7173058202815799,0.9855107178251343,-0.8371313822086097,-0.7899122472747859,0.39851112779236497,-0.2486278991806139,0.513773411715396,-0.6758137714871912,0.49629752518948433,-0.6676060527955352,-0.1247974802591032,0.9438325481662837,-0.9218761043920691,-0.15163555003427676,-0.6585558261548743,0.6063072610585256,-0.02561324626407946,0.49798686614953036,0.09417009976725788,-0.2011886833718639,-0.4064979535701383,-0.1290411949791863,-0.41155268669213374,0.8439404350552884,0.3533663194046561,0.044960205590518276,0.23020097448744004,-0.2567363744406346,0.3004414314917574,-0.7169648067623857,0.04650248117780498,-0.5910763173876148,0.22799964177601573,0.4289496000297859,0.038759568400945854,-0.4975212742073829,-0.07423966809187643,0.8724049975004369,0.854159187477294,0.44026051456014104,0.7047923494553812,-0.7293215071523458,0.04875690810503697,0.6588160317222835,-0.9803576273070571,-0.16739411385020952,-0.6993018467650796,-0.865903973679091,0.9539522678494814,-0.3763189807315972,-0.6246511459459718,0.3880903436816907,0.0754629888921019,-0.3379297391367768,-0.8777844216678625,-0.06261179455437582,-0.6870939572636485,-0.29909441416943783,0.11831217830394469,-0.5479409792280578,0.25764350614144615,0.8557589976883033,-0.45083877020794794,0.6415088610576198,0.736186316999281,0.16893677010123587,-0.38849935878403796,0.24900187204761548,-0.193463281775893,-0.490501231534596,0.0820339864730737,0.31873514060062336,-0.8450477481985224,-0.6951563939008671,0.46131615663232606,-0.44002893301359935,-0.47412476593763,-0.7953557502224433,0.5937689620601803,0.17463412351653163,0.5321086851201431,-0.3396796200326726,0.5439573653548988,0.18433994955979593,-0.44552499105544574,0.6145991643855797,0.742673167823064,0.3369938270632884,-0.053186324100096494,-0.6638012229998294,0.5667298321698759,0.9781744512385644,-0.8173234622247949,0.6067076566058947,-0.7070166894296805,-0.6703632254084351,0.7492281794584821,-0.3533242482276646,0.7919066841876814,-0.8956216255281133,0.02341052602580751,-0.1206219579964023,0.3296844582511347,-0.34582127179863575,0.0007502102852974257,-0.7654070073250996,0.12029027034709827,-0.24538089671850782,-0.22894028266899902,-0.05104399688554362,-0.37647633494959143,0.043971409156499996,0.061371014687413794,0.7665712178555277,0.6843824418470168,0.9107202465253517,0.8909798656965773,0.6672098678013199,0.4226953557563422,0.6797522073573357,0.12097173097203395,-0.019812990798059982,0.5779301114460682,0.3707351702487438,0.11581016927603072,-0.12917325419050285,-0.303639021843487,-0.9494088908115264,-0.26862564898472563,-0.06784823878489776,0.3400781951247387,0.4569830063593079,-0.5724400786016257,0.11958804542265566,0.9958002257437435,0.8788142977801563,-0.23508516886523578,-0.6419887999714549,0.4952569901263477,-0.9786551565552342,-0.11583886502696017,0.05200518958104561,-0.9887709232242643,-0.37921860324663603,-0.8117830319547541,-0.262265147033228,-0.49247934665093807,0.8431279065161124,0.21354882825952504,-0.9329436175939723,-0.45009716389068877,-0.042530262495666715,-0.9121652246156657,0.39099815047181363,-0.4939240921411838,0.25054082359711805,0.9422813888219135,0.646651417470373,0.7263706433479413,0.8551496784509611,0.9944631547860243,0.26448016545892816,-0.019399029407337842,-0.05310316756463074,0.7498736627034617,0.5011726997135182,0.6148613706810366,-0.9236128126154266,-0.942326059744947,0.7885302709536322,-0.693616498922712,0.4723923381702253
0.7418264426431522,-0.7367035883244184,-0.16085483381056154,0.6916062700663024,-0.887904011556834,0.274956311443312,-0.8753490550184764,-0.8050490787939684,0.08816697116908667,0.9668068565812091,-0.6116352430715379,0.2280075808980111,-0.9666510919829461,0.6745470564364033,0.6964600518296133,-0.36703942868506223,0.4186179067077269,0.8114494977335671,0.1736949789842297,0.8886019493081654,0.03268089911596772,0.8810903230979343,-0.19365383064182518,0.6754333476382859,0.3392823496681958,-0.8700901986220491,0.650095086713032,0.003051387481599166,0.45791413287275917,-0.8320625994714317,-0.11320225828128416,-0.44894908951924717,-0.6026331977737442,0.010931661862902509,-0.6540635729536459,0.49365685644930624,0.6757193944020559,-0.9935512347345872,-0.45247372149587606,-0.29863044444151865,-0.317095019426163,0.13634653145232223,0.3925843698694591,0.13237857714701962,-0.0739892559027382,-0.7674766195116776,-0.8188765617832399,0.4591007543566472,-0.628682221211474,0.18229706029035042,0.9315311911718154,0.5334451372822497,0.5774733574753805,-0.5649482959815024,-0.2509408822603658,-0.8374501336038354,0.4485535315161544,-0.5065357639225974,0.6746166449917941,0.28463478300955014,0.8029583970395611,-0.6178278811662135,0.5116650870160828,-0.7345303697811505,-0.8933293911917441,0.4118279261451445,-0.6439919281160327,-0.7191478525841244,-0.3689180401864236,-0.5480792397964707,-0.6235094178795901,0.7671371579054689,-0.6457758250940113,-0.4101353100038456,0.3951163208424795,-0.4709097133217446,-0.020228678656323273,0.1573923284353791,-0.30228160660906833,0.2836518216586519,-0.10065371052175665,0.2620528144693355,0.6634608830582296,-0.9265378125061823,0.6694483844224062,-0.2286386168643204,0.07589756799804115,-0.5786744059062656,0.40437493374725264,-0.30615693858254,0.6218166452946923,0.592542801628843,-0.5851060846122926,0.3993076528383859,0.00753050374405384,0.6597153655161228,0.5885900597117857,-0.8184849990416698,0.5468179912972746,-0.48357230099655824,-0.06462360529831179,-0.9371038984966371,-0.7694036287511914,0.31666436241736506,-0.6271489787815538,-0.7203694363348654,0.17364152257130971,-0.2554345046912221,-0.2441796860351444,0.1767815634798242,-0.9323004287127847,0.4025765673013473,0.258944159133496,0.7386582031998643,-0.984203395862125,-0.15718447453534723,-0.33057504390669123,0.2957626268711666,-0.7995846243633105,0.8262976461351592,-0.3874487405606264,-0.06631753523978445,-0.6276785470240538,-0.9565000617651835,0.6184426637979197,-0.08710864791907746,0.1519304021373158,-0.13006304605372465,-0.20133303890269905,0.6681928223906266,-0.4948504608367019,-0.25357044337776435,-0.3242434787369135,0.3571116835050747,-0.39965340435312746,0.9415313441900839,0.7548654263362742,0.5263459821753864,0.8017310489250185,0.013921515760649816,-0.15802803000965393,0.5481448958718922,0.9079638805611132,-0.19849974523371383,-0.9428896581526702,0.02440870056129585,0.84470719546948,0.7731904923446646,0.9304712220673486,0.8856926638496734,-0.6030757136420328,0.9448555047510305,0.5037001839212953,-0.7402183463661907,-0.33370577113972,0.9198265977770104,0.940650255835036,-0.3814529211392488,0.5316462239840767,0.6029792479589946,-0.08257296091327282,-0.6693158379109543,-0.9983135810701758,-0.7050179809271317,0.7659094806323712,-0.39743533272256326,-0.8392494591386073,-0.5276328346466692,-0.5933560365952719,-0.8196662109474184,-0.5105349547544431,0.3694271528027686,0.6913367923439817,-0.2514843790986423,-0.04531182111308274,-0.31057627350220884,-0.058398611101075026,0.3735728769607438,0.3975594969465117,0.8256660919235042,0.33687370086150725,0.6626939842624064,0.4124482012203634,0.5261123466037174,-0.8083502741519524,-0.7429952126986281,0.5260885944256544,-0.7329474627989001,0.5465208787785742,0.7960425806521563,0.6395821522884011,0.4607442151409953,-0.1508151203850081,-0.21229927936024717,-0.8566864081193928,-0.02338134244268142,0.4808582361076126,0.1728579107954542,-0.5566119121672493,0.21704466906428377
0.5356878524297115,-0.2617348676580127,-0.3202980980060113,0.6464762836931874,0.2211330473299351,0.5033689200607054,0.8291720014403705,0.29115453705301086,-0.7238401994116652,-0.6240589016042961,-0.5775353118488504,-0.12919874350949612,-0.32082668864627895,0.308089869914586,-0.14857736005265165,-0.43007175160807276,-0.22636896855722477,0.6425500285722621,-0.9303466787782388,0.9170254909249702,-0.15652622015002438,-0.6729142457512598,0.36467955287320253,0.6684649900560162,-0.07015459528224266,-0.8347190566914251,0.3721312393646039,-0.7971898070593388,0.7249329597424499,0.6071005136805119,-0.9755510216819678,-0.36194844352097055,0.14936441938535006,-0.23201942911299112,-0.0906158683957361,-0.027721231373887933,0.9198421041696507,-0.19659321870718816,0.5427193202750575,-0.39409097395865333,-0.48270190146468583,0.2682343589657308,0.20727209459431584,0.6048367903860041,-0.09946011748818195,-0.2543493690937233,-0.05290542972052892,-0.32987298303591617,0.07004833179369929,-0.2702764256049375,0.5709894475167923,0.961469015837686,0.06342325746433097,-0.23305635347494058,0.34943781912340377,-0.6992255597270023,-0.3257686205476342,0.8683541522557245,0.18030603614205942,-0.6047739011809785,0.6256702186840788,0.45525753307648276,-0.09002127595412679,-0.902912803519321,-0.4365720891975695,-0.7568971087351932,-0.02075717657430909,-0.265791758148767,0.7783318698306116,0.37277527703786517,-0.4953463908180218,-0.3250765103847344,-0.4077110921318272,0.6383386853863349,0.085496995854907,-0.6425436393433857,-0.2862292764028873,-0.9649620138590016,-0.3507348999726274,0.2719653999152045,0.19155781137471317,-0.28551103574180137,-0.9267752985467237,0.4773606120975995,-0.502746564518904,-0.8319062808903277,-0.8108548503211943,0.4535748086071656,0.26584004601017064,-0.13779890697126573,-0.45060753307661017,0.943705550700886,0.377983922023194,-0.5117985916320216,0.6511428192791413,0.6698358048836337,0.46537555486687476,0.047117495075885474,-0.08316086172102422,-0.8469277124615242,-0.2544093424337004,-0.706499105552532,0.9536866653533309,0.27562896627897726,0.764073775725405,-0.2361740095521172,0.9605329740851978,-0.8424702683423053,0.8548811023941794,0.4985339984593684,-0.1549401819595757,-0.9552330496321568,0.9007177613193844,-0.4862839919091173,0.30579086754746587,0.7658507239711771,0.6737066345266496,-0.13312943331658778,-0.7671491385453226,-0.6167127255962026,-0.4780485034746169,-0.393597161537685,0.028079145240152092,0.7084872989911357,-0.5124951944610905,0.5979081995611073,-0.2515272263685464,-0.05416319943652659,0.521438091031883,-0.12610873170514791,0.4937395854124915,0.5566179482000093,-0.44629237798507404,0.34287928112957133,0.20924513636038644,0.8194928196260394,0.35641649789977814,-0.45464119307620754,-0.18563441623544197,-0.9625621023468589,-0.17135032032113107,-0.7404661137645148,-0.46589344050822823,0.19815890178469142,0.9517952447363236,-0.3636812106199907,-0.5573526289340143,-0.9638541533200666,-0.3507823315105183,-0.8725550828667541,-0.42433737623447243,0.4240672083097121,0.6539499530292174,0.1758283290380951,0.26954532556579647,-0.3424959698102188,-0.2219209749161768,0.859745391572373,-0.9748655506528807,-0.3188080442004979,-0.3072673704828517,-0.11123387289377118,-0.07610489645069873,0.4851423129286563,-0.5787252108418888,0.3954507286848634,0.3459719030568189,-0.48861480648907696,-0.9354669800296651,0.7045833553569507,0.9354472172052937,0.26276812682358197,0.1226514724634169,-0.3094016152159573,-0.5848975964186953,0.9697372098206243,-0.2616170897478949,-0.416353914873935,-0.3693238280490163,0.3490027407911436,-0.9408708638563679,0.24972539521659742,-0.6665313895901273,-0.29674724392753205,-0.13693841672848195,0.991651680543127,-0.953183311948353,0.9467141372544716,0.1128789744384886,-0.018486246620413205,-0.530562872062857,0.8423525622128354,-0.7366052213545318,0.21424348576097318,0.6993363816066682,-0.8060403556264983,-0.5633892385467119,0.9842618124281282,0.14149003162009977,-0.6427551230059074
-0.6817649637628402,0.5550493595657155,0.46892142264390735,-0.1977669812728413,-0.18296762776338138,0.5025618406795351,-0.16364000885994878,0.19849707601785238,-0.3611930046901157,-0.2736506368178777,-0.7887224456036901,0.7695157332248073,0.9204788004327205,0.5235062634380527,-0.36444980647706005,0.07125409740967137,-0.21565326712877741,0.7181131750936205,-0.010333571481284887,-0.07217211594755324,0.6522768724642742,-0.10108814899671392,0.8478211145600958,-0.6447467446319111,-0.4231843798855339,0.06533141180673674,-0.33189030344881276,-0.07195702707483465,-0.6554586636520658,0.8145617708313924,-0.23329315215114033,0.30620848265439116,0.9484947833160993,-0.17941239194758318,0.2728337500846534,0.23775193429280228,-0.7228559164746693,0.23984058951379716,0.9978197676018745,0.1991363401798114,0.46429598940574013,0.890978038651252,-0.34995937928836796,-0.5001184915533832,0.13861229457698943,-0.05617291205580455,-0.8180671192430544,-0.259408175606735,0.4859307497939851,0.7670249609631279,0.3082320897182729,0.10411471890412938,0.7268765448485548,0.700618027347427,-0.6772414526675807,-0.26187135691851227,0.749300394048025,-0.6495780129407513,0.8742817746518927,0.8427713692156269,-0.35455159645304013,-0.41403616868238435,0.7888913159204982,-0.585985458230939,-0.07764082462798183,-0.5099060582567589,0.20649797385414215,0.9794266557974165,0.5935071137082262,0.9456105748028489,0.00042987825541573876,-0.7776854067491448,0.20801359173469902,-0.3374815304266594,0.8403116302025113,-0.6814668291082464,-0.07557553467085576,0.9249480526125768,-0.9862333722619925,-0.9353548633750739,0.3537447513095542,0.7341254281963037,0.991069100353259,0.7243379411893425,-0.8592687728547643,-0.16582077804841377,-0.47994150395159374,0.43195315506073007,-0.7580360514552169,0.5531930566873686,0.2941786794246555,0.0683416234666736,-0.9525597477179599,-0.03838487226137777,0.45206350177207977,-0.4140738574912788,-0.2032065268113057,0.6446315158180971,0.5375230318293938,-0.2732534647072937,0.4332492489723845,0.02311939938766039,0.2992596095807225,-0.1428229244437289,-0.7518863066491037,-0.7080325209040883,-0.4750018006870089,0.6504571822257634,0.5071557133140943,-0.7764325332344442,-0.6620930676689074,-0.1742138913789839,-0.32033075180724135,0.8259491807679633,0.5911061984686703,-0.5798300316258118,-0.805748591869687,0.2840711428778775,-0.8518608889245687,0.7983906225723456,-0.016846138946675193,-0.5105431116077219,-0.4800008931391999,-0.4094158606351299,-0.1106558690866648,0.5747478969451212,0.3991233446884417,0.13646237962393415,0.18885625952101703,0.5226454755666998,-0.7039520513746249,-0.4231391396233368,-0.557956920859656,-0.25829776281804695,-0.274551529976679,-0.4175634040435743,0.8895838218307,-0.6833951090627921,0.2677891597858273,-0.049430315001624425,-0.12027529368879342,-0.41024076708493706,0.4874663323938644,0.39016503287185844,-0.7069477199398069,-0.4153342417009529,-0.2315466514631248,0.2735246602880661,-0.9439905904096493,-0.5766759129877335,-0.39408686536009085,0.16846954840521078,-0.48115765505788044,0.4422787354676656,0.49091447696436274,0.9922350424053961,-0.18831073527076359,0.2369199827314019,-0.6591797475158676,-0.3115729146621895,-0.688246286107072,0.7052209451957834,-0.37140753085408496,-0.2512748334112953,0.7308173764658317,-0.029508432025067588,-0.6617582459631226,0.0504737419195842,-0.6492252873778579,0.7942672130446489,-0.9715348084457993,0.8938965062015145,-0.3152660097952906,-0.3813834308619908,-0.5513800211237592,-0.4433689026737031,0.5560287196749718,0.5785484927831801,0.2999933242342203,-0.2869970724166895,-0.08135657654094719,0.8254050111567464,0.8126040549904223,0.6799542717077818,0.691491869373567,0.5661748765064092,0.048236666591982,-0.5432573595437726,-0.5949400311177921,0.32848817158997834,-0.20301755329367488,-0.8023199595208725,-0.3409698380914852,-0.8656045456011063,0.10656896176421893,0.06950774560281059,0.4825157752294702,0.7452312272704733,0.9408744394468933,-0.8880504005159013
0.13340432231051902,-0.5040561073319281,-0.48785585467115267,0.4788715568584896,0.37939807677765836,0.3016144314039142,-0.5098258967944991,0.3792749005165743,-0.0878678980852563,-0.9195344153139371,0.21827541687731933,0.1039513092857085,-0.817281607641124,-0.6199716667333657,0.6613847601036256,-0.8726621284165836,0.8062671740732927,0.045115400891912794,-0.8782697736064786,-0.5448275023111613,0.17135478201032406,0.16254087503675074,-0.07145741435482766,0.07386728944839094,0.562825173900765,-0.36228332236385175,0.2678114037670871,-0.6071483421579147,-0.7671872162536075,-0.8332275826329618,-0.6052075162548438,0.0847376672830562,-0.5700121134773826,-0.02553866356669432,0.1386585386038195,0.16342709108823006,0.7222782061247355,-0.7769521963599109,0.7730349666273864,0.5547917282972834,-0.6104024709919462,0.6115317290266238,0.22882656388793943,-0.08749112498406042,-0.9990097544826899,0.5091205001945625,0.20270829306160199,-0.014789720905897141,-0.6469362478160949,0.014585964132542095,0.02840047007435098,0.9028713948321287,-0.4007254650563017,0.7345219333796207,-0.5019559958406943,-0.44942330304022815,0.12252863501105127,-0.3823919650029881,-0.11991239918067986,0.9544579946489962,0.8913940367427509,-0.02483911802593952,-0.36158490339864513,0.9487087802521574,-0.0589873418839586,-0.6737382534325844,-0.8688810503417581,-0.13597016523813932,-0.39071804144132183,0.8505906740133446,-0.11360333349657492,0.2757659507834751,0.07718018923040737,-0.634688657617636,0.5575835870014383,0.5257052962750612,-0.5735671027421902,0.0035593406168195063,-0.35996827831237743,0.06079903948121723,-0.7941657649763478,-0.3998771618671493,0.21905337587433937,0.14201685297321132,-0.6908047001992847,-0.6872245491757385,0.5327947645819184,0.5716222550239753,0.704714568822729,0.2202464589862636,-0.6857346843826584,0.9134139644573076,0.9623088162209867,0.306981259513343,0.5774972649948173,0.5595098246107739,-0.4612336273681583,0.8656870910950811,-0.056036652113050645,0.7124750738507364,-0.39276375814093467,-0.7100269450808707,-0.3325556706382389,-0.2921328570063222,0.4904278712771333,-0.1005842490789759,-0.14940417463650713,-0.2129155879811162,-0.1657527237285299,0.5244454881546989,-0.19183778680402908,0.9373599053738679,-0.2927760832638635,0.6107415130724054,0.9499715187682167,0.5340971987576382,-0.9610407528499803,0.4086778194042011,-0.58278191593208,0.4333453961600262,-0.4104062194742004,-0.25304962659360486,-0.35630840916189044,0.5818399396897305,-0.3486297345449305,0.11994452385629639,-0.601095709242305,-0.5700402912861731,0.005886844398128144,0.7128068845564577,-0.7863308478232189,-0.5137243694004723,-0.34903392608688555,-0.04063460318007839,0.4425279586455264,-0.06025648188523425,0.9422663442299979,-0.9080000999386917,0.3188364712903351,0.375601931806381,0.8177746937645771,-0.0259173028193993,-0.43971477468417297,0.21340968588164988,-0.24996207566087225,-0.7971201679689504,0.2792573324246992,-0.4479075590089603,-0.2611023420374936,0.8472121847306986,-0.7779384185099474,-0.731430532323573,0.4996524166165106,-0.3509089652124233,0.5504858155913503,-0.1724452402545409,-0.6964548248954026,-0.6991608501999331,-0.402288741259454,-0.6000113850558344,-0.8239896828195274,-0.5095466624521896,0.14546633581198964,0.5255743214590964,-0.4785617357987997,0.062054959197491266,-0.41716123089834856,-0.9562963822414345,0.5442014302299303,-0.8639921863269013,0.5718014195449845,0.42280537991312506,-0.37207752529978566,0.7068666571561932,0.81020699102734,-0.1083192564953388,0.7691704364838126,-0.6317199420740138,-0.06334720212694589,-0.07839261945778442,-0.3339758038672034,0.35533760445473583,0.40812062113025505,-0.4892844467816222,0.4953005601865239,-0.9537233838398764,-0.761619126167294,-0.17844209928317478,-0.20738403788112403,-0.02728493812535704,-0.9039378340292805,0.056794763509725676,0.8259644059783677,0.024523338280236118,-0.9675974612576577,-0.12558616704263592,-0.9358319646151625,0.008423117892159215,0.596556489572972,0.5802750071705787
-0.01598105903496716,0.14963093897331592,0.2687476883397917,0.46886761599112403,0.1306136115214751,0.948455073807994,0.5611764209320385,0.06352487442231047,0.5971819536909513,0.6925986834091833,-0.8245394889425453,0.844993762201768,0.22006296590229857,0.9858994512392201,0.5038146983546548,0.5342305702560117,-0.13810654256111743,-0.4462701757890708,-0.09742282495862575,0.7610811739318024,0.4778731786043242,0.30088739589496605,-0.8539484265197246,0.29567972682749866,-0.32038056173850493,0.05542793543805047,0.38517233341125556,0.640417053528185,-0.13520565793816774,-0.9570329427500657,0.14947568317970306,-0.9872920867250898,0.6564452855281158,-0.9622566996732667,-0.549540127480264,-0.14570070578910532,-0.4822940996948686,-0.5542200269642998,0.34907662522463245,-0.34676144223862493,-0.08449335912447142,0.33080374002950697,0.5398556563485375,0.14887682982320394,-0.29070937792593954,0.7606234806016752,0.7344862457641375,-0.6947904350035286,0.5459840021771758,-0.5877116574573269,-0.6368265583977626,-0.947551018991738,0.20384293711922652,0.6893966352858034,0.5589264352220824,0.08015250188886514,0.9093211899588536,-0.34507790400749383,-0.36932750152847915,-0.5397922894631768,-0.582385492299476,-0.3941409861551388,-0.15143272294098709,-0.4578441197726304,0.8726045328360537,-0.5655283812829057,-0.2893104698166782,-0.7253756690377358,0.7977592638788615,-0.12071811969414226,0.6683144859673633,-0.2497721161630171,-0.11209507483940162,0.48788475773018747,0.4798255295840552,-0.2391668699798839,-0.10637522580404801,-0.2016435980999809,-0.5887354646476548,-0.23899022355352062,0.6289988327719169,-0.8142963652425441,-0.6498064323260886,0.8265664216623236,0.44903668040776523,-0.7565924948024305,0.513212713742822,-0.7592833498016631,-0.021783147146672066,0.20969681975827137,0.4993651806616419,-0.3662408379446289,-0.6180377124201142,0.9703042073665704,0.5995824263529506,-0.28028304162652873,-0.4894309266100041,-0.7760152824983473,-0.08609250163815241,-0.9854888114328813,0.6068233463170223,-0.19938330409573402,0.7149861469874683,-0.2906378006876642,0.8914635674652713,0.6730692694381712,-0.13170223018615568,0.6956163145900045,-0.39861112491251793,0.999413128215282,-0.8310970567102338,0.2871639104212733,-0.22062757796135823,-0.05727708316072788,0.9026182884608873,-0.4505677412505582,0.2947192325790404,-0.35345813564405604,-0.7185283624020993,-0.502003756502891,0.12915849699488202,-0.7441033941712676,-0.6884833702412194,0.3901404212387307,0.5245756810753168,-0.8776370794146586,0.604760545638585,0.7326901218272628,0.3219043805164781,-0.2565919217831638,-0.17024725938959873,-0.685034611534489,-0.6551600221598526,0.872583173492546,0.9306003771928026,0.4839333416434761,0.6206393490533204,-0.6367706155021786,0.758154823257841,-0.7812168480968955,-0.6752525712552648,-0.004889216958330778,-0.38787036532678765,0.2506249751625078,0.817961705348268,-0.46963731017837573,-0.3578545297909055,0.5665377978359167,-0.3368359054849017,0.7776409010663974,-0.9315544555343565,0.7440563908866167,0.827153867597197,-0.9070010998923344,-0.24592645820226844,0.1970149535316632,0.05040920033663854,-0.6836548432690615,-0.9701230772038341,0.7943773898884605,-0.8157522019761374,0.9763830165017504,-0.7751788203607441,-0.048621260159711355,0.9667375745635753,0.7122808530650049,0.07345440149926885,-0.731189208374684,0.20654219104983085,0.27371047438266305,-0.3771382350289305,-0.06102603823618624,0.805765900863135,-0.7436027776766352,0.31274854451397194,-0.268834546850542,0.22721914452958014,0.43263058508035956,-0.04442030947205877,0.4974378322227202,0.7039369429832627,-0.6074258070314977,-0.561377741176873,-0.740384775318988,0.8845782599239875,-0.5488963177917909,-0.8356220313432032,-0.8104216200520387,-0.19232293542772871,0.7738358470054649,-0.7895435802671493,-0.5475531928141311,-0.6307464878256579,0.31873871834737266,-0.34274848236947575,0.947913489671784,0.3367127268133261,0.03983385141051343,0.15433421712581685,0.7671656797338406
0.5197872355510611,-0.7365858058937786,-0.15595809556885531,0.32240365662010007,0.1587371190847504,0.8692488201074067,-0.9315493740448961,0.8120290607179907,-0.22993997287928725,-0.9039631367594771,-0.6042076948355046,-0.6356550601970892,-0.7140910679902039,-0.9317719215843219,0.5895444339190323,-0.6762295902257622,-0.3549352435512467,0.1441734653827007,-0.03231027934431374,-0.31219646054881434,0.2574258427251255,0.6339789773640001,0.15440296241129703,-0.09579177211673895,-0.570327617925501,0.24262512121803503,0.09175885379110271,-0.7643617429590162,-0.4413896105369852,0.5370221065653995,0.8477712621890059,-0.32549081747702213,0.7850536880838781,-0.48943115262712555,0.6139769982095227,-0.025289702832582917,0.09780157292360059,0.32649614060675214,0.33602537000498733,-0.31524995322124183,0.03814584408496824,-0.8737644585675857,-0.2691555108649357,0.28458538689336144,0.9295070997375068,-0.7475436613770796,-0.545749888195278,-0.08513312294963082,-0.7777260673004727,0.10092953909479596,-0.408573133851599,0.7466134778801239,-0.3859391890084025,-0.12767178485842745,0.9686233988337014,-0.8340655123249807,0.7339349831891024,0.009447443226164198,-0.20488380163868358,0.8824994398001471,0.9970895873144956,-0.6102440336092052,0.6800256323899978,-0.5562858167899942,-0.9665615230995848,0.4668246469586461,-0.29212700537480885,0.20187259882595665,-0.6964576160478146,0.7198523958111038,0.05009044776849758,0.600519978004042,-0.2746876993856251,-0.5391529099092671,0.8943269997414178,0.061740147572062254,-0.2510557598061891,-0.7997238534629807,-0.6687289679809312,0.26862524239630714,0.23636852541949582,0.6864775855935941,0.5022083627594405,-0.6958978393551476,0.8843839757908947,0.21933110690140323,0.7165903926222938,-0.44315724001955736,0.9181135292224045,0.8977982163559324,-0.40700713709335945,0.8019132393859112,0.94401772948003,0.7874889891824994,-0.06399170574663171,-0.7277602445848639,0.876286660134691,-0.9992927748729217,-0.4973415179797851,0.11151475709855796,-0.376789298523146,0.8461043049910737,0.2262345342931884,0.918551505607587,-0.8815555459980733,-0.17924894183422224,-0.712416865215717,0.6448825025596163,0.5291858609332889,0.6139765527316194,0.9018212255589164,-0.5150738747233412,0.5726256990349741,0.29216924934102995,-0.218000671395415,-0.6132574044380592,0.6686580531359811,-0.8589367236747585,0.9267146877802921,-0.4475642570787619,0.7852770000910838,-0.7530571561160839,0.47930996993079367,0.888682211523016,-0.696307596477403,-0.11323728945242717,0.34447613768980334,0.5211691905181026,-0.9784619266278058,-0.7654159736540873,-0.3776788186395026,-0.7947755788019595,0.2570914715296997,-0.05778133523194251,0.3208428686599729,-0.40235556926965166,-0.7502710142543991,0.4858234615629269,-0.09126513967399896,-0.8591945338215401,0.9579859190322495,0.8210123288632454,-0.31724561936802465,-0.4557944245712773,0.9759188151504341,-0.2369965786043191,0.782233495346492,-0.7743248548075805,-0.06694863101973292,0.1699571485587359,0.7524846450948814,0.3828738460765202,0.5889112276927249,0.5169190658793885,-0.5507331710630758,-0.7938996689234235,0.9952106137835874,0.20663213669858016,0.1980939636392156,-0.274901237468532,0.7387225754553886,0.32982122144895487,0.6734182343125199,0.926488838083704,-0.15665176426392025,0.2761198148904753,0.7303344871095654,-0.4395928704392167,0.4481047352022325,-0.4482687278876998,-0.49665839016042024,0.01564710332199426,-0.16070928175779464,0.6725924946553865,0.9661732220152213,-0.8338132796745583,-0.7977380348280727,0.611982978665065,-0.5145115616055711,-0.010047834792910049,0.1821688776279542,0.3312569747232521,-0.7920690924331169,0.5618438545802358,0.4170581771114761,0.12134152064681958,0.6748240525367868,-0.2483553199972537,0.03793357119550489,0.8504861841731821,-0.23482555088250012,0.2033246175616632,0.1806860691041594,0.5871999359529878,0.9081429555800069,0.15125104926397737,-0.7650532727430821,0.5280613487752424,-0.27859834462222377,0.3452187882260276
0.8075792134375239,-0.15634134687060808,-0.21250980022119004,0.4886195516566174,-0.30539109338688153,0.5762727028168004,0.7044660666695679,0.14668984507637117,0.04553078170532321,0.8803940027757395,0.6263213426652638,0.2562366983948101,0.5552615438669524,0.33813673120858234,-0.9487188575261902,0.13385999472048415,-0.9517111535292675,0.8918995161199903,-0.8023915992337938,0.8413393856904492,0.6037904922421957,0.45811473513578127,0.6988601668319798,-0.4929715490551454,0.6367368650885179,-0.3119005508366459,0.9471591258881775,-0.5025978345180679,-0.1079860212846131,-0.9044017743391932,-0.08359085471772532,0.9819513802946704,-0.47365260469002823,0.587282049068691,-0.5812379634607172,0.5416178086919023,0.09455543232391639,-0.3562376984848863,-0.19735825429381215,-0.3029217156623569,0.6309389050611556,0.6894396916007459,0.7132927192579128,-0.33247346651845144,0.23280545381061368,0.47971865244441725,0.6724712992594186,-0.544858152918009,0.6573662207400077,-0.7974036646757825,0.44388133422184706,0.27890347549416505,-0.3741513099998277,-0.005614613898470955,-0.6276157087599565,-0.23460723158494967,-0.47063921606576464,0.41479217239380817,-0.29881219063697406,0.6117949998046321,0.7915604615429521,0.5095416927221024,0.9186166699013589,-0.35448044514764354,-0.7770387949080804,0.16369367108535138,0.8176606521922241,0.40045660201173616,0.12097058141535055,0.5135411554563232,0.0765087183998241,-0.2040575352538978,0.39127217346333487,-0.6027607754861761,-0.8189155651380784,0.1959387647315456,0.7538661012528862,-0.1907258204786657,-0.47325990876904966,0.4317762008333794,0.06565550496875705,-0.2064865211690623,0.842516651529672,-0.7927479469029683,0.9121499171299092,0.6291461717555589,0.774902206636775,-0.41217548231154644,0.14021356360234716,-0.8355767976666051,0.9988777819994814,-0.11492789050736985,-0.9184543155744138,0.09597443275171225,0.3350426553588699,-0.4524234082347276,-0.011014145248106288,0.6664959295850856,0.9665245893444889,-0.5092965234050759,-0.5483346962875739,0.29579010324962907,-0.5680638083014384,-0.9751632914424966,-0.5126395975859392,-0.958452092743943,0.224441028882165,0.6758614396892471,-0.1709483182978282,0.10245230791527904,0.1361714034116135,-0.17535286864551858,0.6958095508600977,0.16179122626210485,0.25451021753932324,0.7772082820883792,0.9582621661887136,0.4935855606420676,0.4134918570041257,0.9638323838110106,0.6068521708507137,-0.47288531912394327,-0.2595429962200744,0.8001057196483883,0.8738443439410002,-0.3596905538384749,-0.28585165624260256,0.9161821856081345,-0.7310143959274509,0.7198893998182994,0.9725115850930632,-0.506209287113591,0.07655084995863537,-0.7424706504252345,0.9620220499855197,0.5684372184500726,0.014907668655423922,-0.048524580368997094,-0.373030437457448,0.6145071361406707,0.2081831727597776,0.44021249336515034,0.4351290718040537,0.28993192280073465,0.10814565153535494,0.9701541695589393,-0.06942712859610567,0.1485183065625042,-0.8935970893466643,0.23761188146279677,-0.005734107031480695,-0.1276314993998744,0.9063280224172561,-0.6573176380676751,0.11991745901805562,0.1179920829873915,-0.8849084690832849,-0.3047937977816695,0.735154296551779,-0.704239754918563,0.36401401988286186,-0.8691744811127449,0.4377375882281418,0.1395072527529606,0.8947022541840215,0.4555210028227712,0.4272243767639772,-0.018380367296486844,0.4084356392080364,0.8854963054263112,0.9724131881631317,-0.5695917209714529,-0.09577655330560697,0.07679140116581262,0.34933524287732043,-0.338933509102995,0.1397147297623207,0.7519373969428975,0.8925355733505189,-0.7115338628545367,0.07922522694138512,0.36264345924366204,-0.37108281459310555,-0.9864493165777846,0.21918886978880936,0.42422742775777444,-0.28330097217190753,-0.7606332335677608,0.9547076980920641,0.22770091986102958,0.05954395851062877,0.4607606852234485,0.4651126741561138,-0.5024009349974701,0.20305093785724337,0.5176420061229197,-0.6413183683791845,-0.6375238145964213,0.2988140274409379,-0.01004989849527016
-0.7609998087318226,-0.8217885480201033,0.8922942787938606,0.14800577910138069,0.8980597806774535,-0.22509771876165363,-0.1848516258405044,0.3928301107050114,-0.7229809932818183,-0.3134093257339359,-0.8082734001994822,-0.28968609605117224,0.41452590272368317,0.7581290640237053,-0.0006363527367341248,-0.630867238931275,-0.19714449047137372,-0.5467195905566116,0.9712720460776278,0.26601465167952165,-0.32055965882945836,0.5036307736341339,0.047734547522184645,-0.9591984766825847,0.21231885345132473,0.9640202456284819,-0.8817075985266256,-0.2537060365752828,-0.6629737764339314,0.9271995124985086,0.0582419337716471,-0.9906779478958301,-0.23049295982325257,-0.944692882894901,0.810290091754178,0.12672940455132742,0.7187172482816759,0.9114234026132964,-0.6230358088540771,0.2417447939247095,-0.6364265898583235,-0.5632522854838615,-0.3095040753935907,0.744194189953522,0.8252292596499795,0.19943661055219608,0.14797002340746346,0.782873532782459,0.41273513206799395,0.7593438889381827,-0.6450159772138488,-0.7023004917150517,0.6379908985660441,-0.9393166657971947,-0.9224514374838317,0.07517969441761863,0.9160627393968026,0.8814080226463537,0.6144096692539447,-0.37666930355083195,-0.4171381129656,-0.3018919574762575,-0.6391664804502379,0.03697769593276523,0.8004612043458457,-0.004697901112441949,0.20700673990328022,0.9946838112651051,0.8399982800691825,0.8756365247766238,0.8572129407299756,0.09596086787834945,-0.22230831110384108,-0.10412883841974896,-0.767236744333728,0.10892368950640519,-0.3233121149804865,-0.2686129787358438,-0.5210972881259464,0.6351710035021327,-0.6233196289233274,-0.19143061277880702,-0.28335718723201486,0.8332210031501297,0.8422492963138728,0.6218147254526818,0.8193361261436345,0.4152748697193194,0.678124406801659,-0.8024392597708978,0.039687605067394216,0.3270251997531075,-0.35889387262065675,0.054674976512740336,0.15017358514973367,0.06385136427987836,-0.21163016919905742,0.09276224141118683,-0.5981358247613675,-0.3593671599704673,-0.10419085974212572,-0.6039169685101637,0.8884945605149757,-0.1473616003358651,-0.1297223511775294,-0.835222222053031,-0.9523316995614857,-0.7913629960788118,0.12250598496354348,0.2193264721156456,-0.3882048353908272,0.9845747170799963,0.541481543886571,0.5416854721911608,0.39780330740087533,0.05510025965060583,-0.9167349161493943,0.8935597105203195,-0.38576033872228077,0.1749397180654313,0.800552689601107,0.08557406326172878,0.28186485638698366,0.4785141057961586,0.06858426374142024,-0.9055849020664664,-0.39410815559474544,-0.6235219783817887,0.9283742239738058,-0.895129489544837,0.6507885110998952,0.7474104081661113,0.4770801739152495,0.04796887709529396,-0.643419764805651,-0.2583521503041182,0.3983662284124001,0.8213242026342922,-0.8026985308940151,0.8999286023632493,0.7847121539945474,0.42482115805611786,-0.8540730369979952,-0.5927835331071138,-0.5865261171587508,0.28084228356207963,-0.9688145809585769,0.8441726771218885,-0.5879403218579189,0.37877904052035527,0.8486244721776497,-0.990522430771652,-0.519225229925004,0.6272754954583195,0.6626080770902438,0.9688039299407265,0.9741709886478747,0.653144422596273,-0.2564324450852917,0.6755746215873768,-0.9104864276062103,-0.716661161202913,-0.5076536741589943,0.33706561115660194,0.7638895798054006,-0.15431879937059123,0.1410794661964836,0.7274867579652042,0.25238082274406026,-0.5902474382479075,0.7573620923360638,0.4732671367188719,-0.4547701268016786,0.38056251421909626,-0.1682252612180275,-0.17272029255134225,-0.4438266330564882,0.8021516083105877,0.633449282932659,-0.02356701711676301,0.20025925353809737,0.25307419437949563,-0.20906305250824486,0.39200353275428124,-0.10174359189140447,0.32592606081812625,-0.5540508170347758,0.27519411019057594,-0.7694431966703561,0.8044342814563221,-0.022926389180119244,-0.6332828769543812,-0.34524287034024703,0.887006249131157,-0.4870016730529487,0.3618112014982606,0.8612386389824633,-0.2035909252642576,0.07252017090378637,-0.4305903486086713
0.14021666737644645,-0.7830158954711366,-0.7611985892816449,0.6457549614548628,0.7680531174261287,0.9004181487337211,0.10949997375092346,-0.004065570223507731,-0.7457699400450952,0.9911169266059277,-0.06208602370590288,-0.7813122106878962,-0.5427098417575471,0.6661894677290894,-0.6310433434902427,0.5250828220489141,0.6128182272225673,-0.5164963091023471,0.23064165370020118,-0.12378287705263014,-0.7144825839694766,0.19400295271168,-0.9178961863685138,0.8672311828079713,0.5335803624169171,-0.6220611517347514,-0.5791372846825398,-0.36415737802151016,0.13760270199494262,0.8971788309918423,-0.3173050156312056,0.9008287973821485,0.8436795499254615,-0.2997655650670019,-0.5987014040118037,0.2882703402106188,-0.21737627118774738,-0.6938049652156042,-0.41638880214699214,-0.8727012392098368,-0.6320736761806365,-0.6113218168036845,0.31602443339200437,-0.12225681505635877,0.7426746255238428,-0.8612342351165072,-0.5084477573385828,0.05711320471475312,0.11370626332011802,-0.7132730998527506,0.9283530759446852,-0.886573745140943,0.3695256570746204,-0.180151663451682,0.06854753222259591,0.23717245043042978,-0.6601695161450005,0.8656011271723547,-0.2592557066912946,-0.7130270465982018,-0.7924148040366679,-0.5326760708406328,-0.23757322127489822,0.12542331305768384,0.6274121312428602,0.5373908663832363,-0.7607158145755082,-0.5509638523731195,0.2565731858491185,0.12727751650784214,-0.8521519747407236,0.2977252576350926,0.8216229152147208,0.8744218732638935,0.2895803062029889,-0.4350630985854569,0.23209818283866546,-0.10065758362053234,0.4961388146529948,0.36576234535220764,0.2252170033759222,-0.3097074928860204,0.9759549593433374,-0.09003143788681811,0.8388530447867029,-0.6937241635587337,0.07290935336715432,-0.27972970569372424,-0.711185197727926,0.27418642835287055,-0.6512936806225824,0.934740012712058,0.9982809611739358,0.7638749802159763,-0.26384380847207356,-0.958125748757473,0.6109009578802833,-0.7120324515915679,-0.08013586088461522,0.42137165188498815,0.08299705165153215,-0.5460287781433857,-0.19553810171746888,0.6802706960812197,-0.29411725389807053,0.8837621868519836,-0.1577186899837586,-0.16454874782887807,0.46689858216511904,-0.11221422326007291,-0.223114289886994,-0.27287947628198084,-0.34797803066114463,-0.20223387877472243,0.44661542072797955,-0.5881698392926586,-0.5660813791663966,-0.6180698488893124,-0.6107961245178433,0.7472122718290506,0.3186519560832646,0.2377525026115015,0.8007086584475029,0.0964110324150127,0.52795315969107,-0.18358382024144193,0.28800009648351343,-0.572972634541548,-0.7173370201851064,-0.7826996364768044,0.30447488207101525,-0.3993594511646621,0.6657757901509529,0.5491553227619963,0.24719218033727763,-0.8982285827486256,-0.5656437227475175,0.10338614717013606,-0.686561306422182,-0.2314189979862873,0.035001716491338764,-0.6393695333123315,-0.11403931641823961,0.3879392177828145,-0.2280586575360164,0.33398707467825384,-0.4533600362594046,0.49194339931950215,0.1267280097192529,-0.6882886344009915,-0.19624703265623555,0.5637178242331267,-0.6043805010514967,-0.17742053692801774,-0.06284047297092576,0.7360601982245696,-0.7388898318615518,0.8625049365562942,-0.36757079347434596,0.8660404348878952,0.2246497948555366,0.4706352446688058,0.7518331413761024,0.3523788168588966,0.5739245126449919,-0.8284998830934456,-0.9826626342509421,0.7244985382178983,-0.8944945882035997,0.7052018506817068,-0.3734122375911082,0.8036075138553433,-0.5939858594002678,-0.6987941271371159,-0.5739762886231865,0.6813570270839793,-0.27411987448883535,0.8184912102743986,0.16689704216294188,0.6565090186389837,-0.04982533546357204,0.40720643364217857,-0.42051790202795747,-0.7970010220656407,0.12377511203009472,0.8016341161811549,-0.6959662115088592,-0.16962826075493598,0.06461036071526238,0.2365777851593478,-0.6834391569843283,0.10464241547409414,-0.06086464673485459,0.9666060400193126,0.3799274243115589,0.807303223749843,0.9522494541609352,0.3277381799429926,-0.706707419318187,-0.11019222293691455
0.5113470262196413,-0.7288025188411504,-0.23810171376447253,-0.24126049165606434,-0.6590840851196931,-0.9600917609605883,0.3762429950799502,0.6359034085629018,0.8618843621155099,0.16978240865335237,-0.6363326691488413,0.7879760864355663,0.9405934138859364,0.8932081561053056,0.13356601214153785,0.7712077251043414,0.9756305975468531,0.7729814107711339,-0.8622200164610823,-0.7301131989951268,-0.399790917674107,-0.2127684963231682,-0.7010280026350646,0.9857936044786701,0.5819350773157834,0.33780773277777154,0.9231502210233027,-0.3586028323717496,0.4228163628694692,0.8975235489990898,-0.8338546104027056,0.20562511658029115,0.5986353381685896,-0.9680889305194886,0.7820953963745048,-0.16452267778364127,-0.661879683059216,0.7025056519018973,-0.6159537060048761,-0.4395083191687408,0.04086321449696806,0.8318501118338755,-0.020781899711973306,0.8116333062482166,-0.8959778599529697,-0.522392143301444,-0.3867277612818274,-0.10213786369332789,-0.134100655652317,-0.9190885234946529,0.49999524645651405,0.5195301272972432,-0.08382495255156575,-0.839511627958434,0.10254822718164025,-0.7387002874606845,0.9564973253987006,0.24833931044754198,0.4692825313456743,-0.9615756824208728,-0.2386577695661427,0.809069640489235,-0.23996613340978135,-0.9280336842642982,0.34380783543413407,0.3937121834627084,-0.3287301753939109,0.6062920616952212,0.7072533219106951,0.568240708478007,-0.18560992617487138,-0.31574262481421056,0.8858125112390383,0.4382342139123072,0.10476529885684593,-0.022339161013944064,-0.4666549401982707,0.8267147012036176,0.8375522296400058,-0.8304093956131464,0.3324451880654944,-0.36277215389193396,0.017582563993620015,-0.7729494568257413,0.6215101648647461,0.6124533081362151,-0.7859007828986493,-0.8511707458331106,-0.2532234182214861,-0.6919877443923235,0.6029141133568483,0.5577533556131582,0.7273807983906797,-0.9807095121874345,-0.9731055537387205,0.6139724901487649,0.7403191910521898,0.2349213372227963,-0.6875124188847108,0.2522527570373465,0.7426987583802602,-0.07847400559480633,0.7468028713896964,0.5722632656237194,-0.7883345244442646,-0.7560432097887038,0.40829526094667523,-0.6009573799669421,0.49212816248181346,-0.8376888009075105,-0.8165922355911972,0.9027838422594356,-0.992317729697088,0.5831854594588428,-0.5338485060599589,-0.9000027370903019,-0.8411760868593909,-0.3591900970719497,0.05866696227548385,-0.04791178081108738,-0.6054004921281693,0.9758591576710398,0.21091565052083094,-0.6278702397762173,-0.4238730112975131,0.35231866824346847,0.7300164529815156,-0.877467312775309,-0.630144305414194,-0.9873732167548195,-0.6482981745274312,-0.6045590003838899,-0.7122144568238162,0.08399687074771633,0.9454474328360793,0.3999340403677567,0.40573618950942936,-0.8484404804080947,-0.6259038917926505,-0.357189107592609,0.9839608256178429,-0.6751528472502832,0.27059384936154474,0.18461640621303754,0.20310792941275202,0.013308907160088035,-0.4291939702889589,-0.14695338530913316,0.6489371410721396,0.4708863085623187,0.06110169003878618,0.30968433455461364,0.936278085165188,-0.49666365561710113,0.5085941875169302,-0.8706933250781959,-0.8744340465378309,-0.31155349459210857,0.465828360027134,0.23969077699855146,0.6354070220901784,-0.8400967765743284,0.5288676157391023,0.43221942254799606,-0.9760021123712115,0.488537396110611,-0.8235366297006899,0.17627724664488587,0.8326667683493594,-0.27704042646175675,0.3621616304741331,0.3563911014690413,-0.8682423745214771,-0.47512539137677967,0.6794503527740237,-0.09842609825562665,0.4843852938855493,-0.03910238488847928,-0.0006101384722119185,0.5268249584598459,-0.37305065176014773,0.9981948546315633,-0.6194298978431281,0.17445825294484107,-0.914601032572022,-0.29421007022660395,-0.07011036753692257,-0.07671956234622357,0.8468920409120864,0.6929632119121123,0.9445521295553696,-0.07275228398021572,0.7981791416465129,-0.09564718376569692,-0.7158342191895963,0.5011041668886567,-0.1608056731576606,-0.9510403592383601,-0.7211359472831294,-0.3665530028722086
0.979524267766632,0.26438607498085376,-0.20116349509790465,-0.9720996702554634,0.5827502134055613,0.3235441432202206,-0.654440102710744,0.18587432721321173,-0.6321807620377276,-0.8103075919093288,-0.21741671156453757,-0.7002003450559069,-0.3253695637321996,-0.9566386565965053,-0.21553620460158096,-0.3929557378623165,0.9103915222557581,0.09865726944311848,-0.5445214183636597,-0.026930457251891582,0.4474584087600839,-0.13428751475948753,0.8946617819606824,-0.680358700642852,0.9381998280553401,-0.8804791666065246,0.9228788332046791,-0.8661878414012445,-0.35343499919736243,-0.04659949827465937,-0.42135628847065876,-0.5296951604073838,0.8866759761308369,0.6072440924704647,-0.16730917259295475,-0.9740648127070559,-0.38398464573161895,-0.6827952066275402,0.26091807053404925,0.3681151363027122,-0.14200513643582524,-0.7563052237165597,-0.7411438445801033,-0.43620575456176347,0.4495135005318327,0.614248569138564,0.728195073129736,-0.2608649199407149,0.9408614109981512,-0.8737500158293579,-0.10584358319627474,-0.16599884262517328,-0.5810880222234616,-0.34759876596507766,-0.5331233008184117,0.7437475607179711,-0.37492591688228516,0.8314758226549621,0.9450557451872181,0.573612276919653,0.1099914959185917,0.15443959524956363,-0.33787855955467316,-0.6112444564423589,-0.7457343047041611,-0.3563344958186878,0.2653634633462869,0.9422713653949031,-0.5421465976818669,0.18566956534068457,-0.5259642479818778,0.6393139697477082,-0.022824159811466682,-0.06049491628174408,-0.9612054182073468,0.021920932542207172,-0.8088346811511615,0.5003846458845653,0.24721399428926305,-0.8373846630865998,-0.018119045157890756,0.20519955307886795,0.7818211458197872,0.9165454913351956,-0.4679853608172322,-0.10103015021120809,0.5548664360222475,0.5825631584218991,-0.44757926893371924,-0.7138332819375031,0.695545565750588,-0.8819574941136401,-0.50682876671354,0.2661396414496484,-0.3455712444161063,0.6496735605694728,-0.03489375767293734,-0.7077596070813497,-0.45448486571509217,-0.35992866032276005,0.970569138440017,0.20954204921742514,0.07262033522215972,0.6482728840519276,0.29168315512232557,0.9154513913945728,0.19517437525214865,-0.759275163775391,0.46683983595017997,0.47098976201968923,-0.6101138364746841,0.5976969972868151,-0.4350874834026923,0.5814186092616453,-0.15401734857788552,0.6371730693087132,-0.9781719699773639,-0.47802424126505816,-0.7118807986959312,-0.9494326110359843,0.30326993232947985,0.5247472587439899,-0.8425806556845956,-0.07012103832070693,0.8196132480052076,-0.7047705136733489,0.2517797407808817,0.1105287247445943,0.1876901305338632,0.5169231342388243,-0.7845102558001433,-0.4528958878525611,-0.4481011003586548,0.4125934631607304,-0.09333303146417782,-0.6741978140699814,-0.7429286342441483,0.9122111203812988,-0.7521701149281341,0.7354753960153166,0.10515024478884794,-0.2623560109473342,-0.3694625372915814,0.4410024937246597,0.10025423803128675,0.25778067759066237,0.2926566351038846,-0.20892460379006828,-0.3467790691095285,0.6721466446002051,-0.9309320204910492,-0.4341821622250355,0.13123377794759516,0.1370592570212701,0.7665192263082916,-0.8882816326204439,0.43454046120739154,-0.736266486396244,-0.8722441952385198,-0.8642106929434623,-0.6968601479790626,0.04556116705211588,0.8802455770053534,-0.5299728052041024,0.509319131975128,0.9446388685268317,-0.32368390141191017,-0.1747164228026108,0.501701385819562,-0.01508859693169784,0.09022276196107937,0.04935868704844881,0.28363741620970795,-0.20801966347416334,-0.6900319822416081,0.645691902778651,0.6287283034213567,-0.10300370813816118,-0.7695017045324435,0.8228487501839556,-0.4784906174630501,-0.5214692494792614,0.2895171595144559,0.11536915636398182,-0.8950337969824291,0.6857863619519438,-0.548960261364382,-0.9152103358182926,-0.561998192093853,-0.534668699652463,-0.6947385079499928,0.7409662773858474,0.0011677491584272115,-0.35409949142448216,0.5119261538137583,0.3405260055632706,-0.9614885373376767,0.5310733510500103,-0.015545472152335593,0.3392841475418533
0.39424949012605404,0.10006216269674195,-0.9197399586420596,0.17933732324846963,-0.5823267813100519,0.1654783709565557,-0.9856952525767457,0.4036484223697696,0.16316643180917123,-0.2637635393567588,0.7971579407011966,-0.6716416418972391,-0.5744433380327247,0.07245996605381277,0.8304013256382909,0.4885077867327905,-0.43716570339133276,0.11252543887943878,0.021759247607287424,-0.6802733565148362,-0.5968281663332662,0.21523702526507105,-0.33102851814370715,-0.34588383290278735,-0.47931630324374974,-0.7616646788945403,-0.42923653942868456,-0.9423650436767423,0.206735714789253,0.3028172354675287,0.023610215932378997,-0.1886183589012913,-0.6303359253303187,-0.9166798235855691,0.6092716322351934,0.4856268157524397,0.7484686405298588,-0.5997147297895062,0.1404139509156721,0.49454607514455584,0.6658593966029556,0.348412665938473,0.7733043073603236,0.6357205853368431,-0.2781233569416439,-0.8912648909117269,0.2522352670104808,0.13369318679282816,0.7687608576351723,-0.4953348455308966,0.022198766824789606,-0.3801968691891382,-0.5671528901221277,-0.6381617060250342,-0.3321359722859756,-0.000814572769477051,0.4398842064823465,0.43993855010507676,-0.08423133217946477,-0.2184912174669955,0.5077172840424966,0.8416379018378592,-0.039648852335961715,0.19348074920985803,0.5900063512739717,0.33404862668155166,0.8756503499823576,-0.8446517494861736,-0.7854768204031535,-0.9994585237997562,-0.9376001265752802,-0.8999439201181236,-0.9775761820854678,-0.45153735682130725,-0.9999810412012555,-0.10987877277402713,0.4574964578168228,0.9224167936963914,-0.8055346600184168,-0.2639004705055261,0.2915442316351151,0.9418803963536866,0.4836929720110392,-0.25435806697458774,-0.44004263851810954,0.307251945471682,-0.405060145699327,-0.9300144925933824,-0.7598469659380598,-0.716323833722984,-0.08614470168760802,0.8644912822151476,0.9665661275469768,0.829132127831369,-0.7593499583094365,0.2734195700922686,0.9048499864612312,0.585525051211828,0.7605811347222784,0.8640863519386173,-0.6508374212034935,-0.7748264657542816,0.4496180599153461,-0.08951084509802198,0.7728800114956051,0.38983715411193387,-0.4537308920909937,-0.9548821046519769,0.12646130442209524,-0.8734323124373851,0.3836030386879272,-0.5690488507575131,-0.20492212954134859,-0.24514995470794876,-0.9256776646163549,-0.13502495243473045,-0.0685968337591849,-0.6499542150958313,-0.9734618726855415,0.794816226423289,0.3132200548501347,0.9188577647437608,0.7527516526106435,0.419803489470014,0.4377416741724487,-0.5946027368017881,-0.46543112360815897,0.3424851189846163,0.9263792167900735,-0.6238603705939876,0.37935040068610193,0.620707854657599,0.9916749097434017,-0.911753790475117,0.12642393760967963,0.7139964317581726,0.11788879263619223,0.4058938695270957,0.5839275454211366,0.43113864732468965,0.4850519306554575,-0.4269657825822415,-0.8231680006079514,-0.2654056928119439,0.641428403146195,0.08918148523412217,-0.2534650764077704,0.8036417867432872,0.4523972056958683,0.0815340302243186,-0.3585775236011304,0.27862836937290036,-0.18599670866187323,0.1604235828187941,-0.25578016836219786,0.9670255831992196,0.5346265776820411,-0.7047336278225858,0.3453158848234894,0.7788581623809139,0.3514213940839259,-0.1843484437416667,0.9227728311972518,-0.8271088808454292,-0.4935993867401429,-0.7247170160292973,0.8494381511013014,0.29092828134529536,-0.09846251079882218,0.07842358740866118,0.36067533737832513,0.7794818139486868,-0.3130924775249828,0.836597366030686,0.9654281828561844,-0.7098990142525354,-0.3167002418605829,0.2653948937656445,0.48958778618913823,0.702195715885394,0.14738518207551965,0.9544639560022683,0.5845555991800544,0.6493710084738553,-0.20729964849735216,0.646886742397786,0.7614460306149713,0.9810078665820305,0.08799347344008712,0.03913769280635271,0.1509291828280761,-0.4905656734927706,0.10089712835307307,0.884579720567195,0.4794225279507387,0.368021379556551,0.5754484882190782,-0.021640015886406072,-0.34902540248848957,0.6729375689761785
-0.2533557482294635,0.8738561331474857,0.04624205316442076,0.6387217997431713,-0.561857155307838,-0.2977312840547217,-0.18400310445128487,0.5031310318105009,-0.7871467437473714,0.28093869453522946,-0.09269182152001298,0.6686985596111839,0.7904687040048677,-0.6233377349942641,-0.9988077596845697,0.5871879900884696,0.00902217328451882,-0.7843982652544541,-0.7112889004373,-0.855586652533153,0.9002212033652652,-0.5163333005338824,-0.18776025916848194,0.6504639120287301,0.08393376526606988,-0.8068255491323686,0.6289887009711053,-0.9529887733426692,-0.9378051117690791,-0.7578489302532763,-0.6285717662027985,0.5521357011866794,-0.8573276986625515,-0.49313219707311173,0.9020253139578243,-0.156164944993338,-0.28497142103932727,-0.19399838133799374,0.39563702937306244,-0.3995690443639519,-0.22450537420934547,-0.5831031903060286,-0.14295223922643419,0.1793815928631377,-0.043121030401891636,0.22960635413730413,-0.9162502336633591,-0.01733306084553221,-0.9369639232755476,-0.36073630524431244,-0.9379193595680271,0.40126300563808504,0.7223497450028618,-0.23248945544782362,0.07803460612576285,-0.8039863642647616,0.37718228380567886,0.24046344877236692,-0.29789015726562895,0.9427247000463033,-0.019383072932983803,-0.9453437420730697,-0.9226568495814762,-0.025103200092174704,0.8117508305136654,-0.05025642734532987,0.08746990698648749,-0.8340706341655626,0.44855727002963497,0.43121697949318305,0.8446217789352777,-0.09062760502321865,0.49810444321308567,-0.5172427206693779,0.9680004934859201,-0.9313157003689929,-0.38037284385225534,0.554327543140055,0.7092843868017045,-0.5668892917973214,-0.1787858144200778,-0.9794120984699759,-0.7432316900278768,0.7254333745724362,0.5616698120271524,0.8710763678892632,-0.1111400564149081,0.004145222622651934,-0.07364004440991367,0.39426209874525586,-0.2236437827153852,0.849960946078046,0.3074046332289415,-0.9025702438771084,0.17132212396962276,0.39643312270546427,-0.017801997454186314,0.8045234896499802,-0.41322104851074437,-0.6745076322582888,-0.4194266855549762,-0.33716879149181245,-0.780650858777652,-0.6904076193486934,0.6747488688948846,-0.6017538386263521,-0.02750509606238216,-0.9886150004371455,0.5514802298624928,0.6136053152959275,0.810819926509732,0.5449253376829566,-0.9122506484050061,-0.6346444007244312,-0.3198591788773897,0.36606627082183674,0.691076837380991,-0.5425349516596207,-0.11066717194887254,0.4015600524550844,0.8233103918446532,-0.7969245588118841,-0.7215893844962269,0.48071278600092127,0.8933448583663399,0.12554150855061708,-0.1238054112174265,-0.2666487128386297,0.39784239873250504,-0.9589247896014332,0.05035044100417885,0.3876241798443838,0.26966399764246685,-0.7873437789287481,-0.05268399367426557,-0.4421955878095163,0.11456311795186624,-0.15548953314217107,-0.8696493195408144,-0.4744488466116634,0.8973240653381096,-0.2847148258294834,-0.19734605391154347,0.8385489023213379,0.8132324804047906,0.7510659566153179,-0.757978245256703,-0.6760093556884301,0.14084124843464352,0.32928189928109997,-0.10779576510396671,0.9930408827352357,-0.2533662683163811,-0.473986633451585,-0.866362229423741,0.579996327404122,-0.6289796295446082,-0.17348846620545055,0.11933316349619272,-0.5355034142367949,-0.7052255377122298,-0.7335703559720197,0.4029478041933441,-0.9776127581021405,-0.88001202776736,0.5761741848612638,-0.7744948338782323,0.33182238438557854,0.171145700373043,-0.9822850182154159,0.7607692899027725,-0.7258764159749569,0.8414633161377332,0.7211713713465506,0.6024505825871385,-0.6226659765238114,-0.05048089506811748,-0.04253129342015849,-0.8019059721765225,-0.22428492377649945,0.2667931262706189,0.08280566124160282,0.6077399115401287,-0.7077752103346238,-0.7460888347350714,0.019735785505214487,0.7223709487992229,-0.8640119660245122,0.026769175974531656,0.9747234295694542,0.13231481857199534,-0.505864357546852,0.5068274947033615,0.6795418951753303,-0.27655497286307007,-0.5493159021738823,-0.47506309440148686,-0.8806539661829034,-0.13625793095068794,0.7413374531341728
0.5612639992628818,-0.9446695269255982,0.3433119613900071,0.861559962834153,-0.21844754442828407,0.21287302429038935,0.7338708523619331,0.4972170130537137,-0.7453472989892096,0.22979155107420524,0.5809351877800715,0.7774882824202154,0.2920819203834413,0.5108603333733148,-0.6854297482767613,0.19795770229784382,-0.4247446433136839,0.5461983393886001,-0.1345169454839561,-0.9381719765466983,-0.867332047794958,-0.8303146704364663,0.7833009328998328,-0.7088724259597352,0.28280024290008154,-0.2609577435644057,-0.21346531389901835,-0.0709858141814641,0.6136227695149019,0.8342215320688877,-0.39300622289889353,0.07058190711283485,-0.3458244663577261,-0.38371627248259044,0.8969918857501726,0.02287992071788758,-0.22781229380640844,0.7423181062863424,0.3769033788079186,0.3904991233376811,0.8469079983559815,0.21040963529559775,0.32201765158498374,0.14797622169952596,-0.061343798978995556,-0.8180246101107587,-0.020648926865657558,-0.31517995100112106,0.033995160704354266,0.26273174677691413,-0.49681412236211653,-0.4635767499482504,-0.4574975986070706,-0.4221060783500401,0.027035820899042884,-0.3738967340168382,0.8116216409826926,0.8144352620752868,0.13202984916070948,-0.30297356885163973,-0.3873047353052119,0.6514704277366172,0.03534352296739973,-0.1769215125065724,-0.4721797019576952,-0.15230377510659965,0.31822225732136933,0.5366281064309735,0.78110079149743,-0.7214446544312774,0.5398180587341215,-0.4099694015090758,0.37420676180690005,-0.27702612113027225,0.0855518363848804,-0.3577150224974084,0.5960612813039188,0.1634980517642599,-0.6531687808452433,0.4491853970697899,0.7522913409987257,0.27719071875553025,-0.5885323494951242,0.5798900519824659,0.6607785275186906,-0.6338443325866274,0.294954669618271,-0.006088623777052549,-0.5087323726470734,-0.03131336395380724,-0.45851901274198426,0.13637877194701464,0.07481723042427646,-0.7073201648186787,0.21196751403883463,-0.49492861145095124,0.9330274071777167,0.6262290559810908,0.9677351324719334,-0.9934658547260404,-0.6221438227297191,0.8682439961256214,0.8556114210941732,-0.09047886826468998,0.9817075066364433,0.1671672138744329,-0.4458166731727362,0.13490728170414545,-0.6016199698194682,-0.8980139198664183,-0.14458540636133077,0.9633933229678808,0.19054354888318725,-0.04726369027536781,-0.22623061667171163,-0.7611104527156449,-0.6377905439895899,-0.2773301339130936,0.6025995760290321,-0.8909957104767172,0.6943494240981336,-0.44528795618621086,0.09698139928613059,-0.4631714205827995,0.5677412762625607,0.851495619759308,0.37344854210710343,-0.590214520097712,0.7826230773373983,0.13313467889845199,-0.9802878035391565,-0.32478821312135087,0.24872004567938966,-0.4456523912520991,-0.1403947138684949,-0.5390233364636063,0.23662380283566242,0.14123420047352542,-0.46652844655735004,0.1052315883867656,0.6815359925681699,-0.6965942081368854,0.10742049789607533,-0.3665644114859221,-0.560255390825237,0.6114206160068467,0.6502387431751488,-0.5937175819022764,0.2325932684159362,0.9089466357290115,-0.8176444981807431,0.48091221770841264,0.9573449935627878,-0.46054168329312906,-0.027485845617007065,-0.8086326830656387,0.6907645375490516,-0.5580530279573128,-0.08098677382458441,-0.6687148825543348,-0.6529137802477847,-0.559316765077849,-0.7852261811022705,-0.5224585135107995,-0.38301152832518115,0.15927514226578543,0.1994326688288084,-0.2265934132610976,-0.5732243771526109,-0.7992667727577358,-0.8360057263294667,0.42485002345045,-0.11494488790056812,0.4783287776726246,-0.23104895873984144,0.23010584340533868,-0.2396747317459198,0.08252924330615752,-0.456553396506179,0.763612608213889,-0.016960346152629313,0.579175515102546,0.047870760296117254,-0.3558399674189716,-0.0019356979793410112,0.2312756685599784,0.6764379060594659,0.21310787209078041,-0.25407789432233985,0.40691277500028833,0.20190709586351718,0.3978576910984284,-0.24467146145728758,0.576139903128241,-0.5857381788204856,-0.37157643805048646,-0.18979543038991453,-0.5024686796228024,-0.41864237340610333,-0.5382090452396266
0.20087127205327993,-0.06057395099617424,-0.9514480428920364,0.8705310607449577,-0.5118542068380527,0.39516182340227,-0.09550838599995282,0.600201279250969,-0.2222602431229277,-0.3096316999268447,-0.23805813460805836,-0.018085056002559607,0.4483569777805738,0.8183760706206831,-0.8210781896507391,-0.49014853912249134,-0.542886327667212,-0.2668104929983819,0.9941981622555716,-0.04293849828692986,-0.6629166868457681,0.7072938916905906,0.2900178956563739,0.1982104410370671,0.6202843069391284,0.6918050950213268,0.9583229926443708,-0.27085632014306604,0.5214204822269108,-0.8200549973978917,0.8316998356395016,-0.8152464387498803,0.3906255893830064,-0.8998698554874791,-0.8414892774037441,0.8640201874844033,-0.09379833714620278,-0.41369437960335564,0.7170005058630371,-0.4429730792193307,0.8319257525506625,-0.5418226657887641,-0.37680330624239455,0.0410159389194682,-0.5363687295941992,-0.8154580351569556,-0.8957069281844938,0.30924382482619195,0.5685259084675889,0.90767776767622,0.8830175659223636,-0.6481121437513384,0.09587710306418473,0.8840322110543251,0.789844008802268,-0.5275095549645752,0.6154574597081859,-0.6092299878204714,0.4250581275976817,-0.8652357939953161,-0.7969793935262544,0.6345795211664376,-0.6425388077802461,-0.7517254385492309,-0.07492574224712478,0.5217205639024165,0.44641699163502424,-0.6945627848259013,0.8643002090872334,-0.5087069155736512,-0.9825070153850637,0.710814657387056,0.5326992611935353,0.026491818030264458,-0.9585640802843409,0.00901949248966849,-0.886299857589518,-0.7301017915159276,-0.9033110667904185,-0.6881811790684296,-0.7354180329751141,0.7233765812064572,0.6685598398326462,0.14772900615867157,-0.44144589509956234,-0.508422159329889,-0.6497099889783684,-0.7802476329590426,-0.5035704052137302,0.28027223953620717,0.509027228389286,-0.865851938979979,-0.24514980411672216,-0.998853217256032,-0.0784545909033263,0.5976761056476312,0.35505082837132407,-0.20996615960723553,0.08293790707342219,-0.1922030763507978,0.050101570287647945,0.9242097980879731,0.8865706849046966,-0.2921290280463589,0.2110343214492778,0.4367117112521488,0.4986866027891428,0.5032625235830219,0.046940832389445575,-0.18464341510987992,0.006305096416575173,-0.0005466025137925712,0.6096774494114021,-0.5862139750507911,0.19959643475286049,-0.26499746975383154,-0.4031156433293792,0.20879150784261813,-0.17517399217825713,-0.2481115564775771,-0.25275316798871983,-0.37090963889328266,-0.602594304825196,-0.967916917568886,-0.12892492450666349,0.27690735087316476,-0.7056596659132774,0.7303943573002503,0.58104860423142,0.4984506240464017,0.29814263870955293,-0.39605572229086206,-0.5110164412511091,-0.9672439113184277,-0.5458570286085656,-0.1219479254943141,-0.02644833327473428,-0.06730190347298581,-0.06959059280802138,0.7647668749793233,-0.07340138956287356,-0.1683999455031997,-0.8973074965869487,0.8954508624305944,0.7940777337554523,0.845493452270103,-0.40916382709092436,-0.8937613166785969,-0.06982116536211924,-0.22688630391588038,0.3068640362041126,-0.13323533418590627,0.19647293230818264,-0.29045123128452577,0.025123008364539068,-0.04578380226307499,0.8679543581807234,0.737258074390509,-0.04108297723895826,-0.29503513378720925,-0.6130413962849712,0.8439705745386712,-0.6681092081806634,0.9841991231039573,-0.7081219443032487,0.42221004607662715,-0.460782780350939,-0.9506329818143442,-0.5626124049622641,0.042182063628232846,-0.951720305556675,-0.1931758920246225,0.5970223488349622,-0.07941805799416102,0.24354534337736156,-0.43014566052008374,-0.8981673002060659,0.03399504103692119,-0.7534044104288067,-0.12320430936675564,-0.02496635268020375,0.5272792952354497,-0.927688156570196,0.5586157522796056,0.4573288820525603,0.1327011511616072,-0.8654216379129214,0.9362589143712818,0.8658951643811608,-0.2441500227130644,0.321232523236739,-0.1202770809613194,0.44508703999526333,-0.4657883026607115,-0.7155775165243632,0.8299896299292779,-0.8136207965482123,-0.2322209287321595,-0.21120118766669127,-0.9162167006132989
-0.3941794185025287,0.9071193208238784,-0.6110131082180759,0.13858975758648295,-0.16482189596486596,0.6518442464346677,-0.6967070933146553,0.09411194277088075,-0.4897042365308659,0.8321425201090571,-0.9988660366680251,-0.8675434714050378,0.7176813041785506,-0.4689846228474688,-0.03467084784787677,-0.8678218540684217,-0.06338676936724763,0.9623945380092251,0.8496435682864754,-0.013035534110113822,-0.840060939350469,-0.08078743798002952,0.7988106212427784,0.23359670829656554,0.958916267337149,0.7011876623172506,0.9113368534523807,-0.4838332745873415,0.11713717204221119,0.7783406064111875,0.6287608555273911,-0.338800271875791,0.3298829991598884,0.05341831081507076,0.3355037224584412,0.6707173096621646,0.17955916404796057,0.3652028632009716,0.6123779206551658,0.556592224487515,-0.5094069208771157,0.6298637095425306,-0.1322532671183949,-0.4556229363656996,0.8798800931697341,-0.39886210115441134,0.945522289339852,0.9826258034215731,-0.8974268592581087,0.1833856895617021,0.6033475974667952,-0.4847154452428699,0.6481379888649577,0.11002816593088505,0.6889763889234728,-0.5620948839076438,0.9123535938372911,-0.071304844242712,-0.6934834878735001,-0.8028055325540644,0.08441854277020178,-0.27401418369047326,0.48504713773504937,-0.16141693939905077,-0.33757373244934485,-0.8377415948734555,-0.6751090493342558,-0.037652657203501194,0.8568196991515507,-0.8673588071023519,-0.3720859896224067,0.7786130019560908,-0.12875314942114513,0.6301216696525769,-0.6919081149366066,-0.05365172060789747,-0.9388089726301156,0.8751880432721986,-0.7635471923946231,-0.5286353605014094,0.7582116871744173,-0.016278446796007318,0.9165485262326101,0.17684644779605518,-0.18936460569343527,0.6989001219736237,-0.4270648174995799,0.2211454481561408,-0.6702111462338078,-0.6816159993710793,-0.34571420262089325,-0.2463047079265328,-0.8342432513734723,-0.8358102726592087,0.5923885961984128,-0.9830202735953593,0.08074090523336253,-0.014703051796834066,-0.8153699050191903,0.9401204257248248,0.6161969855037852,0.2959395222647141,0.9836745418810515,-0.9958254773734787,-0.644853859652808,-0.7330333994116929,0.9674021280345289,-0.2664660263249321,0.37132340547566955,0.6535147532818373,-0.2854989965847399,0.14399451147794995,-0.919140336435712,0.7857594536210206,-0.33971652239603833,-0.9221155047965717,0.16572700563588416,0.9763693368362443,0.22872668505032512,0.6428595620773898,-0.6155037017234761,-0.6601312175831775,-0.218271675345437,0.9869622512215388,-0.7849230577449458,0.1867403133426373,0.23087016995027398,0.052174986476947405,0.6636044325342321,-0.43111029060757167,-0.8701149603376306,0.21233546513908252,-0.48003555599757974,0.28692805433385304,0.3998854535056866,-0.8077596203026844,0.21296717559981193,0.3780640554979,-0.9359325260908384,0.7043128660121203,0.33001715187440084,0.38981754292041515,0.6205415793137021,-0.282496155027977,0.017751757895927867,-0.4126934609787254,0.4113148572241965,-0.19781194004461788,0.613931729353921,-0.5297498286626117,0.9691973454821534,-0.3813478102347947,-0.3467806993343341,-0.5186374416755624,-0.7025581642503349,-0.6895618433237427,-0.8410937479324925,0.17536619119557173,-0.7645637221980099,-0.7846510112550003,-0.10215961745217839,-0.7013463568274718,-0.8531156885255091,0.5407334168661864,0.37545161425993423,0.15854061006388132,0.4372809601068013,-0.12933033093988056,-0.7547629933078102,0.28862204653426016,0.8851574610418182,0.1042404730525679,0.17534159574726216,0.8748723970221097,-0.5804562435211296,-0.053543438670312415,-0.9323277419178289,-0.6869380862892527,-0.6170227923231477,-0.8678892992598983,-0.9372409754824438,0.7061351657454278,-0.495636084831371,-0.6268750159067094,-0.0047661444022664146,0.3166588986896355,-0.20502072894983336,0.418283460476613,-0.35284083411675327,-0.7341934917005719,-0.346183631639462,0.9333942339924652,-0.15530320020906907,-0.37042324307463903,0.8309864811824874,0.13313747745951798,0.3997104940408749,-0.9851225932065524,0.566413360300349,0.908579144635802
-0.16839793185567364,-0.026211591429696313,0.9767376830362717,-0.7036644512113115,0.7684382519176749,-0.5199532432439267,0.2078436686896925,0.9141252231279358,0.8146137923338321,0.4415687796549934,-0.1642596119873363,0.5417198838178088,0.26307592333447216,0.42273043607120186,0.6004172506165046,-0.2539522150579123,-0.994525386324566,-0.03440326792645432,0.6486480827521395,0.002153787042397548,-0.5778764762311304,-0.33496416091388914,0.3173312821652603,0.4730909279592701,0.009962279698938481,0.06173819885686305,0.7791727413048617,0.9872621385825842,0.2249275733020637,0.22444901163370923,-0.1301246766788986,0.8996338804255586,0.6005588924799148,-0.09009499901320761,0.4382144151773324,0.09424636200358383,0.07758450503334569,0.5115471550291235,-0.9109726803826441,-0.33478918644912703,-0.18532740191638086,0.25408546574541546,0.5836765626489886,-0.05096486464809247,0.7564687493032978,0.8580968151024442,0.8282104117329092,0.2175209160431868,-0.5381095271842256,-0.3696409041464006,0.18178733025341542,-0.10145732365994897,-0.3994349853468957,0.3041093923474061,-0.9225790527949294,-0.541054149442431,0.8087608602578003,-0.49171617038827287,-0.46926817291550327,0.061485636669707855,-0.9189117070764166,0.9040171775446404,-0.10150013507932476,-0.2060396372936606,-0.1399784826075472,0.917274893464233,0.6047823548806281,-0.4527305880895611,0.6288493558689041,0.09309185951824328,-0.16648988401378095,0.003503678270368571,0.9051945020668222,0.5892594421920068,0.2800393072961842,-0.38759175287334835,0.20048994814327648,-0.8976086155081453,0.9777367797520196,-0.5731708923862875,0.32257717180787404,-0.4248857232976735,-0.7682566813344676,-0.5303331773634383,0.978554165199794,0.12150942870559134,-0.3428252312952771,0.09012650931034272,-0.5994858441619375,0.3701680813655328,-0.8406462173346456,0.2936859614490912,0.8931571167687253,-0.9586182072839151,-0.7402450452583735,0.49882049457753563,-0.4836135630455223,0.3149143351959678,0.3436217346354198,-0.1688487058600565,0.8119090859062879,-0.5918133448189231,-0.6721854007031081,-0.8047913794950741,0.8634829415198937,-0.3810151517706353,0.0846390827232224,0.09736133573983019,-0.8628204602565503,0.9656272106702419,0.7464423197722565,0.7060605725214304,-0.9933435625793707,-0.5208971639576216,0.5573297406783615,0.58885304269862,0.8887278030820354,0.9302873489107262,-0.7732584809526759,-0.09741681311235073,-0.7571219131281515,0.5319995855568542,0.5590750505714399,-0.06940554811388866,-0.7558049785905798,0.33599675617167346,-0.44339886627350755,-0.8334637976250194,0.5780000551347448,-0.293519673103116,-0.22423863699135338,-0.6213996776148014,0.8898814357858287,0.4506304862831165,0.8218398677390792,0.2406839401181835,0.9388442306713733,0.5329678518537311,0.9842459568892863,-0.6754157372442942,-0.315797624582949,0.04417341672208819,0.37905960581912423,-0.611659117360557,0.9822270709978622,0.5146287177737094,-0.2972348327966168,-0.3196384481563237,-0.22144358169041123,0.5135126327336066,-0.7928612260926511,0.02483950221333142,0.623618862069538,-0.5752800380062608,-0.6197126266200084,0.2749784660849439,0.5469267604701886,0.4954686864816351,-0.8661988679150157,0.9860444924928435,-0.5464976007564193,0.31405143341118413,0.8257655170673952,-0.011249653138849736,0.5416780331410942,-0.22544879731217038,0.2850547636877119,-0.6017738446597676,-0.9160707438531597,-0.09418116229652584,-0.9925565187493073,-0.2891570774149699,0.9753247896519337,0.8678401019057242,0.2974336495805623,-0.16893263534109804,0.675038233510223,0.9391674595351542,0.724013693086524,-0.829549474506384,0.686044768929144,0.1892969834881153,0.12282457599230323,-0.7670122147666589,-0.7284593958641619,-0.011309183335526996,0.9922713570535864,0.45180736126875853,-0.31859333634744536,0.2498930962507322,-0.9350398065724044,0.6704534238290829,-0.3658661805683736,-0.375883645756818,0.644329151893267,-0.4130973661104027,0.7173138276722169,-0.8901739874623924,-0.39958976708615346,0.9281560033321843
-0.7261610374464575,-0.4834371981666483,-0.24083767832397318,-0.6939264792104352,-0.320117609951839,-0.1759403350754043,-0.8512054983507165,0.061924656685966806,-0.8497766778128291,-0.38322973640816826,-0.4003597288299967,-0.9545355286278163,0.9625077290111066,-0.34449231349265363,0.42360061545783645,0.7390097698185552,0.8628206331276049,0.20581282078543195,0.7031397834438475,-0.2749356759581838,-0.8096854690516131,-0.4716002975702469,-0.332429687405948,0.776816772278055,-0.6347620848355986,-0.5753790649439665,0.600743175727708,-0.5369612418252423,-0.4469702048377915,0.6829343849515082,0.10041677586496811,0.0826126622106611,0.718505160207497,0.6231542037846725,0.0978730013252691,0.15472376153320688,0.3809644363234135,-0.40558719774604723,0.10473349180668157,-0.4049078807169839,0.7906516254492071,0.5046038617311024,-0.9185251398102614,0.8376766276056209,-0.15965768556345306,0.315795024235048,-0.46190362064399837,-0.8958930650816614,-0.8625048980963981,0.8979676506623036,0.17660851782574416,-0.7863426075666791,-0.046045824251698786,-0.06155376420169212,-0.27774360170977297,0.08392882506386834,-0.4714354998051087,0.18170770912851641,0.12238094054199022,0.5882142372068131,-0.835982243209141,-0.6632403852771342,0.29697151360158824,0.1380304500564553,0.7333843872528343,0.2616777541078361,-0.9663090188754251,-0.563164238203337,0.41632299313934773,-0.661260832281982,0.9145831141200009,0.7276505929596442,0.019368905404009373,0.9792936952100766,-0.9894270199326993,0.04595024697590966,-0.45337117349072176,0.5893220265187511,0.5525246238982704,-0.6249000952742576,0.09512754139172586,-0.8812566782575382,-0.5779849646500059,0.33376457375945345,-0.6150564130391871,0.05556229193070972,-0.3114642629592046,-0.19095881322441266,0.181540256910667,0.8214924719681098,-0.42467449204086916,-0.501938646787631,0.7122799588675452,-0.7507023855014987,-0.15955163158477426,0.29667522915089006,-0.004645526387503374,0.955631689945023,-0.18891007317994002,-0.6176701225819345,-0.49412757618278325,-0.7436179283765554,-0.6312841353647973,0.28164111942356995,-0.7600455289010055,0.34204754604071574,-0.7351028515239331,-0.9195876087120824,0.9962899573146695,0.4897602952504785,0.46250496912299455,0.3681363373207862,-0.7340758597072976,-0.5637286562241755,0.9187996255250803,0.14914944772150607,0.3037059934467816,0.4344730095680702,0.659941415432455,-0.9724801568186905,-0.7860926934874508,-0.5873331062931642,-0.7112326004059979,0.44862842035238937,0.5711949635035418,0.7376022840851071,-0.3497767749838532,-0.17774632008784064,0.31904045520523083,0.3606290560225336,-0.11317645515323083,-0.596902119252738,0.27010314383976874,-0.5864370705304887,-0.29364362078904094,0.7399021486320643,0.7162271730119758,0.32460710768056655,-0.02017333375046393,0.8982860188766932,-0.12509836183587586,-0.4957774728081019,-0.1334132185044512,-0.6827898016362699,0.5627861751457555,0.6673800805150316,0.4966486313752474,0.04856399132419975,-0.5923202423244067,-0.7791670280500265,-0.42558012693080527,-0.4331076550583828,-0.6458798434413631,0.5381071271563711,-0.05353206715441927,0.5252666701315694,-0.8694099398481183,-0.09114188927646016,-0.39360862010344855,-0.5513685278692384,-0.5981519864733384,0.7276956182064944,0.6789359372382642,0.9270163534670308,-0.46072101353916106,-0.03929942517629792,-0.12374141954173834,-0.7330265340634321,0.5620156263473772,0.2904407156393314,-0.2308367011118997,0.9729862354474565,0.10349311694052377,0.2837769975360669,-0.7106156630840244,-0.4646484148317178,-0.2583318423922625,-0.4903776393844508,-0.8023308028010712,0.7240048148973854,0.03296105264814697,-0.37956564506287993,-0.19257052212507197,-0.8740644519454859,0.9143082631350847,-0.7857616954859232,0.7975513381185133,-0.49580246493652247,-0.5114116108754738,0.9153579275078612,0.8627432518595193,0.7117003144859391,0.14882734118394025,0.8488613446044819,0.8436549631200319,0.25503867115135015,0.9549034912635057,-0.9932583250240044,0.9172430339391535,-0.34524664627770907
0.37927555694709003,0.10774477451631648,0.1359021267488041,-0.9970789629069083,-0.6131617249940058,-0.7830675284174244,-0.3873238903152829,0.5283244315512281,-0.4976645753379625,0.6091863851538533,0.17238471209208228,0.2576940864615689,0.3396725631044808,0.9213079750772166,0.13043134754928953,-0.2862249896512936,-0.24015697133757974,0.24923844927949812,0.7805141396058211,-0.35056988826686997,0.7155928810856933,-0.2862386931272771,0.5178530550176967,0.06497197350009043,-0.013698902315234074,-0.13835361663249457,0.12487055385755541,0.37945859247845815,-0.7936151688522257,0.7918506136088928,-0.5373911349365816,0.7331031120401135,-0.5900812973516751,-0.175280250087668,0.9919121077450419,-0.8547920718399413,0.36192150398752965,0.9518545351709136,-0.11743764998866668,-0.7285575088749505,0.47604894957741695,-0.5630590860414955,-0.8062876308468601,-0.4870869217560021,0.8364069102331939,-0.18172363757673726,0.9826311659874154,0.28603845221737356,0.7796031303679478,0.7862054736775821,-0.8130340823409814,0.8471343254552708,0.223548071366237,-0.8129796861795218,-0.4993666441574762,0.19664693678753187,0.49283547146777784,0.8765434289114287,-0.517580001888118,-0.0479750679582851,-0.44583699791021436,-0.6659245393082944,0.5146527990083225,0.45732918391163047,0.852456433207494,-0.02090110157332714,0.9845139118486426,0.5914445729823259,0.7749365468434111,-0.7998129116190944,0.007400908811080464,-0.5413415443180345,0.15134959336623477,-0.9998141761555417,0.3927581660294355,0.8693096541896412,0.5066547759228319,0.11257372343449301,-0.6714112903639768,0.4778013988958474,0.9614098016501433,0.14340844782235318,0.33459718935575977,-0.6149107490171757,0.6446280502819144,-0.5315608868379147,-0.9095916638904777,-0.6412168712041371,0.6545549215237934,-0.6047106663491106,-0.410000064062251,-0.8774496814361026,-0.10106597504578274,0.23729242584876764,-0.9370181989986268,0.4514876889026349,0.44812378591542834,-0.2667151745091296,0.5131787788892739,0.522185210877562,0.6694927913957796,-0.13635495075688553,0.37583425735336506,0.667239336686678,-0.6818622578124696,-0.24382771540250192,-0.6572496984223182,-0.929740987225925,-0.6498085158401783,0.6858154221311268,-0.15928669112139326,-0.8303453808364636,-0.6849313495787208,-0.8535739458540128,-0.16989432113707492,-0.13076308028016803,0.39937507826983243,-0.6676216383853542,0.4273940253296771,0.42744461528952904,0.7676572751572988,0.06173160597632621,0.8018277128346611,0.18336583523415095,0.9237822132876197,0.17124094045769445,-0.339901419186768,-0.09388968113963081,0.6575510799470194,0.18853918511938716,0.3210332478179576,-0.5688248283621953,-0.10188285373320705,-0.6557299701728114,0.6733800589251002,-0.10984842063225231,-0.3685395976866981,0.21256262383084135,0.8524262269350049,0.5966042246194112,0.6712474080924353,-0.6074607013789393,-0.40893156266918607,0.545116134516116,-0.07026322294402765,-0.817950503904749,0.16280503742914654,0.5932035996693017,-0.7464421108241239,-0.8924156095126596,0.4740071550051803,0.06708578690234734,0.7143515961343778,0.12012969671669116,-0.21078589693705774,0.2993105587461937,0.4248979499580303,0.6334086974742732,-0.8943366033143636,-0.6404148110892569,0.7515981678932968,0.59788578937094,-0.5190341784357837,-0.8984836562213903,0.7166063130930274,0.0873410237494261,-0.8516541385427903,0.07800576913769985,-0.8328642347587354,0.050151743554569306,-0.8129269442013172,-0.4777196149218701,0.09781485998898654,0.6562202152358003,-0.9119628753107683,-0.01898329183094205,0.6758028597429449,-0.7205751418639712,0.5800562682823511,0.39755103940143255,-0.8212338161773225,-0.7043555583828682,-0.11530470741636711,-0.15575518129885446,0.2677089504409771,-0.839686233732982,0.5202791887796283,-0.07820158951528922,0.3626778762982974,0.9855037755850831,-0.32463702514827086,-0.9337877517122113,-0.9769407692544527,-0.9453563872679436,0.32976427213674087,-0.951585577981386,0.6191949654085938,-0.9393051850254268,-0.3550067817431104,0.5151170453756755
0.6159442758118985,0.17168107749615902,-0.8347347872263731,-0.6191559660318513,0.9061773092355321,-0.8034788006696247,0.5672993644221767,0.0780626780919389,-0.2569210073762005,0.5749315713472072,0.49694348824983336,0.20974154808880763,0.438450815525282,0.9768058114251019,-0.3743119481348238,0.34435711972650207,0.5893791305163354,0.008040184462175137,-0.42027640711472447,-0.41572413949960385,-0.6814510958635742,0.09155046660849253,-0.7041127741284925,0.33628713453389714,0.08002670819727076,-0.42563239498229066,0.044444321248733765,0.5359742056817394,-0.6988455030959106,0.6487140471224286,-0.4220456108239976,0.24330992681249763,-0.9150803340358491,-0.24110948340781957,-0.9192336722143937,-0.13062015969585228,-0.9474972926952481,0.1984232969411186,-0.9944088211352065,-0.47742940655659494,-0.5087743196204941,-0.3092956746121063,-0.3170217113392271,-0.27706651801021076,0.031781409309496134,0.060070442407706315,-0.1896333042126721,0.12600301389310253,-0.5283964512799324,-0.7014538824900967,-0.46118143928524,-0.5443104953964422,-0.35671916053345365,0.32264781071242554,-0.2675787164252048,0.6431564267014809,0.5702798154477058,-0.2493489424943971,-0.9162536926188571,0.4285762166883944,0.2500338177348558,-0.893926554817976,-0.5841669702471814,-0.1796330719872936,0.7120512368412137,0.11652474790846767,0.23618220321948913,0.5730464458277973,-0.9660112742727032,0.2487962808998494,0.27248994936206095,0.8771940448307445,0.8492847163352639,-0.630467144760986,-0.870970963527087,-0.46437862810501884,-0.9060267965772957,-0.7551790793947679,-0.216646876144184,0.6697964300003021,-0.7514710889726135,0.1115868824010331,0.058579262174758506,-0.9900565406440525,0.2511568178725987,-0.4826767450250382,0.7138915157880994,-0.6451098539311042,0.8968904387003447,-0.0031055527857843934,0.8617995716484685,0.03132669916534714,-0.24382415833798965,0.5277056423974633,0.056642601605393805,-0.8716681540055766,-0.46440112229843167,-0.6902781326621803,-0.8689388909712292,0.39328908026341547,0.23814936992381575,-0.4096977751554607,-0.65825772998149,0.1428408569870303,0.3389903555360281,0.46110354822123933,-0.18471757624169105,-0.6828142699493562,-0.5145675557934328,-0.1604005730676734,0.43398224011824094,-0.26348697062955106,0.4504570937907635,0.05664209173454404,-0.5722513630376327,-0.38082993088999917,0.5565896816827345,-0.8356634458606649,0.7468883848306365,0.6440738348690285,-0.4167493589900011,0.9644167815392064,-0.22023829584312438,-0.2906478353419646,0.5005859341273449,0.5153160138519388,0.732546908758088,-0.9153616102548081,-0.19344163255901625,-0.5418418836426122,0.3515018130696954,-0.3201385655482232,0.36636679153077756,-0.41233379853260455,0.9184368530730609,0.8228658993429883,-0.9534717996617501,-0.8307862807835333,-0.2454577340523978,-0.17761674833158003,-0.4404247125523659,-0.41879846881359617,0.15141881942706847,0.629443861996456,0.010432674233234573,0.8361028734220859,0.5440737936774849,0.46156014664419254,-0.2632564121269676,0.1121806457252228,0.0019396620802119013,-0.6430907423732337,0.9645998817001757,-0.33689754120268445,0.9449522366263545,-0.06863460525728415,0.6635067268787409,-0.8769398380267952,0.3765146037925631,-0.924918036316392,0.373654911504407,-0.8849531413148937,0.7059307737853564,-0.5223657905364056,0.8329718145151952,-0.5821256493071931,0.5300928626051182,-0.2898730755697354,0.6570511538716037,-0.4845658155214556,-0.3698523807007039,0.4177561122503939,-0.21055999802871028,-0.556242349643931,-0.7171678422995211,-0.7956486777952667,-0.810850222240306,0.19971037588631968,0.05242282847240576,0.4425034504919727,0.5747461635437427,0.0887558318425763,0.21291299127921848,-0.6027622335985852,0.1866354061874551,0.2617471915302121,-0.6040196941408358,-0.5664354840709722,-0.19001098507600678,-0.35395966471070683,-0.5485647910950908,0.7647655517853338,0.7096270626002172,0.4467216294533105,0.9124211830476714,0.8362607918686036,0.22375033440222714,0.009772889266407292,0.5167967075362947,-0.3451178671207733
-0.22131866074639883,-0.07657374500125758,0.0013670155164369202,-0.18560500772426525,0.10509964406916583,0.7280317474078248,0.7836477906760864,-0.9786561144663259,-0.6303423761024542,0.6406977180625386,0.9945262195272324,-0.9412035556720155,-0.7865084210844566,0.5572660329196257,-0.7759707488158281,-0.74418597165351,0.19439332967802492,0.8486529590654401,-0.5112283276260392,-0.2454177538476594,-0.05545397643993155,0.40567720677482555,-0.4722256998827883,-0.43270163501738135,0.9580034851442591,-0.7605981087629712,0.4495552764525539,-0.16897818570327594,-0.9938517826455644,0.24211620807827638,-0.5725964696442871,-0.2641903071143834,0.5841650716333473,-0.7321473973112711,-0.8841099131665835,-0.37754428977234067,-0.858174624912238,-0.7536527086668969,0.05192283748520121,0.5437348272655635,-0.4263276590577345,0.07845865625505866,-0.5483118261195794,-0.20599573061036303,-0.045306230441476636,0.676130459105613,0.17311416773935617,0.5130423753996622,-0.18544195302268984,-0.6587986228623031,0.44590810176250484,0.8832002761302231,0.21313666704244283,0.011705177245770582,-0.8529968970992807,-0.09741612859041004,-0.3296174654708106,-0.16346204166494882,-0.8155505172141295,0.8675557529402205,0.39083416381501657,0.714554559152234,-0.41210323378365565,0.03936048650898072,-0.18550413935381593,0.49429063562830433,0.6591661478107564,0.26095591517171557,0.5560368864541081,-0.3250163758151434,-0.015248940354700036,-0.2090068991680516,-0.1292575006740111,0.5814638248645834,-0.90728319407494,0.3873726590869624,-0.7669747062572403,-0.7424271043164137,0.5606135256072426,-0.9640623340182719,-0.915682957413078,-0.6141228545482593,0.9805165239481248,0.04051312632765369,-0.5936355835002349,-0.21882052126779694,0.7690792025242359,-0.8232405063782291,0.7424703950097589,-0.9454609545128925,-0.6920163678391562,-0.08874249350012242,-0.3592435726477321,0.4903225930460311,-0.8001085079791146,-0.6489836906255091,-0.5627918503578468,0.7949872514685004,-0.28840932172459266,0.6347953592210029,0.01815163419084831,-0.6331922048890524,0.144083009790982,-0.029227754080619173,0.6948634309361896,-0.15105288083773893,0.122741723718508,0.804835723975238,0.24235733167616424,0.9678397554828544,0.6627830753294088,-0.4191983528485397,0.9262581175616658,-0.7683428638860568,-0.3919876084273981,0.10906143493889275,0.587622739789037,0.9702937967692316,0.560486528189021,-0.3147814378374778,-0.5251486528383662,0.7256673673854288,0.8254485510332614,0.4733162357468139,0.05721591616414878,-0.18508550455986605,-0.5760785008408509,0.2902711536631375,0.2290170896628101,-0.751725747385616,-0.7950505216862895,-0.2588743500182944,0.38221555492232984,-0.9638916461813145,0.6445137269421108,0.014798944715303408,0.9863810027310516,0.16168725054781463,-0.8703201442467194,-0.4213007943963347,0.1481749889519517,0.8699231895174575,0.42930553846602915,-0.09378412377992129,-0.4895119729206101,0.6146497006058846,-0.19428986674221305,0.19570073047521164,0.14557475781106288,0.8851818982655175,-0.15852415909426676,0.24896780509822447,0.6161401178817152,0.7391599831062359,0.3135424002470324,0.6605643712386275,0.28349863893777205,0.5189892888115448,0.49203802242514705,0.3518172305565965,0.5221687999551854,0.7084043242961504,-0.8206906335182282,0.04442483627121918,-0.7096379021515757,0.5670615191188526,0.15855916416792315,0.2735540114631525,0.13752240312398678,-0.7061362962372035,0.13067974303579288,-0.4111849960495031,0.5445990040963646,0.7746768192886306,0.13896306781148327,0.5845971103735825,0.7136692731745686,0.9065769638884611,0.7810793547388275,-0.7832902642346236,0.6783727523734415,0.6141548278833275,-0.5539441809887939,0.5610562285973462,0.5525375600026554,-0.1402508109180307,0.1278302752949112,0.9212560644377623,-0.890454956772639,0.24443573802229146,-0.9540786595639192,0.11581709195640011,-0.6899983674586747,0.2804789411681392,-0.08563700670314423,-0.1645926837274052,0.7832149867790985,0.28387191060169537,-0.65217075125461,-0.568186293400798
0.12331931208121039,0.9893837530076692,-0.5437792909146284,0.2134621474206051,-0.3484438259877778,0.3250866473078742,0.8157200271159666,0.30037917560282024,0.7970437996099196,0.04041704741899754,0.31451836074986694,0.12230658169108932,-0.9650014514331335,0.6375459727784494,-0.4305971439478755,-0.9938555226139607,-0.3106342262026589,-0.18505564499970206,0.3271657693059038,0.9631961009272376,0.8044970139137364,0.13253567531715338,-0.13170358029991802,-0.9401202119998309,0.6091705240156013,0.5681521020418758,-0.18753813817333986,0.5262105369377461,0.08900084609619063,-0.7067754650988345,0.32183722057996,-0.813005212193715,0.10122790012410099,0.14582655397498767,-0.3105651526611308,0.2607056658387803,0.8469228421034618,-0.5667357889572815,0.1235881221581856,0.617484277873543,-0.8034944434164224,0.66122836896287,0.7645737550514571,0.5329820095045359,0.6144649316147659,-0.3726106349899321,-0.32629501848706455,0.8476519845488932,-0.7596281282316069,0.6866156785494222,0.5544372240758992,-0.202659017719804,-0.7020959222227217,0.17522242361729679,0.5462897019198938,0.6995270775114186,-0.4561970885687876,0.7979878044212172,0.7092738453962519,0.6650599235180399,-0.6715090799567502,0.5046656910141509,-0.9980436413509648,0.3354326762587987,0.027797213707091428,0.20078488276411544,0.8146780414169099,-0.22142742480926292,0.9968869843356445,-0.7664321089728137,0.9593010956533843,-0.225625134946416,-0.595882653071631,-0.8375717897964263,-0.6133342114938238,0.2237797280377294,0.6471210862620556,0.6466495671041275,-0.9490293406260588,0.8906870345208411,-0.24961712169926797,-0.8880274949659763,0.29657039462398105,-0.8397911296332692,0.25972404489716405,-0.853674398990917,0.47546069802929125,-0.8913529298732148,-0.1844179067961229,-0.6456215849086868,0.25907447221588664,-0.6082009692215824,0.16492487414812596,-0.11337276336441615,-0.1777300741228809,-0.7127037636891131,0.45995276225151205,-0.5589784586801696,-0.44039955332694203,-0.9663641915363301,-0.009462409605837774,-0.11461011173075875,-0.4369980932662194,-0.6753754309090676,0.4286307386000592,-0.10194982759005566,-0.720538992792052,-0.19356154258599356,0.7260326059407904,0.3427868504826541,0.1926240196405813,-0.31089903385248063,0.11092897949616609,-0.8158609606942087,0.7448966874494269,0.44997633435412765,0.6520120572170518,0.8456578013967451,0.8461801118805274,0.9639649117137761,0.13084274082303504,0.8649703353911369,-0.8664117787910532,0.5554797539643328,-0.954529860656278,0.8731489557621097,0.34926483830118205,-0.4744018455273198,0.9405939459095676,-0.6031215011676188,-0.09226712238620083,-0.8216263065153109,-0.7346686578662212,0.8627732442945264,-0.2842421276134417,0.8612220908887458,-0.5947628565916254,0.8316387677343817,-0.1973754002345609,-0.06561442398003625,0.8543336105220143,-0.07148992999432413,-0.5901659153469581,0.9922217264639426,0.8152758354585299,0.3560653940090024,-0.8428108304302817,-0.6732343733241493,-0.24034090172320566,-0.5622578598508585,-0.15620088222663142,0.6503347383930447,0.9590884248857627,-0.36448812287515,-0.06454458094018589,0.09222557505124263,0.9528662166739288,-0.2480377834846943,-0.6192256030700547,-0.1050212968239781,0.7828010867219586,0.09037758852136357,-0.3858035018354853,0.1851100481925041,0.4519732886737262,-0.6626128425515001,0.1576130438301364,-0.9044287481777202,0.7282456516562184,-0.4119669868011979,-0.9139974866348719,0.6349226399439012,-0.13768051154327732,-0.4304787517349593,-0.8941997552438452,-0.09652271561488046,0.364097479732721,0.6640008405091677,-0.20328084423544968,0.06836363834563808,0.8553679010536259,0.8100855866552155,0.4818329183896901,-0.0006833871114797496,0.026781576429578458,0.8303410587705422,-0.8496428726015461,0.6679157191735048,0.27812492984933446,0.7563629670675891,0.7885324630235859,0.17798615301018939,0.6546455648897886,-0.7953240777810571,-0.6132292112544424,0.0388489802268972,0.9473567816595394,-0.656760758571032,0.09225014358963879,0.46909594282131484
-0.0173883023203234,0.46245705614655064,0.21298817452685537,-0.5322709715682499,-0.14795899589980355,0.6526674513761519,0.7494665059826391,0.07871979837163368,0.7532861249891736,0.6961521434083626,-0.6455667831970491,0.3630634843694427,-0.36311673509441067,-0.9416860887636056,-0.5421834204729594,0.5005424536711462,0.9195347687421063,-0.9541626350160528,0.5712153718295592,0.17722318387923175,0.43836585635915615,-0.14262160058645335,0.3614906210766049,0.9889353829472505,-0.09285255553839744,0.40022309215499363,-0.19468131868684257,0.8763887658188403,-0.5281001642299814,-0.18983062329475042,0.5597717286289581,-0.7069116553649151,0.5848080220142278,-0.269827384285092,-0.9954970720988985,0.08124129688187653,-0.8312949887080412,0.681361320181791,-0.639102053286013,0.25834985597884375,-0.3442187953906799,-0.6815657006771993,0.9843016027414315,0.35749424805418695,0.31911029467047003,-0.9703356954859708,-0.3298979619283302,0.9777467466485845,0.8741175249949233,0.3734949866668671,-0.19013062761080568,-0.6993189642952435,-0.8542756509358072,0.3026033754660218,0.8741342153283167,-0.8544934394702013,0.1412365308216823,-0.3452149097939279,-0.2041391138893882,-0.08654855556841179,0.1883423321677924,-0.9211303657661913,0.18126542172222582,0.5451417815962731,-0.46296503789396315,-0.14007784987334926,0.21792253169205233,-0.4223918202020329,0.09345222813006715,-0.9676674313383267,-0.6833260785509039,0.7843531209019721,-0.9244237266350916,-0.33823672237418445,-0.9321779317945245,0.2103330596058557,0.45927358016072306,0.3246271586680991,0.08456464757250037,0.9500186699507971,0.1964457737915375,0.3828128613646522,0.014722466007852653,-0.4162647776548467,-0.7400236532369664,0.7649823368429784,-0.3245580815354656,0.47084941878512443,0.024411269330097074,0.25903205671932183,0.29454150921127376,-0.4328681327882504,-0.09627268275520451,0.09138477604888218,-0.0842290973301234,0.6205187849875446,0.825837433871619,0.3905607261483799,-0.11718888444206566,-0.286124260371188,-0.641915407251106,0.7903921089167729,-0.19669333923490107,-0.21900763396022582,-0.6080225029696511,0.5382146086113091,0.31345346848310585,-0.9475642154529043,0.23116574364910147,-0.4501999112896877,0.5604958545862413,0.9270472767058642,-0.87303781927513,0.25563796853560494,0.9467147657484705,-0.010203486525536709,0.0643946154783841,-0.23105119851266176,-0.7001658401336706,0.24728249869633978,0.8306365525195682,0.011610992211491977,0.4370794869290482,-0.6921693557941169,0.6681761909944939,-0.3597674441916219,0.15360854858388873,-0.012185677972556652,0.4995289599624264,0.5810560232893474,0.06428133425494797,0.36312546617369,-0.9986907482356779,0.28709891715999203,0.3646774534165882,0.5848104691130165,-0.26263816577386834,0.3910032550890328,0.7660409216567539,0.32714022539133913,0.7355750405841657,0.5111342965732966,-0.21969113676340601,0.45537720053701336,-0.3362461375353871,-0.08672910080561813,-0.9233684088195244,0.3460224885467511,-0.6641606795847852,0.7995335093404365,-0.648185584271266,0.49294558678018263,0.7049631979246334,-0.4633551202534776,-0.6348879198099546,0.0471697508271538,-0.07862836728103595,-0.21186598843176307,-0.719291681751312,0.6529368432644989,0.22277483782416385,-0.6286222243562161,-0.5067504102893321,0.9032797088190601,0.3670511772141323,0.4787210460909186,0.6934862325974176,0.5790701864866219,0.660616738593174,-0.5556056966440064,0.8812104492570132,0.09236417651883788,0.8030357796515699,0.14518894157612783,-0.7937947759004524,-0.1901978825863968,-0.47854319096197284,0.36893851579024606,0.8319942553025583,-0.626796416445967,0.5229964157624234,0.44484168275268576,0.8643222225204532,-0.6442028445906365,0.8900487772129575,-0.2218469356346231,0.9372559871590684,-0.6562856226615399,0.8921294747162496,-0.556695746357228,0.38919535610482736,-0.31334990963725873,0.21587514552001008,0.37287495091634804,-0.7955585535831207,0.7209004013453315,0.8791588769030756,-0.7875787532339467,0.42123057531147157,-0.2615371440976231
-0.9486814595516273,0.2916416598801628,0.03786997888757804,0.9125179556947809,0.8991541542131043,0.11736980563962973,-0.9687351791577958,-0.3591171688439265,-0.024463239714455076,0.36020613144792235,0.649723980750248,-0.5515865831434381,-0.6116809203234415,0.25625550185412593,-0.7600444424487642,0.3508534266630876,0.024620396261342936,0.1539291601554995,0.8526372437536287,-0.7736062122303189,-0.03756531180439837,-0.03150182716824279,-0.9062203288205295,0.043085185185440134,0.40937223037503845,0.16395391875532273,-0.46173243532402086,-0.9246189134417451,0.6771256381902646,-0.5796282679657527,-0.3848390417068117,-0.34950802782699486,-0.09264653760906127,-0.34646433848739666,-0.34446771141443877,-0.7855555531889817,0.45786494275196876,-0.2677797582838011,0.7721977712879715,0.6350776317638711,-0.04828873682258039,0.6917508237156678,0.049049557706384084,-0.5237023264347951,-0.14749983776618758,0.7031186568337713,-0.9084156600228437,0.9196004214997708,-0.4684911526332707,0.6932101570023073,0.39425183630375304,0.28662408593867017,-0.7817906099039496,0.9007735814118292,0.5849085314145241,-0.9296156201312884,-0.2922809842627534,-0.0867340507666412,0.23143752707857046,0.8959503024457915,-0.7559725985515287,0.18346960132898382,-0.054224572159564666,-0.8797153442342318,0.46500356249380337,-0.7367312050198793,-0.0439723580073339,-0.45663594661673024,-0.7404482180623722,0.6894043760635817,0.05356618103094113,0.712906789287715,-0.30336748954365245,-0.6744209544333033,-0.7263004640463893,-0.33821355465938785,0.6181957708730228,0.6187834855297076,-0.14369646584863816,-0.8832616812654428,-0.35108965837904194,0.5458511052067148,0.012878871195207031,0.5845911913259325,-0.10044065804906355,-0.11559702039453268,-0.40269965138148245,-0.6648202815917275,-0.014576275555765017,-0.3242189510135598,-0.32542933548757547,0.48160375495509733,0.33862951814552766,0.08269892084855424,-0.32092759411204175,0.1766424390966388,0.929070805962529,0.593204898637439,-0.36534543651926854,0.4253523028131774,0.22729564142275782,-0.644449777870906,-0.7422063156285628,0.9160102399346608,0.8209735023775364,0.9352687907662669,0.6248357697305118,-0.14378544710001218,-0.33541044555014765,-0.727749452999614,0.7020262778737776,0.7649799889237014,-0.9142501330980193,0.6032429830259274,-0.25499280334763186,-0.5408532234082919,0.2946801018477636,-0.535820870507536,0.9169226473036594,-0.7377442025743353,0.7547434691461539,0.7661681322932261,0.6541524397691121,0.5986242044862908,0.736970190962805,-0.8615148483463537,-0.9888605874184282,-0.3201404589335741,-0.9324213933678434,-0.5918174589661085,0.26601027586583537,0.11109210160605776,-0.635701929301099,-0.7992612379206796,-0.393475140864209,0.7022442448110731,0.04958378697795518,-0.23386488279960105,0.1728670093411544,0.9902008431663736,-0.018741188286656607,-0.0008310681120267116,0.7006840808743335,0.9809260954954195,-0.5558289673466634,-0.10199128242032596,0.27464365644496147,-0.11787234664915847,0.8989150120715526,0.2862911881995118,-0.7005906291767938,-0.9872692357042945,-0.2674117856329197,0.030628040206282847,0.4774969176006958,-0.6645821046942308,-0.26233131754527594,-0.5816983737095722,0.917383180105585,0.05165532556829788,0.6107695223922616,-0.6542521758740278,0.08672943424774915,0.6327120528498469,0.47409235140272643,-0.6191525632688604,-0.87416882624782,-0.5996378122779842,-0.7135747838219402,0.6823340899519308,-0.9858314301533706,-0.3902611043443105,-0.8147918275149988,-0.2456873396292858,-0.9837702976840417,-0.8202980381311389,-0.5105030325745346,-0.4752192573318206,-0.6796984046107974,0.4350891642681656,-0.07362782441069049,-0.9515492240710093,-0.6698817198435216,-0.05667851263246915,0.03736260095487065,-0.8258162190741702,-0.08794505630521243,0.5738458958367287,0.799703275413628,-0.03984084033576507,-0.35830227642743795,0.4936531927182677,-0.2736252015524909,0.25546905794188834,-0.03233329749604108,-0.24218079217143473,0.7254754688027323,0.8842754517897036,-0.3491315224402285,0.23722303048124993
0.021856335053860976,0.5510360725951069,0.3395684621021351,-0.09285343613605535,0.7993029155981222,0.10759953023625823,0.45911251160874866,-0.21500886897599014,0.0987481604372018,-0.6366949868457157,-0.12092696189357977,-0.7581404649403647,-0.06245504058079443,-0.873356126887102,0.37496568583054124,-0.6033576213881626,0.5744233089267365,0.4566069128702568,0.8515899563503986,0.31079217169514917,0.9332404462419217,0.9133820062557012,0.852174267608919,-0.3483547839255743,-0.654912275743609,0.1532961421488641,0.13374923034968256,0.2296184035256279,0.4819891514173189,0.7631174202441062,0.9106839463235443,0.465610257194937,0.5988059241615935,0.31449420532386685,0.17035347335581275,0.2807150230288289,-0.5274558729956091,0.10131785487939338,-0.5270905510081865,-0.6668723475172742,0.3066393340184135,0.4049405003212616,-0.5109576465286063,0.15521031403093,0.7890433004522852,-0.593626986142938,0.11188827365184006,-0.38387716909083336,-0.16424920972948454,-0.021793548393457263,0.2892129788253819,0.47422986840695147,0.7650126888320115,-0.5622679567104327,0.616483664409545,-0.42031441260672664,0.8837966921860025,0.14208743471837293,-0.4779241403127734,-0.4922075036524398,0.621526926056704,0.5498619153815116,0.2224256800933313,0.4500595497560338,-0.6390790657211558,-0.10634655351031697,0.6497380859843471,0.7212284741143253,-0.12240800257491946,-0.6264105503105639,-0.6513388687351094,-0.8602350479053025,-0.8891249547733409,-0.5070212980103417,0.8021451919659344,-0.06297797322652299,0.05400013790523217,-0.004598174709608882,-0.7749738214278641,-0.019345004738589466,0.790765446685258,-0.3462464639801479,0.15915711151415057,0.11662450352019493,0.8299615311465398,-0.5139456073840212,-0.7015208448755985,0.624641532826731,0.5054979618204418,-0.8028871844006138,0.5864672566102038,-0.20573662624950595,0.5811714936213093,0.7259563215716274,0.0959589509433576,-0.6534673416963652,0.7667429602811575,-0.4693768656105286,0.10842003656842447,0.2131599308674459,0.8794537735881587,0.7696508387565912,0.037247993103574295,0.011830789798841224,0.1378426170106224,-0.3013741570175097,-0.5788285330933391,0.47996224048799974,0.40990578947239054,-0.2556142260529415,0.02866910930520694,-0.6306875908852243,0.2748542656747932,-0.21130846553590032,-0.8782379806236618,0.6757089037082704,0.5012136815538413,0.9950913610102323,0.5371373748844532,-0.5960096118250935,-0.4437396231593216,-0.39579294269848875,0.8450893221475348,0.2908136856855432,0.6293454553584144,0.7103712528087001,0.14770463586947513,-0.781038322147507,-0.8671831287907443,0.6703681628678027,-0.6739905036375793,-0.579897167205712,0.45591556385928556,0.7970794726690253,0.735184968912143,-0.9543188396253464,-0.7015692495865873,0.15437688183009723,0.55844102690908,0.45953369053941273,0.17375902457949932,-0.3035049041508382,-0.9519401029873631,-0.39441868366540245,-0.044062520903584756,0.307509405432,0.4698442445901181,-0.6142974487440491,0.22416035567595305,-0.6073347641281122,-0.9901750448860351,-0.16883118462296687,-0.05980677779543675,-0.5791657911721837,0.18696992844142368,-0.8141415475503029,0.9348292069907507,-0.7096318990317061,-0.9031670744226772,-0.6981365571654525,-0.6964252275890173,-0.5855087614446202,-0.7638415714095401,0.37357190138082963,0.4008039975183306,-0.07931048556996134,-0.06689437102288243,0.3203656247203803,-0.8929930759196594,0.21167462723518748,0.49204214920755773,-0.8215268237004594,-0.7745808305951647,-0.19460742019853705,-0.7409950358676125,-0.6385860436878932,-0.758086418844641,0.4433413748728834,-0.10701799190064132,0.44599871848432615,0.3234353474166938,0.851061307328272,0.5199039792662405,0.864804822931794,-0.6040973376410756,0.2459480277713102,0.45936186930670164,-0.9259539500830738,0.1437676875657523,-0.13710289626891026,-0.3253736315905764,0.07229691763831769,0.32067443696912656,-0.08931349738498762,0.7537450293472974,0.6225184396127634,0.5532975125460731,-0.7927408643121754,0.5287201521545799,-0.435910028574807
-0.7990826503917507,-0.4310991313649799,0.5796739989278703,0.36608343414639966,0.2506967861177978,-0.7187775683115574,-0.3256887516402627,-0.9825156841214069,0.3298469681537042,0.9639676829372978,-0.6997438431334011,-0.4265740755859475,-0.7423851785493658,0.6799827638750997,0.18280242672046843,0.40125138829459384,-0.2665456087206739,0.9353526733811992,0.4431484100296439,0.6792921243753374,-0.8679648517002969,0.48422410690759476,0.3103127777760635,0.6107243140146248,-0.5707636666942637,0.3339011157880736,0.19240549721179567,-0.7435933384415674,0.3891211686053704,-0.0068838771657102615,-0.9658229235356601,-0.8056638802757379,0.9377710141798008,-0.7626993336993604,-0.44907612814372144,-0.15227575696753193,-0.28196785524942025,-0.3467221179658275,-0.26661878247009607,-0.3861096834753137,0.8480400909533143,-0.5759747796305701,-0.9459156951404026,0.8830253195009976,0.7762045970953315,0.5570421242143297,-0.9487089046709862,0.9801999998368687,0.8603704579743057,-0.15508042092453178,-0.27635484018547607,-0.6760922747953162,-0.5383864111076535,-0.010285820395786072,-0.8793820714004066,0.19813361196852886,-0.8769628786576604,0.43768196883123345,0.9279880387391684,-0.13755621871055856,0.7239285795511703,-0.955239215309305,-0.5435975025596083,-0.7470344474910067,-0.4372024307989002,0.30018854059506106,0.8022400007700872,-0.31521935284979397,-0.4778762913806074,0.7281103455811506,0.6555352788953062,0.36889738785825266,0.28408196579780376,-0.5563261851489396,0.4206634441979873,-0.42908841323281854,-0.5006051203810009,-0.7506106344333272,0.23227440361956897,0.8159610167905131,-0.18891999190167996,-0.007225937181289943,0.8284131105007602,0.2796773679774047,-0.2628678020359707,0.7860850660031968,-0.38348134423931834,-0.8702352289723159,-0.11437546327527026,0.3541369405147481,0.9960790775423067,-0.2560604023181856,-0.14965978498003918,-0.6550349899266639,-0.5078049264657316,-0.04085700449975227,-0.7871499488225706,0.6735404105497569,-0.49780089465162347,-0.131630256731331,-0.7788795375209512,0.10988280265627015,0.5383137482182618,0.5945181069314569,0.028366045991134792,-0.9225392161724053,-0.946709173826922,0.8229357709986427,0.5850598426546563,0.10768670186178286,-0.7992456190388535,-0.20272332018360517,0.5268884888769629,-0.8200386242719859,-0.6762512859135081,0.03255982760523901,0.08874526639474944,0.03370385017139199,0.6246723342949607,0.34038894424205846,-0.10447758276161334,-0.7037357152589057,-0.9390358944470796,0.4395852254060151,0.9484023353862612,0.40860754342082783,-0.07308933013029417,-0.6090284957235594,-0.9150987504633243,-0.09407374111314959,-0.5069939933138627,-0.07610767017869291,-0.5416219930032002,-0.8405848448160991,-0.9044032273740001,0.7404583437401846,-0.2777577345077804,0.06138826837968092,-0.4489044175739121,-0.39952686131753734,0.6020532906147409,-0.6500387472777687,0.4081294863902567,-0.9504197088266968,0.13026242606485017,-0.6365482755164271,0.06338338344401917,0.05624465162107528,-0.28933296431869526,-0.14818321610379592,-0.14103016859054152,-0.4924786910984793,-0.940631908110352,-0.7590072518399678,-0.9890666405295923,-0.6020704060828876,0.34210154121597736,0.7443361994177822,-0.5992687701141435,-0.19484029476963793,0.6451708944121903,0.8389124265125458,-0.12104752776072547,-0.4915577346335247,-0.12505024836008993,-0.21275185887800396,0.6463861487643949,-0.8421331740433913,0.17029437518230894,0.049231830843505575,0.6613860746953191,0.3989545085094812,-0.04999321670859169,-0.9358307412627209,0.9596456328929122,-0.19403132178181393,-0.14887291043747708,-0.3787974273401358,-0.3393365051323527,0.17862838543852222,0.5101920972438341,0.590206788725846,-0.8988448910872433,0.1770285738356958,0.3330730567478928,-0.7513531608294042,-0.4953667515911053,-0.9607042856660089,0.3102063873811689,0.17112920039820612,0.08775597465444629,0.8829532049899493,-0.8641105917014564,0.42980552558482854,0.5145744636645,0.715840633325389,0.2621491506164977,-0.4608874831472509,-0.9939462197564994,-0.5014189531250346
0.9949700043757097,-0.8684423518677666,0.5689153845924224,-0.9154061487984406,0.22111680520846266,0.003672063915398649,0.6156638799554963,-0.40474227597439216,0.6602619081427652,0.6434233262673887,0.8585220562305438,-0.20999957943967207,0.21221821798664187,0.9793957843307319,0.2777631912183869,0.2960538277792728,-0.6026724358909168,0.18063431142296404,0.3703114259284426,0.6273306073930303,-0.23555750246365403,0.11308402940491957,-0.41476796415365613,-0.17822557824737206,-0.23599195546728313,-0.8008464701706193,-0.5674328284717289,-0.4266899384178764,-0.9017916547503861,-0.0402162436989264,-0.4676517509186,-0.5334022368354134,-0.6516091560990349,-0.35536091868737785,-0.6339693336049406,0.4739359272850181,0.9340817409066573,0.33946300433538945,0.1902426822350305,0.16572787714693726,0.8239392655184632,0.9913411380431973,-0.10786404003182937,-0.9706790437251986,0.4229737791798407,0.8221416810767905,-0.6697145419802519,-0.13842599320230597,0.9760902964436171,0.3206445893580703,-0.947386097694304,-0.06546305044024003,0.031142494987574043,0.6396274552356669,0.08110067016260136,-0.6569436325774911,-0.8219543634244515,-0.8901550644483054,-0.6832830509430774,0.33071596412753834,-0.9451411868508961,0.6064990112251061,0.2555401363893073,-0.8098439000603652,0.8617776766707952,0.8730254701636382,0.8874283130949658,0.598371670897131,-0.5295785312447403,0.36869231912221,0.5018513443352204,0.14312493075363686,0.19094788289750753,0.7699019460834755,0.5600788531409642,-0.10283947138737948,-0.7067882135890897,-0.7760865973904612,0.9520226038166404,0.925038457250791,0.4619134640139382,0.075003631467365,0.25192134957980206,0.9291643841529882,0.8556067446095696,0.016434997775193638,0.6306377324513874,0.702801169017097,0.9410164139660917,0.8561514824480063,0.7883271762734014,-0.3917718449964531,-0.7235187119138791,0.5156653392351103,-0.0974173106729519,0.7603546661651335,-0.2878982793994802,0.0262906810260648,0.8542045836618217,0.1421752569504975,-0.11929281096876942,0.013695975747693767,-0.12466430764634961,-0.9769319513574279,-0.6548499306780924,0.6237405691399118,-0.4809986421451722,-0.9063553449692194,-0.051384727355865634,-0.053449486693977866,-0.8126058604000415,0.6851852413986617,0.6842375276821007,-0.23950018639223147,-0.8297439321941784,0.19136077766462423,-0.8169925843982466,0.2959039906856975,-0.8319349596776267,-0.6843380404874939,0.7819798961234738,0.34868092562470054,0.1808598826887624,0.5829265738330696,0.19980342195052403,-0.15305096567140675,0.8076232448918625,-0.6991259684658191,0.4524108879589521,-0.21579093368953495,0.8865403234816809,0.3405523289772121,0.6958647590448812,0.3291668539552177,-0.8999492486248246,-0.9137306125634659,-0.2907175089517644,0.4267639982389506,-0.48269711576817187,0.5809417082136419,0.5802331951405812,-0.15295441281060884,-0.2907799120672099,-0.9119576142079313,0.7991739742733239,0.28465362262892,-0.6459414290263239,-0.43176506945204074,0.7875256211829174,0.38186089028733017,0.1163752410431309,-0.33338617201350185,-0.24522631832893826,-0.7859822246576744,0.8620203354990406,0.16206749972498669,0.717986640405827,0.3172623167936275,0.28235380944845345,-0.6365494982473572,0.2799972451503212,0.7695349395982445,0.8524541917686537,0.40402206241568916,-0.43392002828290166,0.21964960360995822,-0.23253864725234452,-0.5026901555008452,-0.4703372577494904,0.22360787435335272,-0.948757927631666,-0.09388046694247998,-0.37521265221104927,-0.8704801433690426,-0.9767695046521836,0.12166628745224939,-0.7955806495854973,-0.7153206145792121,0.9624525745722292,-0.2888572725654037,0.5200984365218586,0.651039609764757,-0.18673808462594121,0.0852393142389043,-0.7498846054025994,0.005065693969447116,0.1477406913065027,0.5786883052984666,-0.5559948345136909,0.06924415230945558,0.06540688420366969,0.003617573200941804,0.22816048623752483,0.7606685524569188,-0.7250812204925354,-0.4829368383409305,-0.04095279944928465,0.9811903981495358,0.5057905543924763,-0.10965136286702082
0.15150049430355206,-0.15017113056697218,0.24647812296480853,-0.8731800453486764,-0.4002006340942823,-0.5710964054061356,0.6593925075672,0.17299587869733157,0.5133772044512781,0.4495417065662912,-0.2845057746591997,0.5109821109046901,0.19938012421275664,0.6297267401701971,0.9971579733602471,0.7462655932392339,0.4294695467856451,-0.7840790713928805,-0.5733124095930102,0.43942890178609617,0.7888849377695384,-0.31654196699588955,0.962025243768474,-0.9124182772882188,-0.4909749430236585,0.11258754895692413,-0.8112088829188304,-0.3350985679066354,0.6601175770212968,-0.9561382545529342,-0.6688532775593374,0.8128581636570134,-0.4431666769016318,-0.3958236650289304,-0.7107108792337369,-0.7508613375383673,-0.8052771027547461,-0.364232649649892,-0.9368684012734607,-0.6135027751771429,-0.42169566044807305,-0.9434900762483782,0.134438669925792,-0.19587050609099954,-0.8736408133797913,0.5112110039641791,-0.03152081524467931,0.8231081356310543,0.4950436065395709,0.5447997378675224,-0.7464454367727846,-0.48261628159065273,0.07648029287508984,0.5060163221749836,0.2609738415752485,0.09340875656965086,0.9128522114091084,0.45897153024154225,0.7325975060567949,-0.07654987523961165,0.10230590619832558,-0.8062037785127969,-0.8407610886864221,-0.45825984457583036,0.03394318890260006,0.9905528143731692,0.5745537314783655,0.6794692624576095,0.24509503222566775,0.8382334469932264,0.2531801965315901,0.8943698594723113,0.09183003637470444,0.23293633257102875,0.0768075081319608,0.6095326977243731,-0.5020484373140226,0.9505116281177042,-0.20834486638785465,0.23709019347357918,-0.11930673850155205,0.8606195823359963,-0.2376751666185053,-0.3752993838684391,0.7850463966538346,-0.8194082628588883,-0.31943001466464715,-0.47756224902128896,-0.37288865739734045,0.31981320752651277,-0.7787080388647794,0.22739421032022955,0.4447631776199956,0.35904608935984106,-0.8828238420960535,0.3749052551544605,-0.04448656745725854,-0.2773678564072177,0.39398178352040536,-0.23702018128106284,0.389533341593868,-0.2974779141934438,-0.8592326868402835,-0.8427873488890805,0.3655321110516436,-0.8762657608528552,0.665048041880228,0.07563493777373909,0.5425847851520684,0.615007808728304,-0.585716926734912,-0.371223982445108,-0.17842081225120698,0.4187132514658345,-0.7484739258884145,0.02933556704623763,-0.4801893185428703,-0.2552232503966414,-0.8883772733959121,-0.028983741884256453,-0.9016965474967182,0.18823478603458388,0.3026547070205188,-0.39773448099205555,-0.7282265082193409,0.06070570604912562,0.16072778776612506,-0.6421449177420393,-0.41336527585225635,-0.24732896687626837,-0.2499106573699652,0.7303678136165692,0.5710342660997751,0.48112013729757463,0.11350474675581546,-0.13018397344142207,-0.004993104778821866,-0.8999953072238791,0.5783558403820392,-0.4757384037698913,-0.971289846000204,0.5810059447794094,-0.37851583488661644,-0.15281863711508548,-0.2716249601538585,0.512532598422409,-0.32016652021530345,0.7849272195873289,0.14242029861541505,0.5650336735396284,-0.3829571937321814,-0.3621354853397931,-0.5585346491293981,0.5625189916256346,0.6105292530150819,-0.942217328769692,-0.738288339338949,0.7140746531222841,-0.2609406671212833,0.5978599250977719,0.7517712918111741,0.5665582139910179,0.7085764502515395,-0.6313492838975088,-0.16253205632407486,0.4011968417345053,-0.891615195447226,-0.20701923023724556,-0.33199583584591075,0.2164802901003282,-0.5421957682765679,-0.8926018624133454,0.3895851065503866,0.3505351010783857,-0.6794717184368448,-0.6265238952873009,-0.6501841820455221,-0.4117753478729138,0.9265579396789754,0.5963838018764009,-0.14363603347042253,0.7627084177488817,0.3878992595768591,-0.05210314228212454,-0.19752780892943522,0.5276178168655221,0.22654625873762768,-0.2197129722275004,-0.7926873999973376,-0.6462449687580676,0.4182819423600126,-0.8001705990388968,-0.25498145951749507,0.9448244251577085,0.006720987190090177,0.9130905904054796,0.06681780214431798,0.03413900195684838,-0.22351014623979482,-0.8800627737325537
0.5209858850305862,0.958857708228386,-0.9699719830103539,-0.050829342174382175,0.03254075321523131,-0.20783808110355806,0.42193410537442877,0.9832739317242707,-0.7442956984656484,0.7492376130689999,-0.6542216900312965,0.1910487842929145,0.8835371488089101,-0.11182332142106888,0.5711869582126345,-0.9727600525172746,0.6038280170142221,-0.10776926376059648,0.9884320455533016,-0.18290263723539835,-0.473755555559072,-0.671780114790886,0.6239779803900147,-0.8477206208217929,0.46089372204106627,0.8390435004923327,-0.8930575668232004,0.05752377586407231,-0.5423848668423927,0.5194443000033191,-0.04255638506784565,-0.5440481092023297,-0.3085615382129805,0.17748440399015286,-0.2282611002564674,0.5051179607553771,-0.9038126250922045,0.10821526274613147,0.9474058273285773,0.271116020810658,-0.2630084308475098,-0.4705457993151547,0.028112205487913267,-0.3804741035712258,-0.7531881977357102,0.11498416505330966,0.50235709894539,0.006925379101915263,0.7572999038281707,-0.27594164316481495,0.5048429068915286,0.9000472466402463,-0.9057018454158974,0.35164126671214024,-0.14152548828028633,-0.3889938346621209,-0.2651455359875121,0.3044140706542737,-0.3229215928946807,-0.7087160070259821,-0.6063813441170762,0.7601089488968817,-0.7771926799424933,0.8889286695949596,-0.6916723410091585,0.42585046566613727,-0.10510119370421833,0.53950185384254,0.22955323406085348,0.4729579647030264,0.9543010516651489,0.3643441936386371,0.24158006509303775,0.6311978099240265,-0.8302664242573066,-0.12322327641888897,0.5471073001346585,0.5283145488244285,-0.5142075916454487,-0.41306034259401425,0.2830313247221441,0.48452298591073806,-0.02142958090124969,-0.9385898084695914,0.7352196698278788,0.1101776888802044,-0.24098605386789163,-0.6605680909805336,-0.854448066685509,-0.050534377193001134,0.42843355257236326,0.31010959361347523,-0.8784435719073398,0.6935897628556422,0.21348105049190158,-0.22595025655156098,-0.506124052007473,-0.9165949038426591,-0.3420973760670696,0.2706832914704369,-0.9335997196046562,0.21776157609119928,0.5856523361632355,-0.5409111928194805,0.4383732161718408,0.006082636561147936,-0.7103473057334821,0.24825791856339907,-0.5411254863288393,0.6955409233200309,0.7621931479213191,-0.9763693953191652,0.7156769472484668,0.7264456108213164,0.5756785070057091,0.4806126073574566,0.029404432611518594,0.4303107689706527,-0.20732195018914967,-0.051658727151804085,-0.4267885310323749,0.8100059638464578,0.6851203355935909,-0.309319243000469,-0.6555000502041857,-0.49179479100714185,0.8335795353356887,0.9110230111996003,-0.4766944756822651,-0.14500504652429824,0.6517036934455778,-0.5794679698430116,0.07016043184709808,-0.27673647271940083,-0.8680852282775726,0.20553481011898933,-0.5651146106371814,0.40915360725340566,0.10494212965895433,-0.9688608103724274,0.372480819387897,0.511303527807419,0.6009061146680559,0.3390362161472227,-0.5181528680972847,0.19151283984382217,-0.7058328757192065,-0.08701334952794038,0.004678450710957183,0.32214095079089344,0.7482669284770886,0.47068228402728685,0.6078102383330302,0.13579707710861744,-0.14883008616906435,0.17265168618699578,0.028984930759835326,-0.6899928914785503,0.7734496260335173,0.3811998307533626,-0.8781582667518402,0.9864153412771792,-0.3709958421999089,0.15755034540709212,-0.7343101972712511,-0.041317446460513496,-0.45151829958341017,-0.10117172180080813,-0.7249394170374706,-0.24631566952837725,-0.9271416245367554,-0.8209165653311032,0.45779877880954256,0.1964347294039579,0.4953979844377472,-0.23732297553907933,-0.4947335395957597,-0.46440076631007843,0.8091171265205008,0.6632831030599333,0.2973949644920848,0.18478578998938877,-0.6745319288750968,-0.5290683472414739,0.13602634954972226,-0.7935933150209804,0.951571823846245,0.9706610239456794,0.31906195804038084,-6.164565557909008e-05,-0.21620565772130185,0.6338227861689978,0.8874029201502132,0.13316248670354858,0.966810869759358,0.03416220645508261,0.029367877902891637,-0.9012477887914974,0.1561481290615474,0.8482460709227788
-0.6644335069402207,-0.7577468299153136,0.6324286627318407,-0.9701943369937798,-0.5399611119072267,0.7779273242073148,-0.9674451043750234,0.3833299357000224,-0.22812036482529163,-0.1320589575260518,-0.7707713388605475,0.8200815026432346,0.015846369285509754,0.2627581744919194,0.342946065483029,0.1162168222598785,0.6040763359775445,-0.03830710478326749,-0.22753234026279,-0.9775918342509713,-0.8327771899427494,-0.4090565861858304,-0.2546573075098413,0.5937191708824108,-0.4224722227199105,0.8345383513645221,-0.5295363977888068,0.10606503917817744,0.85711235283799,0.299751285373697,0.2823065659911237,-0.829895234262457,0.020669501351075592,-0.905270639268029,-0.034824307615107575,-0.15771967495920713,0.5021502787833565,0.7124290995349207,0.2830290516950591,-0.6100251776745642,-0.38133996116119584,0.7327091393238603,0.1774031865059169,0.6641150515717447,0.5802109703072629,-0.9302615820817663,-0.6028885136047715,0.546189367690461,-0.9661966047131412,0.670602154010487,-0.19144459193945984,-0.6352411508037403,-0.25988343630180166,0.6311607104383066,0.8869168211433882,0.9049937537639512,0.17665258615001145,-0.12493025013668624,-0.8509342472045505,-0.960909680978367,0.37806321749206173,-0.12817668269796934,0.9448882177008209,0.33688392326137495,-0.15583639936637073,-0.8159449387516715,-0.973916174397065,0.29460967172663466,0.8322797472919292,-0.40181836683297556,-0.8269165052628702,-0.8194074525821262,0.6814469231934712,0.9862350812941214,-0.5504090936961539,-0.43561492857954454,0.6155257142636319,0.08330768829481316,-0.7988568335946906,0.22823700037516503,0.8447896527693846,0.1829625706205451,0.5448518487604521,-0.061132445306216754,0.04558549247943655,-0.9699112122165525,0.5460111582532201,0.5204175739682813,-0.14020698637231566,0.09646952453705793,-0.4115978098815518,-0.7183465752315426,0.06859166511320458,0.13493610269727863,0.2436601579972566,-0.6813887746868392,0.21386649398674562,0.5698232802067194,0.05590896657228228,0.07987122883571729,0.11606013112397173,0.04007802751222389,0.270558142151724,-0.7633734424042937,0.05827724926183375,0.3642563918294286,0.2816774321391442,0.5631785633320394,-0.8547043001043146,-0.9387302492410579,0.6057015000486656,-0.14249136774822957,-0.2739573053488986,0.6877859097351784,0.1386993893157047,0.7935843672909522,-0.9532527373252295,0.1894031947366528,-0.7469916042346219,0.8865360332574765,-0.7345979000387648,0.7623590484491316,0.5280010251440277,-0.28298661925566027,0.6985402548818627,0.2621194798048827,0.15462445555728377,0.6620740275484587,-0.6264560613015231,-0.9706149205159298,0.9555557232895389,0.10659204207033768,-0.9883112794004021,0.8872162100732162,0.7946446921175667,-0.2629124531965803,-0.7215995797403876,-0.85432067835383,-0.07802897153486454,-0.32877119614933803,-0.3712908331824032,0.9146738218930146,-0.07885871102425623,-0.08616369529385381,0.41213268176037565,0.3419284186952294,-0.7240605132538416,-0.4064042808846151,0.2042463598382207,0.5681167107020062,-0.8068560132114491,0.34594854410342335,0.6695713645962034,0.10285163141270615,-0.4393382356777482,0.21710334290221467,0.18444124464411926,0.8799307664896663,-0.12851509055091248,-0.6459476923537435,-0.7181734501844863,0.8860502612222423,-0.3314651472534722,0.17526975385022348,-0.10144179979868895,0.6223255203237077,0.7632828950241699,0.8268259001356288,-0.47133237539222717,0.46282256195606797,-0.4671979111992146,-0.7362193002516659,0.6466149919264332,-0.3067771094886176,-0.4127030466072499,-0.027786868312374313,0.6700166470612798,-0.36207910723808934,0.5590045825510861,-0.7471619098948519,0.6898436781462707,-0.7169281225453537,0.6891281734353825,-0.265662260399089,0.6610090732583531,0.42061323783580384,-0.9638763675377231,0.4686346657541549,-0.873261337993767,-0.20140312284890882,0.8506815389413647,0.7969528487648239,-0.17998250908987257,0.9012782879597117,-0.08128368598703939,-0.5774557616221785,-0.7279751408331674,0.6952366361695039,-0.05999459338367785,-0.6447493507996398
-0.6740899992057328,0.11998001651505441,-0.34380328822994,0.44223899968681946,0.5750949275493407,-0.9898862681029623,-0.8220811860937653,0.040341297566140355,0.8906397359432876,0.6336541699872933,-0.634463561163578,0.3776946106823915,0.4341535188648695,-0.5192590491460345,-0.7275005579935641,-0.16062940549123317,-0.2210278519750013,0.8679207793212671,0.8483919640069035,0.5896826054517774,-0.2537167518400105,-0.03705935081972056,-0.8821650924339715,-0.2971354582463035,0.12491653325379515,0.39602990080502787,0.8975827404707946,-0.8170663548086785,0.1487218942016586,0.9494491368685021,0.2208368208706415,0.6876810113165057,0.7718171597609269,-0.7815853956184555,0.6325632282635161,-0.8276527030023431,-0.6281404431551147,-0.8382583447168541,0.7602238810601769,0.48773634974252156,-0.545174465373095,0.6338809261053,0.5878901845304505,-0.8935197767493799,0.13902375304943737,-0.6007808589361587,-0.9343439122680508,-0.8582396535625758,-0.13962406525539706,-0.37217979609242935,-0.9705883263855652,0.9139622074941829,-0.48714862903876677,0.4013221238550111,0.9759485222942501,-0.8267525899819053,0.008360021919049165,0.5704151736536378,0.12354875670934473,-0.3455423906575614,-0.4139288630038003,0.6214563346782285,-0.7183015078686363,0.13497395101045018,-0.0633495686470813,0.1861961566706436,0.1461686970791003,0.730409024021972,-0.1757499673275087,-0.7369898766997764,-0.4858183223153869,0.9130997728141752,0.5319822149808269,-0.17316079383593252,0.46540491414205376,0.9186723325312915,0.5860630679272167,0.029340802515975595,-0.7174986455231278,-0.05173015293203931,0.6095469640322717,0.6218735804918378,-0.8347150800642762,0.80339306250978,0.4507057185984573,-0.8585535282563914,-0.4843661437587419,-0.9091921276788553,-0.29640998282010567,0.12296068167668328,0.22154774372699393,-0.556441922715271,-0.6336482306015383,-0.06345586639043899,-0.4064601627985278,0.9416404050834275,0.5673431126872877,0.45674406528388034,-0.12429920947501705,0.048035826741767984,0.7626178983428535,-0.5160868415624633,0.7427142250298893,-0.6972321358222238,0.05987936348431533,-0.18873685803943574,-0.4539830091742636,0.09134004168840826,-0.9221644141475571,-0.1414661489754223,-0.6124877245979607,0.0959073784802762,0.979452874030885,0.9929117448832232,0.7819915011461931,0.8618978789738121,0.0067596464638699505,0.09432493602692671,0.9353460099827757,-0.3641610175341081,-0.5442969891037781,0.8422746804564782,0.5955872521959809,0.2612439538396474,0.6996193125533354,-0.1882156146317051,-0.7242005088896735,-0.9051343153290701,-0.33201500694345,-0.10896784340881704,-0.11133299876731662,-0.44659956239628906,-0.899758094646431,-0.27978783176860755,0.2397492577964595,-0.29512156426814773,-0.2715558415514092,-0.2058682119927442,-0.5880200331722045,-0.6344554762663466,0.6493038983603292,0.1881332402529463,0.08168430532391868,-0.33338700380454456,0.5313195485555,-0.7857197367771691,-0.013230984971760895,0.39967434569408433,0.4612397406631161,0.3321648238616115,0.20017682167465511,0.7789664303298443,-0.8005402542495432,-0.8333306760075481,-0.7997658779814882,0.5578183607386109,0.8828075734958087,-0.8104905545558481,0.9725604308646629,-0.9618067869197695,-0.3429320781612202,-0.4101361229395928,0.8848589576063335,0.3639543263474865,-0.8920331793019531,0.40539437796395417,-0.6636198217593745,-0.9524139850419329,0.43417351873192933,-0.25810192645524066,-0.5323843163978006,0.6351452755915687,0.8643350641138738,0.39726519495989043,-0.8336843448491704,-0.6457470357684658,-0.9986999348853707,-0.8346139987280756,-0.729533669617163,-0.12452523557667572,-0.3725059809545641,0.5877725020065576,0.13178061481333359,0.7438458794650276,-0.8809579311225464,-0.6841826459775628,-0.16463847816666144,0.6249120488708619,0.8379457153495238,-0.8421201807333896,-0.7780124047806771,-0.5708024373229794,0.4389485110417217,-0.6338144405706885,0.7570155761692601,0.9332248240403476,0.3093527210710254,0.37278721612990706,-0.4807406598306516,0.2674330307632202
0.23527041583931863,-0.936018758445059,-0.43496090108415664,0.9117232834511031,-0.015374614299937361,0.5299699372491573,0.40836894797180334,0.6890496183802952,-0.07260881967901511,0.10148906781550449,0.8615006559173102,0.4165939799422551,0.17977438381420674,-0.2676850461376712,-0.9438993347666371,-0.5388007660742542,0.5019922231023548,-0.8684742890574859,-0.9805545064424401,-0.21465916502705795,0.9147852462163331,0.24408139610635926,0.9396694496879345,0.5457227039540964,-0.9755903601160134,0.38005874897930636,0.15795642314132285,-0.9939916092539707,-0.3035803865483926,0.875375360718857,0.7565737547652864,-0.1431835137962234,0.012964570694784072,0.3974593873665322,0.5206341636808418,-0.8711810697315836,0.08552213460045888,0.25372199138150986,0.8197145625024325,0.910823512395939,0.980971301405746,-0.3263785260841232,0.2307472469895997,0.7838137771824361,0.919688709757378,-0.28165165564256656,0.5199303887790852,-0.5127380354806399,-0.2524003582295078,0.13416441292267445,-0.7069841467484146,-0.27730802613612493,-0.8586766416839113,-0.8813502429789741,0.9275082124306673,0.1387889674390883,0.15521806497943724,0.28825064032109937,-0.2044330750228025,-0.14305366660796737,0.8280143426184836,0.648495607785851,-0.8824203748451511,0.09347063879456186,0.4342576479797411,-0.04499870147156826,-0.9118223372356011,0.39090369485972243,-0.5167281777245416,-0.0420360341525996,-0.46588823654669254,0.3604361582593081,0.43331289127116546,0.9128333064586514,0.324424716738543,0.14055199695047804,-0.422047938305784,0.16210633067621694,0.926360308923579,-0.25006272104549376,-0.5499434021039129,-0.994441831221722,-0.01844697507506221,-0.24604609968121682,0.6961324937121767,-0.6856489280734319,-0.34381653356477715,-0.5640675848621115,0.2657662085881656,0.6568845363118379,-0.8542429284270068,-0.574966863015768,-0.24103411565566657,-0.4897922556101102,0.7976878939742296,-0.6327102141697845,-0.7884642711374388,0.07447782538490233,-0.63245949771832,-0.87770338911211,-0.6264596780912361,0.8940499063235843,0.40491290061322394,-0.7010967400843631,0.5785536501008623,-0.3845694611813133,0.7120229318030016,-0.8605119881744185,0.47445754390142736,-0.9361034099561323,-0.920332362604871,0.7900604291609974,-0.1564903134266995,0.3535337902068323,-0.2876610123472618,-0.9887628013311816,0.528610854731131,0.0820277267066516,0.8270489933193406,0.02087349076981626,-0.5140485612460302,-0.6970663832664723,0.8057058321930208,-0.8232275041337895,-0.2148358457673818,-0.5601118982646123,-0.7278378365000144,0.8550367803349379,-0.43682022547148613,0.3566765686051805,0.9153755452525048,0.8470592336668783,-0.08692290881152465,0.5084741842218832,0.9920449936773301,0.11296710058978765,0.9640431187008376,-0.09770477826479662,0.71441973098507,0.7214075056622631,-0.8245463196785463,0.18683817590693597,0.18719339029589332,-0.1530045373486748,-0.6650258094781438,-0.9071475829043216,0.9065025127405562,-0.5194612231987676,0.34207293099324176,0.7646106508252164,0.5946790130208639,0.769488583418948,-0.7170693955187035,-0.2599120087366833,0.04132150391546796,-0.844524633052431,-0.07611250902260314,-0.07326540514933866,-0.9506717816754722,0.19167547115806238,-0.997805254052119,-0.11016467042961064,-0.8183317810125188,-0.3114955001793247,-0.6757947172872758,0.42738851535222433,0.10146152982293355,-0.638134908839388,-0.13710183351600125,0.9148704285658671,-0.8020506851816935,0.5905233861207129,0.45111430675168696,-0.6581664224337762,-0.2948567136093325,0.8207715380852358,0.5713526923133869,0.04450794417933701,0.8197216464405208,0.4455787987154114,0.37279090830746386,0.13108678302859267,-0.13253030022358891,0.5456051098117911,0.006265780874050719,-0.5771280000279764,-0.25714323919541027,0.10047615394891962,-0.836893935049623,0.17708252192623242,-0.3741052960012101,0.4992493162117897,0.3805347676994213,-0.05910964060605495,0.40795541838902083,-0.811607250843648,0.1120259391779308,-0.9110858632798535,-0.8993121422765784,0.9848305847216636
-0.32066124801087614,-0.5273336398787767,0.0699560011265854,0.6165916725898415,0.20774777022123492,-0.568105547619332,0.09497779576613663,-0.2491245775124955,0.8852096819068969,0.017040638753993198,0.16376892446863445,0.7984293724950886,0.6074116454879122,-0.4477780560895974,0.9228898567269428,-0.37801651855956564,-0.8931591114795725,-0.8080510348762733,0.02782726493629961,-0.66375728365209,0.5079855095859178,-0.6749728470859058,-0.892051321601387,0.10239968022333734,0.23008381269194977,0.07330915521771941,0.25054411480756444,0.6773653176334848,-0.542723072539713,0.3249707213865871,-0.6890258780247036,-0.4960759566920918,-0.4451513844915538,-0.025450617262676722,-0.44247775294134506,-0.5771549682148953,-0.7366418104685135,0.498612148467515,0.049801256474445,-0.7805875231915864,-0.15707963743898157,0.9069726311647668,-0.28019691143521186,0.20488693878859543,-0.6074338301852229,-0.9795842368434928,-0.7469340155166495,0.25460555754283676,-0.9739084671798248,-0.9277686382227561,-0.5842847082216214,-0.8985846597403555,0.8742092358230666,0.39175710304480327,-0.5619649611059532,-0.7375989089819119,0.43387903927127547,-0.003945956242453308,0.7009729732627812,-0.7456157699904951,0.7516210392599614,-0.512601489232023,0.4357046662861599,-0.917142333112491,0.5536921882525689,-0.7387144490579052,-0.8129258987616199,-0.32906970551109493,-0.9059303342229428,-0.49306868916939384,-0.6059170960949982,0.3643638638311799,0.6497569092726874,-0.3111313027851683,0.5860943882893141,-0.5383817563220454,0.6563536143298501,-0.08616388649346152,-0.2882821500616721,0.8061867294395297,-0.8080923913254554,0.07453814483053911,-0.7359616642012428,-0.8579246746929439,-0.9541644803917217,-0.6762017460067817,0.1964299096116251,-0.1685788529718486,0.7669207872890631,0.3715754446131021,0.4845927070681382,-0.06064708086046622,-0.2437597831310463,0.2162369197737668,0.7212012103928662,-0.6817572924190716,0.498148366150061,0.06177185800924545,-0.7613367297632636,0.5703163896377628,-0.47265870499698104,0.6842937166297569,0.48374810131210455,0.6423559229955926,-0.8662383314953932,-0.22580125343975355,-0.6755952812606729,0.1349781763726452,0.6029168794845694,-0.5939518818425242,-0.7629691150814362,-0.026304244786618636,0.002174422977523127,-0.2662150203308047,0.11436009235379241,-0.2628511940115841,0.6824771228087549,0.6828692103879519,0.8148223518320354,-0.0789908475570873,0.5062858444007179,0.7818494743195081,-0.23367057392198043,0.40085241785647296,0.8597231083061048,-0.8317746584068546,0.024289977612821145,-0.2125672197036328,-0.27665899603896515,-0.3936066093860042,-0.4261205527364773,0.5261341301086928,-0.49052856414760515,0.3120541726973316,-0.11804945818614487,-0.13702964199310186,0.9593931316785091,0.3697156206692689,0.209318321499381,-0.6228709710049669,-0.550560540444361,-0.16633547330215714,-0.9829277202144138,0.2944464624601364,-0.2461423699963865,-0.09276932195167631,-0.7410484575255312,-0.6621133925715039,-0.7306207353794594,0.7641283994022505,-0.7650577114751989,-0.4089645748040458,-0.7062838933508633,-0.5671157123769752,-0.1781286796113164,-0.7251091313416489,0.657497297806203,-0.31295466511192416,0.3090920530975647,0.390852679618618,-0.46688989291330985,-0.6973888411907576,0.3583556043310028,0.7003007160609678,0.2724644375783851,0.9099195605410753,0.06760188542235168,-0.01401537732566105,0.9726573615389844,0.900742019522836,0.23539850261935746,0.47981058989129455,0.8606103123361453,-0.7049621844370659,-0.5197958391255904,-0.37773019213319037,0.6413212226512399,-0.8307292214331776,0.2015702660514953,0.3653965649048425,-0.4726605680495033,-0.597973606590843,-0.3223290472477982,-0.5211561189985043,-0.732044194338241,0.9313875133157621,0.9786478024979453,0.8944694021483219,0.9482166313826432,-0.6266820149278132,-0.2687334020925993,-0.8847936188478693,0.06325750404373132,-0.550174307144842,-0.47851590887851736,-0.5953862376605892,0.6304730480124723,0.6178336246240783,-0.5182287383444857,-0.8426288410066691
0.6689076627171686,0.6966789762446448,0.0580039992855228,-0.18866442102209602,-0.2522758993485892,0.43753594558054476,-0.26041013205696495,-0.06619103583154073,0.4555284141064331,0.8322752071891568,0.12743097059636566,-0.46287401766509584,-0.3383496583094294,-0.09293718037938148,0.17365303206602234,0.7898289817653894,0.5949752627367435,-0.46349767265102737,0.5441773674300523,0.8029755639461666,0.2714556654617719,0.8939788818265249,-0.2790147816083679,-0.5201416695626657,-0.2585623478246084,-0.055623725188848505,0.7144926975794808,-0.21394507010788888,0.8623866100331163,0.18929446901262903,0.005579507087286606,0.9245502621962618,-0.8728357191248535,-0.5827565207191592,-0.43928560426126184,-0.8418426934319259,-0.31348490289523157,-0.2601218220274746,0.0709728553554616,0.8165174574839968,0.14537305134595058,0.850586069207963,0.8736929985631312,0.8341300627573742,-0.3873010053031807,-0.8249232796614476,-0.31661902091853666,0.5208356439933322,0.19188909445100077,-0.35380699058581344,0.8799027706863836,0.1514331606222219,-0.20585022416581156,0.6884789980453891,-0.6365522874468317,0.7068971234953099,-0.5209417490132715,-0.09359933629459527,0.961674813571332,-0.7265822702706259,-0.26411454711974214,0.4348089335635499,0.9745982605019723,-0.4686098220707082,-0.23038807328731115,0.8662503631955045,-0.428169547727121,0.9953924964025296,0.9073138872500048,0.30133030629846047,0.16704242222626986,-0.5043752522373419,0.794521244725781,0.8819172742285744,0.6331560331038226,-0.3980051461346217,-0.3665302263776826,-0.38210746327801104,0.43678864552964614,-0.8883269212722007,0.13314249236359066,-0.5599785647126216,0.5406397798344158,-0.5479890539608923,0.9221011088410074,0.36133923983077576,-0.9638560558857372,0.06831581362510586,0.37251688138947836,-0.7560361549901604,0.8802933623020386,0.6439032756726124,0.8395050937982231,-0.7158225039851489,-0.7595054942458745,-0.2632793228344701,0.09796558986059023,-0.8152438265658881,0.8650640034225789,-0.43829735639191214,-0.6871631710363142,-0.2745037851386447,0.9389220276168213,-0.4412796983253304,0.792522328737649,-0.13410885797172578,0.8116871193868807,0.595020956704835,-0.48047682244987366,0.6882830661576436,0.30097369686206443,0.35742522028170987,-0.9027811421092062,-0.005559828966922309,0.28563162632097927,-0.6727987100229618,0.29620949825285114,0.6317357670769908,-0.9493698523714993,0.05807352678361721,0.5932652703141736,0.7506241610940079,0.6407115779457673,-0.5548712029317426,-0.11058085467220713,-0.09406730335866098,0.15460943326316312,-0.1993899988834773,-0.35217239846680126,-0.6233994484695913,-0.06393884117297399,-0.7770497608384888,0.8220534780911415,0.2914109949382384,-0.9067173164337818,0.5263842438057031,0.4005319231317923,0.6305821858719087,0.627342796911722,0.8648580541761204,-0.8742363896282523,0.855143143773837,-0.26502471677238293,0.2981543171278236,0.3165705946696329,-0.9087394321506241,-0.9493655127171448,-0.6960338729047042,0.7126697254541283,-0.6436371992604699,-0.7439528693897639,-0.3816224606885228,-0.3604227831495599,0.32513613770428096,0.8907260774801307,-0.760169812658092,-0.9470604866114958,-0.39775216241614286,0.9353191043982545,0.3845994292461965,-0.7531642054134702,0.8369460734369856,0.5261276572644116,0.058173191638633215,0.25509304842543234,-0.8263108060601783,0.9869091982316733,0.8168662344676603,-0.6030810308214556,-0.603768790094801,0.2448687455931784,-0.29787114695925565,-0.6916506064221641,0.5511308966691109,-0.6479794844018791,0.44169168214185506,0.20186609990709026,-0.6270259383974452,0.4525086973781527,0.7118903917765569,0.5681860632617957,-0.3120612036016508,0.43827298840178397,0.932720417013321,-0.2955022181980762,0.7865026274294689,0.3185477656555997,-0.5735826952823313,-0.5307374276465386,-0.662048084277268,0.27987326224483544,0.5417156489891046,-0.1146121140295353,0.3986210318796126,-0.6197917775270125,0.04442493026539296,0.21584743521073957,-0.9971516536574154,-0.272818850683211,-0.05263716442600064
0.38698547822692264,0.7888039019959017,0.6631933036753463,0.5637174003428043,-0.5489963124811255,-0.546725654255944,-0.1463570432795942,0.014551808685184353,0.9439857458287242,-0.060915136380553125,-0.816723929235369,-0.9020901389237186,0.9522463449703857,-0.9088766498647534,-0.6251248957352347,0.2142685874973862,0.5758243942202463,-0.7584136610553975,0.011332777245726788,-0.6832101519440876,0.7070802927002802,-0.23773403408267524,-0.8026594219482026,-0.017215607692580237,-0.6880581617887955,-0.8004466391470917,0.2896123207408452,0.9043004039470346,0.9609681152347029,-0.5554772482373058,0.9254916989546391,0.3555418187412718,0.2642400259063944,-0.6342299922393713,-0.8207188701084631,0.7180602921991814,0.33244128217929325,0.6836290304402539,-0.13051639611955168,0.41490293684668544,-0.4757232586423701,0.7190585770945348,0.558701401986736,-0.043047261233566614,-0.3513763033953874,0.5075033048191011,-0.7379517384596377,-0.5803596231389339,0.9397291386749214,-0.5666181149758058,0.38170334670650385,-0.6944674679393412,0.9045680785385639,0.8392852948914598,0.016716540111412437,0.26948087075547233,0.5087626368914275,-0.4159261546469286,0.9942765556867221,-0.3077877676455216,0.9807790617697381,0.7161286732638883,0.1321470462424008,0.434709814424616,0.3300081043066443,0.37065615700684895,0.7204647389670078,-0.64272357919436,0.9167086236736022,-0.18994524989783912,-0.245946121468537,0.6421057714287615,0.2358648626938875,0.9861161610116636,-0.5778729264201132,0.312179432053997,0.8004363535286683,-0.5155136610103233,0.794177675775166,0.58071158412188,-0.04242308639745063,0.5974760688042953,-0.8666618040936651,0.2955085801294499,0.06314528071018843,-0.45688795452088504,0.3673484145549355,-0.01644739097685055,-0.790917220299346,-0.5273704825891121,-0.02886634068187499,-0.3694893832636599,0.7135437065197601,0.8995557919873367,0.5443404186073639,0.3064023190987797,-0.35208226519082264,-0.9728958921361175,0.3199826787671014,-0.5604969147627301,-0.22926643230744048,-0.19741473106893226,-0.8853361530793016,0.569090162021276,0.3279403954639504,-0.5415227924151635,0.6563438731446134,-0.05294682596845979,-0.26924996992772354,-0.8734849048580087,0.46099514181686696,0.5815083157441601,-0.9099341428051573,-0.36315911633630016,0.13735394288184444,0.5985643293601257,0.8735669795603933,0.3193764696611878,-0.2634251253831692,-0.14376187358269132,0.44075976711017084,-0.8559582370893186,0.13245287189524046,0.8366239916269544,-0.31555817529636165,-0.14346958292098067,-0.9661860232118453,0.8666904370565007,-0.8173520330156092,0.4417930450435765,0.18485014117905374,-0.576960078016898,-0.357918896513294,0.09424350405709658,-0.2844945966474184,-0.6302744737237973,-0.04567924434798787,-0.9989441214322528,-0.7258242813026883,-0.49275812255252505,-0.13080641662486792,-0.6834085782369446,-0.9701821346413995,0.24549871484752317,0.3040579482336403,-0.8078120330578797,0.4579282799606381,-0.8203892238487134,-0.3850380022333324,0.8816015303400955,0.14314724868015793,0.5037955301471424,-0.14000706514810135,0.89326983124471,-0.19293265845243024,0.0639606053610069,0.2945325591251733,-0.1880331183025885,0.1327893876268127,0.04643968454847425,-0.5687611241013804,-0.6700526263361806,-0.01890100697880448,-0.032254543433722915,-0.8401941538171489,0.20388424374297198,0.5409824726786356,-0.7362967813335493,0.30406863077586044,0.34990016765357024,-0.9433632573428414,0.9182876548039747,0.39090574647151843,0.9276694585445207,0.06953031750973215,-0.049691354502017226,0.08939324945742766,-0.2951662505085555,0.6813201403230793,0.8719387681484947,0.881409237250167,0.3698755885908873,0.8002184467888345,0.3965671761776335,-0.3824652254132137,-0.7694237291422799,-0.8166089709108284,0.5399267879460936,-0.34236865775634806,-0.6232478017974317,0.9076258467509475,0.3442269820732058,0.571275421652472,0.2738683869670504,-0.6366219932857922,-0.7506215699802083,-0.9086386239746282,-0.7578972341702357,-0.8614938355688329,0.6843298081087912
0.5491914801166271,-0.027420091516461742,-0.24372814189959424,0.9863746357379597,0.12608071625357664,-0.08781038523404461,0.8433216405524671,-0.04012411822546036,0.4219328917554268,-0.9976187774497203,-0.15827021050200507,0.12252480483453287,-0.20871355673416936,-0.38162634455031874,0.3307625615971579,-0.12948312615734636,-0.1981726095416565,0.14479171406963576,0.1861717171987729,0.8467144863234384,0.7696270337849322,-0.8219462272556188,0.6324314803079707,-0.2286861555199864,-0.3048825349415778,0.38125242278885385,-0.9324505588869518,0.7158018995914737,-0.9339475032232167,-0.18658791118466977,-0.2939933491537763,0.3980631861178694,-0.05948045552999015,-0.9247298897972211,0.4782295582610505,0.9501029889643133,0.13009261230565072,0.23291740099298153,0.9257721076071719,-0.1172411430019411,-0.7801800834725514,0.2699794704531526,0.3001477175666898,-0.725293627838645,0.3918908742093581,-0.5545196783379285,-0.5882226966389215,0.3894429858172197,0.18712890842484886,0.4380316884511266,-0.641507485985654,-0.3004708571713872,-0.6769760023204059,-0.6777954479653756,-0.17294906564919432,-0.5872598673914902,-0.40058067091150984,0.9748962831253278,0.7066507386269205,0.22816303804488292,0.8323302794176379,0.2415298499157863,0.11918222666525846,0.13983355110065143,-0.32920161468201803,-0.2130581535595517,0.8452064883961226,-0.17210498962612308,-0.13075093555430062,-0.40292578976788174,-0.33918483922303855,-0.4765495527586492,0.8022531411364031,0.8466915233755092,0.4906580779166019,-0.38521689610128584,-0.4852042677169355,-0.8540121347947849,0.7933757052623109,0.22397342505026252,-0.2089561437161942,0.8560060650628896,0.17817652589959132,0.5059629918256543,-0.5150838817092271,0.4113744042031464,0.7154496946704192,-0.4484241071593864,-0.09821919672058699,-0.5471700940293087,0.7618350575810551,0.7541468502568878,-0.4724112895551891,0.051649075136638745,0.3520432686324644,0.31476532965314674,0.12271447735037433,-0.7077917125146274,-0.9045115322869872,-0.34362398832285024,-0.15974351572537882,0.21087750379666725,-0.04594391996344882,0.8703585150618296,0.9766543444338365,0.3380157175298395,0.06635720495202002,0.5410740506997234,0.0447699216401114,0.7162671824359526,-0.46078255623938214,-0.5016455626831453,-0.7927773152688418,-0.9840478003366835,0.7884324455298306,0.14201389917050378,-0.7418224802433859,0.3825438942512436,-0.769712941938322,-0.04252560791844551,-0.9132965433756981,-0.3463530346548769,0.7984755613152037,0.03714423399787625,-0.6145672159334212,0.2605945126675868,0.5687380196571132,-0.25891194735947076,-0.05476473569344131,0.17121023136245728,0.7182870176098646,-0.7486781174347945,-0.5111322997486496,-0.9141785308454746,-0.4437246685224028,-0.13432538735484245,-0.3912266585007096,0.857800782681827,-0.7032365989158378,0.2218768331922003,0.13314706168484203,0.6459210221079859,-0.7171297088676862,0.4745934288895368,-0.2884570046270478,-0.7272791597428152,-0.770402517854569,0.4676777253117328,-0.07705813149633345,0.7169433592778787,0.728638296667323,0.0575300262418208,0.1898111908377158,-0.619370828110466,0.1647005578485401,0.2560088884464027,0.6791657726668314,0.9276847243654254,0.11075447410226569,-0.13951176448386393,0.6123288583588793,0.8453957523951543,0.21896788803340295,0.8887636671779204,-0.4778170778480728,-0.2790075756229391,-0.40331072823475944,-0.48125018632765193,-0.34548784201519545,-0.2242274102376809,-0.8307158638167533,-0.5543554285980938,0.08407951221957899,-0.2580267779818488,0.7700360149846011,-0.4067531840466141,-0.6328656496034013,0.6576271415858816,-0.6848573396684507,0.3414970150718344,-0.7285362775104425,0.7159505225518499,-0.6101943953331208,-0.08496140997476753,-0.6337768097948562,-0.18684506106507381,0.3120465592709396,-0.96256686298165,-0.5360186001168834,-0.09847550519994486,0.1588911327076734,0.008869390807323185,0.38629286996717993,0.6019924977128615,-0.2075098785544791,0.6431088081042806,0.6623902176025569,-0.9346609182332619,0.5829394594074266,0.9771531663766622
0.30225021114636297,0.4215112434006689,0.794372784210269,0.13816173166566248,-0.4388404431726174,0.5065264788652464,0.9185265906173443,-0.6940187232774353,0.6094353445443301,-0.8206588380540438,0.325328349654062,-0.02540890219577907,0.7785371435589548,-0.8711774130789012,-0.47300807851070714,0.9870939856401066,-0.3958038507723911,0.682944779374256,-0.8831092990165093,-0.5432382146036401,0.5878784327413891,0.6694303656609755,0.8944983638365815,-0.673260954588845,0.6301334732634505,0.2190039000558861,-0.4393381562512473,-0.21831310781329205,-0.6376519434384156,0.5032129039879751,0.45966543066711174,0.5077833968740935,0.517551946036265,-0.6020593464219295,-0.7330468666506715,0.9880325668054522,0.24721696664702675,-0.5324537603658546,-0.7274156508409721,-0.7311159025104486,-0.19745466748450857,0.9830130205721725,-0.5689475207863575,0.7556294353300455,-0.5405563559835171,-0.5610808253695285,-0.49272222208542416,-0.06310794590453495,-0.8645583728840467,0.3845160174795348,0.3406550422445489,-0.14444743419716954,-0.08741150252222885,0.8656293573347491,-0.9785876655945245,0.7118055586050176,-0.7160110954060299,-0.043223759387843286,0.21992230932971024,0.5018075229798362,-0.36962259934658626,0.7972900084911703,-0.886668932831872,-0.44401197669275194,-0.2596097855179105,-0.8878999191784576,0.8831242606567071,-0.6539168818259957,-0.5383393058968169,0.16344241136504123,0.5391649493324029,0.6321294678395426,-0.6587453598530919,-0.9419132289769527,-0.45829353158565067,0.8357996039205988,0.5848075171084699,-0.9066665749690563,0.08036752486236542,-0.08309467035380957,0.8930960293442822,0.5991098371375749,0.6189988514989448,0.5943265408188361,0.8345426584865545,-0.9672289626171147,-0.09156223062128843,-0.6739114678261902,-0.6731868287635239,0.59413737255935,-0.41465184014858036,0.7621600832536799,-0.88302061797162,0.628648413399965,0.444424680077838,0.8325836484331708,-0.48211299388775464,0.7661956481108745,-0.07486010000635224,0.5523758226400826,-0.7968194211766566,0.8346885513706066,0.2843862270722135,0.38196764134157046,-0.3577701475495061,-0.4790997890543942,-0.7882583048597189,0.5733194773257471,0.2014404227691171,0.7245310423206794,0.8513186166243203,-0.8999071212661662,-0.2804784828451461,0.08324797790333616,0.07364587295647196,0.8409963911877012,-0.6918276728895338,0.3552765171104808,0.2578446142127804,-0.3210432007046158,0.7444196929206555,-0.8718219819683029,-0.6888963234922605,0.19759440481816593,0.605328901943347,0.16986655864031763,0.37618518387141986,-0.22944522806699696,0.5164989014532637,-0.4365051580576369,-0.49055507905992735,0.014266471932933955,0.47899519126762247,0.894308630338392,-0.029064428074601745,0.2544021038357389,-0.09726097325379524,0.5388419470263806,-0.8473817140694089,-0.6273862704674948,-0.7400185453215788,-0.8280946466427086,-0.9057074469443291,0.06183170464470389,0.9320205228554119,-0.9160727376385602,0.393778150478834,0.9650404257828,0.10559783005608092,0.6146848338576136,0.4854945631949714,-0.9000067611096856,0.8326615674921183,0.951995937508457,-0.8521321795222969,0.7101154930812679,0.7259077254590267,-0.03053748173493087,0.38717190975030746,0.5958754961085246,0.8650648031463515,0.19652846680656944,-0.29495644415067135,0.17551390784419185,0.2388527187295335,-0.496361692332552,-0.29008070859010826,0.19635524330048892,0.4704373014829981,0.7947997713732435,-0.781216062694911,-0.7959526751538593,-0.6489942201658343,0.8106320722733436,0.8906928954692248,0.4968765862960689,-0.5004533198429342,0.11511262438302494,-0.6364241963095998,-0.9570719694984473,0.7143100245186891,-0.7006929644295281,-0.7740262541818548,-0.6477048638927316,0.35825440765176286,0.37019842581315143,-0.478653839363119,0.7581401414580491,-0.23499971851710422,0.9162280439191703,0.8175432562127518,0.48007581734568716,-0.9969845460004201,0.07915693247994726,-0.608995971048524,0.9523239476963397,-0.4111447140270186,-0.11436276320801553,0.8096871351229231,-0.9629566326032095
0.004406703123715827,0.03712987153374758,0.017149144399468685,0.16022121790719956,-0.3388127533831662,-0.458075754871593,-0.9583808808857279,-0.6675797848355116,0.7203628029553744,0.22769933466786973,-0.24495368054575883,0.01497368044189673,-0.3012782622669423,0.2241548711968766,0.7499119388047129,-0.621067020475524,0.3637420005827403,-0.006329607108553459,0.24782809171066877,0.8075474974760313,-0.20547809560390307,0.2693216749717686,-0.5815938538319123,0.8952572923548243,0.19546532245100878,-0.3669351873678739,-0.5336570848821482,-0.63002694469168,0.8425638004840632,-0.05166939915855573,0.5895808066501669,-0.6799640519611758,-0.28261455048264983,-0.6927780804405084,-0.16327828048835102,0.7716445088292281,-0.30142063583825607,-0.832570088777544,0.619042420455612,-0.7323575462732173,0.3082396592033718,0.14540923722278687,0.8548928969750986,-0.6981812478225058,-0.42832493607661704,-0.8573282610985591,0.848121104608258,0.9101004887958921,0.5372098596470463,-0.5632673942738546,-0.6967304707853141,-0.3645077747731711,0.514901677740224,0.4022628453607209,-0.19555361222339607,-0.1282167100256124,-0.0734552939478299,0.4404031010324361,-0.6916613482571752,-0.18278890591322683,0.6533362809184637,0.4454397305348361,0.3281606102577679,0.9079107072932331,-0.9145092005809479,-0.246033577978644,-0.3295510014408034,-0.48158211077001134,0.02874411682885647,0.2926142613414404,0.10244967549506478,-0.8058079154114164,-0.5904745649717547,-0.7860617008352981,0.3094025632487203,0.520566237737734,-0.919105007594684,-0.4547772918060926,0.06886538642149631,0.7019829038448562,0.4087449588706966,-0.6859321584666918,0.6378440952653617,-0.8325840804460614,0.7010074578499794,-0.8112775690889835,0.6576713796391451,0.5642219346205806,-0.25577360765362855,-0.40785495174882125,0.3254925595476703,0.7668715583183277,0.42245759624972146,0.07665281226714993,0.7394604002749952,0.08687973644072366,0.07157092540716414,0.9828678876379637,-0.4040914938803093,-0.983127801060957,0.5271518317289521,-0.7805294464403645,-0.34656676259422503,0.11254403795650192,-0.8830247165342657,-0.3813922257896989,-0.3888105936337025,-0.7328695679132393,0.6736403357046743,-0.9980800145480002,0.5892249254624118,-0.6446772728857808,0.8561372980844395,0.8311325599616455,-0.0043439650201178015,0.27656189388658703,-0.03911691539657203,0.6638166057121511,0.041561951149884147,0.5518767645470641,0.9195254502850292,0.2756117642183096,-0.43646204552454404,0.7404325663938489,0.49786866174328637,0.5501415840589372,-0.7624960899979869,-0.12931117826371685,-0.7413976458056044,-0.40761140497767934,-0.6394148005277953,0.22103001387282228,0.42971803143861864,-0.12776257382834988,-0.7103388580822099,-0.8497925669952044,-0.6339565363957325,-0.38872345253561424,-0.8720723085780124,-0.43135578687347254,0.2234684713622277,0.06379507805344686,0.5916753705230391,-0.7744642007141636,0.46547784634824896,0.8753218130928262,0.8340731543298738,0.13670391995438336,0.7237446412446771,0.7316821979271866,-0.8199047972104039,0.7254017087071736,-0.1069729901339973,0.650764700179568,-0.18749745803881424,0.21882072976323141,0.9535284580732324,-0.44462983942974654,0.3813093830175094,-0.8069298468278694,-0.6782327068792693,0.3966179370755327,-0.778212670455041,0.09910549253079881,-0.88597388238698,0.7503667687176314,-0.15550332650808496,-0.9581264594569734,0.37637778736838756,-0.6638169928456787,-0.9957381030561334,-0.9892347105169965,0.8724923908220004,0.49599148573418916,0.07848273719341381,-0.613216421842995,-0.207940665058016,0.7459363504702026,-0.9923023086523195,0.26361660728474323,-0.3467250792739822,-0.6410791386641146,-0.5114564167515052,0.058920322345859644,-0.5301133759344623,0.4195687473105041,0.87063511245367,0.10630145205724917,-0.6763223569854375,-0.16414030131025203,0.6206334325066871,-0.6581678143145926,0.5567068243705515,0.5346127392569884,-0.8751044711524056,-0.09779627027947346,0.06796374466279853,-0.1356089090702819,0.6452699073760007,0.5125730251691896
0.8671247697482349,0.7155891392698648,-0.6453791880035933,0.11162000884031409,0.7790707827629018,0.7640282641661269,0.003203326603975487,0.7859136668647009,0.3463498918653096,0.7655279034337186,-0.5923067299352565,0.6291147244520809,-0.1849819138627009,0.4939676535621551,0.01131636405322678,0.2699994759864317,0.7665456478462509,0.9269501498688908,0.826101911236722,0.500085068153612,0.5359272718800672,-0.6459337413661272,-0.09024840437241122,-0.5043356800965453,0.10429995215986354,0.930264484539203,-0.7826796769973565,0.9462949942705867,-0.6202561683199923,0.32764802136781035,0.5822038822896969,-0.5977498307813864,-0.5487823379502259,0.2175475977712058,-0.8017012972678708,0.0811285205058554,0.01620362298324407,0.941632914897885,-0.30134476873708516,-0.6263300707774371,0.4743462443364652,0.45664581442085384,-0.8733986239380394,-0.046258563915389406,0.41649414506398985,0.5285076906723258,0.8819490775513235,-0.9604303031256705,0.9053351714559352,-0.03544303040194019,-0.22871450938326254,0.3012852377213351,-0.1550161278915756,0.25829933171498265,-0.2595318581831192,0.16400234650147172,-0.9874521101295344,0.7977079143275674,0.07645253125796714,-0.7990976891472847,0.30837838073400636,-0.46719792116638614,0.5406490575531178,0.24233982156866274,-0.06582223464997417,-0.1108106381219256,-0.1804968846324253,-0.07871137681274298,0.006335954290532353,-0.7786620057770122,0.9398739724370959,-0.16200149685806942,0.7064575930422694,0.28650300572737764,0.08203556675879797,-0.4021828420468643,0.32148230817137,-0.6436098406549657,0.351113870987837,0.9813515054611932,0.6438172866684844,-0.6986494108811736,-0.21842152808799775,-0.2627210960398443,0.906682056516041,-0.20149245062669263,-0.23105557614983074,-0.6583701430017419,0.7397552185341993,0.14949229105462103,-0.8115984180813163,-0.3526544355121648,-0.5917199655168073,0.233485318828073,0.1863532299623547,0.7822182618442788,-0.6749847033108982,-0.34769941533333526,0.20468794215960373,0.3423249488347069,0.256549159235685,-0.9819350724816878,-0.1113247016344352,-0.4042769538373585,-0.7269926282863086,0.7233063520167733,-0.9550503724060684,-0.4637658502548698,-0.04964096631527881,0.5296643617353223,-0.17598853374941115,0.18053133768532792,0.9940317467527509,-0.8741417264272298,-0.12425448635080016,0.23747178012665016,-0.031137570417021587,0.1248717308617715,0.10649159225593308,0.19057799067026848,-0.38601294627783234,0.3594313338105457,-0.49017979861572436,-0.2961133318307412,0.23561386541438423,0.14195715314487556,-0.18874379581511613,-0.8494640595673275,0.01811787774475282,0.6054554076233889,0.6039653197537116,0.6939597770909811,-0.7749108759916801,-0.07591333623928032,-0.42204948009706,-0.08332890988904929,0.8874477837966941,-0.31327463379118026,-0.20266400675362162,0.16304994428805708,0.6168545265975292,-0.7863643169814125,-0.238358716771494,0.5528114674133044,0.06740838330916121,-0.46955780252790813,-0.36792580768650307,0.584670478178978,-0.6666694184708397,0.2800194697792777,0.6124070792570482,0.7516765595959538,-0.34666596405427796,-0.6581972968836491,0.6713885350172182,0.9731703405290697,-0.6719472050894562,-0.7209180152240473,-0.08263814391069846,-0.20658476054348407,-0.42024402986650267,0.20365862401920265,-0.8775869009185109,0.6797345659787088,-0.6417170126652783,0.06928257396167248,-0.4946746623729281,0.040166916018346654,0.5403448823308874,-0.9989104635077424,0.7545196494404072,0.1462687932781055,-0.6200922150174675,0.3314507872536463,-0.9177019844967125,-0.035064782125931115,0.33351458333139883,0.0817142062047902,-0.5260776189140326,0.19000878538032384,-0.05254636314643202,0.6668151148350601,0.48702566317980667,-0.7880273825923769,-0.30473403012761424,0.9684959928019896,-0.5268751976703274,-0.7012453537366639,0.9202626861196486,0.5766055788182913,0.8303971441496216,-0.9055134057904501,-0.5742918693136534,0.35931408919264984,0.44040769920315337,0.5195445817533904,-0.19340588000681236,0.1843477470964867,0.7388775166653734,0.1928804420812571
0.2900986254707836,-0.9654252095347575,0.9364818774210746,-0.2851272167652463,-0.41443231557173443,0.11591630072979964,0.5345082367261238,-0.6168362077255842,-0.1234501603432312,0.08272461093912176,0.6893414690673745,0.9810548617570058,-0.13601359056196372,0.13896444517055606,0.005307223814279061,-0.04029525944619472,0.44202674794593744,-0.9609886459465669,-0.7633696864423232,-0.05579182264215543,-0.1711092162402441,0.2854781121558825,-0.9301610584373772,-0.7740028406527135,0.5002404630786912,-0.14454641383348066,0.7771111978282352,-0.7542495124398851,-0.5381476093622548,0.837867979640162,-0.39396780804255727,0.9378578849444539,-0.7369465887330029,0.19061201718661902,-0.9134682805330359,-0.032104070868212986,0.3305303058466924,0.9093842867305795,0.11725218448619379,0.8582512498031447,0.6370004105053237,-0.25154950969167533,-0.39823304206135113,-0.9227612707342236,-0.716473239848056,0.556237520665616,-0.7663416963278165,0.8203223845987466,0.22256366308564712,-0.12762408148880766,-0.04462641273547696,-0.369147242122309,-0.1490595822316647,-0.643479135867405,0.8778814204798397,-0.6383999269472931,0.2179768235670685,-0.336429562629583,-0.5690902928729336,0.2704045422005099,0.31981303237222436,-0.1208463491033287,-0.9412008783426913,-0.0021921201452139716,-0.03919936864425888,-0.22240472877660422,0.08236770761867906,0.3694685963610911,-0.3486393932645706,0.19457544718440367,0.2015645420115202,-0.34748482449766316,-0.8072221897825129,0.6481789621380143,-0.5364794800523289,-0.5495516611257223,-0.9877867178753181,0.6608733994042226,0.938898312109409,-0.4250602821556191,0.4573083124711834,-0.5636772796269152,-0.6675517156494144,0.6577989438452236,0.7989416360248929,-0.8872867971163347,0.4820446409156449,-0.21122710216453977,0.31682406641296845,0.8930097086936917,0.8610365520256988,-0.8640210788056895,0.43426230220694384,-0.05539714937167539,0.846271422189488,0.28018501614311897,0.2666146601723216,-0.07337113477806034,-0.6858941253185469,0.5448017905756821,0.07214341525045098,0.09115561442831743,-0.5072384533660785,-0.3069898999380314,-0.3580299658720867,0.3502135324661271,0.10828769690877205,-0.658061620877018,0.1689118693559375,-0.3894523207796936,0.3625356978431067,-0.3074493238338367,0.425605309891959,-0.3747443690686949,-0.18783956593787443,0.9549967274421018,-0.3446165250352988,-0.2635132131733331,-0.8319332085754474,-0.8668797753045094,-0.3280235094392756,-0.8955491255358905,0.7033589577187906,-0.9056727832068086,-0.38297235072722535,-0.8145077190052517,-0.10352628746467807,-0.3854873736315221,-0.05676814570544564,0.5293715352732162,0.2772571476522674,-0.28675598245296996,-0.7177078530555501,-0.12327918598286769,0.05784879225194639,0.4866998024757925,0.46449734711343926,-0.7757300312330302,0.5789414322987863,-0.07751180054124474,-0.28718576460211054,-0.39943948831665765,0.6115553078052742,0.14215213745031252,-0.6011224052316329,-0.4212300800173674,0.8026040286277916,-0.5936509365343001,-0.33325992179858677,-0.023339219234211672,0.0686311875326211,-0.555508923601572,-0.7503764699421653,-0.5644535210537123,-0.833708228560583,0.5750306109882544,0.37676167787669956,-0.5207081463113683,0.2886194962436799,0.8368883371483589,0.9608060744735571,-0.14575196897478282,-0.9251308662745379,-0.05113146445114025,0.06989578738248992,-0.6498348442899429,0.8272173785688934,-0.8633652425911074,0.5888077791644377,-0.040161959181650664,-0.0495643288448564,-0.9807146447115986,0.6544198476501097,-0.13041013205119256,-0.36806060844255684,-0.8748102439424257,-0.6369214486743937,-0.10965931875244528,-0.3885408728034243,-0.34657053900164025,0.32178765852312563,0.8531643499052168,0.45787708798685944,-0.03473815601814101,0.6115540084875959,0.02371575012806848,-0.7969456685798757,0.12905011867697525,-0.7852401382291252,-0.15028843752206766,-0.043267649591095525,-0.4149252730724764,0.7387130615341055,-0.006871952300931072,0.4704413336394848,-0.114613834883172,-0.24220019678003557,-0.6748294444011174,0.6181443392856492,0.17770066756222302
-0.8693911882201295,-0.37921672724956434,-0.5801997063512709,-0.20789244567525822,0.1753215432852686,0.15118351961601562,0.7773176189671545,0.2582099705020602,-0.13997675088058248,0.9433375732009885,-0.3170898995897431,0.21918276827844863,0.15023113170023605,0.5805932287721802,0.37898746187882426,-0.7756689332690208,0.06453196101750991,0.10820717126554724,-0.04061887818761134,0.15487888480666112,0.06258343019963553,-0.5320949132344082,0.8622474325263221,0.4177404841837382,-0.6725483373522809,0.4085434836891946,0.08060515812711366,-0.18080249930067183,0.04413444236679931,0.8092042101545607,-0.6595976255751983,-0.41038190737571667,-0.44612929618176,0.8757660167604651,0.5529579746231854,-0.40491839320580403,0.5021651527160862,0.801888016452976,0.33998388968515614,0.44839429047437274,0.1656778510020993,-0.12391915663038855,0.12208001182732953,0.7536834235628731,0.6477704312671768,0.7796658797603591,-0.34281316943303586,0.41995751218519595,-0.30294104286680046,0.0397985745432734,0.8908957171188701,0.48379451202097346,0.6851740418722594,-0.8973157379157826,-0.713081552513583,-0.1177852340758978,0.16761397514880838,0.46225615648646845,0.21840542048712308,0.7943880507733612,0.6914566998362552,0.6771832864579361,0.640003370309755,-0.40152054237103063,0.08089581411378721,0.27859550131016797,0.8146078267675503,-0.09629357012042883,-0.8361014207881377,-0.9712225805784724,-0.3436676002947576,0.16119899644137758,-0.40150259560489543,0.9309725055499691,0.8508810747970859,0.6217703684997786,0.5798151234667879,0.5896100688869481,-0.5877786364338689,-0.007320511928954332,0.7476972663384074,0.04614457480481016,-0.21756278005178942,0.04674013115184228,-0.8339996459748567,0.4522389056926637,0.2763906423700586,-0.5801599096035495,0.005554979171142005,0.5039710020187111,0.6978425612505683,-0.7718461189365282,-0.8361679378431701,-0.5084766207671971,0.9721429941928392,-0.016631784524140603,0.07754117369333446,-0.4497955151608588,0.8328711887681388,0.15287548320526634,0.7750159326354589,-0.9546721616702007,0.5898536386667956,0.3133823412197809,0.732932671398981,0.6874200809022095,0.1457173024158931,0.6918463135797375,0.6667890266383609,-0.10941021937116502,0.15418438683441393,-0.25918694860305047,-0.7043860769231021,0.7228861216489291,0.849223336919523,0.17040223192760107,-0.5579776790274287,0.5786372776876214,-0.8211394603847844,0.658117825642123,-0.3738380559606327,0.009185128487065874,0.5017159584264088,0.5090883332775882,-0.07064110098503829,0.49800451117588174,0.5376044040342347,0.3378719138863222,-0.6096822600582761,0.3466690986538501,-0.9600496180932403,0.4888264107933322,-0.7562789235163738,-0.5177377643098713,0.16898605346411788,-0.9791295342353019,0.9170518943317085,0.0652765203364225,0.7056625570879167,0.9695177446948076,-0.3852524588346318,0.29263661602347435,-0.36970176771936214,-0.7574748360611603,0.44701389113950585,-0.915474927813295,-0.8818583832668596,0.062237580539138415,0.652703561410479,0.5952021941701222,0.7111705169422697,0.4343577194663426,-0.9145670043914458,-0.34451945035164755,0.7586392184440642,-0.4013262806508331,0.42926729412434295,-0.5868318468263609,-0.8606424047682157,-0.31349794666966546,0.3943199931841308,0.5740355928380731,-0.007621300136423592,-0.24177070323339112,-0.1958860287091002,0.8300252175311862,-0.8422682103956796,0.3804142378073774,0.01931400180793519,0.19916770459626942,0.13669987388470806,-0.5820284135158382,-0.5160110175836214,0.23736390561392362,0.4086290151940941,0.25326265892182875,0.0891053426527546,0.9508554767640698,0.9531443827044328,0.6831083144395595,-0.13959638639766614,-0.26656389783517853,0.9112527562960799,-0.09927447638423548,-0.5073794858761398,0.30132304630148776,0.7215483544146117,0.6408227142032021,-0.5211824240567808,-0.025313175199928706,-0.6281252152164527,-0.3065652878604248,0.7544414865328395,-0.7974760177756719,-0.4196453653857213,-0.21422523324908638,0.3576853366709398,-0.9148253253098633,-0.7319521481049187,0.016116200551592463
-0.5200316090652826,-0.02768189934327059,-0.08612853246669427,0.7105206274749032,0.08940454713257151,-0.15635158126401216,0.5314186461293238,-0.24357936665625535,-0.9906280287636009,0.8282251842226684,-0.4100294682817285,0.04248002294014097,-0.2445780216569018,-0.4902251622613558,-0.8626239923089711,0.4095907611095555,-0.17558267598534538,-0.9300761536761919,-0.7903137859187748,0.9983519568527914,-0.07634562315196369,0.8975793767471583,0.2692119910067865,-0.5905245790666029,0.0708264242439327,0.6362705623330693,0.8380922272743745,-0.18081051367170398,-0.4687980407051193,0.9506257977084065,0.9266691226428705,-0.9250531764490997,0.3385576391252354,0.09372587503824259,-0.7292621658680596,0.9602584274708212,-0.9834548791638202,-0.7145801561086418,-0.1606031476180163,-0.15555864372371286,0.8672538527431348,0.01822025883737921,-0.7951028158769442,0.2675200143331744,0.3528644184855847,-0.09342472082288222,0.057737093493011926,0.1580232267069328,0.18395534630102683,0.5884938569577725,0.8531300130726058,0.15068893748166312,0.1502654075218406,-0.9101927963139254,-0.009405785767258257,-0.47974454320710125,0.5123429277623235,0.8348854580413643,0.7205341250719453,0.2533923531351987,0.3841108220795686,-0.992812431310597,-0.6525991980264603,0.011312626847342244,0.5270627417891656,-0.4435607651101876,0.22733218236487374,-0.09131050459652013,-0.4607551564102059,-0.360197890484351,0.9218326561243086,-0.7762283406305519,0.4138237273265344,0.6623163049136496,0.5338384707071075,0.07527514917577194,0.7855133034836426,-0.7284304373583452,-0.01808003897538968,-0.09297449490603737,0.776531967469245,-0.9574540310829358,0.9356704566600655,0.6120881967663137,0.9197110766165055,0.9702386128875335,0.5776723639020074,0.5151179192028559,0.6782874439969717,0.6415218602268264,0.5513193267709506,0.5313332204371675,-0.9297704219356915,-0.3898662485612776,-0.5834708274804412,0.00775359213362159,0.045434905605701514,-0.8699884637108874,-0.01316466621240342,0.09675342544754262,-0.1136250696793264,0.4948257857433591,0.9236011581416321,-0.5551106075600074,-0.5319271502725922,-0.1905940430765647,0.5219618748858024,-0.1009857503485001,0.6588001884679331,-0.8114138210930204,0.4349202514950743,0.2100857051082905,0.2453773157767103,-0.7745658316898412,0.9030278228090198,-0.6139972282551069,0.6518093144434032,0.7466953161229362,0.938649252402664,-0.6274205812074081,-0.7445674181595743,-0.7335194744366287,-0.4709852518510178,-0.6662825052456791,-0.920961545052682,-0.4760678549435724,0.3104175604489803,-0.6592286249644095,0.7397814427710139,0.7888773543386536,0.22242620639279775,0.44832235056717473,-0.2878010354904794,-0.07634942033960668,-0.9853543897192041,0.5159238320514332,-0.8674304929423293,-0.8868057920444594,0.38028255842250447,0.3789340941841175,0.6777313158535136,-0.4557772114916925,0.13005230151253144,-0.6808779348325344,-0.2575371712769474,0.5615662223130169,0.6803773872679217,0.28649309389715416,-0.8810055312308052,-0.034557629904344855,0.23225127621839015,-0.8024186349697189,0.26858356481189904,-0.7111142852276806,0.5013057034767843,0.08797228264984502,-0.0687678154086877,0.1747634221641685,0.4707574182453891,-0.05066111458803202,0.48881760820410514,0.9659271576368706,0.7311003049209985,0.1486725122760808,-0.5906278016666735,-0.6450878624142065,-0.8437427581570183,-0.007982166976006289,-0.4029053778432172,-0.7116938503753816,-0.4207747874559644,-0.4699705417099338,0.7801478012486875,0.2913723539329909,-0.5720301542819837,-0.16156796962501452,-0.7842354098920614,0.656874442426219,-0.8967646057092244,-0.6151621892231889,-0.23485618046163825,-0.1367576852557546,0.3750845399719849,-0.5697755359074397,-0.050217717707168985,-0.7013814218915204,-0.2012874119184791,0.3889171429395335,-0.6603295645700316,0.8685002316529611,-0.697107139542162,-0.9297041739255558,0.18911363683970506,0.5588655887905134,-0.5271086038511437,0.7865250230221099,-0.17179084239241926,-0.7289160926628346,0.1424824798165405,-0.606812247495798
0.9168723604634605,0.16678477870192032,-0.9800472060000278,-0.07030732220715175,0.20983039309067242,-0.9399498692164945,-0.8084406182924984,-0.5132099816715496,-0.33292329377956764,0.5958826625806957,0.9313936980415025,-0.9480062753181151,-0.07721025919634283,0.2306718746048082,-0.8210495235099413,0.5052704778118782,-0.9307854227073715,-0.09705799562237893,-0.6795045868527265,-0.7816858410210334,0.08107173164184278,-0.23865050723594994,-0.9174871035926879,0.01863218058070526,0.7691989999349489,0.31017195269238274,-0.008771477005853567,-0.6287242603309409,-0.9500965505202865,0.6472548433227214,-0.3675732929983919,0.8440986530474606,0.5469479602475127,0.4869630248473982,0.5846943573933043,0.9975872262713008,-0.7780813191908684,-0.6656322546726816,0.615486159813553,0.928826079791824,-0.052078011121830636,-0.9874226681174612,-0.48632935723076387,-0.5102431862494006,-0.8924128415696266,0.9567415437802633,0.6501051221129728,0.5191525414814706,-0.4137284777040997,0.5730369527738326,0.8047829439005945,-0.6326657479920104,-0.711550621795014,0.2958915888862521,-0.9692064949263524,-0.31535756318146424,-0.5706523372028844,0.17542630836185946,0.5106576246363246,-0.7161678529627644,0.4651367651501652,0.8730384359407268,0.46085073079195094,0.16668208348150815,-0.3898181804730325,0.64658567974087,0.595672605075986,-0.05107930476513611,-0.6394109520937858,0.23404814336603796,-0.5835117448210279,-0.6347368892928027,0.2831055913196492,-0.29375551170399383,-0.8112532462976978,0.8458985109709201,-0.059350484475861665,-0.8421943835683812,-0.06876262124362764,0.6366823658363214,0.4404001915036344,-0.951787114582787,0.9413491737414483,-0.7321269471891465,0.8960371962926745,0.6543224855071572,-0.28181940936526484,0.08009979651504118,-0.7761064859887223,-0.925889236756962,-0.7884626074686554,0.14994492631278677,-0.7791197848369311,0.9101652492603785,0.07404814036849405,0.8443746990202912,-0.8181624089072717,0.6108463917652822,0.08098520160976364,-0.19079317162383025,0.5148961201774878,-0.4289284537359055,0.21330061260363076,0.07172125406408525,-0.17275224245638765,-0.04206100767847021,-0.14408023966604921,0.7576163546487824,0.9613294976010192,0.3489290240600855,-0.7461965797261312,-0.07278206379161523,0.9982545384583983,0.8157092036257925,0.00039977618335029774,-0.4615314407354363,-0.08762697489831006,-0.9527287854079629,0.4984028671789358,-0.12335600225829535,0.3146983915193413,0.9528432501639537,0.9534413749658333,-0.780929080070748,-0.9349419997528838,-0.4168481585426447,0.6927415515073205,-0.7387410091496405,-0.1256335630897354,-0.9127758137829318,-0.19267215473531785,0.4739541072562281,0.5281825889510887,0.8665799323302474,0.5370698704381858,0.8847753103745775,-0.5967999787175937,0.2158589059404692,0.460724512119997,-0.7442849005221468,-0.6052390070941591,-0.34792928427983205,-0.5390775460213053,0.08066487713181236,0.01972301955590039,-0.45916196034778123,0.8890978239563692,-0.9218546076987733,-0.6845593285967655,-0.5519971165942512,0.9309284020630131,-0.17956314506290671,-0.4513578946636103,-0.6250166870946556,0.42883179866795174,-0.9805433129046479,-0.868163868816628,-0.6670005887850843,0.48696063051898486,-0.016664047743093713,0.8776008448383752,-0.703231202569307,-0.9709103649962008,0.8053247530587535,-0.9970198142729816,-0.5837253516709433,-0.5643919855061421,-0.8780809935834828,-0.9636525877037088,0.037994300974955486,-0.5026663572597587,-0.4166183807883155,0.4286345242569436,-0.193387754955336,-0.5214546085336254,-0.7775402126880522,-0.9903414993977744,0.03231594742972055,0.14347457540210984,0.5562898452301044,0.9985446496305062,-0.7573638371806954,-0.7617780952722761,0.5966424346365051,-0.953714689915701,0.9098899492006594,0.7007894529751728,-0.23103380847398336,0.5059371403065698,0.2555511914531605,0.6407999580367945,-0.7222725646866712,-0.011055764532960755,0.867637611281072,0.4843291168163595,0.16394453753909644,0.0638650796573006,0.5466687467272529,0.4535113790606129,0.48002527231515724
0.23555183477296548,-0.22359083579620154,0.08355404131347988,0.4661105176335334,-0.39959686184932797,0.9779839492238345,0.9019097549051118,0.8856054969812903,0.7332015620133425,0.09522633888210952,-0.039942190051452275,-0.4839735569282193,-0.5101122999097338,-0.8986756053111307,0.8427187144268338,0.6318712955885755,0.9448816715104349,0.03009997721508162,0.3685938450562667,-0.5019176537608798,-0.7625186012637821,-0.8064378541259094,0.6700652874159592,0.9061845160375417,-0.8350361298088862,-0.8077574145288562,0.7647609425360404,-0.36331847172279796,0.32430560296966204,0.11059192785265703,-0.26123995044376147,-0.4817241977196025,0.0024970045912506844,0.5184591646988854,0.9257055044897773,-0.38190816119192217,0.9455568048085436,-0.6217748577010338,-0.4804515271645806,0.6957288483490154,-0.9759234179792764,-0.2739623307667183,-0.35211612637878753,-0.521652977500348,-0.17425411327010676,-0.9400573455322132,-0.3566967193028061,0.8868992861323675,0.2144191205088859,-0.499234284708149,0.1640093310262376,0.408107269903097,0.7264603734675343,-0.13611512718175733,-0.7034603101594146,-0.892662970788918,-0.8828796215275461,-0.7241036405116834,0.7624691522711875,0.4420354666714663,0.6202266237032286,0.4126799370347114,0.07814973459020003,-0.8167956815850985,0.013991253855936803,0.8413010260130878,0.3052365216984183,0.026677853565489462,0.19292701665226342,0.5341158254293494,0.936291962878832,-0.7014163738344252,0.7813658325535362,-0.7185231740224258,0.06175689915792071,0.0015942288524295467,-0.8599444106686018,-0.47584009634215874,-0.35047665380188087,-0.728113644308314,-0.5451969684709814,0.825485413648352,0.2743469621381016,-0.6146932182969775,-0.37685392558918274,0.9020699401282088,-0.5554616399937748,0.9914915480380326,-0.965206310027521,-0.4106815146328522,-0.6810592767632762,-0.8105975092576392,0.5431790584327829,0.900835531048316,0.10332093687682598,-0.33596888024832516,0.09790410274558292,0.373237273375286,0.8765362213469041,0.25668357575966994,0.5726035629443327,0.9491056699658031,-0.3080968623688696,-0.9642021613290208,0.33111725548323334,0.7845085173485091,-0.7711554783080588,-0.936585708546158,-0.07070346770264146,-0.6542139169713368,-0.889237206213144,-0.14705891298653917,-0.9529367379280611,-0.8294939081700621,0.12311520043466895,0.04474318241066122,-0.08343753089508543,-0.9407505677680512,0.4468125682917041,0.4912752197291754,-0.6484379291459348,0.9672183827173637,-0.7456954633027568,0.4700161962241707,0.8504605088702841,-0.1455686082147989,-0.29830503330273483,-0.7498131091987332,0.3097279206581327,-0.4710160799845473,0.06470320694640463,-0.2514774797629067,-0.004483018287591234,-0.14123355693778117,0.5028601933285937,-0.5512232787054736,0.6297934617385843,0.7824109752552681,0.8268928076856388,0.5078388044021844,-0.3758868816221408,0.45081219145660834,0.9412900935906061,-0.3890769980089135,-0.6445912883604519,-0.7113468650211483,-0.120387994960518,0.9751514974052162,0.7042604630293412,-0.4003084840950468,0.6504348511456381,-0.9496935739059609,0.244078458668479,-0.33420741205516724,-0.9863128458566823,-0.0015588295582162903,0.48704337773545947,0.2518430498694708,-0.5900843595856597,0.4637779937554545,-0.016363816777701823,-0.7021984717328402,-0.5302431084257018,0.11666853667948418,-0.15628850336262357,-0.0176619291428759,-0.18033537961903146,-0.6618461435559111,0.8804025101341353,0.5137245968216178,0.4989065033106348,-0.7475647952251114,-0.0823053916070089,0.9054281142841707,-0.21151781897152677,0.973731264528533,0.01877588617778736,0.6946080240354766,0.40718474699914187,-0.22514629460949598,-0.2978352169412031,0.39757994984346134,-0.19962127577210165,-0.6947144887458425,-0.7399559724917719,0.9671301555125176,0.9127853352814586,0.24280232011260172,-0.11614041203448,0.9955795766229891,0.7046024731662512,-0.11600432529096727,0.7125185108826932,-0.4608750076576038,0.2470906271554798,-0.053390034033633516,0.659738661058539,0.3247829252428365,0.156362191738032,0.27822389018078875
-0.27678875602715114,-0.9270011423113802,0.949934451768538,-0.7822937994260135,0.020519782652080876,0.0011970932129814482,-0.03325474272039952,-0.3973256353504313,-0.7088511567480256,-0.5294130397855192,0.7281888316851142,0.6233900518637134,-0.38480093995261844,-0.38552287629159987,-0.161447720546944,0.4778414033934477,-0.24319260496372364,-0.6952792413909097,-0.7790743090090768,-0.8262387016970156,0.5812598114788265,-0.13435273105685974,-0.49444436126051494,0.47650958226934015,-0.28743934387524517,-0.2861655912283376,0.14966410079083903,-0.6558649239362493,0.9397931158493371,0.31984962062472655,-0.44717544613734117,-0.4338901841220546,0.6367206586590619,0.5328298676568983,-0.79784930243223,0.42051490563838345,-0.013884756354837657,-0.6088704385354822,0.10086247444611551,0.062392833035464834,-0.07280137763801764,-0.9949570915523989,0.337380207017578,-0.5329965456318408,-0.5493053892647748,0.3543364344054363,0.5779100401327044,0.0008855890397951871,0.7280001566214889,0.6125831034596279,0.4480313072319757,0.05647017831827972,-0.4455451132850874,0.6027415010299599,0.07368068431614483,0.9861448467545477,-0.18969678491845188,0.7323426868637126,-0.9634269126159447,0.6934844866147574,0.6331173494570925,0.9859266138634442,-0.6365103261007663,-0.6780042675856124,0.7563253100375824,-0.3779958308328195,0.31302304193007746,-0.44206821795908025,0.6042944599122908,-0.6270237826237894,0.7263797078923522,-0.763072271522387,-0.1971028439557896,-0.37808928472845604,0.4879483573296939,0.05578517055338539,-0.9916174289018567,0.8919361716466763,-0.006657479073440831,-0.7990397704611725,0.4599615729132298,0.7445901111548601,-0.22989888410461878,0.9749085762866461,-0.5947284823185852,-0.8750360459163411,0.3977347195393506,-0.7899308563072309,-0.1065563775485936,0.6561439274583261,0.2457952887474122,0.8248382651502841,-0.9010027039023951,-0.8210691093267839,-0.4479550416404945,0.8767167927802553,-0.580286796423584,0.8379671713231023,-0.050312253634759996,-0.7664471083774886,-0.7861243523625665,0.3797177001294789,0.4950770750478122,0.1793880138193915,-0.06673045811165013,0.30446311168038664,-0.1701182418229108,0.5613485686364026,-0.7900754230525182,0.26068190869197827,-0.22409248524746173,0.8546257042227399,0.5211192367627444,0.8798134975847383,0.3674858170045763,0.2336780276562167,0.5025117097888034,-0.8981429230904798,0.014653492843665239,-0.8029556485737204,0.2960283500685592,0.6908020075884864,0.27226508359103385,0.6429512131792827,-0.34268649120128614,-0.2706828427126333,-0.9811488296287312,-0.7590393412554068,-0.5879339432983934,-0.12490097670665223,-0.5530862459883521,0.06021827706170768,0.41233760296374333,-0.9547323663153018,0.8452479566107358,0.11622341764695232,0.35199142794651284,0.6742419517582741,0.04517247892435439,-0.9930737693358385,-0.7247963580580112,-0.06403598787271547,0.5209055849349213,0.43011774460520735,-0.0641034824855462,0.8909868212864065,-0.7884327556676869,-0.9450192518156051,0.3805188314912573,-0.7778636101007874,0.2311389218268043,0.9518959199605814,-0.6907425503465761,0.7875145554960161,0.35369221263709494,0.7582305335725557,0.17615729024623716,0.9756882694989037,-0.49737157700774426,-0.019179988281519345,-0.7587710688192573,-0.6040690319960615,-0.3223039979114941,-0.5466299349022155,-0.10518260481496666,-0.161549351220456,0.7265823201245423,0.7993406042894462,-0.9860517802527373,0.5965377880155438,0.09405976556128781,0.3474728274761858,0.43263606055141945,-0.2673271926585119,-0.29620402357694386,0.7342631663423864,0.0010025952976617791,-0.9705390457851226,0.30266368771930274,0.33825935226867454,-0.4136795521653496,0.5968051071171814,-0.7300931183503976,0.752677923370322,0.9280175296399436,-0.6754614715236744,0.648481013201798,-0.21859385691463662,-0.9238971205153763,0.9866283891268337,0.2049296448959359,0.5268367138866585,0.10297206569331241,0.6938318678124682,-0.48083680274470475,0.33276358950376217,-0.9601537974337706,0.6016940391433836,0.364480520526157,-0.2869853814498602
-0.12613867789888777,0.38018708107462773,-0.5081843647649262,0.6994089332601836,0.8287813653278042,-0.2706457570644998,0.49713562338952766,0.7549437574047133,-0.7159248875164586,-0.35629187442483445,0.4715997593915473,0.6774591268088264,0.7892982408134905,0.6469028613744916,-0.22320961843878595,-0.991176359648366,0.8554872871882644,-0.5648287654276947,-0.27204264631240593,0.9584502568992519,0.9099823357667047,0.29755546931448174,0.5336875059906787,0.7855760720635929,-0.6869185077835724,0.6970692457539036,0.40563255173053725,0.3896762894467447,0.24000556078841662,0.731405067773631,0.15577461029519957,-0.42288320449248995,0.7105589105611283,0.006778434901809849,-0.5592187043490249,-0.9795622035648262,0.8257494435777801,0.47718041278550594,0.2013740362132923,0.6189791273265219,0.6280948522011975,-0.3672143540061765,-0.542733683484037,-0.7052797958115637,-0.26339808238160667,-0.8574634883246275,-0.04745765448070838,-0.2705431764773927,0.6150855081425153,0.10009901209416605,-0.22373049410751644,-0.41839670532524775,0.42583027175348875,-0.5098639394180717,0.33549320500695634,0.8714362623462748,0.7250035305320448,-0.5346549107155474,0.09990123049490474,-0.8130552023181281,-0.34829673145598217,0.640370758153372,0.760928910390348,-0.4477254314410095,-0.0026621606854928537,-0.4808466468944044,0.9872501962701692,-0.018832050180966675,0.6405257852134825,0.1704156069045959,-0.1510274282764983,0.91831241730272,-0.3598854024341904,-0.5064361907272112,-0.32607993005288227,0.488919999672746,0.8287881741557623,-0.7776658216593306,0.09201731935781843,-0.847279952379572,-0.10191978651870248,-0.01464141414290987,0.614360006130942,-0.7320271844534545,0.1845506634133458,0.5301537150559905,-0.004498921235059905,-0.8030752488767183,-0.2754388263881604,-0.6904710475149671,0.7081638565493862,0.278983623469091,0.5248544614232569,0.6241963594937014,-0.076280442464707,-0.545834500575781,-0.2332952168753628,-0.6929834291989239,0.5735357745396907,-0.1297366357091312,0.47629154984020916,0.9815505202086525,0.5434037488726318,-0.15429699758940774,-0.07484803395623252,-0.7173071498173704,-0.2837939103743754,-0.11691410687944859,-0.9453670611874379,-0.5928515931793135,0.6538201346999444,-0.07230946239079472,-0.27669239961692593,0.6110179314549928,0.5093973972251817,-0.03863131207885395,0.9898158556404313,0.5052769665402195,-0.03769112133116326,0.4453201899111483,-0.5669739380821195,-0.026648039846864924,-0.38620875807553334,-0.5434581707406598,-0.968108508343746,-0.6285752074619044,-0.11539901351173465,0.6426758926048273,0.6810732528822736,0.0065097338956021655,-0.35136475107553866,-0.08196250093402058,-0.6378642114501798,-0.9003789251745098,0.1252449776643263,-0.33533842474877606,0.5411556326112268,-0.21114552490038907,0.056154614729086116,0.9625303469225848,0.7870058931539692,-0.6281270153075378,0.032388833670399686,-0.3994852304900931,-0.9086135111943652,-0.16676107900424642,-0.4986566582902261,-0.9794288062256642,0.3054053022320269,-0.24550609762679576,-0.5862511523989316,-0.04353040537841024,-0.8648044040848795,0.669669683373076,-0.5869455346006285,-0.32348538624874035,0.4532582692576921,0.9337902653343506,-0.1982265341894629,-0.16486208600359342,-0.723273689178608,0.20748411305815484,-0.5642237828207541,0.058027646411022094,0.44407112157269846,0.6717911880490701,0.21476292687830645,-0.1871260569107409,0.343643854470292,-0.9395809054772393,-0.4735075158325961,0.8370450874585884,0.046631097698929036,-0.21323134614047756,0.35884692123168627,-0.6472701868782287,0.38784342012716655,0.5603441949265644,0.5548415517109191,-0.4805835186537142,-0.30629372912337227,-0.9492013053997732,0.049652605408284645,0.6684877664444464,0.5440057090638615,-0.05146926343418978,0.1554210099297768,0.484407411274433,0.9139861897350174,-0.3452562302920046,0.7075088389124278,-0.14187139344893795,-0.48525524472427883,-0.9823308689255923,-0.616295893761345,0.31247524526516557,-0.3566619394496995,-0.09953631374578187,0.4734907667888697,0.00038325183657916817
0.7636717626955121,-0.0003770930963764574,-0.3219981440266684,-0.49061789872072326,-0.12733161672147553,-0.8460511179760617,0.4089274087943884,-0.9447575026565782,0.662347134668474,0.053937483723043966,-0.7056748443085221,-0.6381446499100794,-0.5798842182708772,-0.19511759654314575,0.6745867003535913,-0.08911666678424601,-0.5875159028133397,-0.8807273997937657,-0.6478725645625414,0.8873858845750233,-0.7055499183811944,-0.7934251113769883,0.5231534551830777,0.6718332240699014,0.6602645869700867,0.30249765346955093,-0.01980849465837542,0.2134945708616376,0.9374240114065975,-0.7867840912500861,-0.6712366483031786,0.5588756247539519,-0.6847707537295211,0.7660817584871549,-0.25610217282146164,-0.42209976511888425,0.6742994271589395,-0.19170337055438047,0.1069179211957596,-0.9352361205995545,-0.6485571572185016,-0.7928692871995913,-0.15033753282794504,0.15716968488490024,-0.5853393139762562,0.7129557848941028,-0.6416576178792053,-0.9408240482436305,-0.6396343149710095,-0.17358265824762298,0.9221622047416409,0.13727779380550142,0.09918609282246482,-0.8086892813908471,0.9585966451538122,-0.46771785342120054,0.35721652802110704,-0.46272475279188674,0.6576505165909552,-0.878899955417173,0.09273436703195093,0.7367030690826901,-0.09884610079894807,0.7670761478999131,0.5189464244146167,0.8431822987800484,0.6124468594460515,-0.8392298609009072,0.8477018057408652,-0.10870355535903653,0.5570647573372371,0.7763445130353175,0.37050177172989107,0.8827245985403378,-0.41758940244760345,-0.6034309832948659,-0.6305006978918788,0.6702614643996656,-0.6329203806250516,0.8336406838843669,-0.24652976427119855,-0.5522464833734702,-0.7737350782301204,0.6166798240031239,-0.6801806306361942,-0.4427258851748743,-0.11279747734619328,0.9577758348236378,0.831759580302343,-0.9893412509570831,-0.5554151988342,0.12564328361319466,0.48286587592510166,0.5124641646389372,-0.34980721384123625,-0.8782688505012728,0.7619528077512092,0.23156445813965165,0.22549633410012193,0.9732813619083418,-0.34990002052894686,0.3977616370264163,-0.562032345858811,0.20942254699567453,-0.7455588808355134,0.401428672045524,0.9826129638867174,-0.013487425741816272,0.08183628113834529,-0.8259867256870075,0.7896153565137374,-0.7642541107200616,-0.22476660874175036,-0.3038766435948401,-0.9044839993347953,0.9498804177702083,0.1264244886801269,-0.14152407557517765,-0.7491227115624373,-0.13910583081057237,-0.1604373983656988,-0.20973429611501615,-0.33774462604429134,-0.6567090533134747,0.7260252709121173,0.10592953331055144,-0.3925552017107947,0.9544609815688279,0.1762242092080708,-0.47045001948731135,0.49783713559212983,0.1727682556753567,-0.9532101533913082,0.44557191432372534,0.011330989884770881,0.09226315371467253,-0.39729474759005723,-0.9944215652540946,0.4963673725003257,0.9874346161393512,0.507074704956759,0.6929750572299558,-0.9565992032044208,-0.9108102985376076,-0.97954087458391,0.4297368216867157,-0.7934345220767747,0.9196610576272704,0.6888847823702893,0.19004371831502698,-0.6681921007309741,0.5432944607400048,0.8082367088109796,0.5532590124797756,0.8889929547800581,0.7642334224857101,-0.5236067828581257,-0.9348511356190916,-0.48190387275496294,0.1448446350376269,-0.9308104278924827,-0.5496588919557226,0.7975045167934514,-0.3030081844759225,-0.6151429824938448,-0.5874200586480922,-0.9868789172559309,-0.6644545757073386,-0.2849582274670057,-0.9185259915297594,0.6191749926543166,0.811736399709821,0.6107213099507205,-0.3118950746430904,0.9468508818653161,-0.7729557958514726,0.7694724757877798,-0.5475158245964262,-0.3247107523131385,-0.3428784043160882,0.435827027007198,0.794924229881022,-0.5479273519617887,-0.19035974769450337,0.008587283092131859,0.10876799834573347,0.12052427656705733,0.39028520559322466,-0.5836975034507867,-0.6127179152510613,0.5515296793818958,-0.6145037878282811,-0.6755975887992496,0.6996037698729303,-0.2117715042958197,-0.67357724022723,-0.14649052720870537,-0.9855150757454973,0.0748072717585011,-0.30636075788243655
0.4932421407165961,0.0767316371175828,0.2902189527525221,-0.7551023047219874,0.6633065784859369,0.5773202817062404,0.5053171704742734,-0.819068265532072,0.7594076481429863,-0.8849355810235291,0.5601514925560318,0.502713689184848,-0.21435640285824364,0.8153470437909032,0.22345706226145445,0.22957614263739123,0.9027576901978527,-0.7641912081443827,-0.5145462756308787,-0.007174053766004773,-0.6038241673223086,-0.037755765620086645,-0.3820199878812114,-0.25660948041297216,-0.6798937757973891,0.81282888375055,-0.23213843729716044,0.19059511683693464,0.7339284459978594,0.28183446962992464,0.13271442358418506,0.8033740885278093,-0.316204344896464,0.9719673513893761,-0.804422176093506,-0.7351218286035737,-0.20895356764884965,-0.8479729488046375,-0.5418399855513192,-0.03676483970318678,-0.5357617330171598,-0.1984354536517139,0.8883082333736447,0.7099418036757505,-0.45186104665022286,-0.3629961587318069,0.3355595894611929,0.017391884767343102,0.8356190830266745,-0.496250966443194,-0.7942287639185921,0.8114124855677338,0.40243904330439606,0.7807124647618953,-0.14855311631462698,-0.10286225663644766,0.5329050902808998,-0.9471005945725819,0.14216379214959574,-0.6833216151618249,0.4836533945703432,0.06609220657327408,-0.4628406120031321,0.7491198500607694,-0.4590357681947288,-0.6178962712553839,0.4103010759635972,-0.8744108028138746,0.3821664784889176,0.7201196898797884,-0.290748536438747,-0.3644098923491368,-0.4581884412484807,0.439590689121083,-0.720851971203573,0.16377338230382277,-0.7898650720788138,-0.5244744320781474,0.6826324321235622,0.03484944777715793,-0.1167668031884066,0.8346507935416652,-0.07800902966095147,-0.7206848820905638,-0.0677244722028878,0.9476495106048852,-0.2512765274580697,0.4824979938764016,0.7199390848173541,-0.6933491532393123,-0.8131513669830803,0.09051238352458157,0.4163919660246149,-0.49125531869705696,0.5957900237352529,-0.3573278382359153,0.8635417303398343,0.5824338512042362,0.1814015236546498,0.47190754007802793,0.9382543415937372,-0.39497776669769347,0.08546308402869873,-0.014723657944093027,-0.1371558831228421,0.2680947092503876,0.6590296264675424,-0.6034514611714719,-0.5820608007814347,-0.5310436821348417,-0.6596889408094928,0.17913556078340598,0.11638004228470278,-0.29141969836838544,-0.28406311761428316,0.23502243969970982,-0.8856804048131532,-0.3194133867730209,0.4328232935503378,0.3310243381535427,0.9200700138999669,-0.4501257679264241,0.7668408232892352,-0.3329129273214966,0.006912362361105373,0.5687759423148224,0.470481776107724,0.06080961513676386,0.6590846589031414,0.08297173934871305,0.9453210499113429,-0.35872197599007594,-0.12551376654801594,0.5874694209966949,-0.7300486355344835,0.5770722206220191,-0.9640210756710759,0.015830759199343403,-0.20420283850647492,-0.7493414184680263,0.16900212733326314,-0.6634364968178781,-0.3897128712538218,-0.5665870627423595,0.5602789169199458,0.7497918057275135,0.47422764261412853,-0.8396938028076948,0.1712044684855656,-0.6624539858780929,-0.6819520417956486,-0.6328661908272448,-0.29927387820746243,0.5099639759404888,0.0665672746800039,-0.29466249452030513,0.591628829593781,0.8676524257008662,-0.1885299955606068,0.5138659161764827,0.977714140711363,-0.10555574041451021,0.10494126992209485,-0.6225941093417648,0.5209580846421722,0.7616237726849331,0.292238161157256,-0.8187206558722013,0.8915279979933359,0.5858378434557503,-0.5086322438410205,-0.4529460655571593,-0.4250529770593108,0.14679534994070376,0.18804329650766638,0.5761220159149874,0.21096907112249208,0.3102485152707315,-0.21116201325892026,0.6629505558851965,-0.11323195636633865,-0.7312422482682863,-0.2029961645566416,-0.47544759633301537,0.6620883031465874,-0.3146177108879207,0.6782869257422597,0.9257461068140334,-0.27738698675768725,-0.6115893843008349,-0.8664933818993861,0.6719077420985746,0.29403181432691383,-0.9624738884392912,-0.5368013588410134,-0.8502576492741369,0.47464766741183695,-0.8311956141155836,-0.5607879572270764,-0.2585289215592217
-0.5984156051465377,0.23837390806729442,-0.7310624396752998,-0.4042427415198995,-0.07263928512266071,-0.8263130046481237,0.18377247783828943,-0.23535700362655576,-0.9884219513114121,-0.9064461824316976,0.9301810863802982,0.8635284681450814,-0.7128676703363124,-0.028292929245891774,-0.9254562658016265,-0.20005149720629167,-0.19953344597075473,0.8469377560181519,0.49672459688760795,0.6619069105467636,-0.8902141977250335,0.9512329166520601,0.740616785433875,-0.21815536496966792,-0.5632227255595992,0.051443155306998056,0.8787858985958781,-0.9793532637547648,0.14488581308073423,-0.543461658611464,-0.6530716985481204,-0.4572461929372065,-0.8197365634934175,0.652324712658088,0.3180695645006466,0.7147793803055791,0.3465933518309019,-0.588827997698802,0.734693361611054,-0.6035452218875184,-0.17926680870851586,-0.9751383864445371,0.8737131922329098,0.234436322137344,-0.4337714208282337,-0.8136930321902396,-0.12945434004559697,-0.7255662092761512,-0.5999007267442915,-0.8017164410786419,-0.30206790155139895,0.7998563769031666,-0.4245891404702635,0.8307863734493524,-0.6067452064191299,-0.6426457693588434,-0.06026328118901936,0.7895193604880792,0.04671779814380761,-0.0467824198153326,-0.15955346980250495,0.8371728323705772,-0.9367078479827966,0.7173061176023858,-0.5831435205036535,-0.49798428111664705,-0.41536502271800124,0.24735137782511174,-0.9099942025722645,-0.44511358618737007,-0.1428662418000104,-0.8610771227869174,-0.34441240342932944,-0.3196382507668918,0.02319411263583615,-0.1172394004498003,0.996010811426381,0.6717868871425225,-0.01117148071940921,0.23099156565415746,-0.6224287275607061,-0.4004405334989247,-0.6344957643572038,0.7644096191033734,-0.4259377336448147,-0.5616146408722353,-0.3846950938312903,0.5429912547367675,-0.844461176267528,-0.00757948803576447,-0.5619514097471798,-0.30929909008144385,0.5618095894938873,0.5922611385043057,0.001966324804942632,-0.22255764048398308,-0.48894315289504453,0.1405452156194371,0.9948664607223907,-0.6689844077984184,0.748292942247121,0.5454217424402565,-0.2605537512100149,-0.5492110046967817,0.6841333919922283,-0.7263690468963742,0.11882381987303448,-0.9170751231778567,0.3764288197101724,-0.6540867954811456,0.031435391811630575,0.4678844169690879,-0.4675591727611532,0.30567391234767327,0.9585057043623681,-0.9935741931852682,-0.3221929039487763,0.0017196219324606687,-0.3255676831927681,0.7712727682732388,-0.03658241418125474,0.8872129957067503,-0.6512378440593147,-0.21837033739517642,-0.44294574507391715,-0.35742582708254655,0.1799327523023766,-0.9679931128735981,0.5961663280800189,0.1631021019967276,-0.5592509884095851,0.0672610413678374,-0.47629951429424255,-0.14531789645685333,-0.3905505912195333,0.6928599424294142,0.2701820196295559,0.4740784033218508,-0.41279996600554925,-0.08877860746996369,0.912370099224586,0.04510057362800879,-0.44838526528658473,-0.0859271429295938,-0.20764141190437324,-0.24964703496762541,0.08446441221895551,-0.09725547070441642,0.3036503935310073,0.7122781925112411,0.7569405349439051,-0.4871855691656859,-0.1718123130637459,-0.06529234153965713,0.3588731866603956,-0.22460110850604842,-0.5323198973516798,0.10690538472855526,0.6182703957159668,0.9293513712607102,-0.8657128756084593,0.3182431354661974,0.7645360930861058,-0.8257441592295884,-0.25446598505263895,0.03505839029766333,0.2178575332649555,-0.9328838595988982,-0.8803790636486901,-0.0943770635816763,0.8490056201186471,-0.6661256763806245,0.6862465904652557,-0.9778140518505729,0.03404638630249246,-0.33095699487612107,0.3950086154702608,0.2996241575666909,0.6752558583334003,-0.22988250821182343,-0.4198881242231578,-0.5276242142417891,-0.17620510231109332,0.7646048728883963,-0.9334676066419345,0.7988505517915632,-0.5442127629237192,-0.5040426933138515,-0.4659818721585447,-0.15038844060689027,0.018392104590641223,-0.5774519439481234,-0.207283906891242,0.2892242288594187,0.33174380974457174,-0.9554936615016556,-0.19089696599538342,0.4016860841431984,0.7753280387038519,-0.7595144577623363
0.8660319169706003,-0.6339272151157922,-0.6331799563671694,-0.17937477100115196,0.7152433615233731,0.8224491115605244,0.28474615933312886,0.552203045506511,0.2286167296192747,0.542194716809701,-0.09575607615582293,0.29408545057574953,-0.13818418489252293,-0.5639400258305467,0.519855012439048,0.3525055586963104,0.6166763279803338,-0.9066183360336599,-0.05854361129656627,-0.5895076010727716,-0.1705799221344244,-0.39064014435205907,0.6264129604274027,0.3927511649584361,0.38719902363296343,0.7369159288379139,0.007430058061165923,-0.03684426862878487,-0.20039012992277172,0.4837819761609228,-0.37017478348583044,0.9885137474191257,-0.3546943091130179,-0.9561854028129206,0.34149135107995,-0.39463337405023435,-0.7238993027955456,0.6568716484002506,0.3889386274726878,-0.8826345911270121,0.2958233931131302,0.12206885848324656,0.5299884781265078,0.5296846639774664,0.09013008869169004,-0.19705455477842726,0.44657698933455214,-0.9405209063420452,-0.21849168530206775,-0.6263619536319986,-0.8776155000547081,-0.8605437218812237,0.5260120356508984,0.15576086835462677,0.9243146430874769,0.7926270794817782,-0.9703399319266295,-0.6166842886283193,0.619169005456814,0.16270864274071672,0.533475381686954,0.01794036983408631,0.23141937077182684,0.34580780558580604,0.13330070400835692,0.07301556960476518,-0.6805234925368717,-0.7600039308987219,-0.6921630886393852,0.404855852169665,0.9315510076816271,0.5389287800203788,0.5452300280970754,-0.5332391639999963,-0.8191259584197232,0.47507546714574267,0.844109952540335,0.0677869233919477,0.6447170649537222,-0.3840780465193696,-0.4751709525046399,-0.18954972047638496,-0.4161265468934914,-0.9395859508775648,0.435926596752644,0.18271680974308002,0.3739264898550607,0.32973699620988217,0.9449522925060478,-0.8258039254758984,0.5421654319376545,0.9152825523441275,-0.395026211632969,0.9791341966350922,0.20300811070693991,-0.9614446295357537,-0.43544603349577593,0.5501748407718656,0.22099158135644736,-0.1629064165109224,-0.9464318902211801,-0.2392372846780062,-0.6407355507685335,0.2338604530688908,0.6390520563514266,-0.12162159100397063,-0.996016481997603,-0.48307290678867476,0.21451634959134358,-0.6751878416748345,0.9986783902578706,-0.5359994834451203,0.8249255644176852,0.48499829733034616,-0.4441278627710201,0.5726993865573056,0.6234461226210517,0.39474946479049433,0.565620003216941,0.38747566459021754,0.6440520843920241,-0.8493106295778095,0.4493583670076309,-0.7767079112785269,-0.05704804506901007,0.7200647879752966,-0.9888392331247833,0.26803537274755773,0.9076963162555263,-0.45784138644749417,-0.5564120012849447,-0.7722044386902478,0.7660563833296274,0.05540787547675308,0.7273948901236837,0.5172469452460464,0.8422771550983941,-0.794087702339684,0.3009827710824322,-0.4948045032846282,0.544797593070846,0.8420161414550704,0.3163395545172223,0.8025050140905587,0.3080978916734787,-0.8136927585517233,-0.997054603700144,0.8789647735471768,0.5494213409182629,-0.7711247134811583,-0.8912015715701023,0.19815413620064448,-0.6878481594880479,0.2616215243688793,-0.9149374299307684,0.7596710033405436,-0.592825829519513,0.026354963021038014,0.07884246157773522,0.03516277135345147,0.7965083996380666,0.921879602357788,-0.8688200197478892,-0.6813319414539463,-0.6995547186033111,-0.6687911957407255,0.8917383613380654,0.10053557416577985,0.30256397828636716,0.5407884314057592,0.6658471569291857,0.6848946143176753,-0.3475020415743306,0.8930527870385454,0.3210267402329887,-0.9615188917868842,-0.7053896707841734,0.015284712013171164,0.15890724906237153,-0.3222418732731125,0.12989379739538887,0.28317187200256955,-0.06614664746305543,-0.4487798349735541,-0.8494760629691427,0.0796737969246839,-0.15403530095429407,0.18467263408635493,-0.7753334534282634,0.19968159324762658,0.7886925099026925,0.7171591238704127,-0.657018992307647,-0.055504286197654906,-0.21617375116897075,-0.9688880211491986,-0.9338127742650544,-0.7330622398753179,-0.9665138387664001,0.24980087757180458
-0.08742104386063554,0.27120525773480475,0.6089293237809874,0.9885307985965948,-0.15744153865250454,0.3450356707178792,0.7647263149106889,-0.4387779344719127,-0.5633159380247659,0.6061372398564533,-0.2370296175746014,0.3019214746934238,0.2838500477832817,-0.33198423686147005,0.04384134233693482,0.6426405142999432,-0.03089405745282381,-0.9882606404837522,-0.6427145896710156,0.47156940022675187,-0.4095298080070846,0.32384788886377813,0.3154993674547102,-0.40348681565662803,0.3152588885561418,-0.2521300134815332,-0.18435629313184698,-0.962865284300344,-0.8199504473986039,0.8520671152503803,0.9136488321845069,-0.08294130319011428,-0.5027119665003579,-0.6347207791906642,0.818945367131533,0.1397524245284374,-0.1898618962925962,0.6327247906751168,0.40843191830514014,-0.5001488237076273,-0.24655494616888185,0.522090128792216,-0.9984616766592986,0.8365816139312738,-0.41271204885418644,-0.24913474443189698,-0.7340847724011295,0.5297102315932105,0.37941158277301024,-0.9159427232752655,-0.2902803834929186,0.3968024069681506,-0.15017145490881534,0.002464320568728917,-0.8416816189898206,0.0655769380204756,-0.12076914623718205,-0.2655665311383537,0.8832608353850446,0.3593393417636801,0.9417945927839213,0.7474079191700786,0.6541380986822602,-0.4560454660594442,0.7543621942231271,0.020041593116288503,-0.706259606497639,-0.2954436559337632,0.43369922891192947,-0.09646111729625506,-0.003174062836622138,0.035541525027732224,-0.44710953624441996,0.42460038364031516,-0.17777225148275266,0.9981254666683899,0.9214604217882918,-0.5383578326122831,-0.9231192561811286,-0.19353568841819202,-0.07281457477332642,0.5509256664653033,0.9403120060107051,-0.18449474448406988,0.17061434795990804,-0.7413044665331661,0.16295364961641923,0.1338952305405825,-0.030796260121604746,0.8227420576709428,0.7749306509878802,0.8101589258637962,-0.7302231081054402,-0.8990045644146822,-0.4868554147184603,0.20966439730576947,-0.22609682106198536,-0.6684288686328232,-0.17854206914193127,0.23976519895808202,-0.9778407307888322,-0.16609423759348485,-0.8546570842489842,-0.09259019868630602,0.8628324355065218,0.16681376707824191,-0.6461585731931956,0.7850806466453168,-0.24608931526135192,0.9705334542692978,0.8173622770560909,0.8959660619619179,0.3146085712480686,-0.6913601370455669,0.8296263029759667,0.2064049510825503,0.9026984681787491,0.09632319581431648,-0.5693275135663709,0.5029912822372617,0.46960770305185373,0.73032262880411,-0.2003655052784401,0.029535762429107715,0.4202311261807712,-0.09812038226552255,-0.6254178826187711,0.8327290681151889,-0.13234332185451247,-0.39778424618515307,-0.5058818868576447,0.05038373429576426,-0.9022885334006354,0.8950542340715759,0.6149588264743786,0.790425607681404,0.6261969394537708,-0.8087087075804082,-0.5997158646118264,0.055760394722754736,-0.6208012107603513,0.5288716345949556,-0.8307244158572273,0.9820842463680315,-0.1950981317483853,-0.9413380771216897,0.7936096350326913,-0.42081427130861826,-0.9006593130175555,0.9577774652574116,0.39679030278936556,0.8598924934699559,-0.7064117962110674,0.2338793981727465,0.49398592030845667,-0.8653224415096041,0.584818889274592,0.4823824711451419,0.32266995648784724,0.7058141385578469,0.7414303911364712,0.4621783783403579,0.12804599211688283,-0.5645456865352543,-0.7635824528830846,-0.591749511411992,0.6230547960834469,-0.008587713220757909,-0.695388512296478,0.27113556628847846,0.08712809488292494,-0.7352094794337152,0.1828734519019357,0.08029238037435316,0.2888547528866676,0.6656465034389767,-0.23251112852807831,-0.6804622003095921,0.571808616327186,0.8796433016254717,-0.7291353598706207,0.8171814234756904,-0.34098695783190847,0.9392419861170791,0.2979290358920643,-0.8887775910110742,-0.634697091079768,-0.3263327653460082,-0.5357449944171275,0.14045540887844643,-0.031041473249700857,-0.14674770194132414,0.21726241621985132,0.6007992193446292,0.2447705111395897,-0.4779624408677323,0.8114881458944252,-0.19864246062781898,0.8307473948254078,0.1367700687075415
0.9535299960864112,0.5535758516967151,0.8424339737412505,0.9579939069815633,-0.932089542611912,0.9754747429088726,-0.2599568605080511,0.06789621907038357,0.7586935014175451,-0.8296498734674147,0.3177635127975842,-0.5079902018912503,0.870485350531014,-0.10286018825043719,-0.18301763521075043,-0.7989919195108519,0.05238454685529215,0.1437418957532275,0.9563414973064048,-0.6941296047315648,0.5289625622576084,0.8307038505753834,0.28391057198620406,0.5424880428668808,0.699148220518607,-0.986544872677027,-0.5041823715656597,0.8787530259393694,-0.018494959806986344,-0.7589680446561986,-0.6732664060892513,-0.5489233588521907,-0.8549147895477942,-0.6116576718961915,0.3209523054759622,-0.3685029171344605,-0.1905916169742774,-0.9745345405961603,-0.007598720637083334,-0.008263838344078067,0.2847271735900381,-0.8534508273552501,0.9811586882275583,-0.3007762869878132,-0.5484885063909932,-0.8276780134801667,0.15119747462563438,0.32648180692402473,0.9319963610915616,-0.7067744926361772,-0.33294812093189385,0.2440274766714996,0.6716502097819543,0.1952404636477454,-0.8580346913518564,-0.6034480852538884,-0.03144150684213298,-0.5800656011756979,-0.9193704397994682,-0.4034600297844053,-0.6323030172234019,-0.4121535740526898,0.9926129625813498,-0.44987665345328076,-0.10289209654016562,0.09990035904845174,-0.9998291465680194,-0.45813278118696377,-0.13749617299925254,-0.11213708296727543,0.9175379951975509,-0.16803439161179412,-0.7426584098567537,-0.5490146828411038,0.9728901545061008,0.8460099692446086,0.7697099746039251,0.3836564397356015,-0.05912793556542928,-0.35729446893608086,0.5547843241252837,0.216601626147217,0.5728551964643149,0.25974987498098634,0.9549140918093642,0.37612231906299476,0.7066642162389869,0.9499764793705929,-0.8203431593876891,0.3901530390812795,0.9220272251577666,-0.6670825948733392,0.07642579962446527,-0.30577343585406247,-0.4640309162188285,-0.23294667612633613,0.9432010688750925,-0.9259211926904538,0.6278861026968741,0.11668878487923529,-0.2919645233618695,-0.9970887550068923,-0.3073665418534126,0.4839752328254836,0.4578395148606016,0.6155210002576736,-0.3580781087994944,0.6703356273754197,-0.4788559336774274,0.4366264611596866,0.238309106117496,0.33815377005555347,-0.502247279848496,0.3328109102990202,0.8436510026212285,-0.9062179826704793,-0.016206133048859872,-0.05441023405353973,-0.8988431500635081,-0.9773841710711688,-0.5083400921186698,0.6577492177659181,-0.9747970742460417,-0.3770352405468642,0.7855768995249008,-0.7655406662884916,-0.4474171402348275,-0.9632500261893717,0.522279012928077,0.20841397230505043,0.5769242154336462,0.09186339601295157,-0.643577857592182,0.6085438063685245,-0.9517327147577312,-0.5819877745424755,-0.2347620815983975,0.5378908836889063,0.5343603482808417,0.47683123843945485,-0.9201888406493157,0.027483036693136675,0.8306771043057399,0.0879763298434455,-0.20131960981350105,0.8970392983958302,0.2566840644493975,0.386746328230845,-0.9579164883483728,-0.11036791601511542,0.08096979577016183,-0.696896472696332,-0.3566081053398873,0.21616099324546023,-0.32410772009874855,0.9416522816016599,-0.23572693344228646,0.38409837241961586,0.41858796179761204,-0.58670680423153,-0.5925526362303659,-0.5265400209643574,0.44166592385655146,-0.7356976985918353,-0.8890124569454703,-0.6202530621751936,0.9709072629872373,-0.4000378956847326,0.7000084075430784,0.006275101123497606,0.014457552135030971,-0.893156472413434,0.5372438257996976,-0.13599490393128977,-0.9148570074798299,0.4396685058616778,0.21023822662814173,-0.03406414400934876,0.9376424855375307,0.19316172850411517,-0.917947456552864,0.35899775796590316,-0.7650310605841102,0.3985830339064247,-0.8146871545783969,0.6781913596821694,0.6446494712346142,0.25840295680948944,0.9581630868039652,0.7313054386132636,-0.8422784642595722,-0.6006156849749469,0.7123177187214573,-0.7094811229295006,-0.2204047534082485,-0.7994800493680163,-0.3294284710718116,-0.44864589641176433,-0.32299328504685754,-0.9059086092872886
-0.6739812523075568,-0.20131860314356054,-0.6270585558095636,-0.7613902522409204,0.18799919867810266,-0.1934442366309681,-0.409462764945701,-0.09035632314204611,0.36748834956043575,0.9755770289738805,-0.7065198865817568,-0.37292110583349647,0.2012393907455179,-0.059232522873274185,-0.9859791476123216,-0.045185894489691236,-0.45472636277439515,0.42233626959496595,-0.40746823727715475,0.4528190001580701,0.9171599565440316,-0.8865896930762649,0.06364516435408718,0.7834249836044249,0.5451511612174902,0.8370677477206652,0.7908000081283795,-0.8401434802443828,0.5014300504851852,-0.4214490891933218,0.4917956899617424,0.6457485350606826,0.14458987621901143,0.458389330564154,0.15315817702262557,-0.15755090301634045,0.5853443367170925,0.6078129915518451,0.9956043423440166,-0.7354589570644556,-0.18510964244899197,-0.503605644006776,0.4062460177979488,0.152436038493021,0.8456981778558497,-0.2733958328949042,0.9524460734964821,-0.7242642082416968,-0.23126539478194075,0.4797262629065002,-0.39758627092176857,-0.7405202482049125,-0.027676376507363987,0.1110480264904492,-0.10315129152033253,-0.5678363456301463,-0.22347677473818384,-0.1974304609236317,-0.3387117992620714,0.6252017624949482,-0.21325854604685257,-0.9169400871362297,-0.20838051678678404,-0.13205456988163244,-0.9832726363693987,-0.9119664113332973,0.4618680705264482,0.7741988545815801,-0.824539949789951,0.26657476170263883,-0.46803622190028915,-0.9839714225553826,0.09003732484233895,-0.7586339412488194,0.719162214046055,0.1732833242982883,0.1847303825358393,0.9768732363717079,-0.8825954823867368,0.4815598612615106,0.27818907840270524,-0.7136752104038528,-0.729488774786808,0.2166200915320562,-0.32206716897965104,0.3771191269163934,0.5347851655298135,-0.07986392442917634,-0.25794512676561343,-0.06501819646188922,0.19491161952418223,-0.5374695679922683,-0.7757721904743002,0.29853452480405296,-0.6266541336599618,-0.21515369353204927,-0.9009220209228848,0.43321565588483435,-0.1392340057641579,-0.7339041104459731,0.9340161601225812,-0.3023662430460534,0.6294551185894364,-0.014006630563069056,-0.40944847968837306,-0.3566385469169979,0.6226405095063794,0.9629648868764116,0.18107169794767008,-0.7258756005191096,-0.36195446124926245,0.49433323080594604,0.9252886117245986,-0.43696822682789294,-0.42937341443108235,-0.3412446644137941,0.027589426794095928,-0.7512885547066042,-0.9674200321641311,0.12211960734092608,0.4367325238589048,0.19048593028321337,-0.304278453748666,-0.2992180357963963,-0.5772772538156283,0.7726300483788198,0.6905364883391578,0.5241781224335924,-0.20372617273999905,-0.1877111322149596,0.7339116508941945,0.19423593274059825,0.37165749625853706,-0.7011838834978943,-0.013353100172713406,-0.009916871006296235,-0.37020534724874277,-0.18519755631854884,-0.9758567775080542,0.9390149386468178,-0.18322239663379025,0.6217201414704183,0.6807129105856979,-0.3808061548805124,-0.15388561739797368,-0.10471010192506025,-0.40733461903170154,0.7273854857734885,-0.6914732641314056,-0.15680125502053488,0.8430111468748007,-0.9679291377800432,-0.6065193362039409,0.5995539872989835,-0.8742243444029618,0.007935752945630536,-0.9456537206321023,-0.25108234651546435,-0.6019044417009465,-0.9912639399192997,-0.11756184353829235,0.35878148266428256,0.26961676703583737,-0.8196677353507216,-0.005899149045895058,-0.8122211796636376,-0.15350651660608383,-0.3062779973960028,-0.11992458146688922,-0.8763232473519493,-0.7421029034369777,-0.4886798813607973,-0.8498933731140372,-0.509410089392504,-0.34720548529042694,-0.11532472719002329,-0.4693034282831192,0.4193103816416288,0.9372583369048599,0.46384584524240347,-0.2692662743658698,-0.805852358341077,0.6233009743671709,0.38879321424616986,0.9750279473945631,-0.06492350126021162,-0.8911715251308994,0.4453638562595099,-0.7537835155029668,0.8671516587635832,-0.8400961643685212,0.2859715660274904,0.04942568596042696,0.15115756588454676,-0.2042807424854156,0.9288476518332112,0.8734588220766817,0.6952248024717695,-0.19076853125190074,-0.5703838403569879
-0.3398045541592949,0.7703494149901768,0.1074579542137899,-0.6103834229542793,-0.35546172092135153,0.21454643450522637,-0.47231369276044877,0.3411052906448566,-0.07998786276596692,0.09387724034258094,-0.9861688558123214,0.373329557012132,-0.9016479436755667,-0.6285291616533821,-0.5142252297130183,0.49218406817413807,-0.04346260655574552,-0.051904398183690637,0.4620731337175097,0.08412176766036761,-0.5112786910602647,-0.9880416571243005,0.28477807492407536,0.1273238984586087,-0.672115191436806,0.20693998575032801,-0.13502670096056302,-0.5162089881745895,-0.6206925533665888,0.6347594282575912,0.3804064647327092,0.20740878132884122,-0.041884031702556834,0.5722679597528628,-0.7334771572003767,0.13104481992559847,0.7212219596635179,-0.4218083581466039,-0.9201637478762374,0.7371543580393642,0.8431187589968949,-0.3556799703825555,0.5261731321195604,0.6309543012795311,0.8695426405056463,0.7915390426538988,-0.07962133920100256,0.23462302773395516,0.187478641461444,-0.6263366750137911,-0.6693241977796547,-0.053204478048590076,-0.5264858212776564,0.8661040918396206,-0.6810926910663491,0.4418601026373725,0.7349323829732499,0.30341112823324434,-0.9065318087240952,-0.5234030531941278,-0.635278224621846,0.15046329936267022,-0.4972756253370667,0.9831506162901669,-0.8694826748478439,0.23369467539934607,-0.5440936124154125,0.5967524971840854,0.03253138480931961,-0.4133298376455887,-0.5751643633614876,-0.40615513183706975,0.3196858178168849,0.20929991589471153,0.050542476018530014,0.7789159805790766,-0.9818144172475425,0.3453356993685872,-0.33720115095558345,-0.35783575680825574,-0.8317925881109287,0.6854822526682764,0.38008711251760285,-0.746324540723873,-0.22199195537598526,0.8296774912771714,-0.11486885959494941,-0.12716498124012343,0.3794523717366429,0.2446714650011068,-0.5965209819210451,0.9187966022064868,-0.7513657952926389,-0.9924396467712373,0.6646765529118128,0.5772048426322043,0.9693626500048471,-0.5731118221069182,-0.690549072857126,0.5469136351103792,-0.13500806699849366,0.25083362645963336,0.558165239550886,0.8272219170373825,-0.014473729589576934,-0.06512116690185477,-0.5633121400512453,0.8784668903862272,-0.17166505922819986,0.4519531355236772,0.3996868574632775,-0.9324601746359227,-0.2031484782426196,0.8571595743110441,0.46022651311967455,-0.9434456985367374,0.6053100145302688,-0.9931019811729287,0.11702338399747347,-0.8952801043087215,-0.24309571389003914,-0.9308935949942756,0.22872534860956573,-0.6610685642971854,0.006846722903085967,-0.39152902163159786,0.26034899484610463,-0.8303713094007057,0.6481831675409311,0.28062636364872384,0.5821708099254881,-0.40497765350454196,-0.892708508189374,0.7956137135037629,-0.4595027265175786,0.3507950104475581,0.7370843057979468,-0.053514334835093935,0.5172215307775718,0.012679102525181563,-0.1439447335385815,-0.1595040092211948,-0.2574994628254377,0.8520074487093143,0.6837147165230888,-0.14060014739026938,-0.6801979390711577,0.6855392611028226,-0.5097794725509213,-0.19032406522467338,0.6097005085402227,0.3247194734530432,-0.2863396460668335,0.6938990323820753,0.619145228621911,-0.1929200011039054,0.9103990613738226,-0.47525569877230733,-0.17675391243504723,-0.8580524581264779,0.14735319387639545,-0.4654684168836285,0.19002521761806612,0.2913777468532015,-0.5822684451269033,0.0454372454481049,-0.5648213180759523,0.1741491809335769,0.5401493097950949,0.35878226882823183,0.4971232201802045,0.6772857091081654,0.41613492783600603,0.6842270940133308,0.19631383999576357,-0.845226388310083,0.19748419394932393,0.412131406457515,-0.1455013448837148,0.17855462044615766,0.24044170809900844,-0.3700118688662708,-0.3728346077471072,0.7335508209779209,0.19443077895343674,0.6008713940059967,-0.5849257090252273,0.6470921101711082,0.5501551013051464,-0.1269627914339475,-0.5670435111588392,-0.7364238538548118,-0.555136531958585,0.1809552052208767,0.7863765862734022,-0.7971414606159584,-0.7983113950945666,0.4372020743497109,0.17144766008688128,0.8691207301694168
0.06733490236970141,0.30183303467377764,0.32106578151917353,0.820459009771487,-0.3409113941204869,-0.42336671706460605,0.8655712506090736,-0.544043134875926,-0.9674327223884498,0.399606497186932,-0.6350950049600603,-0.09913995210919713,0.48262501804548186,0.9754204887033442,0.7513553524516381,-0.7250586612579366,-0.6137828854229983,0.18315675813211585,0.062109078514561045,0.830840428235915,0.8780936523930387,-0.39965757470391705,0.653421787761207,0.8582879101779302,-0.6767691919057377,-0.2046166551838453,-0.07780969520623637,0.008031438232709132,-0.016609652873665448,0.6944894867150755,0.5487024858770813,0.052710997184273634,0.8179868603526204,-0.7424642711128364,-0.09949754885048301,0.2859200469558867,0.2978630882960389,-0.8843828539575969,0.31452896515511775,0.9450622476312527,-0.41975380379866767,-0.22413431820040142,-0.9010482075151851,0.3950569194113458,0.9748992581857336,-0.6001429751827141,0.4466732927474055,0.1510690993433268,-0.2598442375538641,-0.3881053109833803,0.4951868054202473,0.1499088048854229,0.07296030182341506,0.73968084109631,-0.457962760457173,-0.9509971625650178,0.35889629013191593,0.030627793496569078,0.3733970589015301,0.24706428154318805,0.13473802469736862,0.5935595242205347,-0.614404501265376,0.35654150756562686,-0.5171162490387975,-0.9925853929472561,0.24179097798585958,0.8366575158353748,-0.6916694164077848,-0.2100570678117133,-0.7613396040991651,0.6788213929981477,-0.881292051465361,0.7601138970361481,-0.1656383263517318,-0.2316178321722735,-0.7351830600588172,-0.802087092121025,-0.3546969539474156,0.8017367321052535,0.46490979864625004,0.36876764158259956,-0.18729592932636674,-0.44443389280819945,-0.0014755179657088835,0.8535780984571353,0.8940438687592329,-0.35505260038706266,0.5032157563961897,-0.28305214809674806,-0.012935081838592044,-0.8002477885604198,0.9321254070423228,-0.4904685993453819,-0.13809321411554265,-0.9885582624845417,-0.8953937681553541,0.04754979083554178,-0.32484302638442064,0.573792991180643,-0.17015019344752114,0.06190897309535881,-0.7344151691918055,0.36658670093849044,-0.2851733703718915,-0.1705536338297351,-0.2941995523072185,-0.349807782374153,-0.6921875003706652,0.7835482248170347,0.7231497064610806,-0.47997578876151015,0.5396804587884567,0.17745683508548638,-0.05538113515148524,-0.40778779976161905,-0.7125594049442487,0.6960601781783697,-0.5965670317174359,0.05856733629905997,0.8242986877919827,0.9962230984240861,-0.9660228712475496,0.5510630046335041,0.6729947972040982,0.641164473741531,0.734525949387201,0.4603795269656623,-0.09472940832555521,0.9166629648976088,-0.18358148345372283,-0.908836262197839,0.2444218888625358,0.6197806140275268,-0.4644376761632725,0.8326139332676046,0.025389084860499844,-0.1775755277162323,-0.6532830589231529,0.594627226795055,-0.33443090719994895,-0.902977309516708,0.22292704486674775,0.0693482193848316,-0.939206406725656,0.21742665435163788,0.7453006249364764,0.49341516299788846,-0.5748176683617412,0.33594685164669746,-0.9757680209892723,0.540315992135679,0.27594009140452047,0.647345000615746,-0.04873921578561302,-0.030418129742047828,0.6892674702301045,0.6425382181305268,0.15171280320942193,-0.026042668000914704,0.6813992749562259,-0.3267292828853037,-0.6942868597024878,-0.4625476731432099,-0.5805101638648131,-0.22151880548308966,-0.45939639916082076,-0.973634968715547,-0.3644536448363518,-0.91552528047504,-0.5907120800921697,0.5070220197748243,-0.24471836161923322,0.382603205623373,-0.40168975311730626,0.018878846968452212,0.9673394711935628,0.1460738081018338,-0.0034692788091330584,0.2783165716132643,-0.5544559721196118,-0.4975704449887488,-0.962322952028049,-0.3264352443147007,0.6567740533938602,0.5225367180780589,-0.9096852222031979,0.3157221821336602,-0.13560721276566756,-0.6628284347470543,0.23398250715396784,-0.45947029967399144,0.3013472239958188,0.617484388599,-0.9114098429466668,-0.533463433840172,-0.8199534512493876,0.8226951439745154,0.20092922411795255,0.5254126062976128
-0.33575291155897813,-0.4392666576724624,0.6830633710474425,-0.9648755271934892,-0.6175804012360571,-0.3756421930556766,-0.918261956760918,-0.8072619205188547,0.4882035619023217,0.32997579067701577,-0.05767002276029065,0.06518078501204205,-0.07944826241472103,0.21932493694573107,0.9113350204917654,-0.7726424238636194,-0.38247486849585655,0.026970608522803197,-0.14927855524697797,-0.46539039919629976,0.8181068254520867,0.04536166372350636,-0.682066184260449,-0.9926129057875239,0.043964471736767985,0.44781756593490285,0.6781981230731879,-0.3599999876810931,0.28277563333510924,0.7475838869278397,0.39266274145696967,0.6119618108504974,-0.44709259113637834,0.14110308021731122,-0.6816529893175876,0.2934056783684056,-0.5604338024807682,0.9421480877921018,-0.14127419842588962,0.47365733448900316,-0.2788109820697968,0.0972723868004064,0.4328630212353255,0.5134880137436222,-0.6685073009245603,-0.16001999618644058,-0.03886888485348905,0.8561835812979002,-0.580426065643773,0.6986130622355664,-0.11309486340776398,0.3995877057684636,-0.23210183675803076,-0.6364133977379742,0.18071097453886908,0.3144064838678602,0.284483088772866,0.36276431510525575,-0.25693906706165204,0.963452023446018,0.05926212554161148,0.7870450585816653,0.528712482606293,-0.06252192644950205,0.0013054631588065302,-0.4101979020395965,-0.7066371755845251,-0.23703038955735134,-0.276372360859777,-0.3202285235654352,-0.3751814601671777,0.24571508986889357,0.18743960314952668,-0.9531928459768864,-0.15918305623753293,-0.6944749022190786,-0.7329648813580245,0.4498654327453928,-0.559872811231563,-0.052485628142250995,-0.09938005172202291,0.0051738164699048905,0.15854303578994955,0.9613920472786481,0.7678069348821461,-0.5440020192932138,0.35861931484229137,0.14641772294959443,-0.9281768693263914,0.6251027851786617,0.5258205231799753,-0.14317343657674786,0.6478441249241338,0.7458422005095064,0.4289347163163546,0.25537476893905176,-0.10395800984458914,0.3421976400699016,0.10437845111739574,0.6198396156134522,0.9688614673410081,0.16184993569494432,0.4065338858886076,-0.858797362042667,0.5821233607108893,-0.1585614607274597,-0.37207960614749,-0.5949499071635542,0.049662635883598316,0.977665838875519,0.7570553699865163,0.08929213197211783,0.24863045939044204,-0.9204169088156087,-0.09513394908686035,-0.579738118309246,0.02837666967971475,-0.2945152732255232,-0.8703960728584887,-0.011774992905137616,-0.88384372654816,0.16206177029758595,-0.2608122302602567,0.9751324297267867,0.5242111938030649,0.25437503145048845,-0.6647034674139765,0.6535484574724448,-0.5798042341243037,-0.47285091056683615,0.023452869702784263,-0.17795017055626183,0.05024725232801042,0.7224891059928327,0.9189696463479724,0.370495684131781,-0.2028126406777866,-0.6981246435970765,0.18735564349812428,0.3625175224061934,-0.6391865892035322,0.8713083659350369,0.5727025369986904,0.20525448065783536,0.26406967415995286,-0.33252072724360615,-0.8235684700730141,0.7569879562747497,0.09364561885250033,-0.6906273971736683,0.13414486716748297,0.5782232514026817,0.04598949318491519,-0.22606688965358557,0.31132653033938973,0.5248358860357321,0.021487113341928765,-0.7323697981911996,0.6168429259442223,0.2977120105552655,-0.023091345920520645,0.8308167517451936,-0.2239520592202453,0.5208502389462251,0.9314480810760042,-0.9267041404086898,-0.7631566070456011,-0.0906368108669462,-0.7360896584474137,-0.037904727766874924,-0.7065308602231786,0.10967388963667335,-0.22475553224564715,0.2133907659868235,-0.5380644615902945,-0.4501980855272849,0.4128802047875655,0.32550723745967347,0.6990747069814633,0.3227058843342685,0.21494388434469913,-0.09175716457783833,-0.9075596594421507,0.42769623273883495,-0.9115225610029232,-0.01834040391588765,-0.07951667143356089,0.22836685797223,0.7245044040466009,0.5658811886549846,0.7300625029994017,0.9930874403478858,-0.6179821589839576,-0.29137352570121,-0.10781788806215387,0.6007320059364794,-0.11548162644914362,0.4794701501959757,0.5318843151749446,0.6797286839096568
0.3164003327309777,0.7597049060168923,-0.7996999126239925,-0.3414608040412723,0.26425123278361684,0.36269111699100853,0.5352634984000286,-0.12004341667713025,0.8101365869154713,-0.2850472014102583,0.28741490980407813,0.04959521410526535,0.2357346207425608,0.3510037195261433,0.4783013943231653,0.03315657785309023,0.42181668910634507,-0.4396866222708298,-0.9105750424984154,-0.264711022647387,0.018201657196803556,-0.5815268441338746,0.9437171679191276,-0.377273364903161,-0.38286245036476974,-0.033205450311693196,-0.8971874765843049,0.8394924506777628,-0.7951945401349256,-0.6952312300174088,-0.5463565442297327,0.2963531731557667,-0.3545918337876832,-0.9015608698360309,-0.1988073060549178,0.9809603459234473,-0.7723383259132603,0.2555704228587745,-0.2129120853672104,0.8687876578635627,0.06763003173083781,-0.8507044353536579,-0.9250510248127681,0.2777402317212607,0.7566828857766315,-0.0993315038396394,-0.10718262884427854,-0.8931263704045067,0.7649602911192719,-0.5357584709106453,0.9470454648517541,0.6085931178626078,0.25512612263872625,-0.28567900618386743,0.02475624221447892,-0.4731908230183468,0.9526534150992141,0.1490099550814219,-0.41311109029144477,0.8299588674497986,0.979351523993947,0.6388055499218579,-0.15348312667564712,0.7124495569955251,0.9075576856458654,0.628807053292527,-0.8672126914261817,-0.5641416320557635,-0.7305748818344477,-0.36140399456373107,-0.5627404189350829,-0.0027817561323655315,0.3238103420780989,0.737208085045594,-0.2898655298010684,0.8898065760466376,-0.2678970329015551,0.4128369527607634,-0.6796660780695087,0.8200240836039305,0.3387199215188941,0.32509276925298924,-0.5329571499755892,0.0180879144892514,0.9234638297492306,0.5480463913535949,-0.583245386024261,-0.9245082715644666,0.12986974164644427,-0.8225435267176222,0.11842117262316876,0.8435333178225273,0.3237775907561149,0.28506592159982636,0.9918595376855956,-0.5464626963937411,-0.6498993143426492,-0.8190595302594414,0.7090728728870335,0.4727760161883874,-0.8620548613370924,-0.3060810472543718,0.4777323045475703,0.07508832584975522,0.1661558960804408,0.5941939411917505,-0.9520680167267588,-0.06687246396568391,-0.5853920981304184,-0.4167260856224724,-0.23139868905307304,-0.058114592596605785,-0.4907837601188392,-0.6466280411607708,-0.7553365626129969,0.48602093208118524,0.1446037941684808,0.08953869765155664,0.30060348037378604,0.8431562278734379,-0.025887664143223077,0.48144735294418406,0.8466971804065675,0.2195187079147185,-0.1506104310804306,-0.11609309907350873,-0.32665978352534886,0.8966091746324591,0.7951196903822544,-0.8461548609492142,0.3288087411827345,-0.19102101676845473,0.10362279522128826,0.29106086245371654,0.8855838520330079,0.7824806719784974,-0.8022362555872415,0.5754712784768372,-0.400296213659985,-0.4530851741485846,-0.04097456654006293,0.3981009556257604,-0.8828527524287493,0.18159741543450258,0.6345968628295167,-0.5932086751759822,-0.026293191151897544,-0.10050302315054038,-0.9483390936859846,0.9924476314851862,0.18298266545481812,0.43793111830098286,-0.7492501357791643,-0.1898638116029574,0.3288758342999505,0.9938414132798317,0.9421868652296421,0.5413010706638961,-0.9426564006223119,-0.6968747016079371,0.9234863944760152,0.26882979792178974,0.9384888400558165,0.49820257767394405,0.15027594158066804,0.291619294660427,-0.23105834860980257,0.6383401034349887,-0.7668498820389771,0.7813833980054796,-0.16876775954497503,-0.09516022414446335,-0.7537714302572134,0.492509773039131,0.9798953595085125,-0.17227412111301166,0.9050930005007911,-0.9970086792178476,0.9947637813306984,0.4932109772288249,0.830541211970304,-0.4442303154782046,0.622615455837993,0.8434387301217261,-0.731145444610211,0.6980592584354719,-0.7439881245249584,0.3600987449131663,0.9576966795352133,-0.4626702574831463,0.17676619506206892,-0.9207643408720119,0.7992887495244689,-0.5824864547670183,-0.12456375402287745,-0.15324655840208035,-0.5585855857863533,-0.1580479519334117,-0.28383315179948565,0.48073878908374
-0.8124253083116864,0.7284885861328168,0.22853636849175119,-0.3452043362003576,0.27132940745993084,-0.4478436438105633,-0.1927892100766655,-0.45130437174788596,-0.9461964425924212,-0.6715908317075856,-0.509373534070491,0.7166936598786988,-0.8746657750320255,-0.39190909487804504,-0.2090942128305786,-0.279006996240005,0.7633641854996962,-0.7197750081337437,0.6180078443422039,0.627112240382232,-0.7799126572968742,-0.2325397991190421,-0.020767483836294787,-0.7435186299739771,-0.5636294325219935,0.13522330797547855,0.5645895861154506,-0.2865916232010113,0.8091918027825036,-0.23721562484461223,0.2246811037317764,-0.3302898204920439,0.16529567178984883,-0.6840985471105758,-0.6345845984523357,0.37061820087837627,-0.24874180777657262,0.761597294549766,0.6237856163484088,-0.4027388750336178,-0.9100376065622895,-0.5673362176523502,0.7166299964300724,0.5856256174928869,0.6287066422041221,-0.3532472550499419,0.9456054743960591,0.4859022021529318,-0.33095488930828787,-0.872908238640318,0.4440127757008334,-0.5834274615087587,0.8735823002725147,0.9370877187115874,0.5589751048169791,0.8507191938660443,-0.48836402781300503,0.09865299462273991,-0.037777719785543784,-0.638864121832772,0.8212099304190825,-0.5426123652955457,-0.9984127536313228,-0.062356028630907945,-0.5175993299975683,-0.5331497033520836,-0.49461811892462615,-0.2776055890918774,-0.24405891103722066,0.4778742297851517,-0.8326159063906766,0.37327548089924045,-0.4151785734257156,0.658917236297921,-0.7023661977410598,-0.8144100142351285,-0.47857127045568415,0.5633353529626162,-0.08402312508250587,0.03411724368567337,0.17929085826724012,-0.36636966148531047,-0.8729446808395822,0.7496971441537688,-0.9838455425275381,-0.9720719816809464,-0.35553867689646945,-0.5122795635340773,-0.008905773600466738,-0.1291065450768787,-0.810482837053645,-0.6113616518412901,0.396730132823236,0.6087823267873516,0.0040969111263498,-0.880450917781811,0.44617332066163784,0.07182710588609065,0.9300584084273691,-0.8284517927166843,-0.5877391460195616,-0.8313845347676803,-0.8158015766990374,-0.8701541684542502,-0.5423200810978688,-0.03723782994060709,-0.1748944048459793,0.2626146689636215,0.8905771344928106,-0.9704357164221222,0.5968636207059523,-0.8447675176144742,-0.08778479550305307,-0.9093253669867001,0.34277599163933314,0.26172361559429014,-0.3598329957836168,-0.39761540101656445,-0.3386630302520679,-0.09171696247235639,-0.8942419229962506,0.2846296362268317,0.30339564141411435,-0.9954008140744584,0.7274496917100808,0.6439362850514954,0.3130914002347378,-0.5112177591845735,0.6172711509687605,-0.85579600375462,0.8841314057004146,-0.6415882899354586,0.4860919594194879,-0.9755252390467468,-0.9335192583085026,-0.6306276292318453,-0.8915403308716494,0.9178752675980701,-0.13652557321967596,-0.3295187357543887,0.29406384663853724,0.8847618152966679,0.8199072285797386,-0.9622662264811976,-0.3471181405259307,0.6618848016575782,-0.6636006491138544,0.48180088543260746,-0.8083247350264178,0.5765226804227015,-0.9453830062789348,-0.18228467583060848,-0.9266636356249931,-0.3699258107634207,-0.4878108900821434,0.4770706830743463,0.13277960034709424,-0.9618133739315202,0.9662078598129193,-0.1964093234477211,0.7856729067839499,-0.58838667200797,0.48037713049809305,-0.7187009583603592,-0.7286331079471029,-0.7267398494798638,-0.9252834911419876,0.9824276018070595,-0.5357856322964885,0.9546300856337875,-0.7390165897579608,0.32967846357972563,-0.9056169186169172,-0.24443855673315906,0.31003008823888445,-0.8087884193527657,0.3265097698444157,0.22789844509226587,-0.907285841549391,-0.8489487005193266,0.5163293511827967,-0.48794803717456636,-0.3865054218608752,-0.552745676400124,-0.7979425014191406,-0.5443501525857695,-0.6513813679871381,-0.6369290721860059,-0.2423351264691822,0.9457150119057851,0.5932141425412483,-0.6833522730580424,0.46587481495298233,-0.49167404568888173,0.664807660280442,-0.17655912519581762,-0.4333835343531287,-0.7475191620502124,-0.3914414467562666,0.0011946022469968565
-0.4031979326529045,0.6083144887976206,0.21882381204841184,-0.1436064125142802,-0.9900469456126892,-0.47258224213645117,0.02399765595865877,-0.14120246181895335,-0.46475462356407005,0.4908462174908632,0.4593650074338884,0.16668650434547017,-0.28678151596311907,-0.125469181681362,-0.09236586635325272,0.34004191269805184,0.2502047554390241,0.7339392128727551,-0.5149940658103243,0.3237420256860317,0.10029293055796962,0.25017309726064196,-0.6453061160172455,-0.05620457484755681,-0.5358933157293293,-0.19046828396858007,0.5487940623181335,-0.3307833121961674,-0.6448727101493059,-0.23270332840328734,0.9196320683402446,-0.25814737656602094,-0.33496875222443734,0.6941253105750038,-0.46497785318009144,0.5280612095777013,-0.2198265498810832,-0.6845878903607736,0.5750684178812542,0.7446748858627812,0.02179402203230052,0.23917704695645536,-0.1668886331246926,-0.3997073902901056,-0.46679792593818137,0.5655125527474159,-0.26105217309034634,-0.5015728115391764,0.697992035472466,0.3959383870790911,-0.6814920859255853,0.7563138818969046,0.5549093930785263,0.8979444544135766,0.8476078922254437,-0.2123866314544942,0.43935835835010906,0.3338467066485469,-0.3238722650948418,0.12238603205323528,0.3974842233866418,0.39941944071551183,-0.1845557372677058,0.523778641727423,0.7613922322671469,0.15317346977359447,0.7764529040319306,0.4958753325021512,-0.6918080554956778,-0.5949040520574194,0.8215663538437199,0.50995643421838,-0.22348546245911516,0.8475578962622614,-0.6985309079615738,-0.793484489042241,-0.05035786208814064,-0.6866915428496356,-0.0846668502180088,0.2897226020372232,0.868023491179164,0.9018042414861278,0.48989332654023765,0.09410457210570922,-0.5507889043691521,-0.45709310155358196,0.8803723254702778,-0.42676160617434555,0.09705752623861441,0.00042257829134006997,-0.14166819682194287,0.33751177158580936,-0.9477315930581276,0.5695845052788866,-0.2134072373698792,0.07679981212489273,-0.4079297994746751,-0.059222167875801146,0.2778309618884953,0.23182223153737946,0.5041015131684967,0.5178339860793797,0.5746555575322063,-0.8456720796930708,-0.8076369858609942,0.7208882603735236,0.3476216338029583,0.00018613164577496732,-0.7969877810232131,0.7938744244219591,0.03053810679582769,-0.6065315947735579,-0.07619072365187862,-0.941546138452841,-0.9537571445539179,0.6128061146768815,-0.052032394248266334,-0.24092082591458075,-0.05693929357628025,-0.667907658591635,0.6601953025648994,-0.9918661424072854,-0.809162374230181,0.07261093875087177,-0.15277542450251835,-0.03605288328340883,0.1077808872436874,0.4231570067867485,0.11186389470454206,-0.7201240750164168,0.46383098177758586,0.14768167150030176,-0.7643507401374743,0.9584243464840365,0.9580914718728508,-0.20353621566661695,-0.6070813746429495,0.5364274724997611,0.5659944530317318,-0.11595686678796158,-0.6321129303676676,0.2848885547812454,0.6766572467111025,0.49733051029075104,0.9829900835655276,0.26566930360269203,-0.22279916938471844,0.40506254578438017,-0.3110546506844072,-0.18908102504737956,0.8343221815816269,-0.6174901634775414,-0.7822304746507185,-0.7226107456080437,0.8614954588574071,0.7211491585750245,0.17726234541250996,0.7985565707173228,-0.9773036805505819,-0.20917678146571816,0.14531487617290728,0.011254218913324898,0.3298875552404499,0.9869517038430209,-0.7803254100453547,0.28406225761192205,0.4050317542410373,-0.23346458794764757,-0.41573672641579873,-0.0796708302433613,0.2408437640964689,-0.09700433925428276,0.34446986057720785,-0.17661217329013312,0.7780135803029524,-0.5516072181098042,-0.3427268680829758,0.20016469226684497,-0.9342770411837213,0.9118651209716411,-0.7851276521413288,-0.30019130132694194,0.5467147316220284,-0.9449202103378092,-0.19729578828706362,0.43683061371592435,0.13537296059179238,-0.45578268570629366,0.17020236006211253,0.5228372179620058,-0.8373923570709316,-0.5471571798380643,-0.45564925712253435,-0.4562063036047792,-0.04752391699490155,0.3317671033630081,0.6664615196292276,0.313582924009973,-0.5897630012482784,0.37130228092718065
0.06695820085057469,-0.7992182630084925,-0.9088190521966728,0.12670350887619386,0.5942848725818892,-0.4693956063894793,0.4567407974910189,0.9100268195742185,0.7299504493796878,-0.012752389900454464,-0.5669797504291352,-0.8521731347743347,-0.49790918963090025,0.08880776302726412,-0.792541021101822,-0.9791561517816845,-0.4341484520086363,0.30890561208691025,0.18062974010283894,0.3153888446545299,0.5433181229966175,-0.9048787079986815,-0.37689894950155645,0.7979169774457942,-0.6769008056278223,0.8237029766835646,-0.6989557366127248,0.12364248679270884,0.7634004267637298,0.7064315887837671,0.8516592252115895,-0.19160331910880468,0.08858248590308127,-0.9340392388702972,0.929632754211928,0.7523420396573011,0.20444347023301557,-0.5071043924692562,-0.7112410795391517,0.9095462090616242,0.5394166290845301,-0.48436608162605577,0.7906373998927771,0.8690699387956651,-0.3952731705677923,-0.4777337329364544,-0.6881273240385481,-0.8801725624571761,-0.36149702671942463,-0.8506257321615949,-0.8772331819629828,-0.04388927570768808,0.9687397431030842,-0.8076632695546231,0.6746668657542974,0.8562853126477941,-0.8006213276772367,0.8415614000491081,-0.23568484099565934,-0.8403250377785343,0.5744088810764614,-0.8022359184144037,0.4037801904046485,-0.8271791966152835,-0.008975206077007636,-0.5934436488612733,-0.7295368197159338,0.41085063066722527,0.1659335446632677,-0.3811258535649953,0.6951917531626428,-0.9675523192233031,-0.7292824789366856,0.8124244431246883,0.33801381092416816,-0.9913837885622387,0.9412988861330212,0.04150905543037342,0.6060085245252336,-0.8234702007572625,-0.8159687203283446,-0.7349599772634694,0.06723540215755341,0.702168787002577,-0.40185209636220653,-0.726565123965756,-0.030842245610257724,0.39440076165024807,0.5452141155218502,0.2151439668704085,0.9395056282898755,-0.04712628052930312,0.02015282762799253,-0.01828100710266245,-0.4108719399543659,-0.14259342569824618,0.21039261030774692,-0.522315762130801,0.577236040889973,-0.8406178200616059,0.8359413688950561,-0.00136594024799086,0.22933240191080873,-0.77760249886481,0.9717468526803079,-0.7557715358963997,0.15519069133335117,-0.4274639015001169,-0.5009928101090269,-0.6964964848910213,-0.3032978134757447,0.7539571083766985,-0.8477296872439013,-0.5250628131270236,0.8401625206398282,-0.5644100259021485,-0.8972016660725379,0.19362394010215156,-0.13331505707186841,0.3237792132131174,-0.2229278822775289,-0.18696009296376248,-0.49345819929020474,-0.31121202800966574,-0.6655586064109158,-0.3536500457599707,0.5153198488948947,-0.006303776210641043,-0.376224236288351,-0.8498964309391888,-0.7221386338323865,-0.27343171413249223,-0.026882399310709237,0.6174521455914463,0.8684744642315314,-0.06691063070670555,0.08560697134153061,0.4095733108160158,-0.448165528169328,0.05142365269216054,0.8196437412334685,-0.14816234424074404,0.2090180558312913,0.013367139849261633,0.963949605072113,0.19576858313241163,0.9623233088605747,-0.9387489800267783,-0.7880662144594333,0.980817729661883,0.40151238039834714,-0.3185337568419295,-0.09716459590393178,0.8781601885468964,0.8340290695710544,-0.5835855697748018,-0.2718766662732224,0.009731550458724536,0.7730253956562958,0.7034755645770279,-0.6315371774397072,0.27630306369678626,-0.8271559557961712,-0.6878753842455705,-0.1915853301693644,0.5208432920785269,-0.2767494111494182,-0.2660833444313657,-0.48201889719394475,0.7479294986724101,-0.047178119084904546,0.3266736722414705,-0.833993788152035,0.7180428504785139,0.3078190076497398,-0.45109122825813897,0.6776644471657616,-0.9898127170379662,0.6368235555004038,0.01848804426613415,0.9114417129906771,-0.15804137496432813,-0.6399347594279496,-0.9189494879923272,0.40086738037990477,-0.1098405751879612,0.6160533890516671,0.7538975776008978,-0.9931392227349485,0.27634291321732807,0.6254616292096682,-0.1816438504830693,0.19901011972121108,0.3446316312543054,0.9765509213804588,0.6084139311268371,-0.7994187848886629,-0.7288487920716609,-0.7185628114982296,-0.05657523263031505
-0.662998941657335,0.0030043977516149845,-0.7773586493475046,-0.2976512928279993,0.5854872116387027,-0.6773244717716129,-0.541263056653362,0.10442838293437973,-0.6380374107511457,0.11213279001449328,-0.4321829972688711,0.07210007723745693,-0.05791508664575007,0.7326563917926647,0.052017676720094164,-0.28416827321166216,0.21199137853168337,0.19099094416439888,-0.9361004382179854,-0.45416092735127456,-0.9219725470797735,0.5026186340189693,-0.46404682915849804,0.21067909602126123,-0.7683559473131147,-0.2539485709383065,0.5635106131699656,0.4090621041575253,0.8720250017385884,-0.30594145257750394,-0.9405974920683702,0.7059878847851264,0.5486066537263774,-0.6115201664166985,0.934364181455503,0.8873581654279867,0.8552911750319436,-0.6705360298433385,0.28625700668413345,0.18409735159951435,0.8470715258366173,-0.9846884192296019,0.8589618420106269,-0.42146339837223024,0.2791131988198885,0.8720164696112991,-0.2812315828129275,-0.021249852232269495,0.9610884642740318,0.19758991538242787,-0.07127747648670013,-0.5194718237338865,-0.7447484891618157,0.080898806708956,0.7029746185658561,-0.9525407270348825,-0.3997961267482242,0.2441193504288559,0.8200670311856555,0.42459008013043165,-0.34114326175175913,-0.39743542556164724,0.22652885813886425,0.7431740426876288,-0.7475046696269017,0.5242249296685844,0.5219009057639559,-0.8087861399377152,0.3115729877745659,-0.42417758003576145,0.111340350061512,0.5997348942478335,-0.4243259171729701,0.7675719056845911,-0.7422143287866909,-0.9271746996747527,-0.8299951010710089,0.019878784926752324,0.11093106756118498,0.22048631643165129,-0.9548543634187299,-0.5559739506839405,-0.31129425022420487,0.9626775966991001,0.11849079493396575,0.4207369829426362,-0.9501250285850678,0.9907735471031738,-0.07068169775141553,0.17036564310057312,-0.7691826124841812,-0.7081820652284194,-0.5561627473844977,0.32130662531502674,0.4507706896200916,0.43744916386355115,-0.49883797867353175,0.8354246155002638,-0.5208984192904935,0.4409931809082248,0.1925226237730524,-0.9725184244075942,0.6286424000849378,0.1050991911167336,0.9156432799172491,0.8299331440476589,0.5684956814658864,0.18471296984203245,-0.3878778860289942,0.5363116863497475,0.08946251510918857,-0.4434852870319417,0.15182512841809914,0.473141551027636,0.6682311507925667,0.20548567123336792,-0.1401491527790022,0.2752655453806956,0.3789408996408776,-0.2814277873357667,-0.693547613623412,0.21547378303114506,0.0864437584452451,-0.9704546425154481,-0.8666448186652702,-0.9030581207795845,-0.3368810799661486,-0.08060450493406157,-0.5329435549326673,0.5122920464481178,-0.25749070280712605,0.7873597896580589,-0.8340112954516234,-0.3633052089228985,-0.11168127634563318,-0.8135331582062919,-0.5546585855148034,0.3277642959376985,-0.8617757663303476,0.17549177853641362,0.10367411462346032,-0.7199731713873991,-0.5600960160044093,-0.9590086264606079,-0.43929423102064025,-0.042178739266306886,-0.20306346392683383,0.22756122292174408,0.2802954705487133,0.6977590381766805,-0.4084780623115116,-0.3974120399380927,0.5477440034950334,-0.0022057166743090217,0.8187958923034375,-0.35378271635312797,0.7528788121281873,-0.9816994140818156,-0.43603161461186235,-0.6316285991610844,0.48789327056465437,0.8019082583566344,-0.6517821965725443,-0.3970369322257672,-0.9904651527584738,-0.9361805278970798,-0.8399669758324446,0.4188760835829233,-0.38437157704515856,0.4402925719468893,-0.3159839772194548,0.8845936786101094,-0.20335944592427335,-0.7839752684887029,0.06915437188799034,-0.36934942813909233,-0.4364227526509088,0.9133759675168851,0.856333092284117,-0.2316545669120973,0.6681927069870761,0.12619918300200617,-0.2423527387537614,-0.6756969350941417,-0.6709155534368365,-0.09564320651540004,-0.5216763318069373,0.52577779014252,-0.556753521305934,-0.711202180078885,0.5896564325382874,0.35131304859792833,-0.41776668490713353,-0.6374337236446519,-0.5555176906537493,-0.8348662209189162,0.2800718775066784,0.843245175636264,-0.7214010130560289,-0.22625025769532003
-0.9078197288582603,-0.959488393192762,0.6562786570164776,0.21020173184697843,-0.21538002515105914,0.8096420896313534,0.380317116040537,0.20018845931657947,-0.11475628379089198,-0.8015824633036117,-0.40901842785956743,-0.6860513746702854,-0.7223308856901482,-0.7379560764663995,-0.3959290372280351,-0.18545819127543695,0.08314821016209084,0.538197266710303,0.8103450703505197,-0.28163479738686936,-0.518524146223958,-0.6478141263150108,-0.18775958743021293,0.20824721768373333,-0.05032187911215624,0.9810355131955864,-0.9900914818612474,-0.5574184211164344,-0.7475961920707419,-0.2900974936556182,-0.9339660559419325,-0.5691023301912845,0.6780030463729518,0.1727388673557555,0.000223339276875123,-0.3958592931682048,0.5604700436833656,0.6426472270234198,-0.9848201396324254,-0.6975524865823499,-0.1640263036605767,0.34284886099455747,-0.9025021179580257,0.15290844797133674,0.28597391014573925,-0.5767071489442617,0.23799035289426018,-0.02118194693035913,-0.025572864938488316,0.207405627694639,-0.9958766690174516,0.29225529762624025,-0.6323857499847834,0.16353448700951123,-0.31681677057911584,-0.801099965322273,-0.7075502099960169,0.6833726963477138,-0.2468541455933142,0.4358832489999427,-0.4384540662167391,-0.015541180014754463,0.028245504795937793,-0.2630675680354633,0.9396549105599836,-0.38179129358444586,0.45418820454920894,0.15873423215003157,0.24329815524660736,0.7970363220963852,-0.5461910068918696,-0.42869066009041945,0.5592721155901059,0.4539126277536365,0.9548320504605055,-0.7265671380922223,-0.531334369140211,0.9247463253896049,0.30177913051135263,-0.06255383095930234,0.8320980486547938,0.06894924891560583,-0.8490624683370618,-0.33700468574696085,-0.42074938951295415,0.46783377659231196,0.6757335699359006,-0.11212421934532335,0.5647426655901973,-0.7634605375686476,-0.40858332894770943,0.5138739847055638,-0.6083765822994835,0.228557597090298,0.8248758927644804,0.8399934035581267,0.3401600189709626,0.948069877906937,-0.14418360636835614,-0.1585596544817327,-0.14397780090598267,-0.8831733711868399,-0.6464097103650357,-0.058137198565861414,0.792661514277246,-0.16381904383157986,-0.7499567713364557,0.5675070222541487,-0.6797580487463726,-0.8269189175759721,0.40058640611176166,-0.35769564692988864,0.09487995587205966,-0.18644108381597913,-0.8516417921013599,0.44272244907837477,-0.8802517927306941,-0.7359091453864206,-0.8615050513271625,-0.7722456247986618,-0.04307914337421104,0.09418893873322975,0.8547218209773157,-0.9519191773774922,0.258399051813865,-0.04435326706452547,-0.14484399252388225,-0.329400729446494,-0.7290334380988983,-0.6031549918062189,-0.02741122062349044,0.07830215030514776,0.17154743008781015,-0.8567753602712647,-0.7238810155011597,0.6374708955848054,0.03363346636983322,-0.4310322307479155,0.025257503504071632,-0.17182986109450127,0.8232296779450801,-0.832423909259939,-0.42786599925453817,-0.6955561845559772,-0.37686191212288844,-0.9568531060212495,-0.9421639898574397,0.49291530616344814,-0.09288825347754237,-0.32669589261846044,0.8166610933193286,0.13959517705949365,0.07574799008070388,0.8157277211083545,-0.7029946912273546,-0.5134205713415294,0.39458283891006674,-0.5856418439268885,-0.4806938106215932,-0.3108407765710621,0.3174111787433789,0.0044096984186277055,-0.23980236977354563,0.22521160853939914,-0.746380091147143,-0.04250446327081736,0.9288835158254598,0.42721122887514085,-0.7934369967745432,0.31822180083012874,-0.5965891212009287,0.36602253462273326,-0.1745309182629211,0.14024937259522563,0.7647693006013583,-0.318345578081656,-0.5793813777066783,0.04758580236823917,-0.9175117597841087,-0.8032763186254617,-0.4504182090267699,0.7415963862886108,0.6290502307986503,0.6076569162770988,-0.6726650640319387,-0.1440594286781649,-0.41432577097432155,-0.1378348403406675,0.7315972863587168,0.7536487314154054,0.743009088747018,-0.26239950860122363,0.6109642855003463,-0.02429648961009545,0.9868464064545908,-0.36815464581449153,-0.3091475632696248,0.924472195026256,0.8191743828193416,-0.02198210432853931
0.6688454950665148,0.34528244126218377,-0.3719692687637761,0.5027418641135522,0.22719011409970613,0.9548556567837698,-0.4796445737937862,-0.11742635799483536,-0.41298965232550255,-0.1482790237703513,-0.6706265467601709,0.6282918274725908,0.15551263523070613,0.4163155908526204,0.6609219479607602,-0.9566395535047794,-0.18640798888393806,-0.7238204134270338,-0.9883728629563171,-0.17344855400034098,-0.7407722626522979,0.13496524719605807,-0.3460179212230816,0.06766375793232449,-0.33239431889730287,-0.7802857735306841,0.6368468652988646,-0.8915267606620787,-0.15659715584046174,-0.7472533173755733,-0.10537985152280283,-0.16421875788328166,-0.01561997563655515,0.19455408967521493,-0.5371699073956151,-0.36084662821660407,-0.9564301876144268,-0.11830068254013693,0.5552523317264149,-0.4851987408874212,0.7546714286400509,0.7329454889667486,-0.8541015516073942,0.15105605289708124,-0.39767644648125433,0.7373530534294332,0.3134863431937698,0.8020686954911107,-0.6279070802428683,0.5748441993576823,-0.41458517472476397,-0.01314460543589191,0.10020773088881363,0.7140615238185724,0.8698362835437286,0.3984695176501596,0.45984425692306763,-0.9874952541757451,0.8214156381024258,0.9449314846507701,0.44607911359127894,-0.07271789225981329,0.7544412484309126,-0.2528393847313912,0.7280378717147169,-0.4173865661306011,0.31087850111632864,-0.08208906614441647,-0.5927764143023158,0.2994601221526283,0.05939956208995523,-0.8127855316906432,-0.09443289703874935,0.36126859248989684,0.8936684421262677,0.9700884066149187,-0.7119634483133068,-0.5139690459807535,-0.11058524779814971,0.4622731787090142,-0.687879984178908,-0.8877994280090211,0.13477205781216584,0.4063203971047131,-0.366687714099418,0.4355354744572779,-0.21058497595432923,-0.19959791353438372,0.4596877164433453,-0.9764985681261995,-0.6057392745167594,0.26028034418388746,0.341804700205099,0.6974047252966815,0.5676466521551058,0.6160238611730937,-0.14732297956256213,-0.9913114143487254,-0.8652727754646612,-0.7233634161460274,0.5875506822085577,-0.6969026323099938,0.6434121124319485,0.6820230938346736,0.7826826257722872,0.440082828341261,0.035984714212684565,0.006759582729724878,-0.46315645983069875,-0.22460349176664995,-0.49374544958420374,0.9293793271433985,0.0862740904620325,-0.5908144713513368,0.5054761352019945,-0.15428078399426814,-0.09728228039003795,0.15251440377571668,-0.9541180737764148,0.5799671338425398,-0.667228774152625,0.9546266152164016,0.08051469333845396,-0.18905664237193287,0.4475633165250146,0.2762749058871561,0.39462372968860704,-0.2376188187490842,0.7036426415379071,0.280229980903542,-0.49361084987834714,0.8347090227311891,0.7813050811717797,0.7534161644575181,0.19878792961062164,-0.9519463246719353,0.9707433487545198,0.83445376782576,-0.4401365284881109,0.4303845738462124,-0.8960028571825531,0.7341739116280857,-0.7088573238022482,0.24326326503740514,0.5271955112690572,-0.8128365738973504,0.12785082951975535,-0.5697020534545121,-0.900163012372402,0.3061677510905769,0.7799978833588912,-0.9981711644314935,-0.783437596277565,-0.3363954083357228,-0.21699112490230155,-0.04961311303108018,0.5741663262192942,0.06119265728287693,0.38184623263145756,0.4169633782249955,-0.8799712577329075,0.7555501170275742,-0.566525728230795,0.04784532984716261,0.019142159478024556,0.27784466381865913,0.4565062483444493,-0.9285553651177698,-0.48943821135077825,-0.8637245586328042,-0.4363089492703105,-0.4561214857996958,-0.8722512372051039,-0.18866623364445467,0.7872496323134182,-0.32013907915580586,0.3742071570989023,0.6672756870116701,-0.6181356382006307,0.26861081502631534,-0.7939443547362022,0.03010318645426957,-0.5655170309944182,-0.3794114074396868,-0.36056243848407865,0.011371672897617202,-0.6058300131251995,0.24893080650510946,-0.9759554996623205,0.8443487942712884,0.03263924913699756,-0.3644776883507792,-0.43633552719088375,-0.7800202893159054,0.6815898688978217,-0.09839405791588351,-0.47547192817789785,-0.8175790315558524,0.8542828054457667,-0.9255964732949775
0.7771545121459613,0.5806196467861113,0.3141159132526439,-0.19040310535642924,0.2126186866628419,0.3878296994977375,0.2916760847461852,-0.5915881323258156,0.40345347080872496,-0.12813709537075724,-0.7865938191739674,0.031913786051318116,-0.22147555017034337,0.9619052380149533,0.034718185331910734,-0.15520973335470645,-0.829625091422346,0.1425724993649542,0.6532034848869517,-0.22923978509693255,-0.2875043067463865,0.47168631423721874,0.042632523208329554,0.327991175639722,-0.6803372738685727,-0.8686542290972115,0.7395702606690588,0.43883431435894327,0.7296750400674921,-0.3343210820906377,0.958081551437225,-0.5852412674587375,-0.6208173743548482,-0.28692585760915557,0.07823704282900446,0.1761249057617411,-0.15603596974687206,-0.12053671917931363,-0.7000976570631217,-0.2607649676961641,-0.27050793242670124,-0.5211691262217033,-0.5050697687491412,0.31226719309787443,0.5409274512690987,0.01835972313723655,-0.4354226714488514,-0.22420736551016973,0.31891630801597626,-0.8114713062625443,0.8108430769559258,0.40079816403951973,-0.3296978241271069,-0.913371293745401,0.3626388956643771,0.07885171196436769,-0.46463070915593896,-0.1493551816380474,0.09610601492043425,0.20950469179461817,-0.5839650183275273,0.6295745056118398,0.5527356297134423,-0.9870798565205201,0.5773862230098015,-0.3180552243514576,-0.6848194017864744,0.6514636197988077,-0.6424609798343504,0.5078995732106066,-0.14000499855686788,0.12035123722432584,0.29469798836080074,-0.4899074686071905,-0.8607352578942278,-0.25804935677340457,0.4773047225195226,-0.8775399898796303,-0.3601296078297209,0.7495756226458992,-0.2587666221948295,-0.4003515627016261,-0.7870093141752361,-0.5228936671552336,0.6075836054141595,-0.06576852771364994,-0.6191131630334723,0.83053240191421,0.0703417497291785,0.1286058116534008,-0.056197268887435925,0.7720021713087006,0.6847402156587354,0.277817136893868,0.5310514543749598,-0.5524794376556594,0.7300583528730957,0.6892222339945617,0.9002620947924289,0.5867162715660901,-0.0617145828026453,0.8397077135279098,0.9002528601239379,-0.7680927497018788,0.7576394641392743,0.0025253637505979754,-0.7195828956508723,-0.7434566662714772,0.46497552813189413,0.30494644498756984,0.8430834172656523,-0.6031609326437608,0.5604655236384142,-0.8770429639723878,-0.11482924360930902,-0.8341116287346653,-0.8536332838527867,0.6545606574648026,0.43265597309990955,-0.44268387346249405,-0.6130757734894265,0.3502713634113579,-0.02228036200096728,0.7768959504039659,0.9286239452932634,-0.30240248532802805,0.31729368095738386,0.6975325766451772,0.38347911331378115,-0.10592947921968099,-0.060697881967788136,0.5147825422740513,0.6684373159396597,0.5674064861508308,0.8065821145056662,0.8693511503980982,0.35571143894827073,0.16512843416477452,-0.05052649813389154,-0.24760357492022855,0.4195533634709401,-0.13099501505692301,0.5437614679151914,-0.19472824380300602,-0.0894820927572304,-0.4080087387458695,0.21451131417453273,0.4468588334509944,-0.24474466556288044,0.7093888109107123,-0.6104572670523516,0.5579573700728158,-0.9678444561739952,0.22998652925193164,-0.2667090125033389,-0.6770462403272224,0.6482401317302289,-0.4369021364304957,-0.7231806667683491,0.348928397593824,0.36430154312620266,-0.27094143336599097,0.560662648959354,0.24828599691824227,0.9143759413742654,-0.6354020666005593,0.6755771501100583,0.15891082698015557,0.5204781034346331,-0.5122455062855136,0.2475339130076828,-0.9734296134314733,-0.9574976062499618,0.38655889458229997,-0.043518488529892485,-0.5135066744486476,-0.899862307872429,-0.7719646791432064,-0.014316457680004557,0.2810795096567844,-0.7714212077466247,0.8157457999092959,-0.34249399547067494,0.4904432550385447,-0.8076345466992823,-0.8615143985008387,0.417678368520797,0.8190609090237624,-0.16188198314736257,-0.9385399892342186,-0.9346065948225513,-0.19734857456909038,0.12105009811849277,0.4355356128355101,0.33884928020319594,0.6893909792412274,0.8194701274672762,0.19574672662786097,0.7270340853379011,0.8370276965780659
-0.5933838155767761,-0.3627109931555037,0.01520019025197139,0.42746000300371634,-0.28368673485522566,0.7888617975899401,0.20024600903527512,-0.7844060915158984,0.14091005031644777,-0.056012666670465894,-0.8174206343561099,-0.49570178412789256,-0.5150680397406342,0.7924930261206709,0.010714544715392016,-0.1736647786952379,0.2671406028768213,0.7061275435035104,0.3575573389493585,-0.5198697028709496,-0.688467338339303,0.7531927854965392,-0.8167615094421619,0.9898290924684485,-0.01028964381406805,-0.7225818661259593,0.31479937445622896,-0.15343476288218572,-0.7074946049052451,0.0368953517375441,-0.379244113075057,0.07745209832597655,-0.47226073058975593,0.7779430537260268,0.8032834256655901,0.977002556929055,-0.0038800437776662644,-0.7429286198303364,-0.9947725528568374,0.6216880088207517,0.3784122002211172,0.46927488856466537,0.3156579455919599,-0.9584177651091763,-0.21775405609502174,-0.9007410096174375,-0.3916115810492682,0.49256593550727223,0.5798214825610521,-0.3607409136590889,0.17845654523503374,0.11895668157473427,-0.3241591411858298,-0.5830570187583342,-0.713518224723529,0.7548232691666721,-0.1987112171298493,0.3034048110681504,0.45926627601713,0.7582164949918488,0.3921479988916363,-0.6037050636358268,-0.5310564440448844,0.7972008797646846,0.6900314935364524,0.8191524776379826,-0.23722115757655082,0.4255367184076779,0.6652119889372863,-0.5984551487591339,-0.9742730544595546,0.8141490080686271,-0.8862711530568914,-0.9245674671332107,-0.895169503594587,0.6415107934950091,0.17728856555813755,-0.8680670029961415,-0.11326544700501673,-0.7720838825834031,-0.9928969918259642,0.8810248272079613,0.7072158131591928,0.06338900278771709,-0.9102902386562501,0.05345466202046256,0.9647944412880447,-0.538718069554533,0.3980406217551127,-0.4426419129301764,-0.3297941752708684,0.7615623316664268,0.20027334624526172,-0.6405789013953016,0.36588563100356386,0.24327507227055856,-0.539769738176928,0.8469248602168575,0.4125542375538511,0.2667144454044328,-0.165681877364255,-0.8229590767258184,0.5406288566810513,-0.2121837858797062,0.06757917875334596,0.2853944156279047,0.023689877821052807,0.6215489966027055,-0.7193389388167069,-0.7257892239931358,0.27037884934379686,0.03982561926215622,-0.30241975407228616,0.968284157890335,0.5220644708287503,-0.3938003364233704,-0.0822721288482926,0.394815146645795,-0.48713076458717075,-0.08400294412964326,-0.9925082345036427,-0.30503480268477556,0.43561548322868315,-0.8526997120155668,0.656417516815128,0.9957307590287467,-0.927328259058622,-0.30229694126724227,0.09696029047485655,-0.5758181113847618,0.5595098248374737,-0.5109862236921938,0.7240359129439731,-0.1346992180169424,0.8597371608436553,0.20932056677139688,0.23746774351355682,-0.4195681664536599,-0.720983682652347,0.1153991011460056,0.974870862436175,0.4939920799199451,-0.7201383610477154,-0.15561852445596291,-0.5344389606360971,0.9973964006929379,0.4668930748628728,-0.2880434893423496,-0.9424367434163674,0.45694655334719725,-0.18892790656843084,-0.028356471253323745,-0.04212758406878847,0.7335478827103019,0.018174223530882605,-0.04256753030227922,0.7394660398057393,-0.7494694343477184,0.0615407458348991,0.6209827357260971,-0.5665120272462512,0.8536738937525081,-0.135115600455598,0.05192921915727933,0.3296026686842475,-0.2849299158964338,-0.8244368176354511,0.3094807475285568,0.7581956651201371,0.564633602498178,-0.6770699551717902,0.8486368417966086,-0.6562048704605619,-0.6821693899620258,-0.1497715647182556,-0.1300373160264907,0.029446480137147235,0.3822597192954824,-0.9776138727385406,0.3984739733902598,-0.6105675332613847,0.28716272707405754,-0.8287494488119729,-0.2096529604567514,0.6340457249412632,-0.6619838448276922,0.10059387857879232,0.28164769116381394,0.3519566043017903,0.42825137880110264,0.9349119008957769,-0.9986484875708885,-0.417132145452795,0.16746408107634614,0.6168469834028347,0.13120115601212734,-0.7876550535026334,-0.3530823090464117,0.24497377092571826,-0.039455496298474335
-0.6954121525014325,-0.3545678559760528,0.20652323716798215,-0.007988849577577062,-0.40722836516890637,0.09808924553699216,-0.6240780515650668,0.11408739342328156,0.9191839954562793,0.06440217829699413,-0.36582444564512007,0.848555357343552,0.8369120316294205,0.8823807676891666,-0.4181823860883944,0.5464133834960572,-0.7812791035780071,0.8944490668283172,-0.2249368380060579,-0.03430811239129228,0.16542467755781098,0.14331433281259254,0.9067947689140561,-0.7218497605587351,0.9145322732479131,0.7259444646906792,0.734805127925898,-0.29816225466977975,-0.8143748859408022,0.06575367512406682,-0.8394423924641734,-0.7716984921468273,0.9539912239964286,0.05116424603060654,-0.9212443969237438,0.746074924640183,-0.27787803450423754,-0.9128262250965418,0.4367986411373177,-0.6327286621646546,-0.4604605794792498,0.4080120122223634,-0.638105921106741,0.8957883037210363,0.12235627822981243,0.7779872341644063,-0.3008384609304071,-0.07388892781111545,-0.9004210438361862,-0.5341709011411602,-0.9666793678113605,-0.7174082161538216,-0.6076461074051582,-0.7530176177371242,0.4621728044329363,-0.7001490244284958,0.26724018176187214,-0.8723842852749526,0.014351567498222195,0.6712263319725402,-0.9277421609549581,-0.4495259050888516,0.14324132731907513,0.9380783442103522,-0.19699965921688634,0.28625594974647073,-0.31074090079613237,0.9909271773868518,-0.675898116423757,0.7019641427551595,-0.1838513820658907,-0.578358772086504,-0.7618675435485256,0.12158693396564257,-0.23111644136684872,0.7728710180796343,-0.9727198364964273,0.904451183952016,0.27787730389186116,-0.9603740730819084,-0.7277969894947673,-0.47664153895532557,-0.6544778361216408,-0.23021057767855746,0.42117131387404405,-0.7222143521970159,0.4034980357427922,0.14843545036364048,-0.2730399185535608,-0.06085293076648268,0.5852100511607086,0.27011268270433475,0.9882846478355318,0.3945723743583627,-0.3467368856844584,0.7682591644211798,0.3807591064575566,0.6135192311108257,0.5252803456349588,-0.38984894169824935,0.892074162711878,0.9220621823901163,-0.26504281310302846,-0.18398650469944888,0.553945584719139,-0.007924389008996391,-0.9006006014293269,-0.23914117302372828,0.806436233117384,0.5779716552537475,-0.27622597447125274,-0.3921422324604986,0.8794885631304636,-0.5622603855373574,-0.3393872868336203,-0.8688330459492297,-0.23836555100505974,-0.14172524368281003,0.09794616662238709,0.07291836533933882,0.6454425218527478,-0.29212834049048353,0.7479968147592744,-0.6027467002532321,0.4950766544428602,-0.46466404934709504,-0.6034017088033423,-0.4066529190307211,0.4828186907790546,-0.5427182069219583,0.8795573998515169,-0.2936525694293659,0.094065233241021,-0.1420809532704792,-0.6799577496249081,-0.1670181627254934,-0.01095315492400073,-0.13164682718161647,-0.21672593310668486,-0.400572903192264,-0.37362032770607523,-0.6914850618049722,0.7213533619492563,0.6228080907571787,-0.054475465939662016,0.04904983149468212,-0.9908491533352188,0.015785081700863346,0.21789561645280853,-0.5125936246057139,0.5462791306349897,0.3008887530641733,0.5429070413735788,0.22016804756004604,-0.5631138733493208,0.658241490257202,-0.49635549931576795,-0.5122898985256625,0.950793515574935,-0.1387528628585213,0.19412596062583942,-0.32556703885614,0.07114391076078652,-0.2879378643068793,0.5263179350504237,0.5808911369085545,-0.3617454648061118,-0.8808532303396144,0.9890522170175755,-0.9362378180640831,-0.6502630780337504,-0.46172014771561276,-0.07303783051393986,0.46563271914022764,-0.9836188994178681,-0.08422872130462933,-0.4392718498078685,0.8355319497855245,0.5163165718839826,0.5169744818829152,0.13428911634800422,0.39388596217990757,-0.10632682998066367,0.8293566515789037,-0.019955278828956757,-0.716243016056175,0.9442191062910927,-0.37053544417558504,0.2698724387357976,0.8441717527115284,0.33390861196645827,0.9389875782374304,-0.9904256427036358,0.12445627041721519,-0.9428452988947089,-0.15657974574406053,-0.3298350042239637,0.9856135450477019,-0.7801226324685313,-0.9230969000371689
-0.7346894787381939,0.39440385454931515,-0.9902688667193449,0.9849143377467495,-0.9536807290027496,-0.6300171619739914,0.12465395173748228,-0.3766962407571417,-0.3131646331105258,0.7694367030967799,-0.7214616550675674,-0.07200956945680015,-0.4703534875545101,0.3675601733723961,0.3446712893925059,-0.5349192645495511,-0.552406165739942,-0.017058348351113084,0.7169449900453648,0.5168648858459552,-0.6238185900648034,0.5949744838707256,0.4497668729073947,-0.7988592667628032,-0.7155275309234768,0.31364071894575396,0.1522089098273589,-0.45045754322769205,0.737874525291768,-0.19778999152824706,-0.6306988465052952,-0.07856181536443474,-0.4716151632519494,0.1027213250716199,0.6809855502194762,-0.2393916561289029,-0.6336427061837264,0.33567585563579216,-0.777981002749492,-0.8977748822633538,-0.2730452493442568,-0.5531110982815965,-0.6151222951113104,0.4298247497811476,-0.29980532305595897,-0.41488877918986233,0.9091198605335804,-0.48091187131522983,0.513197964897586,0.9535982763912945,0.5963726580683664,0.6475943164357103,0.2516192656877885,0.16920063245520445,-0.35164213040818315,-0.8432150561118654,0.3311244234722417,0.8463190541332426,-0.31195993976597003,-0.2850417299171615,0.5115977627674211,-0.5601609395647382,-0.09248905333075497,-0.9374987345366732,0.5297375979703518,-0.7285750884725706,-0.6270460405377112,0.6904021219559542,-0.1685337356384471,-0.6004073135934662,-0.11547629162401285,-0.22945751107531276,0.995374990156904,-0.7192055605969419,-0.8262620915800223,-0.3650789733163218,-0.048744598410251916,0.9266454044458032,0.4382835883187306,0.5249929706676004,0.49432714531997113,0.5221010956973131,-0.4853437560354146,-0.7969927165836121,0.5065148834037028,-0.9425052923903545,-0.4849228631597897,-0.7629434241181017,0.9514136878182904,0.3100054478954588,-0.21549004078233613,-0.9717687876648391,0.242872505380352,-0.8815784689203436,0.14203986874284413,-0.8323274611904123,0.6645161573810481,-0.519002124366498,0.5801992244136684,-0.5302572559871204,0.2369329124348294,-0.3279457397785728,-0.8524927133943649,0.4894632621716233,0.8820498296516583,-0.3784706691565092,-0.9350277824360591,-0.34013972101951295,0.23109055789569077,0.18034600525875222,-0.714322657619636,0.6417779792106553,0.8287590694007221,0.4077976304825388,-0.16245398758779173,-0.5448719609275645,0.6076580300920935,0.8952856834716107,0.904536526807979,-0.569373916381642,0.563289243417259,0.6555693116098515,0.062031521197525086,0.11210686759043687,0.914539456940864,-0.3828470632123677,-0.3116873972086749,0.8715199543602989,0.31514138418066984,0.3004257850684766,-0.8856313803009739,-0.26140532481958423,0.6318203097923336,-0.19852427694529395,-0.26746444335284925,0.7180420261550231,-0.7104945249411905,-0.6485915365005539,0.44470358248869224,-0.7858660631430672,-0.489296598247966,-0.05723869261425918,0.5342173184616184,-0.11687316926424618,-0.06688347183457988,0.21275706007531103,-0.8721532507211103,0.43667108314090086,-0.41439080848589427,-0.951434273295299,-0.4295248593582097,-0.48247840711351486,0.7906002414983642,0.042674569053046785,0.41449591820125686,0.29379350392750814,-0.5025368118900264,0.7658648135518586,-0.2549756880846046,0.8307030170492145,-0.8308871405333484,-0.9237304972756508,0.3063478746377486,-0.686433707707041,0.9626447049566471,-0.0323820340090375,-0.7625953305035285,0.28503364484314697,-0.3586135057240778,-0.1839995362300073,0.3666398761353875,-0.7706154145490567,0.34629321003150393,-0.06460105471377608,-0.7469858916129641,0.8064999547937401,0.9198892167170647,0.6177957067524085,0.819403938232578,-0.5727410635764436,-0.6765526010210272,-0.7769145691118702,-0.14527857093133667,0.3706166835782483,-0.8332375475221983,-0.8928496132619044,0.006839461463269414,-0.5428239729986053,0.23710623615413584,-0.6865382030911711,0.18740787431515615,-0.5076287925679952,0.13440021723348772,-0.8489679725938106,-0.35547398861268786,-0.5643376159757765,-0.07898118443564384,0.5560280901796577,-0.7721833024490468,-0.9461899644287697
-0.7261819904315465,0.027689541614720703,-0.09755822289997496,-0.9980423533607883,0.2869386418464408,-0.30748580619033206,0.18971371263988446,0.23750084400903426,0.4579913330223433,-0.2536797841878422,-0.6070065042901085,-0.49140892514342016,-0.3644079558384652,-0.9792954354157373,0.9763836142060403,-0.9882432053844312,0.5522274620265057,-0.245432544612866,0.6138332265726187,-0.5119283711841507,-0.011265493110544256,0.2258356218668094,0.7741087110794624,0.48955219894844393,-0.3806428218193174,-0.30755977510664234,-0.8894195680305212,0.1888906704814488,0.0059978425467765994,-0.09482181428026504,-0.20679835904790633,-0.524520581236869,0.5582228161025655,-0.4555987714453218,0.20917395920859438,0.4376531807881452,-0.588569115502499,-0.18382610850268466,0.3795473942047092,0.35883997899272546,-0.40480511448631096,-0.8623851904799125,0.4219667572319712,-0.7076086962209105,0.5776153568024058,0.08340706683678345,-0.8074834638140573,-0.8489660488267867,-0.5128261472269222,0.09892110027418699,-0.7356750749586938,-0.654953687315122,-0.903063627014346,0.5006851153607974,-0.7997426205324476,-0.5108656245348264,-0.24940609842380246,-0.798899910666167,-0.3789912438439864,-0.7022054940026701,-0.8029198760536105,0.07083439316651119,0.09380981578020697,-0.2766758978948858,-0.527908188494852,-0.9369474385537471,0.10034650177109339,-0.6060262816378279,0.4624081563472353,0.7629676871338622,0.34423675219320615,0.045943753742552884,0.4473296520074481,0.2743497999172604,-0.5554727552036061,0.6821922214185832,-0.5248819509525444,0.130680571149838,0.33512882411809586,-0.8280925952119704,0.8768231079193018,-0.04223176851336441,-0.5089339801925519,-0.2392487734521529,-0.9747392763814833,0.49817235038102736,0.18502193251894172,-0.38748691010451264,-0.027816110426028606,-0.03571453416068482,-0.9076540463754275,-0.9537304736139152,-0.7411968994022533,-0.48604166956619377,0.43454276173894324,0.5610866554134204,0.9330471973700698,0.8266494722490754,-0.08649597891956717,-0.13259678719275914,-0.4620114928390293,-0.26963229669091837,0.5885540996131977,0.5889117070169856,0.3425837089588184,0.6758997381725331,-0.35871799134910765,-0.6393932816879215,-0.08244439949959892,0.058172648717677466,-0.8381460493095545,-0.7797416317142181,0.5621614245197297,0.5069497090653077,0.24443155921744397,0.5970950669434987,-0.3921356147258419,-0.4809165755698066,-0.27326274781948734,0.2110158424468478,-0.7164638099545946,-0.2091442295295427,-0.3231369347947046,0.645405175013597,0.20007963755822744,-0.09296094733795379,-0.002967401173005424,-0.5273452484728278,-0.10770553746280753,0.3687106640768214,-0.767341961143932,0.5104974757988696,0.0020516440343250064,-0.16945262625688984,-0.717267187737564,-0.148685898773109,0.16930862299167204,-0.19841599305642021,-0.7310559788020667,-0.19654998533558254,0.658362289990228,0.8473332192951633,-0.11876136744167232,-0.5624826261407789,-0.9494811837039101,-0.2730871663329173,-0.5850535413806679,-0.8031088382661764,0.08894121417503564,0.7041450668089524,-0.04434526342988443,-0.4270089593058186,0.985505983926926,-0.6682534705186096,-0.7204202828196378,0.37478115640993037,0.8552586543170819,0.5228496336246173,-0.4226204653498997,-0.238438487627882,-0.8623049214195324,-0.40576125998111245,-0.21803538671513878,-0.23747351503508174,-0.011521854635135664,-0.5904129486155327,-0.5631753057115008,-0.406286270150124,0.3599534796245394,-0.8567632465729713,-0.08584239458894816,0.5582705750578987,0.36839561608717264,-0.6517684217362187,0.3418846443633152,-0.25081348142670357,-0.4089568181133465,-0.5464715642825568,0.20193097586605124,0.9806999494413176,0.4742439303025334,-0.5855821089867486,0.8461636217781632,-0.4761362451434463,-0.9455736899119778,-0.49949614125045927,-0.37361254726189874,0.07729566062923343,0.13075316529719783,0.18631047771146614,0.8047881198381819,0.8539453152097385,-0.5670987758427195,0.1024129622985821,0.558819397707152,-0.5373467951567485,-0.9433863717570314,0.08256739705636074,-0.027157296494969563,0.2067027825196699
0.2813929204320511,-0.1968708823779748,-0.545973648278486,0.6858785909229208,0.531015669472745,0.15330627524151774,-0.6377500333365804,0.9041772059346265,0.5589287125311313,0.41389374416815095,0.8960800408401954,-0.7727703949612286,0.28769815217952655,-0.03489148713585477,-0.8846978190049266,-0.3403388917697949,-0.5538915950036116,-0.8711721443581433,0.8156856784853699,-0.9002408478093094,0.48565359319212087,0.3711824885778716,0.15801884374302344,-0.8360879787323461,-0.09667476757855908,-0.7434350473647866,-0.6862436193113655,-0.040371520458501564,0.037187772878699565,-0.9591554986312225,0.07294711640794138,-0.10729994332010606,0.16677787561232926,0.9778028569519557,-0.19904289168114042,-0.8931433730128064,0.6547667157718311,-0.33066837970696117,-0.10360082200437382,0.22564395858493924,0.5801173126177663,0.4543578255271874,0.31233777481383584,0.6652615156255828,-0.045871378564983356,-0.43028106418795464,0.22860083652728336,0.24856425226133227,-0.8862395537536767,-0.6775401543101895,0.7364975979152599,-0.7870888785968346,-0.7515223605874353,-0.44168130239419257,0.7073346139374221,0.5810548713170236,0.9756895067916649,-0.2881077003958268,0.47553873203576824,0.10578388899283175,0.06907431278988097,-0.7959890366360414,0.8809716238287961,0.9358011932583623,-0.13466288034663387,-0.014967974852631905,0.2636851191638212,0.36942270180815373,0.9151376167723142,0.4131317334381204,-0.18723543194576275,-0.5134920314742195,0.9863068522205147,-0.5997674788670164,-0.8117632393812693,0.19275536330041798,0.9621396505100139,-0.2669532920002484,-0.29520180152905984,0.6359521922172378,0.48969283501407546,0.5065889420273562,-0.793288507781142,0.19336697913837853,0.2176048518794882,-0.5641627984046407,0.827711903461124,0.014233143195965692,-0.8226400826281499,0.6783604009693409,-0.57748169413871,0.70589120223733,0.42105468496646625,0.29654050738754845,0.7741189090199383,-0.8928960652356766,0.06080254879638236,0.8955190802617319,0.39539878140928053,-0.7723427003084153,-0.5856370234042119,0.6465963723207719,-0.0008178341856639459,-0.1479635090960838,-0.012496749340608515,-0.6229497373797803,0.3665355845631262,-0.656518919543635,-0.22196505633289543,0.604951455945814,0.3821062325607232,-0.15681660293157096,-0.758931326831424,0.6751571333717841,-0.846236519959473,0.22784046621595055,0.05376680686209978,-0.4644782456994698,-0.9267380721224403,0.6957694447846559,-0.37905541525412945,0.20410258821835825,-0.8874353432257085,-0.047556747905084906,-0.6733156055006893,-0.2854857035020728,-0.40829292876166834,0.031777050741388146,-0.3341834470104852,-0.5501850941517001,0.3896891835495526,0.8076107348156851,0.6406577954824979,-0.5311599719512095,0.1954039024869989,0.17199318927762963,0.5170088236162815,-0.7526752925940068,-0.036341818412968685,-0.443096682441376,0.4650357547078616,0.20751328218158438,-0.6917456962838782,0.8215521025979018,0.5543914282481979,0.7839522710744402,-0.7883172118969954,0.6174439530421654,-0.8605203057285122,0.20039777011519488,0.47953333235168616,-0.35465747777146905,0.761169223162047,-0.8664622660078067,0.47810794179205174,0.9629096672419983,0.8973602031390742,-0.491878422616848,-0.012937950079943139,-0.1580563202793852,-0.6409917040973361,0.8701166377409351,0.6378009722115847,0.9829154190748506,0.41333683115049613,-0.18836786134394878,-0.9253546875489611,0.3924270054996013,-0.20967006335748795,0.14289664623490173,-0.47775969865907,-0.48358400020498227,0.649629208563405,0.4466557766878658,0.10971744733585598,-0.3633219415880118,-0.8123679561324229,-0.22077640566784074,0.5519617356765458,0.2062154895419095,-0.9826460794395762,0.543624934568699,-0.05941327515518968,-0.20011436162417495,0.3229550531041381,-0.3246501866702727,0.9158663246298191,-0.9077170841304634,0.17428656561149647,0.39152703675034384,-0.3882923072224489,0.7638585684934247,0.15858969894616792,-0.07037219203097589,0.25927550014205414,0.8293328989949791,-0.9357791012167433,0.9705429784843074,0.22255791135656344,0.732487308619052
0.40523640971796415,-0.07819549018956495,0.27210232282280633,0.7840706287053596,-0.3427559189371696,0.8914160990779798,0.8514585657857008,-0.16292590796261908,0.01644454992371669,-0.8669148850836634,-0.5876084980995562,0.9259822014227517,-0.059062925098695374,0.8686110888241578,-0.09435747520949178,-0.043561895304760734,-0.7278291267004031,-0.04235640679504993,-0.5472741766778764,-0.41253148057131517,-0.977589671219182,0.8397632715144707,-0.3887401799469574,0.3009124870844311,0.29267864183688164,0.4699505694357151,0.8901928554530862,-0.8118847655006434,0.23345875032559849,0.7591180919395779,0.6789717930830133,-0.5409317491835595,0.6187561759551004,-0.17641060540513176,0.8247254378442994,-0.6303450057876163,-0.5306230420786218,-0.37465749221233824,0.8035748305084709,-0.8117108957236994,0.08855627625998896,0.2976270286873379,-0.3799922274024894,-0.46308904635614323,-0.4069382285955663,0.9440480105988218,0.7452303149254116,-0.45849768586007755,0.3388041255660317,0.3363064234080513,-0.685316164893996,-0.44097882144673584,0.6170196806905275,0.5078754181840375,-0.985354264114698,0.20184594851211202,-0.12156350297700258,-0.2979254320032638,0.7888911804255829,-0.8182773274479014,0.33661532008407424,0.02950768807227422,0.31474001802691265,0.9597494503313755,-0.16694313303093034,-0.4520711301555578,0.22537719909409581,0.15191626973460837,-0.7938996954421804,-0.01001440954874444,-0.6151889768094247,0.07830340594114715,0.41336254872312583,0.794509741552478,-0.06508380116624535,-0.3601620150946667,0.6616360490960997,-0.7315297380077552,0.677541409802257,0.9802365614971325,0.36875439634081264,0.2471783765525004,0.01714174314287953,0.6493037220699103,-0.22891299635055806,-0.847813417503279,0.8036357733876873,0.5598030547886956,-0.9456772708445154,-0.6007319939388924,-0.2333382916521285,0.23300579588365244,-0.6375228054918509,0.15581440320063078,0.980153146020001,-0.9295347089443609,0.9136204596534299,-0.516276143785046,-0.235537890924141,-0.23679065059449944,0.16617203748174103,0.8730828910913757,-0.15314692854958212,-0.6534618768786233,-0.6642380867921205,-0.30605178723145077,-0.5365743855050287,-0.23255327204956822,0.13736227527332812,-0.8142696792667459,-0.8691500034166499,0.6454402736092502,0.5648710989131733,-0.6162508337374064,0.3536145838535216,0.6715492996739063,0.5860990767254726,0.5668832927046932,-0.3889124970612443,-0.43911462048135697,0.2618522026935479,-0.7024074302009329,-0.9955987873889998,-0.15072028825659234,-0.6446506602706419,0.48935967963666704,-0.4596821902675703,-0.6173690974478163,0.6119068458662624,0.34909164186406616,0.07759591347736006,-0.5398556746203904,-0.5237400344408414,-0.5826260973119763,-0.25814597155857677,0.8781417005817029,0.4751552719892582,-0.23750212138623028,0.8050597401305144,-0.4911963681630085,-0.9254350139538894,-0.13068451321056362,0.6167458945806521,0.6238707644934969,-0.6485442625838698,-0.5018212686857821,0.12403999532155763,-0.2325619318518548,0.24044433153740297,-0.7328984356748303,-0.340461129791656,-0.9583528868888798,-0.4620228677361844,-0.3199483629883455,0.6657276901857385,0.15523546728445314,-0.3052077567117035,0.9481624328958731,0.7051295125401373,0.26720315074056544,0.8718935627201463,0.6139213088372799,0.9773923959317445,0.21755721080272483,0.7582758811936305,0.8423264992178114,0.6870559995108136,0.7312576175966372,-0.5025226537984875,-0.14615999450283357,0.808614307717221,0.7472490215326224,-0.15610113317699392,-0.34648167774782657,-0.3545681297639056,-0.8077477389647536,0.72377417192346,-0.1902847986200853,-0.9103968551961443,-0.08418635838328603,0.6051355235196338,0.04606736006452361,-0.9909395569915238,0.5240442394005933,0.5963394133553346,-0.319554086417426,-0.7272515214908308,0.01731748803764499,-0.08934145849546016,0.8691229265149187,0.9719101978063871,0.4791437794227278,0.22104122705841367,-0.19606969256755713,-0.24541736369811296,0.9257429604774456,-0.14060103222766718,0.17808570770761212,0.22258106737421057,-0.4835717907997199
-0.9671977697523981,0.4015924350394564,-0.08484784215271368,0.7067050763239975,0.2849555465914162,0.7443651685608978,0.7330737390386317,-0.13353945934411793,-0.897019489332981,0.692558664990399,0.24245095909110792,0.8163700115984003,-0.8384128507030477,0.9267479145335782,-0.5702143937584638,0.04719894022807414,0.5922354601531892,0.9021826046083008,0.8646843425233586,-0.10393823530332713,-0.32655530583576886,-0.039131092589061334,-0.28300682576252045,-0.1357297639862356,-0.3484152555458022,0.3052384754822626,-0.8468528309044312,0.4559426531967994,-0.15524500692363397,-0.9599943952824925,-0.8081561567729796,-0.01721042898019598,-0.4149376562124574,0.12595024536279453,0.4464090121252924,-0.6385960250435743,-0.4318268046633267,-0.585025653695215,0.9311019386043751,0.22139252554762123,0.2793224898484754,-0.1301253352242162,0.03424582373598528,-0.9627069103279202,0.9528098105220981,0.8527033668494051,-0.3515897280056959,0.8186621817445581,0.2914260228741723,0.5630796761655918,-0.1829430184234362,0.41481899584254833,0.5819756231962394,-0.5413477050591626,-0.3136886311938365,-0.9088777134461044,0.6496480213393727,0.49877990635038705,-0.47141298798857556,-0.6441046477048877,0.12198015205016,-0.8557980139310828,0.6628775552363382,0.07411878686886086,-0.6643627300931714,-0.3377338081369208,-0.10859478824776958,-0.39867456318488736,-0.9334149532841973,-0.7398938636416434,-0.8886059376547093,0.7244086814297568,0.7185301965581992,0.07783458119222697,0.7425865785140597,0.9979839100018493,-0.14433485650169597,-0.6551406717960553,-0.24721585401081492,0.6618429169186129,0.02832448471659954,0.5791710327766066,0.2583700181733384,0.5211822950225495,-0.5012636852666468,0.29365006517651815,0.14594047135850485,0.5174818597533557,-0.18559220642668905,0.11857534748572673,-0.8964586604956808,-0.2292747766396055,-0.35384745132701223,-0.2984120812902644,-0.9621093314872622,0.6797969651904721,-0.956528667065792,-0.8410672418750245,0.5282543918684446,-0.12145010308516802,0.15621120299953972,0.2021643569091487,-0.8318816726380882,0.6130250187276287,0.29704429519766906,-0.9969324207441208,-0.41210824783592837,0.8413213566499216,0.71930876923909,-0.7051405175544139,0.736453576441142,0.41622608139702,-0.08066708817663581,0.04836172425818197,0.5179733704752942,-0.902454690761364,-0.5675302239166014,-0.3449041930592971,-0.7066380224882738,0.8907089560375068,0.4947158459195795,-0.5687361023764397,-0.3919108259677466,-0.43748217506282283,0.25773605101009367,-0.48367004986157514,0.017340075684830758,0.19549878504156992,0.494416858833276,0.43746164805598786,-0.5347416981316866,0.07443392383961811,0.34853047077363675,-0.698921573219057,-0.555299365955833,-0.12051114917356487,-0.15664213763509305,-0.04644442030691498,0.6844243666944594,0.804352716323989,-0.10301359172470392,-0.5603183084994783,-0.7519362436844588,-0.1069987967393824,-0.4401191343905484,-0.2853439083548772,-0.07689836790946214,-0.1439847175321083,0.3504040898900691,0.7803843786702285,-0.22375164560969196,0.8864019124569491,-0.11100762280549459,-0.3736765578892767,-0.917719699301716,0.2285064146180278,0.818979524884641,0.8296602351438203,0.21090703440286118,0.627434648512273,-0.47006777251427434,-0.008409470823578902,0.5467665025396669,-0.2513324377942723,-0.4547700034955393,-0.426291351764452,-0.5211459854103775,-0.4294805550677956,0.004870812786551326,-0.3314354250082774,0.17486632397981872,0.6968832938411564,-0.1077497489764605,-0.08060840089304033,-0.49250017288062575,0.6516544948400991,-0.9450072651758334,0.5064748493434215,-0.519947730359462,-0.22141320309443868,-0.16021685961525667,-0.04936040518592977,-0.9499556233713267,0.7442386470779425,-0.9549452221647265,0.7331527692082296,-0.15749914247921293,-0.29061703263942773,-0.3837492377046823,-0.10969568266373475,-0.6005575016431872,-0.8234662402267554,-0.3658198899867966,-0.05763090004726168,-0.5846056990066069,0.5539114506238836,-0.8812100496591588,0.17672111180706085,0.5775327091264457,0.28669945474903535
-0.9069774065766429,0.702211607661295,0.4769496624692846,0.592617502943295,-0.254798689508021,-0.28586331418197575,0.012481274456011215,-0.5156636872162641,-0.41899052676034754,-0.47321688617162017,-0.5116676758925061,0.9663819068460187,0.6009804060091404,0.3093882599059503,-0.1546671336076113,-0.5079963901347451,0.9076622006340829,0.8275761932177066,0.7298383813624678,-0.7397326388733598,-0.1767643328035282,0.9677066658719131,0.26259564881828856,0.8308432238616144,0.34221376125055025,-0.9730424752578,0.9159558122876161,-0.4795432021258019,-0.9421936891158345,0.9990795041713099,0.4737250220579112,-0.8597208401571215,0.4712245649921125,0.6298655019352573,0.16982862337827642,0.5069286475431152,-0.2766537692476536,-0.15716953459685112,-0.8426711618899252,0.37886975356017416,0.19570819291270092,0.13539325582339412,0.47119655309769826,0.6670961426847899,0.9872368735127119,-0.8264727212843512,-0.7963953661494363,0.7734629261237616,0.004764843211120695,0.49775153341385137,-0.1043559791511981,0.8582980375987561,-0.19641395767949188,-0.8469984335905469,0.4603324727179505,-0.05923233257714977,-0.14989955837552538,-0.8139811827134087,0.28567240780763004,0.29581955683771777,0.022243462307166784,0.33785915374845144,-0.43867172717232705,-0.07688345412794284,0.16710074859274537,-0.20020942879893378,0.30179701534657766,0.5639468257709419,-0.23320018429219602,0.7708762757072034,0.4163395853953078,-0.9683545717541266,-0.2542721076009453,-0.733665535317956,-0.19176786626736164,0.955901527410729,0.17233379743884858,-0.9664482693857841,0.28380773393547787,-0.8644011873569135,0.4366581315408835,0.4027672742705115,0.3833108578854405,-0.9927822093666345,-0.6390386883280943,0.4087433693697424,-0.007240810650392504,0.8165362817909216,0.7107308062516016,-0.3689085203671534,0.6763518077310724,0.36081821086956767,0.24628346465572593,-0.15533794202305118,0.8292515450055309,-0.8658293298873776,-0.890409702739815,-0.8655345705705666,0.7513411952292832,0.06386824531182311,-0.24780712973726526,-0.38334601395497514,-0.3849433444281336,0.735229719335377,-0.5735719419753063,0.1815615570248439,-0.8194226435820693,-0.0924340973312805,0.4812990650585698,-0.3208316092541872,-0.4776996902345543,-0.4015354385265113,-0.39510886628011166,-0.7435954510768839,-0.6240448008877879,0.21141526494109053,-0.4359480276240171,-0.9666259746250059,0.7943828515157774,0.7475226323634041,-0.6670330924343482,0.4440140608836731,0.5661820993505167,-0.03829832903832653,-0.5486793542161181,-0.2853024305088492,-0.8358265528489568,0.8315533660012309,0.36391719728233407,0.5095643827229963,-0.18742548803061565,-0.3798124056209451,0.7341281602461269,-0.00619884611567878,-0.39510732746851396,-0.592426045385412,0.9387490332656467,0.8373464996586573,-0.8472902699488025,0.3486320106372012,-0.982674641290989,-0.2893170041722548,-0.2522239059866165,-0.46492850928452634,0.8893527831210921,-0.16318378191521732,-0.3634405801518006,0.6294295203467428,-0.3014764307433757,0.9017325285375231,0.8713299859647183,0.5516403993660859,-0.2706401849136435,-0.6644249306057921,-0.7621452437496283,0.10075468722458791,-0.34426329517771026,0.7536487076076537,0.6134623232465493,-0.884228306876929,0.15467270497254226,-0.3928228809553116,0.7723854136082029,0.5873062904695556,-0.8480475408334476,-0.6583817307483317,0.9959182225763881,0.9584122356043474,-0.3394158428757499,0.6153021383111064,0.6790064258441169,0.9460025707684585,-0.7787958327414126,-0.07856891534981392,0.515796789837385,-0.6443709550033185,0.0760738731255235,0.8849280901821639,-0.8057982387006781,-0.5593215031765555,0.06498695555634204,0.909187817155416,-0.8166002847592289,0.7830572086047645,0.5308587408222603,0.4646791824025982,0.9855050622832475,0.9210346718560085,-0.8699386891853178,-0.48359812995569973,-0.22964103238167488,-0.4817685763964763,0.4071548522517128,0.9640592011277413,-0.6539012147224437,0.8294557952431767,-0.794407312733868,0.21653233284207518,-0.2600491408372927,-0.07337943100090616
0.6823681927049561,0.9561498278845688,0.6939833469990211,0.6808329759184879,0.4710110563597223,-0.7967902992160787,-0.8733715636281607,-0.371210393984055,-0.055636198750097954,-0.6136160895944831,-0.8186441810407306,-0.8256879404824535,0.44745815398659405,-0.8237578541540826,-0.5010828363322102,-0.33531969960549746,0.28222664231596073,-0.2751135796937765,0.6979497679170046,0.904539809566316,-0.3585444506487696,-0.9220171095459266,-0.8822278855969408,-0.3853763297672188,-0.9794745229217374,-0.11809784870112061,-0.8240982044977154,0.4244200751156846,0.7874066687740777,0.2332778125974,0.7759987524211711,-0.18546580731030482,0.22782275898798665,-0.3938416590743694,0.5361077832112027,-0.36046665226491537,-0.18644553808238618,0.6788204119789663,-0.13568217698662188,0.4986247390541445,-0.3891464423308326,0.975906653498787,-0.392848340873728,0.5661709093803429,0.48396494945516366,-0.6324758738631626,0.1820243909698802,-0.7172818570344204,0.8775191249530703,0.7153739915019199,0.19590224723369887,-0.31751359771637766,-0.8898472127768988,-0.3864279436404121,-0.8359318236271203,0.23624729987026738,0.4674851418091568,-0.7940424230261471,-0.16129797739239105,-0.7907169026476437,0.38954925161917564,-0.2351094635992892,0.28143300683104067,0.38004344129352985,-0.8134331104566253,-0.8822531417731712,0.5075107945231834,0.6804044224295382,0.4046401191757645,0.05287259275389067,-0.7351705110067532,0.32830760255543456,-0.7320047646751731,0.48010683243718577,-0.1910043129988428,-0.7172092882185692,0.6484536752620012,0.8501104433230433,-0.6961100744155932,-0.8325626457807473,0.6211044266703925,-0.28832070636942,0.27607319358152793,-0.6590015642287808,0.5643278715167765,0.6713162454706907,0.13696150152529407,-0.23708292909557427,-0.7079787994850131,0.05815626969267029,0.26285438643381087,-0.006861305640113224,0.5992619087159441,0.4168328357689126,0.49151062971178017,-0.9777551390936572,0.1374061290978572,-0.7216953834586037,0.5993059372029428,0.2667048114908299,0.8739651135680646,0.2671018444254256,-0.015446765281166952,0.5201267321805538,0.10253643434192639,-0.08826987372105854,0.40691837968284994,-0.6841987051700464,-0.938988923331701,0.920326212724871,0.32201633547697317,0.8257379955840882,-0.46533726813112564,-0.32079937136643255,-0.01330845452821161,-0.7423642388867047,0.6101229368355063,0.11300220285476192,0.8785512167527769,-0.7105038969209758,-0.30070368813913606,-0.40951683618609436,-0.6274673506473367,0.4344368101865357,-0.910608182382842,0.3537828325606791,0.02343930132067218,0.8510108858770391,0.2850386950830821,0.41299408569555984,-0.7051602912913635,0.2635044298727087,0.03201687931170549,-0.9681288032827733,-0.2397933148753968,-0.4239277459320714,-0.9426401678695902,0.5825898339644493,0.6635070619274506,-0.4757051913023931,-0.16298193062580157,-0.28277565766575385,-0.3991281854151356,-0.04578782225415101,-0.09768962927729885,0.6092872530093696,0.3851801004965638,0.2139743561452474,-0.31786923048409754,0.4360342112119766,-0.9534124395672137,0.7412493241344627,0.2691286430161661,0.944104712138728,0.16884730018763916,-0.3390359664611282,-0.21571485753451625,0.3756213971910667,-0.591524570654673,-0.8124632850202911,-0.22214248285846572,0.2540099746137503,-0.2911617244569187,0.6105182786961976,-0.5588848365124566,0.11772800225223534,0.06168625516681536,0.8534921334751011,-0.11440498042098834,0.7601469364898943,-0.3048105474476821,0.3945139196892995,0.8226452019310895,0.22668484782338605,0.6591758465417472,-0.8518622188865606,-0.22129434855279495,0.9179631777475299,-0.16661906768151646,-0.7440461086474497,0.8549565991469037,0.6866917847332088,-0.9539397972118724,-0.8236315400557197,-0.8046261698102299,0.45383199852907885,-0.6129406607745205,-0.23561887429473538,0.8442098241961329,-0.03601119174498546,0.17824341769656837,0.33081829180175415,-0.10556696500553508,0.7644141775316222,0.5073306795569936,0.2307973655376403,-0.5713618917921226,-0.9666473536593543,-0.3414580505899609,0.519855971947774
0.46055256212280593,0.7136757820066517,0.042110794586888156,0.5952778457154098,0.530593265930595,0.4597053117437939,0.12023897720111054,0.9014768409469442,0.13907562628162307,-0.3839205790546858,0.1782426642074868,0.5069712120597845,-0.4807690313517834,0.6177581632637645,0.46215398680835396,0.9140663498891481,-0.533283124750473,-0.11900047766945065,0.12158850192082649,0.17704791364680283,0.7654099329259356,0.9146255364331088,-0.18232122847091992,-0.5698942744790805,-0.887409093676903,0.12879886226923976,0.4574257019320529,-0.7478108457102184,0.4603074400699614,-0.013151213410101503,0.6156567865102467,-0.4883049895684204,0.021065797792958918,0.03413573509472756,0.6293849889455658,0.05744106692395601,0.5404454382340835,0.6694263040971,-0.33654266029599555,0.3775331178431143,-0.7015005559772078,0.7818378085911126,-0.26488007941397496,0.3270656159410039,0.3248555441915413,0.32709940054373887,0.7452752126143283,-0.68229944220875,0.8124664301387909,0.43380829001249865,0.8021402955295205,0.5202731156936544,-0.7784338812985669,-0.5633324212690829,-0.5090613160503417,-0.5806628459433554,-0.12642081233445168,0.019906483802783814,-0.31430389840760964,0.070355664603309,-0.40394789455073554,0.8842434560031165,-0.1551893877244226,0.813295832417968,0.2782772108198561,0.004763648189188396,0.22162368817761635,-0.20155267002371136,-0.35210445818736913,0.10332812694923388,-0.04073999861529454,-0.4623983542015251,-0.4385471556405409,-0.34909242643489113,0.14968293122863585,-0.33055409570695016,-0.8413011695287973,-0.2851715738150722,-0.5986677843159298,0.8752565604087099,-0.3552455619391337,-0.3107741522240779,0.5745832131671795,-0.3404939383313019,0.2570164674317943,0.8475315496764535,0.4000404420890282,-0.02291057594808965,0.0748980895956981,-0.08529199711430135,-0.4471317963751318,0.9339359653864983,-0.8712599768377232,0.27222702340979255,0.9414649535203479,-0.22845657640838302,0.7746451643520624,0.8570893132163626,-0.14291528696175226,-0.35353891908209123,-0.7593993270541659,0.49638379591574844,-0.7643674047304849,0.23419199315933326,-0.013960459464776864,-0.48565622665516783,-0.5519605089989184,0.22625709185390397,-0.28881457765206164,-0.3634129006871363,0.5350062751500373,0.5572994595963672,-0.1283394200998471,0.7734411673485093,0.22275467817936168,-0.11880057261305432,0.1977035168821799,-0.5248343060111211,0.44525140535736485,0.827029910816907,-0.9003592496257347,0.9108267159245147,-0.29807517325285127,0.00863362577820559,-0.6326290657963523,0.6701404766776751,-0.20799483680302844,-0.6166574830245435,-0.9247217016538758,0.5172018667520306,-0.34543796516050107,-0.04920003336358558,0.2786028110270764,-0.654896096557904,-0.43843628250683087,-0.7474946003507745,-0.43847130597644246,0.08290035712540589,0.4902150961006655,-0.3893806968287621,0.32563702166382047,-0.6652140247881808,-0.2368591962723463,0.10659442914753958,0.13545123679085846,0.039800029490772326,-0.49192046469608064,0.3098136588060534,-0.9013705856365322,-0.8343746691276972,0.26753674260146454,0.012301563781921487,-0.932827870926346,-0.9837866754288394,-0.592037451318874,0.8199786737563028,0.10709755130124177,-0.8560210639461079,0.708664496744333,0.7409340026851527,-0.12273285168780368,-0.5159783605526693,0.58912104191101,0.05396712421077354,-0.19950974007301703,0.49374163874939647,-0.7913462530293482,-0.3081588845506906,-0.47757061909786436,-0.16634226023031506,-0.9684549667678728,-0.5099031986926414,-0.6915178762004341,-0.21409812508668158,0.23010851279692246,-0.12516313069230733,0.7115841249722761,0.862789969857612,0.649390816547917,-0.19419882248353892,0.4010302891997415,-0.008454782723888554,-0.9038443620633125,-0.33448410407622475,-0.5875797212855858,0.8503576322907795,0.7051320492224147,-0.4021749403469135,0.14677116368661092,-0.7858289390906574,0.38174788882072264,0.4211946953939736,0.6420233097891268,-0.3019516705160139,-0.11110502870550953,0.25307474919388806,0.36560073723739195,0.6060391292171408,-0.27113847825135284,-0.9148525123192
0.9622303558214202,0.7589578610843566,0.8985031449409842,0.9396999526170242,0.445309726686282,0.699582990775522,0.2980159348015621,0.3127185734735125,0.11416560777873008,0.721790731245431,0.347155235664955,-0.09202251821482044,0.7495037215951919,0.0980450829678734,-0.821318374362799,-0.6825702579874195,-0.6352139947297426,-0.4803567794331296,0.884786078443228,-0.2584389835944034,-0.04461497602838693,0.02399699787787979,-0.4228572733940439,-0.20915199812460417,-0.10837794004114487,0.21902061666192885,0.6643910560365891,0.6623790335729367,0.6602720073371213,-0.8356278439416924,0.5625532104627877,0.1251530900145672,0.13903598395226013,-0.7998901813156922,0.009744868646175853,-0.08783034260162004,-0.25071140571943995,-0.8629566408220422,0.14517324682453525,0.3759847771724578,-0.40212933576140797,0.5869308904829464,0.20803063781190723,-0.6695772805951057,-0.5879826743575287,-0.79937949136728,0.8353057246743534,0.23982501836862657,-0.644313968419828,0.5186709265852547,0.5199079102953847,0.03469849796032198,0.2881855716756596,0.32592717662996806,-0.04826253247092227,-0.1200504087665486,-0.13125386311851517,-0.2415293040851958,-0.36152142908649276,0.7957808976873815,-0.03718240531173289,-0.27671050539398734,-0.39401524178260283,0.2255141178268787,0.29728434672641013,0.4167263539172237,0.2772940819761809,-0.3881647851667538,0.9679810220872618,-0.13618124221200567,-0.05849876020487099,-0.014741612943282911,-0.3274287602331727,-0.1789455443515915,0.12735459468843535,0.9014988711605074,0.4518479705255163,0.6601368573645143,-0.4687370245504121,0.2249830642133317,0.7951896198655393,-0.026246228740881117,0.8932179354050989,0.3878671860842551,-0.403083669168816,-0.7748933979008463,-0.5789818859108984,0.18748471831996527,-0.06675758771614193,0.98821869568457,0.32798032533733057,-0.780420331313173,0.8994932671342177,0.28689800578744906,-0.075312682168869,0.7176165018784431,0.5329995049198926,0.22912311495753013,-0.4743387216271173,0.32642464446658703,0.6372943951849794,0.31852640602610904,0.3884687801682891,-0.03248679438990543,-0.6541024393976091,0.8851685578418136,-0.06340315994733192,0.0009630372638473883,-0.19741826870199497,-0.7922752168290201,-0.31478240683133185,0.29631558010583836,0.46245771100938327,-0.024404014512589445,-0.8095386416687385,0.06793447328804425,0.7510724313363626,-0.251814879959926,-0.5720066484872328,0.3303826647113832,-0.6967027002902737,0.7214068344916007,0.07281335244653442,0.9334763791096103,-0.3009637809889363,-0.9646941001118743,0.5504939805589775,0.49975339445580547,0.5715127135510432,0.6733507267238263,-0.02803117414061207,0.19560930582004588,0.6657287402123082,-0.27574925231984193,0.0031702235001480616,0.30724222077107655,-0.19509610467685312,-0.6892320992437777,0.7958524660758457,0.06180609425026806,0.8181666621937067,0.2561396753828977,-0.7648844156161749,-0.6131665496446994,-0.6647114569196677,-0.5731900968899799,0.4721240796923796,0.5741973811735228,0.27616727802085417,-0.11192081865845704,-0.3988339749240446,-0.0699719622468653,-0.49675465523530304,0.6137275486126992,0.9941826012105255,-0.11082333872320471,0.43263456368470177,-0.49102914736370296,0.9581450595363981,0.338881933538127,-0.021720428461369012,0.6187149853503253,0.6410301431050058,-0.5088862035543706,-0.41830761545173,0.11194201334267051,0.4272888648411888,0.14381126076051043,0.9893879896661655,0.036403085483132314,-0.5664957985384209,0.8776601595193316,-0.25427338907294494,0.5331664443376951,-0.9258407783111751,-0.07704102955165082,-0.6180729924368396,0.6492912678167815,-0.7984541055665169,-0.8443338355404537,-0.30413078344204014,0.35560901509582665,0.31810697684263944,-0.9213726556602346,-0.7902796799193408,0.4994093333969396,0.8802344260099173,-0.07997616272004548,0.5811552501649522,-0.4605793569293015,-0.9331128673422158,0.08599205959552747,0.40145821269426407,-0.64380404436351,0.05800414551200084,-0.37236789345884236,-0.8042664170582823,0.8077307895367685,-0.6878084225976175,0.49852223393509565
-0.26966950925736355,0.6208445844142658,-0.5272985597762099,0.09935450212136554,0.582922308494844,0.1707543346914724,-0.10966075358086469,0.35371183231453096,-0.2941188216475492,-0.6041163833351924,-0.14312743415225992,0.9997143632196299,-0.2639711517216048,0.34761346572017104,-0.2879083200807726,0.05437632790723956,-0.18496154180950763,-0.02190047416399543,-0.0910908560739887,-0.7343211690488687,0.07666175386903795,-0.4598187390105366,-0.829250500097295,-0.5727376158463371,0.6016909084529571,0.6405456678043375,0.506563129929452,0.22418351482303955,-0.8511786867364504,-0.6208769523035238,0.20720203918360958,0.8215511419962398,-0.3802250599120782,-0.01500219650189738,-0.3804879937234422,0.22897300461994075,-0.13557347051518298,0.7021316688116206,0.8457681570204487,-0.372703530195593,0.4245349581821398,0.45435994219446507,-0.17190725443319343,0.5372510376599975,0.768877864816123,0.9013881041780722,-0.4639397484040253,0.926531017159621,-0.6079655780852784,0.5352878399812306,0.9467843158737497,0.33512114004796567,0.3283861883215544,0.8283459612172386,0.34708882452423295,-0.54334537976097,-0.2715894315514058,0.2577806478284732,0.6869618052953097,0.12143967768191044,-0.6932647170151487,0.6487241391120833,0.027332323403749914,0.9486188568145151,-0.314589736141641,0.8971670864770203,0.3387769075495086,-0.5254308298688122,0.4589195172619156,0.6195562420978764,0.8919515202107509,0.4150839861989579,0.5998386005805363,-0.7170190828091509,0.013159779667605953,0.5271746445162588,-0.21931956068926728,0.8779486653696591,-0.792627541892817,0.6204957384803262,0.34443828654918884,0.9138281374592194,0.5935277909378309,-0.667506008214372,-0.4722918178644333,0.31534964094148954,-0.35545733769629617,-0.6818666040136814,-0.24477842327045862,0.8465458021790597,0.17116173340725704,0.579436207442152,0.09310845386398969,0.6120575067169955,-0.7065065526529868,-0.3337066052852278,0.23739255763809153,-0.38773206778892244,0.9534914159510026,0.5175581770907818,-0.09699010902999317,-0.47178812877570175,0.25823098827672575,-0.24491521843204578,-0.2553969368328681,-0.5704597207775195,-0.25043063332973725,0.6379441070113416,-0.43967192938312594,0.8490686577023703,-0.7812491279725446,-0.8048885196850808,0.5449307961394272,0.06464695432383882,0.7000033969359747,0.810170362834379,-0.31478227547812376,-0.5723416599326354,0.842732778938792,-0.62483952177749,0.9327422383172854,0.37429889050315945,-0.711231037111004,-0.5878449298051467,0.6510589517365086,0.286936484871432,-0.7994654224810493,0.18622403169256097,-0.11088167373088997,0.902439351711825,-0.14232102762176035,-0.3981835278820549,-0.8005660096249307,0.5571886583836219,-0.4410833438939552,-0.006689832521980632,-0.8394576272342984,-0.2359963108485834,-0.7308418130008505,-0.9441974171084373,-0.8509983828509529,0.3237516957853368,-0.5123397827397844,-0.5141318690233949,-0.4660740647498136,-0.8806699529379578,-0.8051081432209597,-0.6308318161529916,-0.6620320746048889,-0.5858823521223921,-0.22166524810466304,-0.6088098585364308,0.016316421057035235,0.7568994280354786,-0.2102146309594175,-0.41784025030266014,0.8158752841190189,-0.9075802455497599,0.1460199059630498,0.9827691528467515,0.3228004971893448,-0.03366304285093258,-0.78318524403387,0.08692616577801582,0.5509592214976564,-0.24556711100963935,0.4809252113655227,-0.25364692505324427,-0.033634298725907286,0.3084113818821359,0.37808575985338755,-0.8686391169353036,-0.16792803726283068,0.9169222577483822,-0.002024693082544937,-0.9164067166754764,0.09120029991198475,0.6911109315774668,-0.21049626825877787,-0.9013485214595396,-0.40039127911660044,0.0020077435662000376,0.6278448190436192,-0.5552593164933308,-0.5476235764317483,0.6542203526390533,-0.6763294430505837,0.689901266952947,0.30868265522281035,0.5916905462832105,-0.48659478702011305,-0.14120055038827406,-0.4029787762584054,0.17764466424099168,-0.8333709031153018,-0.9259900551602056,0.4358480856747531,0.36937261749403927,-0.5386180190857337,0.36346153945376214
-0.226192641487309,0.823445457967708,0.5921693563104222,0.13825573076591424,0.9305122280800304,0.4386362688191998,0.5013776643059062,0.2903458478371175,-0.5410638854150802,-0.7386232266382415,0.6287014583051751,0.9960980283393361,0.41033510806155316,0.19236610011202937,0.36535409171998934,-0.7532343484116886,-0.8616973498852114,0.7267527188921523,0.11730649432343498,-0.8003179104949802,-0.20578791210845004,0.0896583518713936,0.15915434645503512,-0.0709062523471613,-0.9784507086519669,-0.4454559806711744,-0.7642686074864042,-0.33577230688522075,-0.5067942877563134,0.19672222806465944,0.27523262651753755,-0.20405370401404088,-0.7229056092953854,0.749258404089929,0.9052011098246617,-0.19694178110524563,-0.9931054541379858,-0.6515355689364435,-0.15311277551372693,0.46994103385839225,0.5134624991578447,0.10080588918684419,0.020088128082388357,-0.26632319699723617,-0.4473111850857876,-0.9790709295635738,0.7296789563155524,0.8561129361910247,-0.5361899703892057,0.5454052238710922,-0.2638855644280258,-0.5384191758035819,0.00697114806705823,-0.4039149553757291,0.364885923850478,0.24311519620982325,-0.8346342145761592,-0.18349274453390008,-0.10273095608781158,0.7707790107047137,-0.34745715780134456,-0.8310779410597984,-0.37700320276510824,0.8365525492090158,-0.24523643294110675,-0.5646556798891973,0.38053535977033426,-0.3096776884478667,-0.9480033982383935,-0.6741512457370067,-0.8370250716170939,-0.9058301909663355,0.6156143511110137,-0.8231457449415056,0.8217642686229916,-0.5109130413919936,-0.8264388952947141,-0.33916189718777945,0.026454447977430462,0.26957198355952916,0.41306740764068106,0.13252274063510616,-0.9761311124007124,-0.5589059093762225,0.6160522663349939,0.724645727916033,-0.09240841716578219,-0.014436156616403517,-0.01411156234970834,0.7140405995537704,0.3985177282516017,-0.6155088390013825,-0.30920062347046273,0.0006340511426514706,0.8151093580869424,0.786503427820346,-0.3930704433662615,-0.740861054455501,0.8201522519120463,0.39729409489016,-0.9903745751088917,-0.8135546600345323,-0.2156791798268256,0.08174125565814028,-0.5362819021826064,0.2691848223089688,0.11056124553973445,-0.35847966061780023,-0.5218644075361187,-0.229630283137924,-0.4822647554382189,0.5121083342634514,-0.09290895217710715,0.6654566735582326,-0.08498980902450959,0.7313388089423054,-0.12883360895948637,-0.8787179736883948,-0.22445255101002282,-0.5511186374699473,-0.3508051940539134,0.9083375879534343,0.6855831848741509,0.8624395964610918,0.5980761902924998,-0.08990696554895772,0.27004476887429396,0.6840702181037936,0.6855170887712969,0.27810550872323647,-0.05516174792790052,-0.5273315452842833,-0.5447067733735103,-0.6459058483809732,0.16028824137516473,-0.15960225837801634,0.6574344146633495,0.45058882908804354,-0.33333800863610397,0.5098601279204023,-0.00025487100873933244,0.9600483069423915,0.9890897254389688,-0.31942827826275844,0.5589632242966038,-0.39561065222553693,-0.43818769012533076,0.06665856925823155,-0.9136216255031726,-0.3930588558180703,0.746491774666592,-0.1224217455780241,0.603985625761994,0.6873945909301584,0.08280259508981747,0.9816543362205989,-0.2259665724704607,0.7128915092483934,0.690251026891322,-0.675604127591122,-0.8970712653545416,0.1887029823578965,0.697420039529743,0.7820008686080155,-0.28024272892432744,0.15944279310284593,0.7795426890089496,0.605492554267034,-0.17288689565725446,-0.7652659847559606,-0.7849948547597978,-0.03176638553495481,0.9864589210768093,-0.054687062022019894,-0.3866531568599816,-0.10085001048360276,-0.4201399881599708,0.4863594524725272,-0.1633448400881814,-0.07733057216021355,0.023472138721859048,0.5804977186905858,-0.6965986316439601,-0.22519769246692256,0.15323041692507733,-0.40791342397168395,-0.3242932965105305,0.88654665632517,0.3606004718650744,0.5164235413553941,0.15994001940513414,0.21771014492915008,-0.484357745101478,0.3705622908506627,0.05684946266221225,-0.3022503891342434,-0.16627529246497486,0.6857019578497596,-0.24208780044965605,0.18026551200321128
0.1949182477890894,0.8443378786072424,0.9077156431966193,0.4356574544743086,-0.18455277282477422,-0.5630322617381369,-0.7355664382653238,-0.1804658356042541,0.09572278672989931,-0.9324599709392232,0.5350594649061877,-0.11428138787818054,-0.11858546897216682,-0.08756957293997902,0.1922867800978605,-0.06322523890614207,0.5137376733758223,-0.5897587899937768,0.13000163276612908,0.650828993413864,-0.7113698217831774,-0.5543577596991898,-0.06312828377992563,-0.6325247454741338,0.4908583880647581,0.5175985682427613,-0.11192150310040905,0.3401599047381365,-0.8292020402077718,0.8927049702078824,0.5185787713283729,0.9767119788764476,-0.7535945902762349,0.10779727394989025,-0.16111403446806571,-0.6251373043553701,0.5859475587678256,-0.18626674205602423,0.9336715623886318,0.30631610626409467,-0.6641496526089368,-0.5965675240164481,-0.5363434375436253,0.36882176908315323,0.5526316201963482,-0.8962285103232634,-0.7138049421358836,0.23356519027630407,0.858147624578852,-0.4955376642953906,-0.24182955887082724,0.5749961942603523,0.6287906871493028,0.7791939828921846,0.6690369374776464,0.9038655601091834,-0.24430825462939176,0.9698213484035678,-0.48281991917315215,-0.546868433355526,0.8342604935512856,-0.20234670323175097,-0.3124203286414473,-0.7389705152700963,-0.31795295420816516,0.07537147223881968,-0.21642441566111614,0.5570560118641672,0.19757137157798654,-0.8193120787063217,0.011696626896180673,-0.5151197987438114,0.43080490581161235,-0.9028796995728274,0.5709397551795865,0.7229717662961153,-0.47019782284187683,0.062125025477725915,0.65605599516163,-0.3273365007747948,0.06341611562485183,0.5597447596055543,-0.31871458522366103,-0.7867323738865868,0.9236931440034104,0.26350235571627967,0.5293373882704526,0.04056429540072015,-0.9803885481368741,-0.6665628200455012,-0.2998735761182676,-0.3779635890645643,-0.7136548380642045,0.6043224931726066,-0.35203304517893086,0.9488530672202464,-0.17960583030979893,0.9867157683176293,0.9412459452750115,-0.269672955080549,0.6014287774244484,-0.04065745238764862,0.7192796762425862,0.902393153671573,0.10129713311842026,0.2750832730618902,-0.10673973643248602,-0.20622517127673312,0.3574711111251452,-0.9159135337369908,0.444213428945716,0.9019107390949335,-0.6624324005493032,-0.5017871277374957,-0.8496785027227824,-0.03892837413873296,0.803928820778929,-0.8139399346495855,0.937677677230266,0.8071339626018481,0.12036531271463247,0.9289161326692355,0.8450072885878013,0.9028410403708593,0.5513717022044924,0.32366627651033597,0.07989117221698128,-0.05604932359069159,0.04896694089079223,-0.031927702434665584,0.8393711132637856,0.038789175407037524,-0.5940346147661455,0.5951620891640754,-0.8474226705491796,0.6028775447235319,0.6111315385954852,0.13476789537508882,0.5944071025951478,-0.6526377115208322,0.634868295685951,-0.052221090857484054,0.3330660399412728,-0.2153963251455202,-0.39916588194883973,-0.14577941584077525,-0.5310904354647084,0.520483422022332,0.08380396003585866,0.013116821745473572,-0.05798523121343435,-0.9612277250858934,-0.8428382172944573,-0.9173451039374256,0.05414209496480549,-0.3755610832799172,0.36954948424232015,-0.6998740145713582,-0.9575955547818606,0.36221122978941933,0.46124505554599016,0.31216714906907805,-0.9927470969815693,0.4463170005000676,-0.021803254472430034,-0.4048851077769098,0.8942308764396756,-0.8663535207756037,-0.4491464416708457,-0.0034215655995313288,-0.7250218442298693,0.7297767206456671,-0.8636984369821306,0.7368874831206493,-0.4618797241778563,-0.16989515525686705,0.7488922993312408,-0.3609240554238269,0.47944289472559753,0.5598378792058707,-0.28897656245354897,-0.18849243699094753,0.3610918756001038,-0.10536703090574817,-0.44845013065919015,0.6504732973992939,-0.5403764118593759,0.44262117740873985,-0.8891956734466337,0.06910757584195792,0.5340042910226339,-0.4152907023587151,0.08570583063370574,0.8777024418862072,-0.6227213859310272,-0.9732063476314412,0.9351906682917936,0.015377222781586486,-0.013177467260379716,0.8041737264082978
0.37758896582410806,-0.5676652282789882,0.06981741945770081,0.2885282637248292,-0.14751067684629038,0.5912419272649962,0.7288572379889446,-0.328854032673922,0.9556464939477849,-0.6929416771364214,-0.730835670212866,-0.029146878786723285,-0.4642178007732838,0.32731954055316725,-0.31551852076995957,0.40738962739293294,0.24192159822982262,-0.07939320792306481,-0.8086924349519227,-0.911430377924936,-0.7862851088420113,-0.13542906200362093,0.21860881121779308,0.6940466310893183,-0.03322537736133602,-0.7355310763760092,0.23485033406505829,-0.29920488486269203,0.14291456536495395,-0.9075596612817338,0.6967715406768182,-0.6905251808507937,0.44764516831741474,-0.2943367492209694,-0.523450132804443,0.41006393953255693,0.9390627527997202,-0.10007344422076381,-0.9924982960322395,-0.4626949939824774,0.29489043132955794,-0.6045917011208708,-0.04676555714770303,-0.3190683051121106,-0.6769493282826275,0.8189823791852686,-0.3126579890321757,0.9293330302522864,0.2632656232797246,-0.2560919535981776,-0.3545721350527691,-0.750214098731796,-0.14128737386587487,-0.577974799244519,0.2087160296130841,-0.1127365070092392,-0.4351551741131847,-0.6702526364684769,-0.961205469011698,0.5751161346829761,-0.33150628461703757,0.8726403036637667,-0.39459214067472304,0.7184227870508939,0.9898380457120595,0.9263444142009762,0.8294805911707654,-0.40194655118452904,0.6214053700528144,0.6534516995880579,0.16564778107472367,-0.6830973567742284,-0.7394279041018035,0.20258025943828262,0.03426293918007817,0.09082720037899317,0.3862012486173192,-0.644365529710365,0.3062705930338019,0.9049393382181463,0.9356926350552746,0.8298674742851684,0.4552344895829521,-0.5287311261933307,0.848008537974418,-0.13151346581757006,0.578807450251102,-0.03996708733065324,0.7637370042725831,-0.48423404548962456,-0.6174612993693891,-0.3885667890674924,0.25932915334912754,-0.31478429049360845,-0.39139867391234806,0.793471462464926,0.037784062257518736,-0.6704181640803624,0.9489725063295602,-0.2472165023996955,-0.04689414634827327,-0.3248831048011247,-0.18779878686840346,0.422007945946002,-0.3852296289384298,0.7886542606134321,0.7330979805640723,0.29517889086917926,0.6698356592162205,0.22676667445584386,0.14270871947519836,0.5257984072876085,-0.5472111661700811,0.85619156858237,0.294548154156846,0.28141482616706126,-0.7492778853623348,-0.05819938210871278,0.7282879862004767,0.9220175154591299,0.25296843097465005,0.44198997393010986,0.13524830769122342,-0.9810324668674546,-0.8683689621247321,0.39800343445445074,-0.03414155203022795,-0.04423549152613204,-0.7451104031803628,0.7579622591703028,-0.18896488276208956,0.3890456524372976,0.9380109860579908,0.6665787568453108,-0.7482185011212923,-0.4766018898204065,-0.6924205582910368,-0.9338940796133315,-0.17481722262665467,0.1991907094557417,-0.8938973159278518,0.5209493053634251,0.43566483195819083,-0.4631398480690634,0.6603684072126306,0.9490848043359428,0.8247416183390586,0.35753982263934225,-0.7033830364531133,-0.5165463818798486,0.888445462446577,-0.7727022207954211,-0.07977035366972296,0.6391845223647223,-0.207996095556928,0.8228853354727264,-0.48275067670133276,0.920003218446426,-0.3434823688700175,0.1431557680615545,0.575919017385665,0.7576040180254797,0.26826882460378587,0.043406713990795875,-0.7482525569437992,0.220752862053889,-0.5544515815760547,0.9577828545862306,0.22163886617851514,0.9701048096561691,-0.45420523809827706,0.6022547082032983,-0.6728321886373367,0.1504171272919177,0.2747429198377891,0.6681282191564926,0.9256543630608747,0.2947614455517207,-0.3539161441258074,-0.16548739843976668,-0.16912299526343078,0.38707912685423307,0.5750332545737369,0.5945007344221958,-0.8351600470701142,-0.2941766195118978,0.7260891734827828,-0.9602418275230538,-0.6623785470997678,-0.13744758413511504,0.8255514824915791,0.48350771220318767,-0.07005338775226377,0.5587448512953164,-0.1946319144301527,-0.9788044535710505,0.4394058168350512,-0.713500922842117,0.12553523504583874,0.1492987131764827
0.4063420142440459,0.2723099150598365,-0.13535208552160882,0.6848537393403442,-0.18684153158137695,0.7293305522309399,0.28984241652137244,-0.3977879562132214,-0.09677980090322902,-0.02221896872789353,0.6840693762532719,0.4113297957910007,-0.36380222052622435,0.3173174401870431,-0.89500502177479,0.8421538514515785,-0.6479277813241238,-0.5028313975790004,-0.19889529616768375,-0.014581373353436566,-0.7127834897619727,0.41065892204530563,-0.877669681091497,-0.13426411982067488,0.9007291997028104,0.6228495815855348,-0.46472106954322334,0.1418086770867384,0.24394561643083246,-0.3884459591514198,-0.5376046645058707,0.14913717508681867,0.17496416001356718,-0.4456467878898276,0.7073432834746192,0.47868345346857377,0.34373767062967997,0.730252849805723,0.5823690293929311,0.37777926544486906,-0.6509650422128417,-0.06238026085591453,0.3878264311318409,-0.33125222538898,-0.6037439666968589,0.6544709622583322,0.6519908236107419,-0.802784012378206,-0.5573698692579074,-0.9606123576424457,-0.0371962155037604,-0.4455316016020341,-0.5028957779843914,0.7962924217918101,0.3584283025293262,-0.8990527513505742,0.9715205465257579,-0.15379881396552686,-0.7970582716892087,-0.6425732500474597,-0.4137594735897634,-0.04869377712302447,-0.4930038299912394,0.26708207383836635,0.07746732792717514,-0.6182451588723159,0.6378636130487363,-0.6854349366580736,-0.5165449644602613,-0.3063185059305671,-0.351606668295644,-0.8547541737592053,-0.9036044906748311,-0.5029237743988726,-0.7358619820080168,-0.8083248314432268,-0.9433253632862317,0.4174035502936604,-0.26872496385559597,-0.2870105307658586,0.06864283769129886,-0.002687408713415662,0.607943633016327,0.9120443458312502,-0.46645370671078723,0.9953338309863868,-0.895345504978555,-0.6962290681553989,0.7907219327633124,0.6356393201213628,0.3502073183529639,0.8926066360010052,-0.21345947227554896,-0.8575871575072971,0.1874625328280004,-0.6874611322382729,0.6260244454780448,0.7117018563688007,-0.7368081909307556,-0.5348595602707304,0.601568770597301,-0.928813354054387,-0.027371782501119934,0.03374500684988058,0.17276509241958116,0.6889610178689092,0.6445910778232478,0.4655200835126265,0.771852066297223,0.8068373206454742,-0.30140695399795736,0.48584507738372373,0.4584519816723984,-0.3798792420142836,0.9219960012127215,0.8632011974169562,0.948212997144187,0.2329407887600452,0.748972363329621,-0.7798496286096936,0.38401304926294655,0.7166430168815026,-0.3718820756980432,-0.007644698777886427,-0.7574470356980494,0.8636406122495512,-0.13551460508194801,-0.5387717906582707,0.917584859057234,0.2636072285413016,-0.737078145434535,-0.4446656940940086,-0.5079372671626594,0.6797911045526561,-0.13883344649784868,0.4899610640185672,-0.7317442469987889,0.7041482638483267,0.34270201131127487,0.7452164670295525,0.31426625497168126,0.7835546128226074,0.4322378848876842,-0.5251069170841167,-0.7371533958724421,0.748001601980683,-0.9984482607513454,-0.12836316317993757,-0.8536848975321525,-0.9169289128607248,-0.6923145345637955,-0.37121539403329207,0.12475403635994287,-0.22917539624907324,0.6173513734117053,0.33528924960093254,-0.15994617945482692,-0.10921483545632471,0.7545289110741982,-0.3878561230026565,0.3716772379841191,0.38546077853966176,-0.155083581447919,0.8258078088353806,0.010372758538020221,0.49032581993135627,0.18572133836063753,-0.7813914262632828,-0.8427055043509506,-0.43094082526429767,0.5086206110953957,0.4654683336026515,0.6991582520314328,0.46535909498556016,0.19979143364428675,-0.028815629615515315,0.02688849753804501,0.0016732000897545785,-0.8036736020751747,0.18779361556655227,-0.9234701949201884,0.598497375455666,0.7916624306252473,0.3128872530844833,-0.22825253101779985,-0.5138540185263367,0.04600544443550203,-0.18473644603959638,0.01651234139698987,0.4154430856653566,0.46771820414534715,-0.8228100310647157,0.6346004260339067,-0.29355773430173837,-0.15907183392400026,0.1917690343520928,0.9860223285930954,0.2554210131642902,0.32167672501820377,-0.23638109364999282
0.9865219652691444,0.5174908124924351,0.07260565100108707,-0.6793757024378551,-0.04273409879062773,0.04801081172041344,-0.9759369570140928,0.898492785633838,0.4290713144581786,-0.6868140127640665,-0.9964447956680889,0.27663707708591057,0.10795150864511482,0.3464591304773763,0.8872792253613746,-0.41923373270886266,-0.6913244183022735,-0.6136891475602777,-0.5784433282657728,-0.16005007501366952,-0.9645147701187431,0.03153005575055068,0.45430348402902565,0.4238416668931928,-0.9424433714236717,0.0669345441750453,-0.9005662535332661,-0.19931541973858424,-0.11311079632788923,0.7686158794228561,0.5204701065780972,0.16797658247963887,0.9772912646784331,-0.257543294083473,0.283086467613328,-0.30664110218074203,-0.43188876498393913,0.09724942154317406,-0.17668778506740046,0.7833975118313847,-0.4795753898094861,-0.03838805461771089,0.12859730475125608,0.8876386498627291,-0.242163665192497,0.030204321790005872,-0.16428736672639288,-0.25485151904257974,0.7367946291146685,-0.3247474169304747,-0.01715308586932096,-0.7980474966168243,-0.15002685331818522,-0.2913531596793635,-0.9091323710814971,0.3376705886068958,0.5912104452467404,0.6420536101187868,-0.5855435580475261,-0.3926595859386952,0.852256651975126,-0.8211903497013344,-0.9023709458693114,0.25163360917301625,-0.1222089050783357,0.17714254456754985,-0.7069007155856863,0.43951833296377085,-0.7305945701973147,0.058511955065942534,0.9226497016266157,-0.14295552177315218,0.5168434797377464,-0.5721438491310713,0.5410607378143883,0.40701170976188217,-0.03577806361612845,-0.5160915997858566,0.3540137588987182,-0.8011566791157703,-0.009741877205478922,0.11441902042972085,-0.7834692509188852,0.5655294829739372,0.6792985262823614,-0.7845376227620744,-0.433657384700985,-0.03902696559879648,-0.6926021276024694,0.7042278364821735,-0.7128453662600938,0.32957270827259144,-0.7230085737416694,-0.2501029676898583,0.6361290259670072,-0.32596949754283,-0.9524498334797591,-0.8843930215122158,-0.3157969669135303,0.17970797408450134,-0.9372985883462308,0.9870557299908369,0.43984238857743163,0.3316159630356019,0.17229832587246086,0.10112297300891626,-0.5824382965560484,0.6932717784639517,-0.19707681788359,-0.08350470309106184,0.04085678622129407,-0.043379260076513715,-0.38028726909299904,-0.8052065612118278,-0.5708897707881095,-0.5956042289982142,0.5871087576737868,-0.435803096760353,0.05230382412312906,0.5448940049298179,-0.8811220522597873,-0.9401826772054567,-0.841064240171765,-0.5531967384685377,-0.6852230337994099,-0.3855731991162701,0.8736768100563497,0.971831620004179,-0.016562794273467185,0.9473164933006393,-0.4440406098014624,-0.12463419151917554,0.13627772877206712,0.923547813949257,-0.17444684633475704,0.9807392548243683,-0.17337540157743048,-0.22502812515789405,0.023969301867443837,-0.006938476962044415,-0.6106971597786801,-0.8004478138406732,0.21127088067601996,-0.2448157793765926,-0.70945573841298,-0.6895942173549292,0.5559781987563723,0.2636727601918645,-0.8886264114949469,-0.6681328247875757,-0.5003765964902196,-0.740721445911307,0.7932791703033875,-0.4260600650466537,-0.2554393502735848,0.48711613518145325,-0.09678417663104089,0.6960137780844249,0.9069077685785967,-0.6310955977525454,-0.8423749855265743,-0.26207490982626247,0.1277240326490825,-0.9130402084281182,-0.4752109631554935,0.8460554706541112,0.7016812209640948,-0.6679964546531023,0.7241146490997221,0.7651233808430404,-0.9760552594540381,-0.8611005334136228,-0.19490612400537066,-0.9131109608763772,0.08452993334886583,-0.7704830490082395,-0.6406143573297578,0.158229457245614,-0.02440673817389616,0.10665052077044357,0.5426482301266629,-0.028171649055397374,0.22842271676131287,0.16740643317809423,-0.23676523864779808,-0.6125981149631115,-0.8342047881128636,-0.7189298648590545,-0.21818388087304075,-0.3540818418692384,0.10331062689890813,0.6240361758397399,0.7155547929085522,-0.39450776125593534,-0.68941447116713,-0.7105047529925306,0.5984894629877957,-0.48095678248882745,0.1106427930172571,-0.49787578677101285
0.08843967074740133,-0.2142274649233693,0.4483738105073063,-0.511367263372148,-0.07702107377789225,-0.07595279698357871,-0.39959316898895403,-0.9168952520733513,0.8860438775073496,0.6751963322695156,0.7429750876110308,0.8267995943578119,-0.9368676588617249,-0.6950008365473297,0.358079915950424,0.26259689907968653,0.62434663059985,0.8401733676131105,0.5759725439775241,0.20856555942048827,-0.5029272188315368,0.14750634742921886,-0.9871977659577911,-0.829460456602167,-0.4726114354401816,0.8613587436454204,0.5759122683482598,0.7467150613868332,0.1357218151288102,0.48871430939645166,0.6616385445287181,0.6291654196405578,0.608474877470653,0.23127718456379465,0.4672753857870162,0.6939978144766985,-0.24326983159164972,0.31555503124805506,0.19849494312725313,0.7767817125286727,0.45256220528784374,-0.18158609330357756,0.1044231156867843,0.5541253121408578,-0.4210679372639876,0.9376447803566825,-0.5591110995138642,-0.8430160689219284,-0.8135272532998898,0.5112369964981156,0.031337352151343145,-0.7782713332195847,0.715730682006783,0.7097907746190273,0.2669761792357068,-0.3758990614159785,0.8975546655546638,-0.3163879525418607,-0.8281522885351245,0.4077427570738772,-0.6868552518656426,0.27236177199846767,-0.11013144442626421,0.17449275655323948,-0.9955470962864499,-0.37636173590368127,-0.9228952154170267,-0.2776830432702526,-0.9972728703539875,0.48968030921951633,0.5847698010171409,0.6133443117040973,0.8054698763250103,-0.09352931231129924,-0.4081756225141564,0.635056428660878,-0.08245740046252203,-0.5746397365747546,-0.9564381063292546,-0.7908670714098796,0.6186484367734209,-0.29262510295320365,0.8208498565811737,-0.4564674598767984,-0.052397487682949606,0.892731871673025,-0.695067622397473,-0.34375548867296657,0.953433371669002,0.19928701622475975,0.581118957022617,-0.09001210740739252,-0.4645418967705759,-0.5550317732275345,0.7157028763462201,0.8747181959410548,-0.4689507147927401,0.23647376339715143,0.16124890168662165,0.8422143007751737,0.050525627281927665,-0.9925800769885094,0.8851363693128598,-0.5061355738571496,-0.7869147552845042,-0.5424812824549614,0.4955879296313299,0.9977577867339644,-0.4221389131402735,-0.6283557442453453,0.2601471603590322,0.9269435748526378,-0.8583832531525644,0.6669113544420648,-0.9661572393156981,-0.6643406387176023,0.5181550802151076,-0.09815944208811378,-0.5325143942191726,-0.8692647411998649,0.29180754060329805,-0.9090534396814862,-0.0221791278502399,0.8959031015124534,-0.517128227836056,0.37089019770198894,-0.9275885957298549,-0.9464755505852285,0.0676308364057645,-0.18790722423781303,-0.33542544699724486,-0.18599260171047693,-0.8107578133680879,-0.3557616736611813,-0.2076703900478507,-0.22300516171722173,-0.4227591600817693,-0.8771343189343987,-0.11837534173439335,0.901166461721862,-0.19998858177841994,0.19889420718421946,0.7536279493783509,-0.24285795129988497,0.27115523272975794,0.1677563908146109,0.03765074299189464,-0.4567522479777697,-0.4953487438445614,-0.8613272388682205,-0.9757659003409282,0.299262825346833,-0.1894249795656857,-0.7869526442087718,0.9764555998676603,0.8427063508634802,-0.08801019492846152,-0.06292937690125844,0.5069871257516143,-0.11096843352486818,0.8993683599793214,0.5304379740599183,-0.5561529300534409,-0.03905701170565745,0.14824402194400332,-0.3801153660488379,-0.6054586200573338,-0.5960221616048622,0.9804608365033869,-0.9260554694510816,0.05561028574799609,-0.7787038545075455,0.7699342977089341,-0.11530050476466003,0.14746883069700423,0.5177793118823186,0.6642947651754441,0.9854009752946147,-0.443936010955462,-0.9527478937771738,0.8438272788051597,-0.4639009492603836,-0.4125506865064652,0.889626353557986,0.6203074210386326,-0.33162480817424944,0.1838361534904549,-0.10452217937534969,-0.5451007599776669,-0.5334129681351285,0.3239588963833875,-0.39392385388028783,0.1292892654301412,-0.18568579875041658,0.4026593703868653,-0.31511367300114634,0.8802463734411983,-0.5423764203854367,0.9712768064275081,-0.03991015589006364
0.35941204468181276,0.637087035344778,0.4537854527553662,-0.2796138041644829,0.8137430101821168,0.7528681596636841,0.5142625578552666,-0.3777665999950648,0.3894635706688052,0.17133317267309178,-0.639775359858173,0.25301546460715607,0.9598934553263132,-0.5711153191426259,-0.22816634598921182,-0.7766636765413752,0.4793983789298468,-0.04475494254239698,0.6629434444958271,-0.5292839243446938,0.9888992228274041,-0.5670881724129764,0.1358500252523005,-0.3931228404738194,-0.14485615947141373,0.8260772400315157,-0.45390740772237237,-0.009380136167154829,0.4455488346850349,0.8581889110542624,-0.6078477532747413,0.4924965472785734,0.12031499777262233,-0.30200803509656327,0.052104270102318884,0.7156452436681013,0.9394978085347117,-0.5127973432005408,0.24346825709095343,0.7315134924525379,0.3177061499963716,-0.2239594228057844,-0.09352994466153652,-0.8150224497798906,0.40259075281382906,0.9820659149496027,0.9179177767250839,-0.45304084455211546,-0.5984835953856873,-0.7512640670754578,0.5302122903109348,0.834821978344888,-0.21896614968302242,0.8744511758294424,-0.13915781668031824,-0.2694174146080388,0.11843010248368824,-0.7974637079582969,0.7454272244720979,0.6495130556736886,-0.07498492885343833,-0.7494092118972191,0.761672641591707,-0.7571296932014648,-0.727505023196322,-0.9510047675192137,0.3949719341317859,0.1748958760096464,0.22471109312740012,0.8689255547062731,-0.2580111362022852,-0.4740530342885121,-0.39548068641656475,-0.5827481624542135,0.1850592424737627,0.38792330914691253,-0.10427916026747952,-0.7967513510782793,-0.40805872287419964,0.9543606136499658,0.29177637886490837,-0.2787615584433434,-0.9901948295987393,0.7478620742377116,0.19859955783705852,-0.5253259353259592,0.32282398838282034,-0.049127806788531014,0.6798559573618885,-0.8018874418094963,0.08201286175198264,-0.2097605556617268,0.907529246022748,0.16638243146060017,-0.698169136611881,-0.35569156518365186,0.20867348959670928,0.7044892109699106,-0.8904790978242894,-0.9522928502986139,0.8478330995684054,-0.2211397143466467,-0.8928080796139244,-0.9041791011868541,-0.8395912828479466,0.9168400287072704,0.6380334066016364,0.3344446833538701,0.49969184481177886,-0.8336716172400676,-0.3465941038111986,-0.8524008331406392,-0.8591736130999332,0.17083964436759214,-0.6149470871411546,-0.48415394443599435,-0.495243043185132,0.5426321140972536,0.2469732109725391,0.028540031342218386,-0.721369863337892,-0.8245599440423295,-0.5380238443433147,-0.9062424350889633,0.47973387771906206,0.023987578450614944,0.3102971280184612,-0.6135653774312766,0.7073888674818769,0.3320188369082435,-0.24906401586222549,0.14592144823809683,-0.8975320344543156,0.3607984287529953,0.9002235962399388,0.8264110641015372,0.6398371690613369,0.7053947956096978,-0.043857378842581785,-0.6067156989298197,0.8643354955025209,-0.8528472623026175,-0.4726078709168655,-0.47520122633538686,-0.7502621338696744,0.35253806246769415,0.8878710415813686,-0.06759226398635665,0.25619407363253877,0.25625929224276467,-0.17461611544969258,0.8020893922252805,-0.2743987743641869,-0.3659801226163011,-0.16201813414384003,0.21181681958590248,-0.7471096070434775,-0.8563566092833865,0.9826299329147679,0.09390068257171946,0.7575729063109924,-0.9580174772342935,-0.573354233046578,-0.8367775600214411,0.45447006797863976,-0.20472950008589952,-0.42514602658801914,-0.03861548923840408,-0.8737389946270735,0.25938622098234965,0.9494949984220269,-0.5533113654185835,-0.9418884790608189,-0.6208334056517484,-0.476403120687946,-0.7672630594629362,0.255582756345897,0.21510139463448263,-0.15287887294973523,-0.6214516413679101,0.8261217121135569,0.21897841380618388,-0.8677647797193064,0.6952333966261361,-0.1309091705990575,-0.9700989300519058,-0.5123635806539368,-0.5493436339266247,0.15481034914292624,-0.8645603848544205,0.14313034317154671,-0.5437680533738554,-0.640630260445016,-0.3134211877001527,0.5767879322126397,0.06732064707852858,0.771022377712594,0.27012918599011404,-0.19536254100437067,-0.0915720624996823
-0.7966020975291004,-0.23893138933087243,0.2050059175550898,-0.07780925060550348,-0.4799265473333987,0.6914289239737037,0.13534093381282952,0.6913192251335951,-0.6691683242278932,-0.6269998503771228,-0.629981817200818,0.22980148217788776,0.5232206472346634,-0.48372360615007914,0.36758827448243125,-0.44315776586352884,0.9228680319832647,0.6028696286945758,0.4939856325059202,-0.1415908073374046,0.4069493670708837,0.0842571472377518,0.01459124852665683,0.7442163671850379,0.7675874697587906,-0.8512289776040578,0.5663073505624125,-0.5548742976667518,-0.9073356475519287,-0.484992116327462,0.2099996016551915,0.03947448767009076,-0.3590508615683228,-0.0006357062026443039,-0.829654204235805,-0.3321126354148385,0.4049610249358415,0.1876643400611615,0.31985214027367825,0.38850383543649736,0.5418468511150532,0.8196925727822846,0.39720086587634573,-0.666201088130493,-0.03703654511799459,-0.04218158231569391,0.2194996632953059,-0.6565391283885489,-0.2873384717534886,-0.8040621029124344,-0.6961118874577972,0.4264785905142947,-0.4671067155222641,-0.21965301105803148,-0.5292388727074553,-0.6634023023213471,-0.17508738966915693,0.7726489413451869,0.9332515060430313,-0.20946041159561424,-0.9550253418629748,-0.7084915907641978,-0.3519982321751127,-0.406086562984284,0.07037479871964503,-0.9865730378745632,0.24497752367667736,-0.31059892985382764,0.23845697327609705,0.13554781602901111,-0.020588256889475964,0.5391237620618716,0.44296785377521686,0.9403426783822566,0.5933109457977142,-0.6088692754262044,0.6611566746086326,0.9534917546639559,0.7054298457334789,-0.3683057164603343,-0.3074865778170821,0.12865006866560091,0.28699749434178656,-0.7079024425915499,0.43962331788896014,-0.4611353027494307,-0.8293231863753432,-0.8712187933998663,0.35082500005619877,0.9752780108379355,0.9263506520154692,-0.08790078741536367,-0.5631640149580837,0.055412105108745724,-0.7031646972700845,-0.2897072822906843,0.9156835325499775,-0.07396713103584629,-0.13782265627275492,-0.7931798523617883,-0.27046425717957834,0.11122197347378182,0.460566637667452,-0.6792645572828309,-0.5840114350523173,0.5929653646709574,0.0860809243166627,-0.2770125061583111,0.9124813564009175,-0.9358532467020244,0.8954659478092712,0.39885068157543024,0.15607300347100694,-0.6677433307725398,-0.4945077300932068,0.27498764632075234,-0.7213692290890761,-0.06732470954698888,0.9230971769856338,0.6771209368779463,-0.6574328869674948,-0.7787388408286067,0.7759520779803872,0.3659038203376044,0.04340487010425309,-0.5945544230457465,-0.6564703339833513,-0.11724649027693679,0.4325382028037186,0.9631797425917072,0.5249933886476583,-0.41878395460890894,-0.30212858096739814,-0.6322159915764725,-0.05612753132381565,-0.9868330051890999,0.2343654550491141,0.6899076107517748,0.10082637213061241,-0.7245465137843792,-0.06007942179762882,0.6592088591071659,-0.8612904930583607,0.3637568014334134,-0.6796684639147412,0.22614399639050764,-0.14023606833767244,0.7760467411479444,0.2584612875515213,-0.3475057174828291,-0.6859796848191975,0.46273785428199576,-0.3455243206995362,-0.33596616847255234,0.3688624606933377,-0.9610316303622668,0.9139901155744816,0.7700036925191291,-0.9352778268863624,-0.7703530994289602,-0.3928508357906999,0.07553232861434656,-0.4881343437730479,-0.7422040979739828,-0.14145115201006142,-0.654163566112649,0.3801634020754159,-0.9742701916425831,-0.16331683083272974,0.9920650638907671,-0.7307192514985514,-0.5187457751894178,-0.9234273410805951,0.4916444667308588,0.0578942184286384,-0.994358871796885,0.8088292060852149,0.339331094499179,0.36560569915690233,0.7543106499206256,0.2794898938336674,-0.6050172299777774,-0.08620672924974526,0.6137571663366463,0.1486312913109067,0.9612218802383394,0.5350401337910804,-0.7169083677318591,0.9134039813318007,-0.9397282620598555,0.21228932010914692,0.7424002053669518,0.41892843539111735,-0.5577729325895329,-0.15594625711092647,0.7997040120446623,-0.14745501261627214,-0.22898605710046982,0.11630358504124638,0.45376653486581575
-0.38890251503512663,-0.5025415240773365,0.7162561118816582,-0.4915216956464006,-0.44310365751562086,-0.4945580800730347,0.8857347521015984,-0.22093044073000256,-0.12821179045790876,-0.47219360500149654,-0.07138445967012363,-0.9387447284791732,0.09319103192380496,-0.4197002680781641,0.468761583138821,0.10463807027741234,-0.8002952437222328,0.457736367820027,-0.810032613727429,-0.18556642086321573,-0.7145974400623616,0.890741682244452,0.6602710886791014,-0.6600872052352975,-0.9928141297944109,-0.7408121482175865,-0.8082147222904075,-0.2826704232980135,-0.36429773542111565,-0.963683148410962,0.21967901236301213,0.6121072978965256,0.2305477048925415,0.9564497724932306,-0.16859532745606476,0.46161578176673657,0.5456726729145942,-0.7556619147971839,0.672914522326419,0.41669656830156776,-0.2550442791015324,0.39626178509804966,0.39262826983101196,-0.7336817583343549,0.5863666531386704,0.10534895860326898,-0.9040116023365081,0.006428671441276013,0.0964962570832153,0.9682121791843934,0.2958432800330766,0.27192204153777144,-0.5299767054641031,0.8424677442165205,0.48034000482061434,0.9092939749276141,0.701666589276621,-0.38787498329663284,0.9901169747798426,-0.6512864092227888,-0.32027526578080634,0.7407321136647786,-0.6030454099802021,-0.2717351906489902,0.5431765929834087,-0.8261207622913798,0.8292708893062479,0.552586989986261,0.6341427016947243,-0.36131740351703234,0.3716463213473846,0.6696479794618033,-0.07398631505189268,0.40824867104437734,0.10432656911466864,-0.6456634193380781,-0.9192463275633891,-0.8350879403475808,-0.10971559172331746,0.06304843109192038,-0.9626379762683828,-0.5240803208966249,-0.49054581063276625,0.927681883554822,0.6046833083392611,0.06729352311632075,0.5950613991543472,-0.9860138638809524,0.5184646188171043,-0.05822430375616405,0.6735400787527648,-0.13646714288880002,0.5985453559286429,0.6990913129358687,-0.3810034569082068,0.8021828998810994,-0.6438182501621217,0.9833085222970479,-0.5596294050220225,0.9145566776770082,-0.34304644227587744,0.3842729295517098,-0.4099667420871427,0.4616747999856676,0.19251453696610943,-0.637906654995746,-0.3480300346545544,0.586903264412648,0.1270617605263764,-0.11409066138900581,-0.11016533529869643,0.19916873585085404,0.9651088543622146,-0.8234733774218745,0.36123885495017327,0.5705089934052965,0.9788780151667329,0.594961949411809,-0.5530006435763621,0.4172823921658122,0.5171922494673471,-0.06452822071794939,0.9431317469894294,-0.11569616386221226,-0.49977175406905294,0.5341085920927235,0.36565743541836615,-0.8244737089079568,-0.22189076243993133,0.09898454800228884,0.9578119798332785,0.6977364772058281,0.9359596450717285,0.14088027871779807,0.8231274179904642,-0.9220482290090302,0.5130252854381461,0.7563890717719575,0.3185951103026643,0.9285212482197096,-0.6369318646746025,0.5531752885148826,-0.597164923266833,0.41863981666695915,0.19022538925487154,-0.24807798771876266,-0.9844751966683079,0.028035762842856693,-0.4554108014925362,-0.13475408135714062,0.4966666708938474,-0.7401905853805093,0.015174606973228144,0.15553420615378255,0.03243010620343001,0.2348552900778933,-0.5454374401713542,0.3737182317434147,0.8413634523129769,-0.43847345724082176,0.8050077126298452,0.48094715352106054,0.49540216097856704,0.4610452478692164,0.14448992318358922,0.5102027153827422,-0.04167125258868798,0.7677137234851721,0.6912815808414525,-0.7467083563425794,-0.7897349054604592,0.8127260048541471,-0.34328039443594704,-0.21210543908117319,-0.9027227623408238,0.566291523818683,0.6979327830720945,-0.5775126588214845,0.35351792701706275,0.49633655758206774,0.7638563442088506,0.3532522522325192,0.7650296215523689,-0.7089323921000361,-0.2690097580271906,0.2854168707614477,0.8867697054270129,0.7215605618770355,0.024203604408562507,0.025059054076092213,-0.7901732244178921,0.545936208471494,-0.4835946593293201,-0.5302958642072308,0.1507607768090311,-0.20814855848734704,-0.5145745418794521,0.4235285358036711,0.7930901284288299,-0.9828941725932081
-0.9918543328305489,-0.5255761519604705,0.17477103001724403,0.23095306131828464,0.9604358615237396,0.6993064400994162,0.885278459310511,0.3069465581158184,-0.4056221875275108,-0.4466139627600769,-0.0748903947473909,0.8013101166869732,0.3188951798178419,0.739096608757539,-0.38058627728963224,-0.7793613396585135,0.9260215169670414,-0.09620104129624396,0.16306079783479355,0.6566779042833504,0.48763468006317656,-0.7291245552062784,0.28049903767086537,0.8525038114690753,-0.4303815118343808,-0.5354808375579385,0.537184483586618,0.660689195314891,0.9870288605696718,-0.7817496554647496,-0.21800160361837517,0.8733655184556868,0.46725173680656473,-0.5010286965834714,0.15947815257697417,0.8392063754110421,-0.5814040613040095,0.22244780534095598,-0.34122034974687177,0.25334931368873126,0.4212768951388932,0.13538355739075136,-0.8916196456244405,0.6247499228413413,0.4080855367007259,0.14460335621426168,-0.14161340350100016,0.01256312213945443,-0.37154851182640414,0.014766287152884638,-0.554063336224365,0.3438621833455451,-0.3402686653041882,0.3319863078925349,0.5947364203954337,-0.855913275801887,-0.04609731545675366,-0.38113993412259983,0.647622528941644,0.9819650695708846,0.35438099561547065,-0.022388579830403987,0.9104902549598166,-0.5789681813599292,0.9921573913523074,0.3043094824243182,-0.8042766331677091,0.37341660023029677,-0.06805824539524741,0.9146031050075512,-0.8121611344790247,0.8424117369366018,0.2736419418436391,-0.613389636333243,0.31517787315756984,0.28383725324896103,-0.9947719053636561,0.015722133734844324,-0.5641759874238939,0.1677364283311693,-0.7027755500264861,-0.6052574855760255,0.42319870741738863,-0.3569063204151215,-0.9726919198588087,0.8083799658580184,-0.18239954737360997,0.17573719626687123,-0.31986488208329944,0.9078706138480548,-0.33393867787543097,0.5316550738098924,0.45609082560668956,-0.5515833633095271,0.5299586057615,0.9240105917788239,0.8593932810628635,0.36675338150803305,-0.21482409067361052,-0.608865124603778,-0.08279849234382985,-0.3728760526425281,0.34194351301990733,-0.33797088550236776,-0.7622377233990509,0.24613787905112372,-0.6882496586072193,0.18847105935174113,-0.8927397997919535,-0.7206918005857035,-0.7440821640839119,-0.4643233644653648,-0.02540227659290184,-0.4159616168755158,0.5844212861712905,-0.3405215459133706,-0.9332403453415625,-0.5139486981874533,-0.2861302001183732,-0.2637111046213436,0.3897214003128493,0.973389088938095,-0.9161967052035482,0.9639146797179656,-0.9265042984343395,-0.177853463388292,-0.05947298926895184,-0.852714192948318,-0.16380667724646591,-0.3816637655277708,0.87403564055782,0.5859338247843262,0.12720160594723695,0.5986413578705081,0.5983908383790841,-0.7776858543459875,-0.6797651185427078,0.10202463811216433,-0.5014369200591513,0.3253439157763933,-0.8135124153412598,0.26973527889661386,-0.04478182379900231,0.46483809882141336,0.5713910611609985,0.6854777696501606,-0.3501445348610921,-0.12480107344772051,-0.18955769980895587,0.812253462580165,-0.6622801144524877,-0.7011456801540883,0.9568490764650759,0.2982148265370024,0.31243049666411715,0.26464083830140095,-0.2706445099979149,-0.4079207735764476,-0.161507329978686,0.38994935680480514,-0.5033352424026032,-0.991258085715623,-0.4866602067503576,-0.2605663489722905,0.6225570282277133,-0.3197812649513436,-0.33406585378862785,-0.7478615199100187,-0.18422014695039435,0.4113855858568889,-0.14259219159756675,-0.0005552098390606552,-0.025422859666342612,0.0778671444313992,0.6040201436305674,-0.3767731201211819,0.5871710362492129,-0.535826375392586,-0.7262030767178742,-0.18011494192740773,0.9723279206706013,0.15311671380959213,0.20121204945022497,-0.47429410102405867,0.6469611437776672,-0.9292687024290598,0.03909717765365861,0.3885618409787157,0.6496196574598023,-0.19938521734528059,-0.2459406745303765,0.32137890134827574,0.6392342572681027,-0.7157659985417104,0.9197817060960658,0.7795839597155299,0.12561170782703157,-0.6325165935315791,0.3713038293087716,-0.7006666651059856
0.12846755153123457,-0.2509505160317189,-0.3256826001922104,-0.9532724410234232,-0.7916331371976204,0.5465178579910421,-0.9257475669433783,0.28662997392641065,0.8320159235928541,-0.952486024533407,0.4426042298545696,0.9123714467996404,0.3564304725500096,-0.6547130936581962,-0.8883661298870091,0.1680372334769875,-0.58242977778835,-0.38132256848213975,-0.9336707970932752,-0.12715270222525876,-0.04875339725543881,-0.672820435280137,-0.7709895762444654,-0.6353569518310451,-0.8522285885925143,0.2981068520789949,0.37173416074619725,0.5098183853366627,0.6357951645733555,0.17633239529567546,0.2703862019653369,0.6781591336811796,0.4812652259509076,-0.6848973992766227,0.8397295978356072,0.5663932658552846,0.218800517122536,-0.7750501930349403,0.7002017101224514,-0.5513373609648569,-0.03923211865067966,-0.6807691727081491,0.8392885389611573,-0.9157525469974865,-0.8886933938009216,0.11845120975260937,0.7689211092191579,0.021815705793702067,0.3047355333462509,-0.11105712132755419,-0.44054345515622106,-0.09194000394040636,-0.8917178911632817,-0.42785616784628444,0.11931959277615656,-0.018008891711560837,0.08294742607247585,0.7782768077389071,0.5785719330089532,0.7813282392546845,0.8670646718933186,-0.8757209867204823,-0.6129686362933235,-0.6824411497567664,0.320467599012749,0.6611895813599469,0.494581323005296,-0.9484157866241676,-0.8416994365922998,0.9936578745754217,-0.1572231057876321,0.15384293427178686,-0.8939681663880235,-0.4177274665432238,-0.16808546030985672,-0.16182752898820008,0.006538861685840169,-0.35191206429370947,0.48130328776000764,-0.45849653346732877,-0.1832962481209497,0.6892850185613064,-0.166088062249518,0.38522079321616265,-0.961095025439078,-0.1468260901254934,0.660629778367398,-0.4694611960655346,-0.6887370095435608,0.2552543618838432,0.8336317362870218,0.9986475906169601,-0.6462319290371663,-0.07793612454058363,-0.09390286281537574,-0.06844719208960459,-0.49878314928302836,-0.010363913365379451,0.8122804095796159,-0.47825755157926686,-0.11696232849950317,0.6209270163905314,0.39814949938648625,-0.4548307744179043,-0.36383920194877284,-0.06379456135409778,0.5508723388243806,-0.8942845017610874,-0.13204733898623888,-0.715441600905629,0.2296433674387499,0.0002463252345275002,-0.0924794531837736,0.8425594442062552,0.09151176074616463,-0.6898735851215494,0.044905350525628274,0.5911308467200256,-0.7273382915161624,0.5932978240982276,-0.706744746959495,-0.19789258111987418,0.4391061376214147,0.4148875272855337,0.5117788967140788,-0.48568498910179203,-0.12490631599954094,-0.9973803856730443,-0.6082497259127091,-0.014616801224174969,0.29094754928269895,0.8830122414863895,-0.9334492186503283,-0.22561487959868032,0.43447067436299003,0.08549749128983986,-0.9788510680958855,-0.5974704612155153,0.37994740663960513,0.9273902571389583,-0.19716140064598786,-0.38877123595093277,-0.056099907019524275,0.7398903008882476,0.6762274111461968,0.2719548354164363,-0.7113095303444252,0.1652666110351193,-0.6181836739545019,-0.7535786348563838,-0.6515996342752952,0.5235040336356862,-0.4749828110108354,0.11328878528941044,-0.27807256224420107,0.9659632201951835,0.344502667869224,-0.45988608772745976,0.676909825189554,0.5836065116227529,-0.8305183563113081,0.2078605306982979,0.9542082342029341,0.11273379148413998,-0.47661752170079263,-0.9605589133158405,-0.1200158446615478,0.8619240031011592,-0.7630002577411965,-0.9976506428101781,0.028872859171695353,0.4478613538318119,-0.19922765365393658,0.7444452032210243,-0.7944565509703896,-0.6588999325124982,-0.04092315633089427,0.2977284804502214,0.4490622870482912,-0.8903718222484647,0.6540204478089797,-0.8835696833583526,-0.5478222783664555,-0.15070235766408002,0.09594366817148248,-0.25401981574282795,-0.11473084096457686,-0.24138579587620956,0.3987758480260706,0.2962334142925127,-0.4126583127337118,-0.8335250069247053,-0.8925828586887856,0.9488911191727762,-0.8168184752019085,0.852745813558657,0.1412998277716917,-0.9989924423211569,0.3525711665895854,-0.8980074403398925
-0.7877294943278708,0.11053470875187554,-0.2757586832631076,0.4530255224795716,-0.9763587061729431,-0.90386952238385,-0.30396883688682674,-0.42188023678442765,-0.052889285035844,0.37215512637199755,0.8605804387735982,-0.5407129421334045,0.3653554561402441,-0.648749634135185,-0.8361832199699406,0.9795144896891901,-0.655702775417208,0.8024403733863821,-0.058664078049743607,0.8089342955406054,0.5811117232299756,-0.05325796799316418,0.2968444594847022,0.3488777979138309,0.30790560936348377,0.7201911499659772,-0.33247455000871873,-0.5398636777973755,0.1982922020891449,-0.3574177832155969,0.7341362498472794,0.975528187324181,0.4963321880881799,-0.4911901528922238,0.520167949303959,-0.30690273417014,-0.23284429813762597,0.35640264571393865,0.23106018846559118,0.4839917012738453,0.33789811504552003,-0.6684730044580054,-0.4374386953803808,-0.19107292169014456,-0.7739884056266857,0.5571206170141505,-0.5776216620086363,-0.41655854822174665,0.8823155431947884,0.5738093060245275,0.7015748525617713,-0.8141686782172832,0.7961426376605851,-0.624691602016159,-0.08282809052717832,0.561953380455062,0.22521970819458903,-0.5404610802471899,-0.11172288970031263,-0.152502599414865,0.5031884520570884,0.48311720152838067,0.5428927657509992,0.373454073189569,-0.1054226550561117,0.06714640729445609,0.4870846521267238,0.8010191973555694,0.5342449682538717,-0.9904030138629278,0.060389031771281854,-0.31298991298072787,0.5336435450375616,0.6166689961510159,-0.08438983110817344,0.1974233635857583,-0.9071470528850176,-0.27365981756202906,-0.4034506735894532,0.4471746890393715,0.03242231174021848,-0.842318426444643,-0.45425968485726775,0.2245489364096538,0.03101611224281875,-0.5771222270130727,0.6389746486688221,-0.3251816108328738,-0.19846449537701272,-0.433517072581181,-0.9097344774925642,-0.28903048568653,-0.4890164097319052,-0.33859796782122276,0.12987484957579776,0.15511762436987575,-0.126540613038842,-0.634685303890153,-0.2522292619220523,-0.5130269629159878,-0.709285736471202,-0.1172561535740273,0.1823249028515863,-0.8056575819646985,-0.7668800042490787,0.3829488897740534,-0.8864925069951408,0.4022690880012241,-0.25611038803039743,0.3859630355477668,-0.8583593672192118,0.06846425310202386,-0.17928305748957385,-0.15141822551090023,0.0233571918262252,0.10780602199304146,0.9909312982394691,-0.35698593264141243,-0.5552549985273716,-0.6681103247944391,-0.5144742674087608,0.6535055872332303,-0.17590023401700794,0.00016019740713302255,-0.5807106636119588,0.6374685117465193,-0.09208043332080518,0.38889333901643197,0.3016687821596602,0.38635994400075413,0.7028428246360023,-0.9833717513444364,0.5187191522104022,0.769499483051846,-0.7044065794849246,0.7168521347432002,-0.47060554988885994,-0.30766922807396013,0.9356112770478573,-0.009319831986758453,0.8648549785354092,-0.9826962003864874,0.703124393997822,-0.4069865860544306,0.6524687284822073,0.6452719207770574,0.034083304848359974,0.7687415320758559,-0.03146064398603898,0.5833697102674968,0.7289262280162367,0.4365232826733232,-0.7181873624267345,-0.8715245596488541,0.5173923344070526,-0.4361684699284978,0.9434856129152918,-0.48923041509315035,0.4576878330086527,-0.4399182878903085,-0.38990580459540425,-0.9901602671341985,-0.6509901496190638,-0.5041867802221272,-0.08866557540877595,-0.7926126944753682,0.4421163878983754,0.8377018161426479,0.3643858503466799,0.9733332960963499,0.7591580328380725,-0.8387918731234896,-0.14043985190208796,-0.08397759224233736,-0.0019270131595578999,0.07067069481938004,0.6173443536672565,-0.31172578333899814,-0.7118863072768635,0.6643595084109268,-0.6381416108634581,-0.10797153615545518,0.8854791200000913,-0.1442849990774171,0.8389657661832424,0.036939973370029966,0.23731867156916886,0.17936056842134573,0.08351635224724752,-0.07795164077418626,-0.058725739558892265,-0.41361188473134236,-0.34122116099713673,-0.48403513605180915,-0.0961618310437844,-0.4101780359972096,-0.8614575827777364,-0.4447301625568958,-0.7689066541482912,0.22075332591242147
0.9902307560472574,0.4440873702707897,0.16248929487354458,0.3838414249378608,-0.5739424315698618,0.9894419594186707,0.8338784426936667,0.38251163554628564,0.9251219868967968,-0.1300715776980661,0.3907589681994681,-0.3342573096828423,0.9820926944017778,0.9757423802956069,0.16285369111291836,-0.4976642373669611,0.7916252501189072,0.03186497990504811,-0.9455692751574529,-0.6936175847009387,-0.4423999809996919,0.954907931804446,-0.42731447834333824,-0.4107880670053212,0.20808564487697367,-0.15613535465647388,0.5766475598376952,-0.30105469514245464,-0.7623431098293976,0.7741737376139384,0.9623767638227545,-0.18082097836756117,0.6066348612615897,-0.7277937128357441,-0.7353741869147039,0.8431916570662317,0.7356227471866916,-0.875795066861988,0.883786735108345,-0.06933206277753623,0.3144617441130515,-0.32942425290809396,-0.495353616499006,-0.9394880106093142,-0.36785438704788076,-0.5358688220063135,-0.24246527202243784,-0.737360660634145,-0.738927342749973,0.2713312793344731,-0.4009818696786098,-0.5038484327069293,-0.5736403489560382,-0.12001474260953149,0.3503745373526346,0.6168525499843349,0.8271809019232972,0.4309465549954148,0.8168795331129128,-0.8651884416208311,-0.17228726095349023,0.29740032794998683,-0.4314623728655058,-0.08686347496204294,0.7486755304357993,-0.16326038259188813,0.7231548586879226,0.5996014894021149,-0.7897203247240412,0.2510866683199693,-0.5805861570893773,0.3970570119371448,-0.01691453837557466,0.6948718754352339,0.1152013227951354,-0.02345993310829586,0.5165922760657413,-0.9050278528605298,-0.20981434857552617,-0.8448514741815636,0.3939089459479521,-0.40238466342215484,0.24516579302796848,0.021314134170549393,0.02719887199014237,-0.24658204269935502,-0.2927211905567586,-0.34779307680352245,0.6667614027329054,-0.8401902538108033,0.86018461031798,-0.6695053036737628,0.7090287886705298,0.36132399025937034,-0.6479588249536077,-0.7209803450699674,0.8762832607530926,0.8297404000576192,0.04662315107722437,0.08058897228875339,-0.1344174357652712,-0.9169927550653787,0.8506521480694236,0.6683622144503254,0.22690551389022007,-0.2197734476725468,0.8446849393062483,0.21144130119639826,0.5223596887314654,-0.6487937638631931,0.0030030591869549816,-0.6873617918262533,0.3853581076964534,0.06523132309538826,-0.426883050069101,0.766856656014969,-0.3433228708190408,-0.9110879712918565,-0.8415150691591378,-0.5595614188949007,0.3490235681468514,0.6289825829400686,0.0807880693001719,0.7340954378938926,-0.07945686442895483,0.5853387673733621,0.509271247161535,-0.6648259727715229,0.49158430336925485,0.8359283360357668,-0.5840296765050181,-0.13481845044128282,-0.2367294352806466,-0.12704241305347153,-0.41404020597374425,0.5752960658448034,0.8589348625048854,0.49794416845634837,0.09028012140391706,-0.7276319499689969,0.8894821486112257,0.4048468718439677,0.555591945915284,-0.6276947934747004,-0.7119497130932766,-0.07446314783720687,-0.24256190685097345,-0.9418795001152869,-0.5135981418260451,-0.9874156638112819,0.9878827320451802,-0.03376575635618262,0.12207626143837991,0.6623236726021411,-0.12473695024923592,-0.8400128788264396,0.4867592753060632,-0.1866002055705085,0.3316761633298393,-0.5448880221861747,-0.55627153417528,0.2754535471393962,-0.306082534592363,0.7401720546840469,0.5134914216194904,0.911915326663981,0.40846576345388463,-0.039322685558827786,-0.31575374468106854,-0.14943434039526804,-0.6142443574363021,0.30074815644421116,0.7175567866000527,0.7027389383199627,-0.09416776150903461,0.28863334229345705,0.5342068975649874,-0.8881306610302697,-0.3388166842912803,-0.3206862281152527,-0.2870942696076799,0.16802250548923392,-0.5633519729838428,0.8830366004381642,0.5518982628327931,-0.5587472804566613,0.27205672367206235,0.6498283464694588,-0.6595694489665203,-0.31121814525403524,0.8489355565623424,-0.10367556031374825,0.8231995258129416,-0.3756550742807123,-0.6735659869214992,-0.4908525043463885,0.5266043652120362,0.9419172428904918,-0.3378652432235636,-0.32449769541094065
0.8164836080453481,0.04241512125180935,0.4528905270956036,0.4007157934298091,-0.5541365596487524,0.1576945304239361,-0.10026367169062711,0.8310054836133716,-0.08369327114166292,-0.9226449684326101,-0.7914776488542714,-0.16886191849893173,0.9421319746660826,0.07487405618740506,0.9086806933455245,-0.2806297721160209,0.16756262512990494,0.2752636191895921,0.7284537745340043,-0.20053817526333018,0.2898469337855982,-0.534306652432033,-0.2180516594438422,0.5735416112317835,0.7475070855508699,-0.23977272795554772,-0.9796815917339927,0.9278192216954857,-0.44292504318208614,0.34240640591728844,0.7955537179791434,0.49225580202235375,-0.13753136248199582,0.49222167176401754,-0.5855418117729976,0.42335099247568553,0.24719935429305928,-0.8588937824242899,0.37956728284112806,-0.4331530400460508,0.2045753200396072,-0.2955014476975941,-0.06951010349363429,0.3789435690299163,-0.9419851599549138,0.31847092284284484,-0.1535187677865082,-0.6766382271177782,0.35478041492343126,-0.47645922094558535,-0.3744285168843904,0.6806104867581222,0.3549783355275986,-0.4419051563905625,-0.6806802686788767,-0.4508261824879982,-0.02362059932082272,-0.9519411081644886,0.11031713477730509,-0.3539380996476267,-0.8816862093635909,-0.7424529501191577,0.43682161043880097,-0.5492221435985771,0.9104304052135206,0.15184126066643322,-0.9421282903282482,-0.7653434985678811,0.4426813415485984,0.009109087270483984,-0.8177651782759259,0.5184135940063179,-0.7124385007574894,-0.5523087047375574,-0.288292580480898,0.09944757259718062,-0.8933179181744386,0.7821850461902524,0.0962288495162229,0.9964231710984763,-0.9236181446785017,0.3473170998231856,0.8932915198351141,-0.2680493620245237,-0.5630806653692417,-0.0859314161508753,0.6754103870409194,-0.6045456778097544,-0.1925996324660748,-0.9576483200594723,0.27177589619065845,-0.10029643042382363,-0.6685984505490399,0.5338931897402897,-0.8582444787325789,-0.36245973518487573,-0.23805678835787902,0.21630587326725403,0.3201004955320794,-0.26381822731077764,0.3936751770454463,0.16273208957591456,0.7959478839608298,-0.2930935478104002,-0.010725165298184791,0.13669193302481908,0.22321082010928328,-0.2582928839882823,-0.2643108960178786,0.782064606884171,-0.35157971238269026,0.2970765715836061,0.37665786786666056,-0.2265546152889173,0.1262900339077948,0.26308252041010327,-0.11377911098699389,-0.39927499720534576,-0.2709002513389036,0.7801832252304164,0.6796820504400876,0.7951412062988679,0.11830154395485137,0.248531257286281,0.8841194981404195,0.37935761083577013,-0.7380370834608594,0.7064807215750837,0.7937691713418542,-0.7131756423562006,0.8660571584359253,0.8848084278871264,0.7884401480665062,0.5472802449702248,0.2904754575567978,0.0012473339442244935,0.5496840739146984,-0.8513881803399685,0.3002226697405439,-0.8074386138667731,-0.8657978384158256,0.25830468102940496,-0.6300519243995641,-0.4012611682380627,0.8153551574686297,-0.01714793897574829,0.4210650815941621,-0.3606611170032954,-0.8799155234719662,-0.5909810358232233,0.5789839745586074,0.32962213658550765,-0.05283143176622618,-0.2285654132808117,0.24592232527893643,-0.4758458664532095,-0.5950376238566544,0.02578174666540467,0.5492203913170877,-0.7170069023939147,0.9021428384882733,-0.6228943046549813,0.45756362918579696,0.3664039948320841,-0.5160552237584761,0.4469908764539974,-0.8168761613104656,-0.6629373023237783,0.9840328735785686,0.7561066596402211,-0.42853823289860915,0.47356922480807695,-0.6542549791522392,-0.5994499623973917,0.545807427711904,-0.5328968273168577,0.28797149413073786,0.5885977415142496,-0.955896011354409,-0.49897101387002807,-0.6479451239523752,0.433098988064335,0.6454813711595135,0.8023564672289072,-0.2766051781411454,0.6609061905746845,-0.6704680419924571,-0.04360959572085554,-0.36603101219244927,0.13636618943707068,0.41480410139128043,-0.4353737544257499,0.634598888135744,0.21556427945342893,-0.49423868822245853,-0.7274090528417045,0.8217938342006175,-0.5266663446390993,-0.6922734480363506,-0.3950265138352469
-0.9836778478869217,0.10737633556193682,0.18868692348838434,0.909623667099116,0.5634569691695761,-0.5921072840703099,-0.3947908469883432,0.9264652688780559,0.9547882859889183,-0.4760277598940632,0.004679019898956138,-0.26622047315550557,-0.8626852899472623,-0.5713218510027738,0.5342742306831221,0.24682549286492672,0.3838090773806069,0.7849875608337031,-0.1449620642235172,-0.16797852386259704,-0.6287210212116121,-0.5215667442924661,0.6387731303039512,-0.7680509274005403,-0.767005500931482,-0.9481601748872981,-0.66915152044228,-0.827375205116702,0.391611005481324,-0.5923674031719448,-0.8328339905450937,-0.5524233573759574,-0.8154661314189562,0.18412604718353776,-0.38936924099201775,-0.9312603747433252,0.23613812812630086,0.9015759617439187,-0.898521415053934,0.09007144935019107,0.056583608856867196,-0.8595286223531413,-0.24030770842094595,-0.17566284087272632,0.6191390061447564,-0.6844334276280417,-0.7659655686542155,0.14455826740998612,0.35220077001623307,0.7377192465974272,-0.9277993066141466,-0.6918404240890796,0.3414022954845155,-0.6156134557584907,-0.21488982492349118,0.12317576597720459,0.6332813903121699,-0.5862057344004485,-0.11546267630009366,-0.6967910642399704,0.5207506780481059,0.7620030621078253,0.25207061169583156,-0.021887793334804284,0.9834024205862404,0.9475984711314709,0.42304964184755023,0.39154519126581566,-0.861590580474084,-0.03149375192707571,-0.9773096314332252,0.3103892686613654,0.38156337362312986,0.803826087164653,-0.8155165669563316,-0.7696969972870273,0.01235529472207264,0.5254572850336672,-0.4188755894338383,-0.35788111667125766,0.7336155478681994,-0.7759709769609908,0.4443539262703693,0.5634431117607381,-0.9541474914037817,0.7747084049299771,-0.5019692141945538,0.9053707837911396,-0.47300674628565154,-0.26424031809184956,-0.9443681097306367,-0.01381453757564488,-0.4877964124923071,0.03847726396842677,0.5398934839791139,-0.3101152471001243,0.6527526783281299,-0.008137025627763084,-0.30649511886940606,0.406711461447121,-0.28378807444145937,0.7193266548666177,-0.08153942000830439,-0.5478126991504195,0.6510191616017269,0.5118052772639115,-0.5820648652662053,-0.2112521227285642,0.6704961239672635,0.3242740407208071,0.9193620479477904,0.007657017232318264,-0.8463413552519381,0.30464608926206527,0.7055528562044782,0.4887063648790577,0.53834617219672,-0.3690855090239167,0.7776256604496621,0.510086259834355,0.9531074888540103,0.9420889024582046,0.9082127092475196,0.519384307517105,0.14666222947912666,-0.24176860064694816,0.5429722697403172,-0.8791460927646526,-0.2021252383344423,-0.07668679918781063,-0.9726714589391652,0.18761595498823325,-0.4381291806311358,0.8279947429477563,0.7253248667314283,0.935696130944824,-0.20557377209635308,0.20919210084623696,0.7225936459856248,-0.7261503638801736,0.5317358560535101,-0.563599918931398,-0.07757495255373104,-0.9414436445660552,-0.7838100978405855,0.36237448928170757,0.04582990435946277,-0.9821949484743044,-0.9471439781785345,-0.009045170744541364,0.826142997528633,-0.4513034722810334,-0.9028876638496959,-0.15828761163501848,-0.5007056566684591,-0.5675947174691485,-0.5690148495975134,-0.9387583911555792,0.5052723200056077,-0.32470952138971754,0.0690335002290634,-0.018159757656565523,-0.4293716716515279,0.3916894576208494,0.3869790662248842,0.10411882687654894,0.2461024504195386,0.3021812464460658,-0.5131883402448849,-0.3298924624952875,0.46441683180934423,0.6814592119719061,-0.01422498842322617,-0.7157187234670086,0.7018360181054795,-0.34995500872531227,0.08347855267625004,0.38490464003940317,0.37179348429789916,0.1008192590706134,-0.32466997589626145,-0.4513046688426925,-0.36727005244886657,0.740533547290708,-0.576854115423469,0.5385919379342794,0.7883307572619365,0.909630707216718,0.56344600057492,0.9277105363424305,0.8386758165182773,0.03876048120753994,-0.669813666071214,0.5019820218564237,-0.14326889074431315,0.08532195628872086,0.8177513063876591,0.09560825989298039,-0.021921870180188874,-0.20724147739955145
0.12518457831722318,0.26981179703039704,-0.709259719359167,-0.5189587543623286,-0.9660120750584966,-0.4838047669104195,-0.5292286662579397,-0.48932767750358996,-0.2718155455755915,-0.37759813050485835,-0.15781673940142982,0.5991265367488565,0.03452131793987134,0.476108543270946,0.8874603019909746,-0.46850210281811777,-0.21421034290062968,-0.01781243433469637,-0.8233269433637052,-0.9228177457999478,-0.5440300985328979,-0.08526312808817105,-0.30958561762777825,-0.6626860860722155,-0.11547005950233524,-0.20072829667752412,-0.7563434502460347,-0.28329949806056054,-0.39618068926228767,0.025741995922306193,-0.7781837172911061,0.5525056759916953,-0.49387738407771176,-0.8410576675851427,-0.12117524179424932,0.08810025621562945,0.41346723305591704,0.42267854830884755,0.40609509317941406,0.7832649360364967,-0.8546166805316309,0.07802987666739747,-0.7634745076004048,-0.3861685337616436,0.8348658387519075,0.7194953143334872,0.7549012806274311,-0.847743986706049,0.032794052475270785,-0.6672281563331393,0.4970314614227762,-0.9557294430927321,-0.33430490878678687,-0.3204296423602513,0.2611851136328782,-0.24183231634873814,-0.2987316860293314,-0.4835912559114406,0.48303698596710753,0.001552462127456744,-0.5064028295908147,0.013114359275394394,-0.48902405910343916,0.6985871038300586,0.5576956416809082,0.6912514864156789,-0.5370517894650719,-0.09584595129631701,0.9772772679763653,0.6139095578685785,-0.6031908051659496,0.7545700192346549,0.35331708599166767,0.2637666864094974,-0.3704782086490128,0.9837598702007906,0.6951991851121555,-0.2916553665017012,-0.1794571461092045,-0.15201729493346505,-0.9822665865590072,0.9849524499020768,0.7024536443685445,-0.8145683318231454,0.9105621041903251,0.28705768256512276,-0.7246663696737923,-0.006913933523948312,-0.7003283656170785,-0.5589070175785706,0.04531868363033609,0.5997236160493633,-0.05684679885063937,-0.4658886687906234,-0.74858467742107,-0.8020306728536928,0.7144811112698672,0.9318106586628059,-0.10995850348853153,0.7445737392145622,-0.5846812517854743,0.5956850428935432,-0.5364918927091464,-0.26469898733317576,0.5722071211748425,-0.8892904081597766,0.1618596065766229,0.6754641932126908,0.261961794659219,-0.9570478501939732,0.5799869088154579,-0.6126426121795512,-0.9412466767297321,0.4322719366037744,0.14717346556534916,-0.18722492928850398,0.8374433056545836,-0.278577327234353,0.08719158341738531,-0.8607336254570501,-0.1762734829853747,0.3863467989969358,-0.4807566574792188,0.7831792049648907,0.5472886554478353,-0.9614789599098552,-0.4498109397851455,0.05538032395190973,-0.4962448394004566,-0.4559796275374379,0.7432101927027868,0.9224158298054514,0.6259040156513167,-0.9321477112830323,0.3820547077055636,-0.6545589296449585,-0.025971637249700086,0.14082494870900475,0.4250563779587513,0.15280324720418448,0.7525457994613665,-0.751772831307636,0.6226020929402465,0.18783557347439794,-0.2892010769980693,-0.42983234505270884,0.4976931719064408,-0.14450646078470797,-0.341393824015801,-0.7236236507399849,-0.8309129628394307,0.4837575070794389,0.39339851552216887,0.6851388766663207,0.39632756962159954,-0.2925432347544903,-0.12975354298307584,-0.050698677557782235,-0.6628878638075331,-0.9844951783533529,-0.9760383350812498,-0.1701879506283468,0.8604368231070922,0.777987256587279,0.7758651961511573,0.4368998388103218,-0.8663262032216643,0.9856502629344024,-0.5906126607820077,-0.3879340520358492,0.15991658959186061,0.5663118404830425,0.3942353390345219,-0.3621515246469438,-0.6317508334780502,-0.37391098329189587,-0.764913964031418,-0.18140139115454557,-0.5742828316866935,-0.5440940734250532,-0.6753876146292299,-0.44300420717229216,0.46456582120637613,0.21207884678860522,0.4368637962802706,0.37370312147661644,0.36703201908234306,-0.9076342127767085,-0.8190051399922964,-0.9744815608095632,0.11237138459020457,0.8918861762201762,-0.749100108696698,0.424205610498227,-0.4322603101095863,0.31222634520889647,-0.10305679731017814,0.9040775608255298,0.47533389536195925,-0.5211847120381281
0.7128698121098285,0.7479135691981549,0.5563719860685807,0.8798199380379701,-0.3965288466298993,-0.4363166825493845,0.39770175398888696,0.7063746644321032,-0.6525395568383736,0.41122788028459145,0.2741996176214212,0.7790946483673971,-0.5095531446728223,0.42726602182693174,0.5477367959879584,0.5743509530493018,0.773997095429493,0.7838751903447776,-0.5960135960592816,-0.5734651165695006,-0.6620360363348883,0.0697503508579409,-0.05625608991173214,-0.2815999111615828,-0.18923317404933382,-0.016114598903383515,0.9870928757607196,-0.7506112805076726,-0.5837626450020401,0.8366079500097201,-0.17088799349575745,-0.3485770467168523,-0.45216228608468656,-0.08731061293802367,0.42195064533282967,-0.8082873846897674,-0.8344247886292435,0.03530507624697132,-0.7402106987903796,0.4575197209261095,0.9691968122832371,0.6715836752159279,0.7306093273744967,0.9202678273431033,0.919571787677991,0.35027155116358766,0.04348116800779267,0.18903510686152014,-0.8540313551968342,0.4430657764674528,-0.9959418700986915,0.4554426905044575,-0.7583575529457103,0.9776910009461919,-0.7614794660200688,-0.39860646526478694,-0.19734249624915257,-0.490842798623075,0.42512797787242884,-0.8365482245708005,-0.7938577830887068,0.16504716658977636,0.00967461230035771,-0.8792987203859015,0.15312472667510102,-0.27351828217142216,-0.3931376163294631,0.4629089499629495,-0.39605269025023593,0.8366253448944201,-0.5742286002692683,0.463338402112321,0.5392356167810193,0.03236058231065009,0.09324018445579196,0.30306952842167467,-0.3270361874987455,0.4208965776074627,-0.517649151428913,0.9999777186157108,0.3382107389398321,0.9409766091762759,0.11913571767047904,0.6775647248519705,0.45601802312697437,-0.08301761739355529,-0.8869877983815047,0.12063496650024641,0.7747122067362016,0.26504603247391567,-0.3187261038683289,-0.6548362622509256,0.8628429486573754,-0.6863517450310861,0.5019286818772764,0.4541475738718279,0.10985435289609913,-0.938411510726789,0.9378244156155662,0.5099033738076255,-0.18764213497831173,0.14350250321014468,0.1711118677318515,0.22900944067686124,0.331688439933453,-0.1761305223701466,-0.9609426088869193,0.08228521690335477,-0.2788284434294026,0.4378489232597884,-0.5934631295604438,0.9855016352982484,0.6578894938691089,0.2931744455912588,-0.27798578948715025,-0.8736453740318539,-0.385122278295293,0.5159612868022059,0.337272949957945,-0.7328055951730696,-0.7831652944008118,0.4345583617860651,0.6582171322982291,-0.6221761750747921,0.9860483369979818,-0.05522689208945253,0.6639332288058526,0.49852646281909085,0.6855615076997128,-0.9576500438598101,-0.9067136971541851,-0.5080653207388797,0.040374245892645044,-0.8784585218469836,0.26302730310135924,0.5036285032805075,-0.16617015124784573,0.42718857087267526,0.5274270092642841,0.5029202521977287,0.8784409251815166,-0.5504075413313305,-0.926831088979386,0.6010969108440358,0.5889503918954846,0.41260226123218113,0.1412780279502639,0.7786039246636545,0.029699284353529976,-0.4540751501231337,-0.457360184284034,-0.6908988852443319,0.3904887689883192,-0.1296119318647997,0.44507270014984046,0.08164989114192234,0.730463719507545,0.8677394045012401,-0.6479951796577765,-0.1803083069978182,-0.8814696393546146,-0.05045610966617842,-0.42720588038567286,0.7269639710936164,0.6241481950925858,-0.2100648236772109,-0.1167164425070335,-0.1458589960501928,-0.2096655464105217,0.35396346861387284,-0.8203754905847591,0.19616549476729617,-0.6796806230821444,-0.7940742604918993,0.9958713141974687,-0.4571074620125908,-0.0467419240266862,-0.2999500482754054,0.7182090866481887,0.6129306262784924,-0.6123380317191589,-0.33231136553415386,-0.7352462149441832,-0.7016690960375946,-0.6281947726389274,0.9499371674589996,-0.20559616965865546,0.9833908077582207,-0.5484638205416861,-0.5665867161004643,0.6903133354066566,-0.2221199622258221,0.9040705100302184,-0.4886217214865496,-0.6563390053357134,0.8528102691652923,0.9048935539022298,-0.5546388739120649,-0.9797817973526175,0.8210409688315872
0.5178730343730382,0.9981894045026412,-0.07710703084639103,0.5505508157613503,-0.48417915738285355,0.5211957102898119,0.4648815599247409,-0.5457994142918081,-0.8269172544377963,0.02988090131922916,-0.706724350939749,-0.7030289430653611,-0.07003138363790429,0.48926328835838584,-0.26380803999048985,-0.7497112401932775,0.4161804103550313,-0.5997886585863279,0.5201126580369013,0.14951176335744076,0.9668888453352924,-0.8763024550658185,0.5971069240296023,0.6811247145873796,0.75948177590879,-0.20111911411092143,0.8482991571287688,-0.18361072837592474,0.8614071787724795,-0.6117549220323115,-0.014866122089691292,-0.5389036801889635,0.9858188220541473,-0.7409630544565837,0.06558042680735188,-0.2900951996870036,-0.19950632513551625,0.5466611377368646,0.5415562468712847,-0.5382443448103509,-0.7203743026374352,0.573046279443794,0.7097229482783651,-0.5617677495286995,0.34833881522288723,-0.6275229254809234,0.5018304076750586,-0.5842047020493879,-0.9293099011022208,0.619826186141786,0.43492149519227574,0.6491042638841689,0.4666981652224209,0.4287617487511992,-0.8935867099925039,0.08643656511495035,0.16813475358775354,-0.7148501477393505,-0.5847673825773105,0.8712112888114916,-0.9319413124857254,0.4861271894838046,-0.9777189006343809,-0.6049726427929494,-0.5335568653510632,0.5233265637852684,0.3655996192066302,0.264511475365532,0.07481230627354196,0.6213955955898529,-0.5789157668743259,-0.4381384794841061,-0.20275265522871422,0.5320871467629997,-0.8350209723728501,-0.27990526488915535,-0.026268513637006663,0.09485037067438462,0.8438410611844258,-0.46123559080451715,-0.5617589586989855,-0.797944700830552,0.04752959014396052,0.421728158618772,0.2525989468646721,0.5054821362383319,0.3741665434469523,-0.7726563889157996,0.8989551130081188,0.14273367313631025,-0.2287152180022931,-0.9668749586694625,0.9544869609556816,0.2556671855771926,-0.4084152077208596,0.6883011714521128,-0.2869155361181024,-0.3950965296043991,0.6639975263351325,-0.7118410900852221,-0.2647018210669221,0.33137559438836983,0.07875872837827114,-0.5550842663114157,0.24144811434622437,-0.685316079332289,-0.42126868620339897,-0.35358233442517206,0.4265769294719337,0.25847796833377656,-0.09939558508665858,0.2953859265107215,0.981622173909716,0.20506957812125215,0.044789486070267115,-0.27468091820567353,-0.5916435679335303,0.4516554171078424,-0.7344269972119775,0.9840895467414359,-0.5732306147268531,0.6055777605200723,-0.923967715785676,0.20646051253101527,0.22721828386453402,0.21437760395927863,0.8274106072826675,0.35387704777911644,0.03576321695012541,-0.5646143007618258,-0.577546222801467,0.3867715056582457,-0.9542854839858039,-0.6700382963627116,0.1877258048923196,-0.25173814956008034,0.16330827510766444,0.3483853104800865,0.927903985164245,0.5957356298387824,0.558754817853826,0.3618706715844282,0.4549684528984641,-0.7444664488491148,-0.9766333342176294,-0.12817622073886503,0.7539018826411588,0.47288226558790236,0.04801621146181634,0.27579295145115856,0.534826279235237,-0.1934551500345416,-0.08451470400163541,0.9809339835891773,-0.011575409508479906,-0.057937501465971764,0.7416650250232659,0.6576763625180917,0.15401210901945572,0.06378457588795028,-0.506773752833517,0.11902778720222496,-0.2832502316808847,0.23127561940292884,0.7811550457881862,-0.9980606551302829,0.055474301203326526,-0.6296030087706515,-0.7067272535485583,-0.06059447853068045,-0.6622073478593835,-0.7936732571534164,-0.29506067088276877,0.51874496639432,-0.5159731074043465,0.3540092176462144,-0.41008722475322745,0.14552194888389658,0.971575504759433,-0.5442957342181978,0.2074348666842436,0.2301734438064229,0.8339076727103358,-0.42193925369944174,-0.5978747821400845,0.1257644049505342,-0.3592298211473939,0.4881978077589961,-0.1704837178842149,-0.12904048295773252,0.32504502911743827,-0.2639976412298326,-0.8510271687816062,-0.8835843873985456,-0.018799391132586774,-0.9373772434357499,-0.7007659563670929,0.7043448700165718,-0.9685996374162051,-0.7070572862580222
0.6133302292959086,-0.06451433986403599,-0.5919521990393191,0.3429619427925812,-0.5571053373382049,0.4858100857283709,-0.664510349170506,0.47166076884450825,0.3136234699894409,-0.07759141616690535,0.4396328435015211,0.6536593613905834,-0.6599762894649266,0.4594277024940414,-0.42983794334345804,0.009984261572622666,-0.46419656925975894,-0.5723458439351692,0.9593770513730027,-0.1478309531877673,-0.21712605647611039,0.5938965543514223,0.16052061503890713,-0.9332294523237923,-0.9792469545846627,0.0974310564905001,-0.13841722315057536,0.439994945677912,0.45451393757619485,0.49557977083869487,-0.5842545781111323,0.717715378789376,-0.6914961574472438,-0.38091642701317685,0.8479495012082874,-0.10545190016106609,0.5375874721649361,0.7731363411399679,0.2558994992204082,-0.6045954277444847,-0.061942852823465566,-0.2851921377474411,-0.27386540725676833,0.8788902354149988,-0.8172685729810023,0.983439347606085,0.5899188378196896,0.5737840356840276,0.23272011683725258,-0.9535822182972713,-0.6043449566416617,-0.8065450203648634,-0.1703327105546637,0.8305831244246662,0.5423272059449238,0.3138655224719018,-0.2685060405954629,0.8991741174344292,-0.7851153460967695,-0.42887174561516206,0.5024542881673932,0.6292193121749878,0.43154485928863506,-0.163066201875671,0.9227321680582818,0.6707831963918665,-0.4901168061171983,-0.012484881389512648,-0.5731839136978067,0.9208029950936181,-0.5323814669316727,-0.11904010522196429,0.09820462587748602,-0.8860812225311951,0.5419858066198098,0.7837204924935022,0.42307888456556064,-0.7384641095821047,0.8867695565909148,-0.9400111189606652,-0.33648993985368203,-0.12651366971775135,0.8367816952968554,-0.824248544080171,-0.617235028110414,0.0846406340427337,0.7878579989514187,0.4803001798593989,-0.11491475864394185,0.1868300367692879,0.8447261713989314,0.07949175689305132,-0.527221054186457,-0.10987884888889021,-0.5089768198834628,-0.4719540423935624,-0.913207879569677,0.6388223082315427,0.016222466810216885,0.23793928644540663,0.006727830180179861,-0.20985726777102598,0.4938128936792927,-0.8844843186468336,-0.5205126994091451,0.023007986852135565,0.14129685826486926,0.18338532490578552,0.3461326716830506,-0.4391624272870831,0.6044301630297284,0.9046037441459309,-0.6692008783635839,0.8606777969344159,-0.40365946628855975,0.7497308139829988,-0.283345844579707,0.05677940555960492,0.1897292633351182,-0.6463917792328309,-0.7758040400346415,0.6404954657274924,0.37205850117905825,-0.22224821102330705,0.6450890933742299,0.00880779999305914,-0.8730045854284014,0.042226009754860794,-0.9099862693313219,-0.33976504403678476,-0.3793172773777316,0.2437955482413976,-0.2364783819442009,-0.9986164584054007,-0.4006901146858115,0.6047619440942738,-0.5761248845318048,-0.19527759761278296,-0.11740779465131967,-0.08088827982079083,0.4693106102050262,0.1656778324026713,0.3141468575846784,0.762681574850061,-0.14794151364171837,-0.6274746182945474,-0.7684152899311532,-0.32394157284081393,0.9700259231710247,-0.524520505562059,0.149105799438773,0.36115894325167575,0.3975050496013415,0.9580688081852768,0.10249827487247232,-0.18244934513925548,0.005416895612434081,0.8523883328126289,-0.8597402477491853,0.12605795119614616,0.27766101128480525,-0.9151896865989433,0.6570955858036565,-0.7547535849533087,0.04226758483317239,-0.5567782042196796,-0.5666499678372316,-0.7379557066397009,0.08761609220480704,0.4292975621688766,0.32301532329757054,-0.9974610790548151,0.6298449370775301,0.031249840763141634,-0.3686931468664385,-0.9993525778290613,0.7252137366818203,-0.6652994515579798,-0.32252803764634774,0.7091671598243763,-0.6139542491761083,0.03731654601636092,-0.7881439627480784,0.7519423944395416,-0.9376667876753224,-0.6312810949151642,-0.4113933472238962,-0.2923584005810229,-0.06860451259200451,0.9262169233259143,-0.8147148354169631,-0.2504350757757341,-0.890401968586938,0.495347215448781,0.3081512124600936,-0.818767210874894,-0.40959276843688674,0.1364087130237417,0.15679678493642468,-0.6206144703425871
-0.19765623471927185,0.5688205767277383,-0.25264550691571785,0.754174371901775,-0.32791411696651385,0.15117359302772404,0.3436859073188745,0.47939002231596994,0.18623124394731527,0.666628389488189,0.15277664976990546,0.06450957712564143,-0.8370321616282117,-0.13380101628671048,0.3205285890766252,-0.8463941740538603,-0.9844263563116202,-0.9770637356935383,-0.37762226745009886,0.8958411387742033,0.19489128665163769,-0.5919850661287409,-0.6741276420472031,0.6711549453098329,0.9165072269679639,0.11699926714855802,0.430776863608082,0.5628265864770505,0.8715249298398025,-0.26871935997497176,-0.019208596372469522,0.823556731671016,-0.7971736252283668,-0.15487110490010148,-0.6926035141521854,0.18198311656718302,-0.5849285749676763,-0.7190056432153915,0.5248123436378429,-0.44110292827356634,-0.2939712380887065,0.9234409799392391,-0.9158174907783034,0.7430670997800299,0.7192097719262389,0.6167372951684365,-0.9173028518896504,-0.8956757494260479,0.9840524915880522,-0.5736052173674036,0.7455642026099931,-0.8539164671952462,0.8578324388144112,-0.007946590137251519,0.044300594265331616,-0.3024868758714667,-0.6910009575434326,-0.10206831611861866,0.08180259178437366,-0.2226802945222479,-0.7875664074973274,0.38101190206615776,0.7925926290043952,0.9632829752760095,0.8102308275478174,0.5779864486506257,0.4813129176394373,0.4416296039942649,0.29933308406997705,0.8337000617317192,0.989354660933162,0.18381799752475203,0.6603342647939667,0.8863850395892863,-0.14134753766654606,-0.01922673473098535,-0.8133951996562134,-0.7796651554423621,0.10873461412819685,-0.9038674260457995,0.28644025420356356,0.08408482494754765,0.7984347957587064,0.33445085182584533,-0.7364806404191315,0.33634931907736654,0.2901395824538697,-0.5399553198396922,0.35909440539153126,0.6875125260457478,0.8523303154357076,-0.6086658826576579,-0.6357807170667333,-0.28564553583090757,0.7496332786312694,0.015936892762574262,-0.009357294726235477,0.4412865924131175,-0.7286839178268967,-0.14161792713358334,-0.6987131652062875,-0.7699557872010345,-0.43102212524422834,0.32549991221492935,0.2000657980214775,0.10994301226892156,0.37504795946024716,0.40222773857863325,0.9928857065185805,0.6309168205478113,0.6916369202757457,0.7629463014405429,0.4077854363158804,0.2665317223628971,0.14144108836069713,-0.1908773055646129,0.09514586699608363,0.933773045066107,-0.2813795949393283,-0.31244015450362417,-0.8218925287559302,-0.7180364764551166,-0.9020936214544115,-0.5656952888875229,-0.15561494222453587,0.037733526862399946,-0.190103578775773,-0.45182960069218203,-0.7935627558615099,0.3780732436471699,0.11359493089734496,-0.973341818851641,-0.48978244144989214,0.5924928755651862,-0.18586041271932707,-0.9149977136188332,0.08223069759412471,-0.8492465512187493,0.2223695889050239,0.8140734300346204,-0.48669126572994825,0.6088846888306805,0.10362170399397952,-0.5278284359995256,-0.15029581540937742,-0.3486334344206441,-0.43902110210002787,0.7505631201326388,-0.9403257694806615,-0.19211985153623123,0.1812451285139398,0.6231100685841471,0.48040484387304216,0.6572687463265905,0.823444299422238,-0.9305369792286917,0.655391546066149,0.3846216491559824,-0.08653294649309351,-0.31903944315947963,-0.13560321041761325,0.1150037083095099,0.3685140105819349,0.2753562859651748,0.8291051213903791,-0.3032255534604402,0.3077224797103044,-0.02577685925526052,-0.7166808305920871,0.9656040262308658,-0.8436519309125976,-0.7138496538228456,0.23732552912719918,-0.9678475962526221,0.24059606133530598,-0.09139822527896313,0.718789398622705,0.3010848975637941,0.8154021118741996,-0.641716818270146,0.6959439991494205,0.34896584989273105,0.25420150955995946,-0.42469046333224547,-0.187527228105824,-0.21893117420644015,-0.8288493919650135,0.20114044556650668,-0.309207019280626,-0.9102075383703976,-0.21850776764519697,0.713361143576974,-0.4286178425644478,-0.7220321070486846,0.9608200584354214,-0.1982915532072964,-0.06117355839567651,-0.4130137611583462,0.42439960502572127,0.780274011474142
-0.3596624347202435,0.8132732065666342,-0.7304986273335365,0.5646359318782388,0.3727630732569174,-0.7410455851443067,0.6132761604486461,0.9146297631872367,-0.8303952944135713,0.5171099363301646,-0.2261075357033977,0.5374560910338215,0.08028656838860337,-0.12922750401678695,0.5359873501902963,-0.3831169665341958,0.044186772815506314,-0.45986336755881196,0.8824581712487432,0.7522585175691787,0.1889920520408379,0.26265318688633865,0.5722009938228529,-0.17387145037774965,0.3009338236745118,-0.7501280397797521,-0.26084449323298164,-0.6851973706604968,-0.004726696818895482,-0.017857137001752177,0.36763155900467015,-0.9103895700255471,-0.8741890207403014,-0.2721541550478366,0.8695134892648508,0.9036910255571733,-0.5874365257212977,0.433596982625299,-0.7049646925585062,-0.7040817696822226,-0.6413771366920478,-0.5938418605893439,-0.6972568878297347,0.6556074878986413,-0.21944335354652522,-0.9323070347206643,0.04199778021915379,0.49024969096358717,0.044960988129462365,0.2386023448243706,0.20040684030173606,0.7571401754396982,-0.09476759761940245,-0.7839990204279792,0.9115798897925746,-0.8868693360763908,0.54542930648027,-0.9834906067559508,-0.2800389392943283,0.46430192734441267,-0.5446763585439631,-0.6015637998649173,-0.8246867628631322,0.43798406599502293,0.03007103908352704,-0.25706628086355243,-0.17258219396087138,-0.34122573416501956,0.9213598643142138,0.24735255882047902,-0.423690011145448,-0.7011726909547986,-0.7011539768148158,0.4512027907047935,0.4222156423863701,-0.9867425023834175,-0.8296052085877723,-0.7062320422924042,0.7563614037432107,-0.458265097194654,-0.48371380732795766,0.4883405748936651,0.45107495947186416,0.5856607677695975,-0.44567254321614813,0.3966985440354829,0.5975663524136667,-0.43792517688692234,-0.9380622832857739,0.80669421759618,0.8524758635464025,-0.02904496324071748,-0.5551089455896738,0.3893335745771791,0.600717408331024,-0.6063310402495576,0.6856606250282395,-0.06884741967989738,0.6689465415733074,0.18348174932687122,0.08798304425374304,0.37834940662787586,-0.39252622358303646,0.5126498959748074,-0.8066622625593802,-0.770485499097644,0.861120187206621,-0.7054551358806191,-0.8145409343092032,-0.01582757200734597,0.8806447918094624,0.7309877526977022,0.8024026117599128,0.03408995391145875,0.004496501521010332,0.30628718458850046,0.9202282435094513,0.6080369305769553,0.13372415874699262,-0.6987923851383424,-0.37853546198271437,0.9468481601536258,-0.3123927266392186,-0.07367178023877319,0.5447138043724304,0.509641107999274,-0.12956154628443195,-0.5659112233030397,-0.3350078558680134,0.007869578502645691,-0.0966829661666786,-0.43551846181896514,0.8883201758704065,-0.30634507735309335,-0.7450068083850816,-0.573586124669841,0.40454292745154596,0.004537277261591699,0.9007004429874788,-0.7125878304925313,0.49797087545984087,0.9842810704408644,0.6479300055871346,-0.7018124712323068,-0.37836721099275894,0.49570404269813606,-0.7434769624561881,-0.3561404615253345,-0.3461288196331993,-0.8647831246400428,-0.06811781272296247,0.05277329205815984,0.11419739957492125,-0.6268675691852184,-0.9495154569876387,-0.9078750612600912,-0.5009440146123569,-0.3271811102997755,-0.5391974217590851,0.4724333960900806,-0.6266241891565263,0.9243667046983104,-0.6823243348730306,0.9740228095948067,-0.11723850076332543,-0.054369770956811836,-0.2406181854742513,-0.24227281349016283,-0.9114784221011862,-0.7429918268272933,0.09196391656799441,-0.009712184977113125,-0.3580941899602228,0.3925934259265009,0.0011079079917981627,-0.8419391405141514,0.33025296225222833,-0.8887688871358519,-0.05472392866900666,-0.5847856093607069,0.3680287277997121,0.6431017550103086,0.43356543647208423,-0.21994807488552737,-0.2801845281693751,-0.6208356007527867,-0.25716457102990775,0.5001308278642285,-0.7274717480520541,-0.7432108209240171,0.3133339979475702,-0.931066774118473,0.6827940686871745,0.4237446918856784,0.8811355245441126,-0.48615081920694925,0.9093903044362077,-0.5602645426423454,0.27114069192169055,-0.7564375994320922
0.6105388013674276,-0.8367609340345421,0.8439509315215927,-0.28905600097273876,0.18176209611376626,0.7345297276601546,-0.2360975603554598,-0.388217786661875,0.4156545916402461,-0.37622299386231717,0.8631469339838875,-0.5729329128693412,0.1903183727815243,0.22466057315772536,-0.04235020135812939,0.6215481478345672,0.36705030279298545,-0.2751508023324365,-0.5458367791967418,-0.5139221416836381,-0.44674511573477105,0.16125681896264665,-0.09815278404015815,0.2444424991627936,0.684000590671064,-0.06519365268214927,-0.8155302252598027,0.5000105507032291,0.4926233918372067,0.5836468880352483,-0.3949108537094801,-0.4110143735777152,0.1995109260030139,-0.007331157262674415,0.4777858810341258,0.08547563405358671,-0.28811030367429646,0.10309692795486969,-0.17328852971048825,-0.8623614350905757,0.061366089038445315,0.013176666085724209,0.675739078709356,-0.04767475259698384,-0.19305819192994633,0.8960602240347071,0.9919505257962009,0.617995871344964,-0.7383324039637504,-0.2672879312532015,0.18152685692081416,-0.0017178564220006187,-0.4897460458077434,-0.08731094841502718,0.9552612739549831,-0.5608189476286014,-0.7448728458427758,0.8060446424553696,0.1667429934067346,-0.9099275625857997,0.8396501125493063,-0.5712273848425613,-0.6796437625977527,-0.6275665576888358,0.7418874144864371,-0.3570139815801583,0.11349563361640613,0.8587578964208002,-0.12205618599384915,-0.420324542366431,-0.5865209894513739,-0.7646812203442985,-0.3756064514542248,0.8836017679926538,0.47560991164877664,0.8062553633058132,-0.563313397801581,-0.2073143339816399,-0.07335264519372653,-0.08033660841586232,0.4461141654625931,-0.007260929706121688,-0.9872446289801211,-0.9640024122419943,-0.19462134860462066,-0.17773978621321485,0.9960342344941941,0.5246403716989194,-0.1955665944140894,-0.9925363410679966,0.9339582688999291,-0.24474966582126867,0.43409724741056244,-0.6758915207563743,0.9849402837399286,0.7049998217024669,-0.7597075720808497,0.934107514932534,0.5748873455441021,0.29003766981908785,-0.7458818238836193,0.16205695016672506,0.8558625759560858,0.7174347617685544,0.00689061604944019,0.7304233604429189,0.07436992473949533,-0.03847727841739368,0.5802723953364659,0.5251151239926211,-0.7326734002431978,-0.47714399235971405,0.5808881404324431,0.1973934949337015,-0.604877265535481,-0.9778131707562456,-0.40127130267139477,0.5584952735923705,0.28769395628913497,0.9966000294465904,-0.13822265610217732,-0.6678005060217165,0.5209803139669298,0.8002678960903928,-0.1982266357521283,0.9332446813150135,-0.9350769089543178,-0.45367173041283215,-0.2953710110703549,-0.5367738292440665,-0.636592444741956,-0.4952509454871443,0.8282916883323177,-0.5888320505845357,-0.31989655612332957,0.6227449436039358,-0.44576545688095637,0.7565629035184702,0.12484325604993618,-0.7750697140904268,0.04170949247216926,-0.3814262005471152,0.7204271673908458,-0.13400598836713806,-0.8038440174755419,0.9337430486289899,-0.6373688113935037,-0.941821442948011,-0.2224027402794142,-0.5299220760511973,0.11466054144813609,-0.8233035136187121,0.5142843530702685,-0.9620458437959893,0.11822235152604188,0.45167580154489073,-0.5489504964756282,-0.24747047942250577,0.25183814689055817,0.05805440388392613,-0.8336730943724897,-0.1784605722634287,-0.3238988581391544,-0.30077441147392503,-0.27714072558115355,0.9697347107569536,0.10496973703042367,0.25084760352596835,-0.25545523207312626,0.8641016521753218,-0.6661601800732093,0.24532969663655657,-0.0007187042562919466,0.5094110399087304,0.8427921549141597,-0.5828524267217163,0.7063456536846335,-0.6131574972034999,0.37869495740349657,-0.3270922217339194,-0.0069105300714658036,-0.022277706865234892,-0.07756803292528214,0.03933349985436929,-0.04751811194246991,-0.2677855257994528,-0.5808005726206298,0.5766259962171227,-0.149709342838785,-0.5827627057813238,0.5511157260626316,-0.8214023189913293,-0.48632268609971185,0.19123059619924043,0.16964842894741894,-0.559882361077819,0.6280511915069287,0.11079570686052476,0.9198662124235302,0.304714464313091
0.5988947048452515,-0.6416876102633324,0.5732457114963061,0.7099306304794146,-0.616022777550161,0.21561122845012104,-0.9740278768602484,0.622822441011794,0.6990497470802413,-0.77003701979936,0.7317730639512599,-0.933684243351566,-0.8500082480609783,-0.5521123318405516,-0.7874755064500529,-0.38410349897012397,0.9340347498688488,-0.384364630534368,-0.6331426389607226,-0.6023807017103116,0.9436401762234308,-0.0012172815430970818,-0.6874322778263586,-0.8508284798033758,0.9856457350406955,0.2074177565092783,-0.8259381949523721,0.7280135262924765,0.04914894626678468,-0.21243993793057214,0.6004559685851503,-0.2310531768599542,0.6385454521690421,0.6466283090425919,0.6510370889346193,0.4080714673638357,-0.9629036588688766,0.6784913037544571,0.9615408152450895,0.3173474312243869,0.1413736038762341,-0.8208750435318495,0.9624818549414902,-0.037584837910954016,0.06063115092337945,0.8442750428134385,-0.23715933480576634,0.22619375495025884,0.14459169478550637,-0.07642013331790687,-0.5376671196951794,-0.09581880000967935,0.9556165641035006,0.16806666069603726,-0.211193082955905,-0.909890967593141,-0.6375491207588397,-0.6126568845202145,-0.6375914747663081,-0.3888947036307904,0.34925350805299016,-0.8857303058529882,0.01783442196903584,-0.2260921661911337,0.13180806396650824,0.9618315720294641,0.7916102747165765,0.822343041942597,0.24089977121619532,-0.06205509448709634,0.3291460997499547,0.5058429635406165,-0.27192785796654406,0.8300108713213221,-0.11213718923833227,-0.6090614921308191,0.5364415627188039,-0.02221465905152109,-0.9857739788510653,-0.7687369632528647,-0.3287143661341898,0.35565791455770257,-0.8082501466045258,0.9301264355561851,0.35185473410990076,-0.5887961294449808,0.6167489466501366,0.460314897249535,0.7000953020708083,-0.9907952872342427,0.9328235922193315,-0.1519789322022136,-0.3193365721955761,0.01677224862314275,0.3757198830849042,0.7349675393231354,0.37333429679717134,-0.15979801484458567,-0.8743269587318094,0.8557946049599003,0.047490974411702025,0.3471005351088976,-0.051434513919554004,0.8835278652126923,0.001908933796021639,0.9726201738152882,-0.04230122473847242,0.6599066528358781,0.8408649687557268,0.1823231770596354,0.6585545720538217,0.8977853163609069,0.8316114424846666,0.9857187547593385,-0.17855594644238582,-0.456916199867307,-0.007631554438764621,-0.6635675522285878,-0.5984708793404594,-0.01999553448537994,0.6793142332553064,0.31570582724060237,0.7700416267204684,0.5304301809445724,-0.2986996532301902,-0.21258381294495976,0.7437551736607577,-0.47232444978726096,-0.3304425102734181,-0.11110033607747205,0.4828331379182038,-0.22997825415401918,-0.48143409461878583,0.16673492838462045,-0.46984453540374416,-0.11476256333915069,-0.8433864660729398,-0.2928335541194784,0.25671428157610454,0.47655342874844964,-0.4498475364794021,-0.11329513926618695,-0.49451683665015755,-0.36056744087078463,-0.9278421891197397,0.2770522405163711,-0.4936244931292848,0.5493055934391149,-0.5173249327736567,-0.009690028881236046,0.20103157531400728,-0.9888797319060834,0.44995008815666515,0.35845213877781656,0.4960743266972647,0.22228283283656491,-0.37035885634280796,-0.5460186654078549,0.24748693792072318,-0.33446768108711744,-0.946028884693632,-0.11814745061502574,0.6294831834643726,-0.44068456360748964,0.7337992033637912,-0.9349237267247998,0.9356747639483127,0.049954131354263076,-0.250805002010285,0.0641914936291006,-0.6025566797048278,0.06735590654423018,0.8498257160620923,0.1606917856408494,-0.6269406270740097,0.21432514668800873,-0.5046506910460931,0.20167123347185334,-0.3941122744080743,0.4806658405789981,-0.9142012492324796,0.8376066725953857,0.622844871592569,-0.9416488934350227,-0.5571780732482963,-0.5819361946677779,0.9351806462247854,0.750947136802024,-0.8252777553834298,-0.9973840903980924,0.7598224190819833,-0.5631531897682265,0.6215957401608709,0.4130477347607586,0.6768620465593649,-0.3715478613472021,-0.9082208752309444,0.4761890751048852,-0.717695304637979,-0.27807169382981534
-0.5390780438579725,0.06592605191403078,0.26327946158388094,-0.13623748412764902,-0.5958180294803881,-0.4172972749989441,-0.21086362798096103,-0.4377346836370408,-0.14591762026432353,0.38331387912407044,0.9956088332635555,0.9078337535382133,-0.2118086388145537,-0.1362327673201713,-0.9253145568424459,-0.5631789587324181,0.7142234437412522,-0.7270188495005825,-0.028615158847481004,0.644472163674092,0.1407526674767008,-0.05092592143332486,-0.7770812908459555,0.18927055815810845,0.565119163001861,0.4174244695145952,0.5158117946321674,-0.4326456961309648,0.6314329664381713,-0.8932553697060679,-0.8224241283364848,-0.6419214661674901,-0.02153392976208579,-0.9101587312975716,0.6083880444365728,-0.7796499776533015,0.7477048426318837,-0.3442041558774609,-0.2165196791435824,0.9535064327381297,-0.475258371354653,0.7623044321162082,-0.04844685545889349,0.26769513591129557,-0.595630816841578,-0.6073754132413125,-0.527881981983154,0.669053584661006,-0.145767598044946,-0.4728285036741027,-0.5700742618822088,-0.35713585544843673,0.7244220473662131,-0.25759043887866095,0.4116290203702504,-0.053883142350540814,0.18008421674927289,0.7100260159580927,-0.9541462071860272,0.6171238707197422,-0.3121233184832122,0.5148023779471815,0.28265408704069195,-0.6331530152276996,-0.9365913542251367,0.521052680422994,-0.9420133571893101,-0.19302463739041387,0.05571470365481357,-0.3317597145927973,0.5124346236950945,-0.8790748643743194,-0.829607119612263,0.6922771321878212,0.39919661792742467,0.3604001394261849,-0.7604997464799932,-0.6801588445944455,-0.6353331768638582,0.7660924154338158,-0.2017463606232328,-0.8102943470672463,-0.5631572072210111,-0.7804252337310316,-0.6247935072782003,-0.0765585563547373,-0.27216895523337037,0.2892156479991925,0.04183457740236163,-0.40480828344891284,0.3443434253700679,0.39976542795329295,0.9320638657674403,0.8184533851351663,-0.5030790493156108,-0.177548156154542,0.0010973430558183228,-0.9820368836154625,0.833332802257293,0.010048579849324168,0.9584225119904841,-0.021442360002106087,-0.8677236473784651,-0.9102597888116764,0.6052891128336715,-0.19107505910065403,0.28235978429563624,-0.7617888914578008,-0.9400750574667773,-0.14536837835120964,-0.918341614366204,-0.9283747529146384,-0.08986259210541414,-0.5900301223791864,0.07568388701573525,0.290974696001272,-0.11726508243518974,0.46150215370810943,0.024580642118829932,-0.6074446170698016,-0.9787399138808546,-0.49138957980953735,0.6828501190061873,-0.29746160712182323,-0.5738665397039131,0.8593931625197695,-0.34287350386479276,-0.4305034624025239,0.3567867727166245,0.7359533651330172,0.7552818248021622,0.2403821368410617,-0.041582283605593906,0.028145478036339933,0.22867824151949434,-0.6217155737029898,0.7337426610542273,0.10816205842994098,0.6383352653093646,-0.5102837414762278,0.3264405397456147,-0.22007933551686087,0.9720562883664492,-0.508591015050454,0.8964462739632588,-0.14395471673536475,0.48841165779914575,-0.3487559445781614,0.24834986779951707,0.657259185120165,0.8963306585117048,0.9876944462530497,0.7775149649626913,0.10165178123069141,0.3179780628164999,0.8020001398839167,0.9930310210948334,0.17524731480497224,-0.952090036870495,0.991696345600342,0.9434355143549533,-0.9326513638918454,0.25266662072337787,-0.25651485568711485,-0.9898422532567135,0.4264918837673781,-0.31544407971925925,-0.15334892840215897,0.24998902948555202,-0.8918298613399578,0.4864343309641337,-0.6820926933478917,0.6668100641977921,0.29794721361643295,0.7978658248533097,0.214103414827302,0.19623323765987832,0.2449012756676292,-0.23780519968519154,-0.5621102747122828,0.9187894851028502,0.6450418515731824,-0.669735060479425,-0.508224586274975,0.6993723357368531,-0.20089882086777355,-0.47052559302668095,-0.9935659024347141,-0.5103496606744586,-0.11966622475918953,0.2853341340000719,-0.7653211086504776,-0.2935608286383973,0.6101884811349234,0.683175400795361,0.6086211231350982,0.36523466501997714,-0.5830392550767745,-0.6732951994872689,-0.765049991816737
0.7327636178535799,0.25591095699754285,-0.2854347942024196,-0.8131640023227604,0.9527843880859825,-0.3472841083350904,-0.956016700085905,-0.7439543127942396,-0.8432278385117467,0.8947415431097159,-0.7199369862707956,-0.922035921244867,0.9934207006226157,0.7086468843297578,0.866560675459785,-0.7473696498908442,0.8171312519232408,-0.3980871062227265,0.7489725816912334,0.5635243161487318,-0.9349346523491227,-0.5249723209433614,0.935407177447017,0.8190868640055675,-0.30681970272478876,0.06137334239311465,0.41763312292527344,-0.5649709565159551,0.032410597189002965,-0.1130699700640565,0.6491092068763593,0.2000061042170358,0.7699527323927511,0.17382557409031008,0.050870447474302916,0.4969383053535361,-0.4582095022346424,0.4333801616655022,0.27616950392587647,-0.3451653087630546,0.0525334154049637,-0.7900440637059849,0.7160425943828479,0.071568238091678,-0.02796096883208099,0.7191257279886494,-0.624412182499636,0.030439717625674323,-0.7238335693390552,0.8635952960623474,0.7039036323354262,0.1737630867218345,0.736146807025212,-0.803066797488283,-0.31340966843566465,0.7416454458584858,-0.2697406016808559,-0.06592415741739988,-0.1623945716916737,0.05573306655053001,0.05189708860789799,0.4476349067578582,-0.3269130303671406,-0.3231044323481824,-0.91796263689282,-0.8927247831693257,0.026604028402767987,0.1503750297907278,0.45586165378570187,0.7047838990475093,0.2411512185386535,0.6899320975442438,-0.47639643040684976,0.0036159374338780026,-0.2246387734515356,0.3504142582298402,-0.32283166028718724,0.6491143362016587,0.524414051982331,0.024997510826684666,-0.43655016146296854,0.4789020287264685,0.7695504086166214,0.6906134981712726,0.47418843255115983,0.020842039169499227,-0.7275394103764434,-0.4893846766932781,-0.18555623722306813,-0.41903835473848794,-0.5253458184383806,-0.3351276512926493,-0.11276055972611143,0.7013474466349676,0.19131941989482693,-0.2777762510378696,0.5677085869356508,0.2026687666441367,0.5998467024205625,0.8683112295021127,-0.2634654065826132,-0.33471747475410263,0.02155928429667653,0.717605770558164,0.015579220006350702,0.42361118099248873,0.3280943356833368,-0.1067265951836216,0.5519283463021425,-0.399949841990648,0.5352783178741376,-0.09594801623246951,-0.006694288048569419,-0.013679515249887197,-0.25579223670923845,0.7477595683920333,-0.26012539440584437,0.7587679581051971,-0.7650560717852262,-0.566349781836355,-0.1052452452721484,0.7030517650910921,0.47332159559122666,0.6244678469213893,-0.5033611285309867,0.19227022632862867,0.23138991055693436,-0.9659462646624475,-0.8757515592769558,-0.4299544710790242,-0.33813212971825446,-0.2716238111280589,0.9665455264480185,0.09483834850978523,-0.3789208297552076,0.3759779294909773,-0.16789064613215454,0.7927763799600542,0.8440459924880832,0.6909037514420071,-0.7889544153753387,-0.1472569088254596,-0.6050440419056355,0.12727971882997635,0.5761842343475447,0.3179820603945003,-0.022842107453750815,-0.6919239710287435,-0.2719726177137589,-0.5580062666012933,0.8032757644336253,0.8602584327571987,0.5530464716315737,-0.13814843525362774,-0.47298521363637946,0.46847511516861307,-0.9583568368017064,-0.3977483194481597,0.5644769095609281,0.822533157107356,0.9714600019610449,-0.0183618642758534,0.3590799642007867,-0.20539840518762387,-0.60531118802325,-0.874492586524579,-0.43394641850835325,-0.2643633343512475,-0.773648549714226,0.2552301615768411,-0.44738994384975794,-0.007127211892574481,0.857777709319733,0.6382478929970459,-0.8882356682571051,-0.4341646438780089,-0.27092594897165934,0.11136874915152228,0.5806114716796584,-0.2936155892067194,0.24497407620289802,-0.32757625151082626,0.6615590656329768,0.847264177130781,0.602840232660433,0.9164385515902342,-0.15207465004767906,0.11648717457520119,0.9397217134172007,-0.5706207572886748,-0.2539764226327541,0.9401769776313376,0.31605427687845156,0.39871095077007657,0.7212859506054199,-0.17077540733275964,0.017949283927209736,0.12098143727141886,0.5646384300703027,-0.28775725128311547
-0.9844430044066579,0.977024731092645,0.48763615758015466,-0.816684379727106,0.005484140178191099,0.5182646768918537,-0.8983697847470178,-0.5981539177975401,-0.052701293099009616,-0.25888641311648963,-0.34074205636244215,-0.05690168501205117,-0.3578799997872306,-0.6826488510744317,0.2514944630592655,0.1581702747462932,0.16614190088977798,-0.5538649351750458,0.1119760183053542,0.7743338353369511,0.5568727692682958,0.23212514343335533,0.9310531354333436,0.7406809191192258,0.33645931899503556,-0.1595320696227729,0.047024333115722516,0.9113286430167811,0.7667061763652161,0.9666481391516533,0.09264331087858402,0.2924595725419634,-0.9511124196720309,-0.8240098054198635,-0.26289233011297086,0.5801105612884716,0.10373588199769745,0.19443452474890477,-0.8143307401533892,-0.261151897293046,-0.5907815221963593,-0.9125790571903676,-0.18820553593284695,-0.9030248070809499,0.22217836541179525,-0.6202811943594753,0.3557317068214374,-0.5252711518464259,-0.5657329717214257,0.14132783462746557,-0.5140124484930304,0.17487102810390143,-0.6301180584781312,-0.9951221098648098,0.3382224275093335,-0.5275917419293048,0.12103254551114895,-0.10490753473699144,-0.6608805664831852,0.3097665905100546,0.904121444564818,0.1191953648968902,0.22987650649629598,0.05642667855552119,-0.4333468533666196,0.8782566703825396,0.03946624844282387,0.505381118594423,-0.17557174305729828,-0.09438844871108376,-0.19163862990638836,0.4954624009425963,-0.45406174837532554,0.686647069519531,-0.7297708431013192,-0.9841957160282493,-0.5348287627253288,0.02500724344491201,-0.8145899148941906,-0.4121076436885014,0.48571572849042455,-0.19048483021609774,-0.41579595981933704,-0.4438118465408789,0.45586144650238847,-0.17394306798347725,-0.450372206446118,-0.9400278440466945,-0.07379994320505645,0.11761045745200494,0.5329917771253585,0.5299676085480118,0.5232509150341853,0.19854196638511046,-0.13181210448644953,-0.5207642399915562,0.18776650406264617,0.30240980278345564,0.036566333367293424,0.36619872887516847,0.0993322651739641,-0.11274637542979704,0.7094750747435199,-0.45474768266999854,0.13295665634817966,-0.3777998329971677,0.05294904777205245,0.32750281823146477,-0.3880892257055042,0.8997451850361207,-0.23195557571280823,0.21971987511555313,0.9655161320145358,0.1380733045429663,0.406276335343114,-0.5013572410963258,0.620747302875466,-0.3394376068102387,-0.1256752252075768,-0.37809521476038577,-0.7116545409562558,0.23010005472822104,-0.9795261779196802,-0.694807371100705,-0.2422906489336678,0.5878520396848916,0.5180087836252032,0.6937811308431523,0.8774854327044821,0.6104077156637813,-0.463462058221215,0.9103010980658219,-0.22279808833490522,-0.1634010573078406,0.9919993699762379,0.03872136866862208,0.9174736126866108,-0.7565296044753762,0.9727061918046247,-0.6358765834602389,-0.7217896047750341,0.5630045949022575,-0.7082118504793462,0.3299780901090943,0.2998529170475088,0.9495467227849992,0.29120420122746205,-0.4674206467910311,0.12036987380154929,-0.7252581985929787,0.8066318191953379,-0.5468871672792674,-0.5844225104092986,-0.02805923362072482,0.11599430104401587,-0.46031716386625554,0.9624969271839576,0.3509798305079126,-0.8713563352264073,0.02936228236069871,-0.01612037539605038,-0.3983967049890147,0.7665013669335645,0.04165321534367261,-0.34643613553386365,0.002886120149605542,-0.8970844756328715,-0.4690092982765499,-0.3405952404758634,0.16824330963257195,0.37297215759877766,0.8267270459156226,-0.3488964337739422,0.5511153556310482,0.3251847088246713,0.30345226555237104,0.3321692036994599,0.5816087868943494,-0.25632003209479604,0.6022837379630621,0.004831379434064198,0.12324492152037281,-0.9957420668883366,0.7733847700441141,-0.3253516991868042,0.6994591315800052,-0.7364706260477902,-0.20880191568730266,0.4972218048420176,0.3033170763306181,-0.4777234548457323,-0.4891034820580611,0.20330873525094462,-0.5703289364559174,-0.17153781778382604,-0.5516172473786949,-0.06621570830909973,-0.2647098986642533,-0.785258185038566,0.9242576276420511
-0.28973667036171413,0.765620667506909,0.5992722400008859,-0.6448568099392809,-0.8770964996242623,-0.698148919824062,0.9613709104805823,0.020203134883847396,-0.11384637281209242,-0.08817381090881149,-0.8004960139772466,-0.2626826891707177,-0.8985816501146511,-0.34840574737158314,0.2631443526512216,-0.8146234516553708,0.9420226890993311,-0.30479707314565996,0.8881129869430835,-0.9565958409835913,-0.31933715330290924,-0.2518676276899947,-0.7974365616525347,-0.5524037880212243,0.7582481481465335,0.09466028689599781,-0.9006758400287771,-0.824818646521748,-0.47377741353376335,-0.6249260766440468,-0.6287406558848074,-0.6283901228074367,0.1253092512593308,0.7360631812979042,-0.04841341228719398,-0.15337153657143432,0.42043502621506534,-0.5903761359130328,0.7084168566758706,0.34323639558321006,0.3836783724526238,-0.9047590527025546,-0.44170158909474755,-0.5855854868224974,0.09593458616418471,-0.9968723296789568,-0.918885455726195,0.9634070656297335,0.6008008346767242,0.23120538846467098,-0.8451595047611213,0.6469478233317367,-0.9135644728219463,-0.2727392293348716,-0.7461807041892579,-0.8369569103606813,-0.46545747891706646,-0.0817438676926423,0.6771855004774607,0.557014060519019,0.8366073861043468,0.16075759875600637,0.5332444966797409,-0.2763010022322152,0.19719594748213276,-0.33249530423813023,-0.7345889736252795,-0.9621088549004424,-0.6396193451978689,0.2328426781361792,-0.14157102859493342,0.9149567203680311,0.6035463853170246,-0.5688624185840785,0.8071318116800783,0.007600394213662431,-0.6125188612230537,-0.3757774987492517,0.7346934975123267,0.2550223243829608,-0.04173027378956595,0.7936997673215278,0.43908908018887627,-0.752994578766446,-0.9197030152662589,-0.8463785795742347,0.19067705796913215,-0.6937145457100473,0.7788895663374358,-0.7201326771269001,-0.19709307626247918,0.17534796082637283,-0.4249985763556925,0.6071525653580199,-0.5976674285068202,-0.08019696011794974,-0.43496753277864286,-0.10597733796824871,0.9328532790299178,-0.690004839841617,-0.4331629686679077,-0.8346307931901646,-0.7474820845802173,-0.4359923564059922,0.599699841245839,-0.6407695350979603,-0.15002984685847864,-0.297219955948838,0.7117875075822433,-0.6489323791613615,-0.5975073665126238,-0.8271041675757145,-0.17235565233198114,-0.28839431196819887,0.02038508686677587,-0.16296011562891444,-0.7089084349491193,-0.09262167921866116,-0.3364862600211487,-0.7004177060576322,-0.08619435220693727,-0.7223081902526707,-0.8917221177450991,-0.5160914301100001,0.2581133528299202,-0.0538613386841158,-0.8851138629917294,-0.09061076158250536,-0.3718290759215561,-0.9845674036785421,0.7785186910653765,-0.2875066413965759,0.49665264555005306,0.683958633504882,0.37036946301614115,-0.12675327733368968,-0.02514353332416297,-0.1474681112312184,-0.9945192587493838,-0.07527923648159951,-0.8479693416863472,-0.8580040041883104,-0.6443385767455536,0.39564856175407814,-0.8173808626921162,-0.23385696927249455,0.7390009267353421,0.1976565897853586,0.6203858432207741,0.943677533282756,-0.2700491279447359,0.5914815990272657,0.14869922106657696,-0.5407275295221705,0.39252346633439306,-0.5373071131602227,0.25928766824363114,-0.2588491697215536,0.05945031764918696,0.4681519803816323,0.4017257887076102,0.936635391144464,0.7417456339393378,-0.162793154554858,-0.05383929881901328,-0.8878699109496999,-0.11527778831598656,-0.40640002208433357,-0.7094395479457651,-0.7834540053268713,0.05602600018981296,-0.9358655788316481,-0.4571807358169919,-0.20811035210782092,-0.4698665378650302,0.4997523505735486,0.5682426144827606,0.25616007937271923,0.36821766690787094,0.4784311370606542,0.14707410372122864,-0.7146310102828721,-0.9309574469240434,-0.8623520157308282,0.5496300258106823,0.8118374208330101,-0.3540123744294814,-0.39043693923394307,0.008848503720419787,0.5581157403597667,-0.8029474906637732,0.21358344288703157,-0.6192772942120852,-0.21729855575130297,-0.26995054299525933,-0.504373994107985,0.9610424252844989,-0.5938345676071501,-0.5237679480535808,-0.3685815858543824
0.41733656484255266,-0.2633909925832949,-0.39468991468090153,-0.06907549946669911,0.7410205908557057,-0.9942036930078431,0.6392635038533696,0.7994164866478495,-0.7609640299436387,0.5421377717085756,-0.4729061240958088,-0.09832558141535319,-0.10205337356023736,0.27957501481115354,-0.7065551713721139,0.5725794652465299,-0.9785520012907036,0.9333138279123738,-0.46089100180810494,-0.8770246638161074,0.6378301856508279,-0.31798193300122524,0.4001420717511166,0.24479814126516852,0.1035987123626867,0.3599230026405189,0.6099863234754617,0.7252167941953165,0.8408514546030998,0.2551723542773201,0.13079501308277308,-0.05859854679503207,-0.10183840033495728,0.6811352498359955,0.07815370521116272,-0.23863551722189613,-0.7831185541448991,-0.24281764618858515,-0.11110034026241689,-0.9263797349541492,0.20861292026033618,-0.012838617684845177,0.47899341936043904,0.9357447726938455,0.5484613711059754,-0.5220404560785503,0.5269473001576199,-0.8616212311233324,-0.8855894403810614,-0.3056774329973928,-0.27383266549587315,0.6506144045242954,-0.8320755545131573,-0.24315205802655804,0.5381561450391446,-0.6215910129644169,0.4349489010939007,-0.8527278678398418,0.17771601992670205,0.9900510592663956,-0.24841419924017183,0.28716630487989847,-0.9441402775178527,0.20431632866543126,0.6332428046718239,0.4453654035922512,-0.913679251287772,-0.2992289557426073,0.43475094141711823,0.2589608922006976,0.8561528324002956,0.7402267657956965,0.6560693256444043,0.9582337698347987,-0.33190209312835517,-0.5947362939805432,0.681873774060731,-0.0658308562419676,0.32789366688524146,0.7049837997629786,0.9809386936157576,0.7300086523394465,-0.9865870389856501,-0.4780805350548387,-0.6401467938818266,-0.9753000666354024,0.07596933663988437,0.2960650074532316,-0.1492427416562303,0.3051059237389564,0.4424763945085972,-0.09966645969957955,0.16193341704663688,0.6375514292734143,-0.17866016885534908,0.520173864493823,0.9563863118338882,0.660389507287442,0.3152960446927693,0.5752717813792356,0.6381647878804326,-0.870290247778877,0.12222600633069858,0.02506544978530645,0.7302250567073727,0.47900767799526633,-0.9472208918652041,0.21272785791979953,0.8785818038574971,-0.5594401592611478,0.6768745780472123,0.17527006044019844,-0.8639935614233127,-0.44332371884112165,0.14354269211721649,0.6291634076200001,-0.8655137322294637,-0.0652932517385687,-0.9020216931051417,-0.607390627344494,-0.7281320020616928,0.380589416715746,0.3335435713542765,0.05476333236877928,-0.31054847048123624,0.6880175888876068,0.3366543004956606,0.38062977081362614,-0.07633554242642049,0.6465612425051255,0.7022743298972238,0.5697895444892718,-0.8307463336358933,0.34204916043087197,-0.07170823016566552,0.3953213004126723,0.013040917060407331,0.761882587654114,-0.7988865806880412,0.12633631133811996,-0.14639509249509075,0.3120758648650095,0.4704984366878566,0.8175208628361257,-0.38818263360836935,-0.94365720504313,-0.018285804247883952,-0.5954393053689613,-0.3641302591300746,0.18925224784041905,-0.21931307471746164,0.5963137978752067,0.37169337439639216,0.9809783785468671,0.634870904195884,-0.7014072233897621,-0.29179766974865373,0.6319091305371933,0.6886021959800488,0.9418687552906913,-0.2632101565410465,-0.5196837357359707,0.8549120832880275,0.6678170944591415,0.8675017764944934,0.3257912465864965,0.5941611570463938,0.4612139989532056,0.5648714999887205,0.21962288282376585,-0.2965883456932936,-0.9025842175485328,-0.2861511244499588,-0.15116853316164636,0.4940151015771004,0.758561429537439,0.44495885856361994,-0.16786929012891405,-0.054232654137362335,-0.27378774372726844,-0.7587046690136683,-0.738564599591153,-0.7739887015511935,0.45387666667457705,-0.47571950391542894,-0.10145078683089759,0.960755024584427,-0.0017478100787575723,0.21442559717235055,-0.252368183980638,0.9698091836902312,0.857015663727394,0.3333355289413644,0.8902466942830738,0.3092107109735325,-0.3862101254439332,0.07409395627970339,-0.2543125840033802,0.2088209327860009,0.18050933584087736
0.503451811137732,-0.6451124943693289,-0.7108093533959796,-0.9278069460041316,-0.8394925205166035,-0.5997061571243107,0.3940565642709455,0.78411755344529,-0.1484284901557562,0.15585977022482012,-0.7025923076044973,0.6197118683293834,-0.7761281493703922,-0.8219065879494356,-0.15954260584467073,0.17053625844711084,-0.6217018334445528,-0.2608781570348817,0.3564876472588139,-0.5742249544394971,-0.8473964595002581,0.5293109350668348,-0.04321964745504592,-0.5665009015857347,-0.3581265413553403,-0.21337027057454905,-0.7347906304061476,0.5956847479647949,0.4473959175188438,-0.045117387564315825,-0.5357143992867808,-0.3411519252791606,-0.33703435692286465,-0.1529486225613068,-0.6566709272077191,-0.72849709394242,0.35107358212420037,0.5511040769347635,0.9122089965784503,-0.4928377646199691,0.008361624537260637,-0.7725272448912777,0.1170610510951815,-0.1935380758212466,0.7089872608252366,0.17846752996694826,-0.4192343392072828,-0.26322033819227664,-0.09588472201290332,0.14117085894278425,-0.6695953339242406,-0.7449306229137647,0.15801826448780742,-0.8345918738768072,0.28957823604479493,0.021366423837862136,-0.32870578906438586,0.8654036225091648,0.5864315814419847,0.13531605379317146,-0.44619402757793547,0.4424421908127685,0.687985709896342,-0.25295666103813397,0.5160707778359983,0.29674515210808705,-0.367468367134679,0.9308722389095354,0.3854464241887141,-0.010102693367443516,-0.034968141004820374,0.6900634104392516,-0.8422447970706204,-0.3986888199472427,-0.8516717863883332,-0.7489217420024079,-0.3974637506651446,-0.39638110040517094,-0.3614703535080577,-0.300515662913992,0.0058086056261128505,0.3913348924590858,-0.8625806765268127,-0.33914909519324166,-0.29656320763144506,0.7140975086034906,-0.718554915488786,0.9373799630914219,-0.6841577433025268,0.23780177938452218,0.031138465324631825,0.4661457655909309,-0.6238096597710983,0.1830483034525734,0.7092862631851413,-0.09858535761159559,-0.2953227461604577,-0.16458926817099306,0.764120885905792,-0.48683587913097237,-0.601065463176103,-0.7991600721040868,0.07168175842713431,0.7798243735251371,0.5819830665083507,0.952961206507144,0.6131731945403545,0.07421423964833251,-0.3509738293800846,-0.20052855353608656,0.5180340747874395,-0.5443415079413247,0.8454774853469389,0.2864325928072573,-0.454827870934867,0.603730963262247,-0.8791133644305262,0.433707849196477,-0.9687170341634459,-0.7081861815138542,-0.02643083364484,0.497346678271958,-0.05211345463331729,0.24446757425295385,-0.30238459589473754,0.6829870728334233,-0.6994926167319404,0.8416450464386356,-0.9972062840043872,0.7016013342823308,0.5993925790638268,0.009859912778399815,0.7545826828535587,0.22990531348673882,0.22259126445130129,0.876130470968064,0.28300243785417556,-0.5717442190738737,-0.6887528931698081,0.6950454095402316,0.2553121236894078,-0.5091601406080883,-0.10340365810497709,0.9064869630479739,-0.5797255854506884,-0.38662751322128486,0.005594311471863733,0.26832187291329945,-0.7985090898103637,-0.350098465135104,-0.001030995881800223,0.710182237456026,-0.4008636853388614,-0.2611374200042844,-0.8935787432934987,-0.8149828483067534,0.9553597843217265,-0.17592756023567402,0.6831254055056144,0.7575789941417592,-0.6772569062657914,-0.6252471610622417,0.6643395266057173,-0.33135391908002676,-0.35333127850543944,-0.16754829899754053,-0.6746672242396103,0.8240652557889923,0.9230262506520841,0.661057848192973,-0.3166347934447411,-0.4986791045509771,-0.22122762168968446,0.4183903887237095,-0.660765675543457,0.32722269371090174,0.13923187977806895,-0.9920679555804817,0.673067031206138,-0.8332799412198482,-0.11035267641961477,0.332815964447019,-0.5418522316784438,-0.23015771235488525,0.8261392870852189,0.8366529785347123,0.6028764936957136,0.85183626920761,0.6664004314867047,-0.48162391078048317,0.37036089673023453,0.441484639972316,-0.8987272766661558,-0.8985524803980252,0.5828193165337345,0.8526756252449816,0.050978956419721166,0.9705650817899665,-0.8970573180690873,0.15617969625015027
0.5475811713557002,-0.7832884581210777,-0.6202283749387112,-0.7330766905164925,-0.4804828519760542,0.5250898709615959,-0.8291847148505935,-0.6453576534918688,0.8252608652480986,-0.6690842614909236,0.26621598164281335,-0.024790997237654322,-0.20127995211817318,-0.2340604884237747,-0.9167896970295004,0.2147455265735827,-0.12775487820665776,0.32891513153912255,-0.8282119552972678,0.4638643854002551,0.8146972408261308,-0.46037483033766735,-0.6165100303540838,0.34822276528267326,-0.1304989100684859,-0.2806870828446859,0.6072378607441937,-0.7190431428270252,-0.31891179113799484,0.8807471632552484,0.6002484697255981,-0.8653259228357797,0.8095816438063155,0.39328482387986563,0.7585369694157609,0.10385050053257983,-0.12151040663127599,0.2252484574750646,0.33396547098771223,0.4540542881703966,0.09760852412038146,0.13163924305952324,0.4077797134100398,-0.644641775820785,0.6059877768757602,0.1852974471193769,-0.659632085477645,0.6288798538579989,0.7255739735982301,0.2862500501509564,-0.7947119228480779,-0.4337193793053571,0.14085785423065444,0.820976892226998,-0.45933058107231317,-0.7741939084203069,-0.7796829449498102,-0.9863203055995755,-0.8318184879958763,0.6311348604147047,0.9229550415548238,0.38673482393134173,-0.20645712463139754,0.15449281902731804,-0.620878166251067,-0.7580057638211584,0.709441351419813,-0.17562396345365894,-0.6923275291067128,0.8115294742689472,0.6576971733911325,0.6415818737537025,-0.93894259470593,-0.09955080893679313,0.7800590551340352,-0.6957063816243243,0.2385596469368234,0.012177536585958437,-0.3945478841388095,-0.3855526680374177,0.2365413603140809,0.006392888925816909,0.9207126277770394,-0.21799252326420593,-0.2720257695877357,-0.4054099985396993,-0.8517942921663568,0.08492513219826714,-0.0732977660504317,0.8789911836279916,0.19971575028634447,-0.5054140886355294,-0.22882979427185468,0.7738305131796712,-0.34610247687364026,0.21334196555087415,-0.79643762241094,-0.16731532942993654,0.9131836633847752,0.387697393287187,0.1534282434546066,0.9922881112822675,0.9333269493781748,-0.6172224909678585,-0.7009331923824094,-0.7726418739595049,0.30926287212128045,0.7848607464895132,-0.8032521130042063,-0.8767273646983151,-0.37070918258027774,-0.7252120194177583,-0.7953179723128092,-0.19471568124262495,0.7556445678117907,0.5350050802651851,0.7744227195478135,-0.5283548788753194,-0.6339384832509709,-0.49858869710436227,0.430530905318945,-0.9752602915873221,-0.7492314853139004,0.7628158588190026,0.7534787466343655,0.842271748957008,-0.21092796066171893,0.8853390871445188,-0.04677282521678783,-0.8366537596325294,-0.5146076977391236,0.5607168101981042,-0.9799446762354516,-0.7211248828003598,-0.5062059471414426,0.6700658495355414,0.5151460451058893,-0.49372401596716076,-0.516516826497073,-0.1521762692777604,0.5996830916308544,0.6270851261643848,-0.05182621799610332,-0.9407243533292895,0.545515867093437,0.23815898476116537,0.46348209974025223,0.30362559844337844,0.26896105607830556,0.3222297677498607,0.180085014571165,0.0705259813888861,0.27958343485115766,0.8198574468459348,-0.1467875136684138,-0.20972190931506418,-0.06046826686883078,-0.8963820193508105,0.07816133947372439,0.753025664324912,0.7303224131346753,-0.02641028369578624,-0.7318129379296487,-0.9205655686732932,0.30057740715207615,-0.6430437148587151,-0.4157749735886196,0.37629839855073444,-0.9590716922118967,0.6651200982729035,0.39791597479277163,0.7649394689705615,-0.25925821282754047,-0.8539148566325003,0.375845129388783,0.6287510365828324,0.5086549460641538,0.4293694624743425,-0.01390698602007201,0.8344517073726785,-0.43268540802182565,-0.07609592669715126,0.9492518028254682,-0.310669373325865,-0.6343062604626928,-0.3072895811596561,0.7707254747261325,-0.1262639798977765,0.6216456095341809,0.9775751163341033,0.18522142873573122,-0.5852646292220383,-0.6442363338858472,0.9961783117652416,-0.1311961002281945,0.44783613016460055,0.5068797127839544,0.4266188924600711,0.1618602059916845,-0.3618747487766141
-0.6294395443867082,0.11110218849128928,-0.7932038783291302,0.10266389204948356,0.5900711406455286,0.02257856095668931,-0.6185513301516228,-0.23734643089616014,-0.6165921692513474,0.3412354532861459,-0.6671759072383301,0.6683985212358832,0.09856129662558355,-0.1470413429145092,-0.9573165256067508,0.7692783323496413,0.4751874792369324,-0.9205368120342909,-0.6387087605787294,0.7528073673285414,-0.29543644333203,0.8281718262524642,0.5465459324484874,-0.5380300718684012,0.04212879559689786,0.20417020272039954,0.15762651317215948,-0.8584469583538377,-0.8387128900666911,-0.14723693308692964,0.1571953385050715,-0.6258272875180526,-0.8382500909149548,-0.617661665100627,-0.5011072112253097,0.414217791968275,0.4398297079954798,-0.30763812352960507,0.630191571552797,0.9668111779492168,0.9933202364361493,-0.9934069738444951,-0.041027853266056624,-0.987740088653352,0.11717962550489025,0.8376538123835116,0.8047731712092905,0.1326847565554472,0.3172450747768383,0.21884327548676663,0.5847372697732354,-0.20100249055296548,0.5644762567654713,-0.08786276909880675,0.009137547256776735,0.4086987668006381,-0.17079317383101955,0.5373938988252389,-0.5246397324378187,0.8687278630060664,0.6237332720362398,0.8239054766118674,-0.2831940491056546,0.22177485795531182,0.646412063497376,0.10488991855790641,0.479696070536906,-0.44419204073768026,-0.6573701923655966,0.800449466270019,0.1653979768277838,-0.3267061397310851,-0.6077110347579169,0.6922153357337077,-0.6221434815528686,-0.9308620133624075,-0.34518766980866067,-0.865358213320095,-0.4117094711025444,0.16367006917998972,-0.5836617699347859,0.3775290303586014,-0.7805322718513166,0.49531767821310946,0.8476800906171074,-0.800995587916528,0.19330067054511613,-0.004231582453512406,-0.31475022275366427,0.34504875884044917,0.9546539762699948,0.6133739044024633,-0.14222384647461173,-0.19619441395536352,-0.2890365610400645,0.2108124496015371,0.8855630733594606,-0.3296507487598854,-0.9391230009226677,-0.870228968691285,-0.5252979472782084,0.7658055711027831,0.8112195453399795,-0.7186664009502846,-0.4783703068746896,-0.1603816767607238,0.40412496755815175,0.6865561679352552,0.5736919315135602,-0.06775628226436425,0.921080782380526,-0.9209232480369971,0.41874014137271076,0.7670394026613847,0.6521183204416887,-0.655021694056998,0.26660188772583693,0.0899850593810807,-0.720144800604068,-0.839643367508824,-0.8737435208731446,0.5849037896574039,0.05265608155738821,0.24417522033812333,0.45095963135663775,0.50023350462406,-0.2933904536882943,0.7214387850047266,0.34949108128428885,0.48344715955839135,0.7032182775307794,-0.35968536321333144,-0.7219440794852712,0.6422062087059799,-0.8587878360873769,-0.6775371813589959,0.49840897794326766,0.8959816035828616,-0.15377682083594357,0.5148400791977228,-0.003912450505081377,0.6334853800752385,-0.8593395190286708,-0.3883735745202672,0.6825253956611661,-0.5883110130041016,0.9810646621588577,-0.789689587091422,-0.9677022398067774,0.07007806753916435,-0.1945000862781121,0.9479780978074344,-0.8923236457048167,-0.1360304842590796,0.5336964478243775,0.5629391963941164,0.16293065083950964,-0.48116830478113726,0.6610484574190816,-0.946497898774201,0.62807801258235,0.06509424888379534,0.018862691539026644,-0.9625751041851309,0.40996844198527516,-0.4043194123038405,0.9036700781020972,0.43052670497714773,0.3550204789256233,0.8353905386408029,-0.7420216192644495,0.0015996568361809071,-0.39089691525991666,0.4128438421015008,-0.9525286474231875,-0.8255122088232731,-0.908917648572982,0.03559169563339104,0.945030114392291,-0.8746376868395231,0.2688147060595869,-0.05883584122421093,-0.10876980958090021,0.5850811545898893,-0.6168799074930436,0.5189765701328346,-0.4369022910614013,0.21316471061024544,-0.043505432279721035,0.8295215197508978,-0.9785099445339376,0.32947977078496193,0.9252904954642036,-0.43979142326551823,0.28845446275752495,0.32858314358555596,-0.48837436418168023,0.44847362048820827,-0.38642623565442324,-0.740581406586267
-0.9132246015763512,-0.277553527558694,0.7415771938113043,0.6095791760207814,-0.41154241795159185,-0.20980343219720887,-0.8687284438015981,0.2580123438283197,-0.778949794184004,-0.7560825760004981,-0.32754370024223767,-0.3320838665955823,0.4903973855855315,0.14244939839037452,-0.7336840175490809,0.44150332320270413,0.5196784731115622,0.9970129750183403,0.36926505984306024,-0.7441935885099284,-0.5359571338177322,0.9201933347782598,-0.1534735447910347,0.7212503402758716,0.38489774561305157,-0.739046265826574,-0.8298271672558588,-0.24445428259803514,0.5622075360529892,0.42154573683045227,0.6014749819676979,0.19981980161700097,0.5170090728894212,0.8818872806736044,0.10863127554680574,0.43062865069100065,0.8124461002497732,0.6463427909307962,-0.017786943562041024,-0.047758031851799165,-0.124091209205617,-0.2578693350439041,-0.8728646752575402,0.00020212650869755322,-0.07056142901954399,-0.8470868598104615,0.5796678843063583,0.21294293607838144,-0.8319508502925772,0.9419227924013247,-0.5535871741961822,-0.0870569252487563,0.2717221200448474,-0.6785261922818462,-0.44453000267328524,-0.046896990763773516,-0.9223302859826277,-0.2775078994496305,0.173857379748116,-0.3618297376992914,0.47852773221271305,-0.1802215735704793,0.01961189223062698,0.6580715043022383,0.29040087366915546,0.580731532815769,0.6565984148411697,-0.5533069628395237,-0.7730615654803674,0.1110411867324761,0.37118196533055703,-0.002737612100833786,0.9489613410642586,0.3146412283590394,0.5577191756918789,0.4558286618789402,-0.9198998026851557,0.2527570967924835,0.5907183305463697,-0.3043280560318713,-0.031080010460945662,-0.36200333371760296,-0.3370968905118641,-0.6145884557489656,0.13745580771629595,0.5344627795287877,0.07866605576217256,-0.34942127408942625,0.3233497648134471,0.44058534711910946,-0.9340636229262189,0.8010551076967667,0.6544774369249708,0.20190133439322522,0.5344147419264653,0.1670584109827915,-0.10388341425135472,0.3485442334941149,-0.3675997517755252,-0.937806502831648,-0.1788437034502064,0.033124228030642966,0.6948799702596151,0.7928107746852429,-0.9831336715776842,0.9542423047802255,0.47776310843617953,0.9270678257180374,-0.8505931382219754,-0.289769035619202,-0.08272712589916442,0.3134605628118661,-0.6281772098664968,0.37356607459973,-0.30726935924528,0.3648830599916113,-0.30351517023163344,-0.326848614875054,-0.5619089950059399,-0.3607789536270489,-0.4351689228867006,0.5186422295781858,-0.9279776148471894,0.517689495370754,0.8367886918209282,0.4164128093940238,0.3550618352469759,-0.08793494898104548,0.39708726059922506,0.0066709499735728706,0.05126660373876413,0.9440959662570598,0.1756350685228203,0.7534541363230711,0.2886889385552298,0.7949759174871165,-0.7291515324271536,0.9468661367752718,-0.7882937675373853,0.8499790136707364,0.4805343901917214,-0.08893622786363964,-0.7203236270079565,0.33216843022627884,0.851133574206111,-0.9566717182244586,0.5121933612011424,-0.3792886511312432,0.5196288372561693,-0.8638981433634949,-0.7504094871537219,-0.6524244055890269,-0.19493509671613563,0.37616526251424975,-0.2658779670496805,-0.016437418201344478,0.3857010903302449,0.7850094131169572,-0.4410226777974018,0.8852215988594769,-0.9540286220228031,0.3881125000949379,-0.3787496901757752,-0.14495327459492025,-0.03304923948915728,0.04363331822214289,-0.4857756800795179,-0.453157169387715,0.9198580150813411,-0.7478340600491924,-0.41531097440989306,0.6474512509586947,0.922378517651038,-0.8814117655798179,-0.48247762675656447,0.09722802660507068,-0.059962077704605043,-0.7700392483889402,-0.968656689231663,-0.7650593891429802,-0.07362821003494857,0.5571764858630259,-0.5381390416296199,-0.6859396498456654,-0.07351209556224814,-0.9059876100281159,-0.42946886033395737,-0.4124846574048868,0.5716605000900854,-0.9417035212579248,-0.5114521215170058,-0.3840845251067364,-0.24758412451435596,-0.15371083061877178,0.060223200414995404,0.9837551655406414,0.7497244102192611,0.31453706163379724,-0.48726592062832075,0.6225710930060562
0.35863301247122714,0.5095253767637851,0.2781744565933755,-0.8859059324744036,0.5961897218302832,-0.5448406113173607,0.9652244463727,0.6055980393892149,-0.115379026169663,0.18960229871199186,0.4813725277812948,0.8669973252697203,0.1468312761594679,-0.4777564197191104,0.6829617406965847,-0.678312297409329,-0.06576792862517777,-0.4349802307028603,0.054792748707711336,-0.7894357900456896,0.8697905045760739,-0.6167013785364055,-0.8135109318545821,-0.14798996198469716,0.9551934791864802,-0.509877977730343,-0.5050789254346812,0.6281431356711373,0.8446536415409014,0.3786795046769893,0.6311812754211659,-0.8062052799745716,0.5742831695779924,-0.6678977688593206,-0.2655925215083754,-0.838652478195181,0.6337591629420152,-0.8862610009078093,-0.5085390020724054,-0.5159341111253437,0.5178583332940065,-0.45837634507104097,0.4576745009850842,-0.6908859557792586,0.7765988317330628,0.6121306372080817,-0.06200770592662641,-0.9433311377092468,0.6250359832338637,0.9350046930021694,0.3776515473515347,-0.5800301226982099,-0.7238552970409033,-0.8171808142164467,0.29880722868075815,-0.6903283714427824,-0.7530556608283596,0.6432380577408838,-0.4843310697492851,0.2739749560722926,-0.772914713742247,0.671934543850379,0.8019590232822149,0.280155422352383,-0.9444640669348718,-0.9768394009947745,-0.7950784974121068,0.47401071193831035,0.2992304650404689,-0.5921943626886894,0.5681187217391814,-0.27903831197107953,-0.7428104255119532,-0.8492252382968248,0.3497936175658103,-0.4704432612068925,0.29345795310451384,-0.15233679437375414,0.8549097543617914,0.30797167101998424,0.8924633449963333,0.496525567086344,-0.2689251927092353,-0.5996672725597301,-0.46897162989117613,-0.7278216583138271,0.5499096278014795,-0.760161785428322,0.6650385768615779,-0.7826644485694072,0.37083882559344294,0.33615094072293483,0.24234768108837912,0.43084544854029483,-0.3778339584151704,0.46911648126943506,-0.17382580351671284,0.40355299540268064,0.06787686460036246,0.7020370040391548,-0.3410991681429214,-0.5806916290731978,0.5263773765262811,0.9935197812004903,-0.36653933621473445,0.9424525075290169,-0.19704783663201697,-0.7454951894307638,0.28231129981377756,-0.26251199752053145,0.06771510998109553,-0.4605769686175232,0.22408167392804468,0.6340551503315426,0.313817252381813,0.9349740599304355,-0.6340551555294953,-0.6169922629957436,-0.6102927573421981,0.1103209312325435,0.18632375046595717,0.6509542517038123,0.0223521598572054,0.38732888111850894,0.8980123351464138,0.4736192961476837,0.25716250141351504,0.7517902947193302,-0.6572103424670785,0.03574313268452611,-0.327873497783864,0.8521146149317178,-0.008325288949128318,-0.9088577051034805,-0.0058513773073041175,0.33130548161983886,-0.8239401044561074,0.37225143436371755,0.7834601198204176,0.6425584621886145,0.6165904285284665,-0.27857559533049114,0.5767251370837172,0.6448882713122719,0.8241377641485605,-0.28374293177077026,-0.4390024884977315,0.40246378590704546,-0.015318699350104215,-0.03515266994965072,-0.4294515434115387,0.8194940875988113,0.1309875010031214,-0.4709133685481002,0.1746009773803059,-0.9321522518080603,-0.14572399433982852,0.61346498210534,-0.9023823226278866,-0.9825817736009941,0.13660008508075405,0.7475794331883507,0.8478569110589733,-0.2196507707588169,0.0926733975766636,-0.7481881236988,0.4834311555563755,-0.08505106919773775,0.6124548519403692,0.604653659580539,-0.006321825643822221,0.1873855177740742,0.5703147036726417,0.6311493962636516,0.12494402157718287,0.8064245231686116,0.7306873692609892,0.30644935078117697,-0.24032178490314338,0.16561915130430216,-0.7205728870439021,-0.9557213800258493,0.6928878911459997,-0.9512853701742223,-0.685679989163456,-0.2790771089005297,0.6196523752475227,-0.29154445631595016,-0.6037690251610839,-0.12987223202700293,-0.8148402906109977,-0.1317195883326745,0.14700935533436543,0.9832846315875097,0.7088687566850924,0.6285186741136424,-0.7173291021226755,0.26446637128551465,-0.49425537185766233,-0.9378358954137533
0.1273325256008495,-0.2057222135037311,-0.7278481519137483,0.33685764578097843,0.7855116247238736,-0.7916942878564961,-0.046151782622207094,-0.5974163543526056,0.37127532652380846,0.547702954065378,-0.5647867600367036,-0.25653408380273857,0.2981696251814354,-0.5377215929401016,0.36079496113254783,0.385088306322493,0.16897625173847253,-0.5069494296016313,0.26924283202717714,0.01703105769190172,0.06232750801230447,0.8954706231867904,0.8756619118832769,-0.08014164035304217,0.1464145236833032,-0.6894117938625954,0.8492943084656852,-0.14524052901856055,0.572716353105952,-0.0012490661214243914,0.8206547389119165,0.13981763145535386,0.45181742701773975,-0.3277534257403605,0.5968768493278951,0.2089938923515271,0.49691337191836515,-0.29131158126511547,0.2463584147995581,0.6854468354049141,0.4660919384222324,0.7516931610699689,-0.6533985518123901,0.4502731143391976,0.45129563077084134,-0.013976980602286027,0.7481637192949184,0.36210797321617894,0.7263344177417081,0.6020403078753864,-0.12110223279375609,-0.7870592098074611,-0.5428364406120367,0.7000129691521189,0.8635503304418193,-0.4402807816530021,-0.9526630764990838,-0.5734454751059219,0.9299816669325314,-0.21172341909264047,0.33132101467588804,-0.7413164902359692,-0.22507421519812887,-0.07666058229424078,0.8362439396336865,-0.45875253214698897,-0.9392015223734744,0.33262838835675845,0.9569880670373876,-0.4436701129615168,0.8460312245702548,-0.32728717232078286,-0.2668337360128892,-0.8384622311089851,0.10486288931627752,-0.5371874644660803,-0.8410898006409147,-0.7544607525345102,-0.9681835569409278,-0.9869004795294507,-0.72828543622271,0.7388974697091726,-0.7374860714093299,0.43691704575867996,-0.6761294895729266,-0.04634420909069603,0.2996988041990041,0.35834188217566765,-0.3229800375154237,-0.28698567793208163,0.5862831763373466,0.864120118705761,0.9546054708684553,0.8947457095210529,-0.11529322296613875,0.8625053450453262,-0.16000204547691133,-0.036961662849940735,-0.45418499138116264,-0.5874439533807312,-0.579608480358935,0.39842379488043145,-0.565954075594937,0.5040169839447253,0.6398391371779311,0.9895591419971774,-0.08638681182971131,0.462817889266266,-0.7336123926125233,-0.11906815290406936,0.9267799141399353,0.21582243469701123,0.5394731871214782,0.15693572442392845,-0.8403765138257773,0.9170337072717036,-0.7606126063903522,-0.9761609861559657,-0.24128913877285774,-0.02056578634645634,0.5131806755830948,-0.8645755312225272,-0.6125799135262697,0.25606403688550516,-0.49723793635130953,0.9933435275689986,0.04385008492121334,0.9128265511573621,0.1385016689670524,0.5745947716036093,0.9425013630103141,0.8528895651000108,-0.313467484465598,0.7491727247345201,-0.8634336238921851,0.8052078389595991,-0.04719467090627005,-0.7772025917531256,-0.9473088479623746,-0.6369696854904083,0.12063006412677124,0.11886450938203041,-0.8690133160931799,-0.09364798334268731,-0.9393575986435165,0.6197999204448539,0.9762870127164018,-0.896520816142715,0.24539357736099476,0.6825932150026979,-0.06585467682343515,0.6999820445418596,0.8091178421338694,-0.7890993210314894,-0.7396423874452596,-0.04733154194199973,-0.6144598887996633,0.8930072676413818,0.8826829803829634,0.4841536329886449,0.03438853233882044,-0.8966574088674268,0.9574097211240697,-0.6801819103305959,0.38065775415105385,0.339683292991652,0.9953671004342777,0.21307439564021147,0.6589129104483398,0.39344370405078455,0.05097079499628565,-0.17605022275282955,0.4323635998150306,-0.9994825928286382,-0.8824156899441953,-0.6985133413550031,-0.9449616140011692,0.3104177956023162,-0.044821827331312125,0.7428220384809685,0.8875347041066641,-0.7575227540366847,0.16868644722208037,0.5051690634411496,-0.4414467759852172,-0.6400246285600841,0.19241794937798518,0.286360959703867,-0.3533019934559649,-0.17294648628792575,-0.9243947247951496,-0.5308455793603508,-0.8492275057306924,-0.34429496808810467,0.24136274914343625,0.5595302863965941,0.2476744579686876,0.4431624034726427,0.8921524636563605,-0.7700243970715401
-0.2784431361335553,0.5791197362699365,-0.9408877909526117,-0.6653001428155276,-0.9724787947676876,0.8718933247148739,0.05154963640017707,-0.88662576981834,-0.1321024616997819,-0.9939495342077402,0.21001744692041568,0.8779179910874007,-0.07028607523113184,-0.9764255260035395,0.9094872295155407,0.468490291829047,-0.756471932726847,-0.5579298446661969,-0.9519625448125701,-0.11259631047789953,0.2505468956568775,-0.15360618392191983,0.29925187452954916,0.031348685930190356,0.5627401096313334,-0.35091618685908443,0.36554355235710356,-0.3238312013522835,0.9817835242284239,0.1754019757923413,0.15008073677207356,-0.8060679986527448,-0.32948404486337113,-0.4066480007974358,0.6576901064624159,-0.1245237860683277,0.8025138564125842,-0.2183469174459356,0.24404912130933543,0.3543092071018532,-0.7441278778714981,-0.6440372094257918,-0.1415029025758059,-0.3217665835561754,0.08035343753206736,-0.7503200428481014,0.5343441171914143,-0.7313330912685378,-0.38307100842550557,0.9352926301786031,-0.5480692736610624,0.10688472197041232,0.530865932436734,-0.352094591955773,-0.9080301421585828,0.908860663902384,-0.4814993306001285,-0.1972678430939232,-0.7879089342505645,0.753483509809763,-0.4784193387270117,-0.6132423441251087,-0.4082117586616556,0.739638599771113,0.716628187507306,0.8085036320468086,-0.7867616351582878,0.5682232212844485,0.8429042540121505,0.42972387004132395,0.7733045276650683,-0.10173503672466189,0.9373041545378009,-0.11676042443643864,0.7888134372053206,0.11948841321491677,0.7540259464826564,-0.1610695933753279,0.021486069795129126,0.6679045239819439,0.8720016136239963,0.7967428391565308,0.8938272500023561,0.06579687170185844,-0.1069627214858968,0.24118840806746955,0.9154722057497275,-0.8279138199299367,-0.20941667786792806,0.6220926633065971,-0.12649133119389067,0.28221282588297414,0.9566741798638025,-0.42060618177626297,-0.8167039080857679,-0.10480148159244296,-0.5276998631191439,0.15812741890574444,0.07595012502595999,0.7855351465498073,-0.56674733080694,-0.05458080690525624,-0.855041459694277,-0.6797847110220843,0.14998200852812982,0.7576291537807929,-0.7809706713086353,0.4810703287418161,-0.2872517753274948,0.33998946245962514,0.04307405648145601,-0.705560387279061,0.7877063491743836,0.9643532372541395,0.9731322666480919,-0.1229204305025664,-0.9708200801848292,-0.11920826132978579,-0.41454915643814916,-0.03505428689321621,0.17836106122890172,-0.2220434644138729,-0.8634556114405285,0.01792169865970017,-0.10588715414300709,-0.2121755065565083,0.1598099794750545,0.9715005670802219,0.7998701288885199,0.8055331198794968,-0.7208764589301995,-0.8996515596854784,0.9415270354368619,0.5548683843087263,0.9197711828436843,0.3364606346045109,0.897098805386787,-0.681929119383947,0.905658367400509,0.9277999154074417,0.5526288970755995,-0.7643803635093072,-0.27158826009344805,0.7820517194832453,0.980449753770102,0.9780147384459581,-0.6914015732312953,-0.5016638188830069,-0.946272141448161,0.5608569732519011,-0.08433038503331369,0.011894879676739967,0.15221450252721302,0.5753433046784666,-0.7697221731035384,-0.5317430177053586,0.4112786547084841,-0.6367426165875909,0.5511862395459408,-0.2386851009768105,-0.9861855718443722,0.07930422998190556,0.44795425018779156,-0.9983197171172247,0.7446404000169693,0.8337467385993207,0.6223952701343962,-0.5742852031102126,0.30672688194735254,-0.9076445296737035,0.9074620933166049,-0.93834769424521,0.8037483082717809,-0.46266446898617164,0.6423073099585659,0.9510746485872537,0.6436287110577905,-0.18867536875042612,0.30847186131847115,-0.7499802620961249,0.03116551523174782,-0.1326340476829364,0.8724223306194769,-0.4660648164669805,0.7800503474422331,0.20412704345532373,0.718230835256106,0.7314857202787288,0.6054022526918452,0.6327341640782174,-0.9447737524454738,-0.003329965453324757,-0.9129809971721441,-0.9120467897520366,-0.002560656184617427,0.8772827145058992,-0.8013736779754559,-0.44400705714256383,-0.5207732282948412,0.7437590277960855
-0.9372263700833052,-0.8982365610609342,-0.4444428424052054,0.18250621973491987,0.45914372604615306,0.3209524078399071,0.9836659626494668,0.7834743551918888,-0.4325765341971033,-0.22496140659124642,-0.12463420506644018,0.32063507628751964,0.27385943868645346,0.6951996371630433,-0.2368468159681325,0.007467924213784283,0.40506847885894204,-0.1266740830770352,0.7499726575514043,0.8130906873611716,0.7840702306927645,0.4157457722692601,0.5999814614810164,0.6648982317181125,0.4781066823755866,-0.49006660323983975,-0.2506874079504602,0.003186262207131474,-0.14183492776842277,0.04704603775204297,-0.4190600550128083,0.07842777258803157,-0.0010552807508978912,-0.8658628124884697,-0.6593201534594175,0.011809026621992347,0.7647573684732105,0.255534649841783,-0.49861490564306,0.45158598920722537,0.2087240890132367,0.0011397670228174839,-0.6537580874820819,-0.5855201973199542,-0.48352210691497666,0.14390687900819166,-0.8356844986529217,-0.6779335567898608,-0.590091307256265,-0.5623944762909143,0.7390378353779194,0.6689958989769917,0.04830574835916712,0.6815971108852039,0.8366121822478632,-0.7546540600949041,0.12637383916199907,-0.9523791817680223,-0.07794805320089204,0.6444016564328017,-0.5767564049189435,0.9396786263378292,0.32363426232397696,-0.9865580903072906,0.4367492388651424,0.8961505519070672,-0.48286502178019997,0.5611323915586832,-0.16018099407286468,0.847322326825092,-0.0340448309321526,-0.2732428784661334,0.6552566091232568,-0.46816286280061337,0.4681763790639488,-0.07068124935174724,0.39146000712917006,-0.21882444609602802,-0.4065982205323768,-0.16462048071539015,0.17819300052262776,-0.538653499234762,-0.8309620634921926,-0.8025388657768164,0.3712443980394706,0.47717591092164335,-0.258833774325681,0.30581589640187645,-0.016899661412460354,0.5738207521921055,0.3347239188270328,-0.09976092350728138,0.6291775911971709,0.8644267674154451,0.6328431587492547,0.43915336479281786,-0.23026623724593676,0.7226554490880355,-0.038684130122294436,-0.21190220047728836,0.12427755225879844,-0.7485554664072298,0.00026787327549260276,0.47478388143070926,-0.3159541361053557,0.28152130752322546,0.17223103993818656,-0.3782977859745582,0.7609275925257097,0.8531470922387456,-0.8587807194737875,-0.2724864473637485,-0.42496374885400656,0.24641013946065793,0.03881501399141407,0.05843948028027701,0.18656928179132448,0.0025584919400596373,0.9921362421451698,-0.0639606660516141,-0.4018274882376103,-0.4482520946600559,-0.6667774467923211,-0.1377505797594043,0.3738780871008571,0.10802110078655724,0.38468329668927637,-0.17169183655960607,0.21464848771941214,0.189823595089754,0.07241951625664811,0.5672726732408786,-0.5356809251702612,0.05237305807761161,0.5702441585894094,-0.44874146528987513,-0.8765930625810692,0.6008127105079992,-0.7206147416637849,-0.17022884099423363,0.9201853041617913,-0.5956614973521792,-0.9251539819575259,-0.6755457997307124,0.733441309447886,-0.48611373831075877,-0.8887805760803722,-0.8220759549143046,0.3925953535723459,0.9996492202083853,0.641522271897722,-0.5218692385879988,0.6415947380634872,0.7936755132523172,-0.7830115568372589,-0.7759233891819215,0.7377108560250734,-0.47430976229036004,-0.9570955276417186,-0.29271651429545975,0.003534950789467528,-0.3532334514984765,0.04614040997851876,-0.36043486935599645,-0.7331405327241189,-0.42090066737712695,-0.6930405859721724,-0.21460923397031473,-0.3127943862256448,-0.44703978012714796,-0.17586370395700968,-0.08508184646960149,-0.49409682532486165,-0.09035450655950128,0.9073972630989915,-0.5777581435832198,-0.854284078814695,-0.0938664979093391,0.14374029457114457,0.09241420328198169,0.3003338352094751,-0.08744682799847192,0.8508565439133684,0.31346163513564895,-0.343642989559509,0.9377586900802954,0.9104807440074376,0.8277347477917083,-0.13594764510725743,0.7535359598315183,0.31410017590236583,-0.593332561733046,0.6819433203728367,0.42409638770839364,0.150335525801796,0.4211816770617023,0.48909946586486996,-0.12527379893817736,-0.49932794171137007,-0.07204945902040127
0.06776928787564707,-0.7182670782950409,0.8891015303509939,-0.22585097098413298,-0.9081794963404448,-0.754666215181264,0.22945572063285313,0.16630841781476113,-0.7783187512321252,0.6444592165369882,0.469936496498659,-0.7421818336287591,0.7214231256331236,0.8685430378132655,-0.3869623000350506,-0.05894612638793717,0.4073624305274768,-0.6637586863054161,-0.6081476152936465,0.6034152639705734,0.36800786757258996,0.0733604920500106,-0.7252236540375026,0.05042139977225468,-0.27622483914330687,-0.7661547588520292,0.9322031824269104,-0.08485139621437643,-0.13178577301820416,0.1291788179708393,0.6769145221442407,0.7728908208996548,-0.9027767316929125,0.6253058892149586,-0.9921507964861964,0.3099578766234101,0.8610959770790434,0.698393039322692,0.6263804298203932,0.21343505023423015,-0.8837435442257628,0.5732526480675941,0.24030147959005865,0.7121232557341155,0.4824119012966319,0.7277490962625566,0.6733687819395715,-0.6242545762654172,0.9102150002182832,-0.09160686792663575,-0.7982815069689309,-0.7427878361314533,0.5516911128231206,0.603302812059678,0.2738834630732463,0.14426237406530484,0.26782314887667,0.7980738036609125,0.46201936597391535,-0.23461837810990427,0.652519647847801,0.6310187129113558,0.446252618292897,-0.16585514413374725,-0.6342555858119674,-0.9286973909459937,-0.21862785016623598,-0.14995417880960837,-0.5658675039981356,0.5839811449620385,0.20325117129292458,0.9708222400860989,-0.2943857902814515,0.0438475333997439,-0.4241022886542891,0.4635864068787776,-0.2334782909121107,-0.3539347314747818,0.3471932342419026,-0.8173126585124504,-0.44696949400762476,-0.5299648634544873,0.28640999636822917,-0.37224243114338473,0.8887994416822045,0.19060042137976785,0.05410571155226451,-0.43236409030041467,0.3451250981338978,0.7879368686620141,-0.8774234035440784,0.768290941165126,0.05843916978725461,-0.6207470930662227,0.8961322508234557,-0.9014594631216055,-0.4399603103239451,-0.9710346794133353,0.9095256886725096,0.20049783903894158,0.4750025103557032,-0.5064962067952608,-0.6318072748856041,-0.8917839995776315,0.16851482748465263,0.8805201632078117,0.13001123976858575,0.5824345568661484,-0.9511130133313854,-0.4700035859669782,-0.9921810283917203,0.8557454614003721,-0.5955766426617057,-0.951902972053011,0.2394714059237335,-0.06388542824661037,-0.8076147933412401,0.11452442666724694,-0.5287807333815342,-0.34290917660885656,0.3789193070162258,0.8774053592773663,-0.7415626979397105,0.739694304599809,-0.05056976333856911,0.28613870174604195,-0.020962336120528446,-0.2908020117409895,-0.48548980890458804,-0.20432613693369062,-0.12485788572916712,-0.1123737639640594,-0.04836946804801223,-0.549516195989352,-0.359018708616724,0.11483254919577002,-0.7865213857874194,-0.06369455251679712,-0.805351761285596,0.818274801815061,-0.1874267693163354,-0.7884944477739091,0.782630543162544,-0.5058737161741,-0.5656884044611881,0.5437997367546072,0.48995069965663185,-0.744926264774554,-0.46748806269121035,-0.07465734023149673,-0.8979913915355688,-0.7223281717044183,-0.8620517351367212,-0.882261739168503,0.28333665576907885,-0.5846118199124597,-0.4906332965119704,0.7080161157635365,0.27317536249102514,0.1387880452057597,-0.126671907937564,-0.054900502879469126,0.7093559613951268,0.07918815273691493,0.2260681784754106,0.770630498685873,0.008493038727872992,0.7832772178653102,0.6247123099336491,-0.05369145886683735,-0.5695632293096802,0.769130957606935,0.12994364008114867,0.6626928617298227,0.20604231752258895,0.20734602011069714,-0.9131976631127703,-0.10015554846884589,-0.7761557297608868,0.2010283635503387,-0.703923553431079,-0.11679127295855585,0.19890872005254612,0.1347185477140176,0.5750246847068008,-0.36988353040874733,0.3359150725615887,-0.8249317415217312,-0.4243531852656426,-0.6384805577356252,0.5795413514881638,-0.8208555069353818,0.8808249931535197,-0.62605382527375,-0.6454493398428496,0.6664665628394333,0.41239631759518813,0.7127498485661241,0.4432890813495902,-0.3495948672586682
-0.8223148726544061,-0.9922894430586484,-0.4477877343571153,-0.4971423120857812,-0.2122519276859527,0.7531046750484489,-0.21540803809395936,-0.4197972081455579,-0.5794694002909637,-0.6792638339288728,0.5562744820628633,0.6167277961132245,-0.1631938429439146,-0.8141905776726814,-0.7052916414095445,0.3800362759850531,0.9611588109027216,0.4150871486582681,0.2630811938103197,-0.07322291092200084,-0.6995078300662341,0.8396967781959599,0.9152809894299014,-0.2040530783265364,0.00045176206494113025,-0.361719769877038,-0.07636884587090687,-0.9060853593471871,0.25439975421534355,0.8049183768406756,0.8401688254779183,0.843481429597245,-0.36078468458869684,-0.03519245823586625,-0.8872435748340965,0.8320035668954147,-0.6232899644910244,0.5012196953912524,-0.563905327923711,-0.9714705341518233,0.17600315873902228,0.7990247765183012,0.3312029752581658,-0.5765872056165893,0.9509391954617297,-0.31578702458025587,0.46176856548289646,-0.1517428510578167,0.9146801900244406,0.8636544562271893,0.7694175888703108,-0.43262741860021325,-0.2606477506230944,-0.17362424551553257,-0.04113159826847168,0.10547996547922578,-0.3818676179062277,-0.07495773353841129,-0.9443800562422093,-0.42141016909155726,0.6068507048660126,0.2754447343438584,-0.5595613541631328,0.4234757317161866,0.6400907841107408,-0.2925858848019358,0.5779049839398009,0.5214331696950316,-0.1737816951323945,0.7277264524752189,-0.429908619250738,0.6446264054063651,-0.8698840985568648,-0.4066273756539154,-0.17836289502908387,-0.5986079673037392,-0.7578251143464538,-0.3747826889890382,-0.5919740153315343,0.9457348732368844,0.5125951032040272,0.6352515219052892,0.02934705267028348,-0.7835494311510323,0.4581771916617401,0.9847879782273996,-0.20823339270232033,0.34923847595758417,-0.28204918349332164,0.6340255970704527,-0.2781386090350282,0.15983164919001003,-0.3455821903188654,-0.1763178853302143,-0.9164499523395144,0.857219824799383,0.8430957759787174,0.8367548574259931,-0.5426677509346738,-0.5621441834017142,0.48791085652674315,-0.693107572461094,0.13873779539775155,-0.20967692529017556,-0.4559052956724603,-0.4874258095409332,-0.7206564830500528,-0.9825905328399889,-0.6804882856605712,0.9415238929882903,-0.7442359428693699,-0.8148376087493794,-0.4688695469720443,-0.2937468963867851,0.8356181321721294,0.26779515099922,0.678358118539188,-0.6040797762102017,0.28234806851240624,-0.5402956085700856,-0.20700232068877367,-0.9098522920457155,-0.8598266052493426,-0.7121563563389517,-0.14071256955139422,-0.5719924560574048,-0.6302290317590895,0.6925080339888343,-0.9075230576824656,-0.8450431790846702,0.5801504326863554,-0.6894888851204837,0.18067496358699708,-0.7145129424056449,-0.9677180406461114,0.5583264410542856,-0.27659272196331286,0.5144186787099374,-0.3772055820749407,0.9578804324742145,-0.6196152328534303,-0.6943419401914539,0.2147110944682562,-0.26143866728339615,-0.8261015606477984,0.9784961890236741,0.33409593916224223,0.8705735252143736,0.1355316250640608,0.7955398430390148,0.11398384362906033,-0.9488456180562783,0.6105216955023689,0.3537421322824259,0.3352294950432744,0.6199781645599225,-0.6037269144735136,-0.8911295693941743,0.09153997105118195,0.07699400087940433,-0.5751646807904416,0.997442732099757,-0.41188402844184147,-0.0023453622628089033,-0.0841853516245179,0.24740462040971556,-0.8994051225351689,0.9539798861488951,0.011559727129772934,-0.378592278011914,-0.2015228207269073,0.9610841630716913,-0.2454284040992527,-0.38278463948021835,0.12401643726201383,-0.13714079664223067,0.3685677322682883,-0.9902524101733077,0.9355101818601417,0.267565150697481,-0.5792767775350736,-0.18305062494339075,-0.6824617701948226,0.36455297087733585,-0.2880380018737636,0.4575530591070647,0.05875503013997152,-0.32921946675656155,-0.6384649375945648,0.5742593501986808,-0.14565270893026372,0.14172818477040727,0.5855138180309849,-0.2459928038668222,0.13113087044330207,0.7005539260259694,-0.5785697280288633,0.8262069490263073,-0.7144931207985519,-0.1041481981514607
0.629235299808377,-0.0243167542659104,0.2640145263892295,-0.39165968123316675,0.6558176261480029,-0.17426098999661344,0.08059446245487978,0.4352278054615628,0.42320892461608195,-0.052846745238553705,-0.8902955542854134,0.36404768035533897,-0.0649503145093362,-0.6151260468221105,0.34394807636644154,-0.5180732719106182,0.27606712656327415,0.7504771482616921,0.9562820111278238,-0.16762484017375745,-0.7892896824185127,-0.29312391429945683,0.8746821873845758,-0.40347564817226944,0.45773535584876246,-0.22732968498864592,0.09369254184063136,0.9606410321359096,0.7401778327405739,-0.2082888160823828,0.004306999053887983,0.09779495576192976,0.515502746981725,0.49241959333350405,0.3907938826349011,0.9114577989410655,0.8852931556082249,0.23214785705460717,-0.6611789275431763,0.9437266625550411,0.2081417723615988,0.9699597396674997,0.7789875867814768,0.507823083487295,0.36036169432313714,0.5926281475907043,0.3000210624312689,0.8181551042601982,-0.2795468258353362,0.040282934264486814,-0.14551182655121142,0.4145527530313937,-0.16582416296002167,-0.826644819534601,0.33444199412607656,-0.45385463465675757,0.7001887196517917,0.9500337919627477,-0.5442837522118802,0.31154789381228865,0.7376540020331266,0.08892666172346408,0.08891102712838794,-0.757389763071507,0.1586042902052638,-0.618772025885356,-0.06216804056125835,0.17123398286278557,0.6090019365432857,0.29080275941757616,0.5799713420634196,-0.5930178687876526,0.9311123116885844,0.20493562474017923,0.5700984932139854,0.2632755632658528,0.2198426507567517,0.6141059249990954,-0.8178821090475379,0.34689713830735913,-0.6844951933630861,0.8607597768276711,-0.944394080686884,-0.2288885084530521,-0.8083995804015665,0.5287643576720886,-0.6392388935226294,-0.9881922658207571,-0.693420719497498,0.15988040118524682,-0.27237514925148343,-0.5675018120825863,0.8563613026566415,-0.5152681795703073,0.6519402622428234,0.2743194663503814,0.37146656538323897,0.35777857998859774,-0.41782243895495963,-0.9902586103432318,0.10662637915362638,-0.8409010295873651,-0.02993176809696041,-0.6328180395900269,-0.7556135870625953,0.1896086322536954,-0.14710568660636958,-0.6254044914995982,0.6674876974880233,-0.634135073089225,-0.3046324461043597,-0.9636642948155738,0.6963393978562995,-0.51023022684927,0.3261732723308095,-0.08700103333655229,0.2712078440219181,-0.20229405307697212,0.15059022154640966,0.37851600369425453,-0.9843948975331152,-0.9885936574598928,-0.7896022996878875,0.16366825459680312,0.9953694157573036,0.497360990631319,0.9024349669056169,-0.24756375150651544,-0.31449268992401347,0.9189692569311678,-0.5748692777629387,0.5155209477866272,0.8780220194760842,0.699871976806334,0.05919836816874113,-0.48564267171639575,-0.5625629755235022,0.7277368234144597,0.8193412241059144,-0.03808097371857588,-0.2545639140435254,-0.8545389873889662,-0.4306435924949845,-0.014373923771903607,-0.12927364380946083,-0.7694621516232705,-0.06960777973579346,0.25271223572764345,0.7958185332347665,0.3799006872244113,-0.09560787661679382,-0.7332513260449067,-0.7187368194306094,0.9347246615048572,0.8122272049364259,0.6875321903007563,-0.8935424529524592,0.2464891409488834,0.3135775624403905,0.46555207251002173,0.039349153781984336,0.7220951299305278,0.09063199062782523,0.4541804671601275,-0.4339355583921156,0.42679280888887616,0.28302510252642765,-0.642557578722007,-0.5902095710079187,-0.7734880986744235,0.33213126184438524,-0.9747622903435356,-0.25068421868799606,0.20060689554266053,0.4203775855108345,-0.6441031058833209,0.39578800016760574,0.09276892592663022,-0.7223352837079604,0.4720548950751231,-0.2993935914799237,0.42279768661958284,-0.23123916744921624,-0.27810808796353004,0.3110812137863823,-0.9141378718010218,-0.6719484018048969,-0.5595148785158521,-0.802543663432405,-0.06535509878397727,-0.3073551993735635,-0.419733194028969,0.05826431445134039,0.810713272468935,-0.5697897349675702,0.7810747531992179,-0.011785124545794057,-0.9468553647173354,0.4985999279835489,-0.8331175535784463
-0.10813175878619163,-0.7783665938237345,0.6064094518573042,0.9744321245403174,-0.06343749471507243,0.6586729845698225,0.07403520362726601,0.4737097492173221,0.9061699002653769,-0.9858813557100536,-0.36028273260815924,-0.3338144840478594,0.01440202291275483,0.7493457385389439,0.5080248142672334,-0.13537951644624058,-0.5322762164516204,-0.968519089063524,-0.6577670568109175,0.22958345075506403,-0.4022672461916603,-0.033345107946255004,0.6138395209769787,0.8856413414777615,-0.5825685614240697,0.7142600867622486,-0.434173480489495,0.34741807001718317,-0.2779719860562553,-0.6052273202299525,0.2166687476918976,-0.43797621459802505,-0.8514802148841527,0.3294867775249115,-0.945062690267582,-0.3552961528991827,-0.3605421930159809,0.0552354940691262,0.003601183293909127,-0.6723667152561468,-0.4175731925240096,0.8581737203804893,-0.10683804657631013,-0.534630242263241,-0.00685331964183411,-0.498993285951556,-0.09583150431556064,-0.015725030757322456,0.46767310808505624,0.11826505743042959,0.45215411822828355,0.9923773560478755,0.30082318856576196,-0.21459325741824986,0.3197587176280525,0.6615557229569182,-0.3205150077676189,0.019873816256115617,-0.3561386119175989,0.4357723429172937,-0.9844429927436897,-0.00489877309247877,-0.6731588476618235,-0.666004144332373,0.28248176865194696,0.9638017481966448,-0.5152507285796502,0.45016859676756504,0.09699580352601744,0.1294156912833262,-0.7643903069682298,0.3792095563880129,0.8155498986878713,-0.7391278146075879,-0.2779869421133394,-0.8200181908695925,-0.6846997281430525,0.6528340755891431,-0.48876215476261997,-0.14564469612552,-0.60910615548742,-0.2332966248070676,-0.9379318196625115,0.7715898993306005,0.19307583629399905,-0.27224652425244145,-0.6424597009591928,-0.9170851796682218,-0.3704037954775101,-0.8677134711383572,-0.06187253239695978,0.42651429521920203,-0.45366977369992467,0.9019271951111951,0.6039440196400865,0.43803045285814224,-0.07822343634033424,0.3365867345463782,-0.45696695833252154,-0.29671256334840734,0.6239933648378748,-0.1201335107275796,-0.12873959671915802,0.02043024534211524,-0.18892204832839132,-0.6095147634930123,0.3147276057238111,-0.6729447857404616,0.910653170726125,0.5863344707282845,0.658917785525478,-0.10433800908511759,0.3204886556292319,-0.9495203151120906,0.26943989541772884,0.08604949242979276,-0.8395000705117932,-0.5070947923897398,0.9653261401898285,0.042431192405079754,0.15509849879802462,0.8278279770060932,-0.8004031181813127,0.506127237511141,0.6890319328661967,0.6418921784875637,-0.3294635757997484,-0.18625124544132432,0.5914566173434646,-0.19576578639861797,-0.12204376733164657,0.8042383949641387,0.16894288153218784,-0.3233440052085177,-0.4640513276384124,-0.20178825053880378,-0.9420251384908962,-0.032121508732281256,0.1364885740470667,0.5802960856937973,-0.10029906895509977,-0.3871527413859044,-0.8497971604468515,0.7989933413739645,0.7400033615176353,-0.06659753980662853,0.5970679825562528,-0.7421273606373364,-0.6948591818588874,-0.5887285537254987,-0.9916071407261111,0.40793718375527743,-0.2999864226989135,-0.5399940415422071,-0.09576766930816216,0.7479512417638716,-0.11914426892327046,0.31423708999134425,-0.3548093756729702,-0.6208069215934229,-0.7024631342393355,0.23453731711813997,-0.29337339645458815,0.17611209518213333,0.37944095108786446,0.06423069935698811,0.048268803418106465,0.11125757506938783,0.5676804816085161,-0.27847817974159783,0.004062600416703255,-0.6506967100729035,-0.08284075621788567,-0.6572055128306278,0.2153678816021607,0.8992197690930126,-0.5700793619659457,0.44950679450408026,0.40117465663846974,0.7834983421036843,0.25403177761876994,-0.6731818512077967,0.8022832461436995,-0.9399742797869473,0.6311548145474031,-0.5146430198054581,0.006058341277895618,0.3319564077807662,-0.6091036094148845,0.21285339891776545,0.057017122333270054,0.5315815267581376,-0.4276363770110092,-0.4280046631907355,-0.729369660059674,-0.09017492460516174,0.1710723125522844,-0.5349626642600429,0.445672910791572,-0.21420274978780207
0.3540699384630228,-0.7382584853453531,-0.5205075949011668,-0.8451184100944749,0.4660854272970112,-0.16738410798440229,-0.09205237917212883,-0.6679567428077158,0.9424300216961039,-0.05335768686341691,-0.3330193761988052,0.961249155797375,-0.5485046233171835,-0.5306513777839006,-0.3765243158496301,-0.9940540501612927,-0.21914187623905068,-0.6839248380583391,0.7041993305736853,-0.17797718310167232,-0.6111366414153097,-0.4596605929800208,-0.8817987126605078,-0.47639355523651084,0.7550547142802557,-0.8162676040172718,-0.20328483447859536,-0.6075096539344496,0.7644776506578208,0.9698983780051553,-0.6458946619586314,0.7473332794845453,-0.576439046842582,-0.6573454469485436,0.7374846119907357,0.11320952206239254,-0.6361052261755733,-0.5657014221704264,-0.2711257866118837,-0.9356909501059001,-0.44812398752056803,-0.27238742466166954,0.5984252351016068,-0.7656133362621589,0.8155202550296301,0.30481052314185386,-0.38703453237733587,-0.45820974005367154,-0.41901901462651314,-0.7054036545149578,-0.8450076713375316,-0.06562280148962207,-0.46972444818305137,0.15172718860174217,-0.41394437861998856,0.13525815803482866,-0.0438974851139633,-0.422362190981201,0.5306184860013603,-0.8378934319052629,0.10842705564914046,0.437185724068919,-0.6407363436178348,0.25091988993101433,-0.39949032100192605,-0.5247259213675992,-0.7806786909813972,-0.2658250320763238,-0.6771599706405336,-0.7775130551603975,0.9574049846805632,-0.18425915728344422,0.504862196611154,0.2833627106316503,-0.6527250125694952,-0.4966493299509953,-0.22520964908192487,-0.6439331682527685,0.1924637537962528,0.002216428379672619,-0.11568110922680153,-0.49362788437415506,0.45687990195002315,-0.3535827068327715,0.3036283240827169,0.24354189065577247,0.05662433627474939,-0.008315155287724973,0.5293471909336338,0.1398389758465013,-0.763489673135674,-0.5202690533687602,-0.9957997938818441,-0.07056456333273076,0.619042085397681,-0.4778188561114085,0.963144435642209,0.30182853453299985,0.5938749839221273,-0.559517519822238,-0.4440817612393648,0.7668866152887939,-0.6451556694894831,0.3747282758010151,-0.530783384312441,-0.3207913047394062,-0.06892484705497304,0.7773014837161469,-0.6569674125302525,-0.35143629103675145,-0.6068602651708996,-0.8475606437666556,0.4484361932154317,-0.816419852669328,-0.49801188104596816,0.9593845203498015,0.8081780813655541,-0.5227760859908694,-0.04319829441498735,0.2799046290003431,0.651784449495062,-0.2321445950900054,-0.664017762116514,-0.5888237991217204,-0.9051083328159746,0.6359401290966462,-0.8579770785433625,-0.46269774985455947,-0.16847459952166255,-0.14845255880477493,0.47276264046797145,0.18067601903165076,-0.7715362351329058,-0.9470300916191954,0.6180051992076467,0.18986588160180373,-0.17355930444083278,0.4999030596893117,0.8262693779097723,0.21427184495985263,0.7619040133364605,-0.7059297144565042,0.7166015028327897,-0.872276998775114,0.8257232828599885,0.19544257157671652,0.40010706527271833,-0.9260518344378847,-0.3236692695475487,-0.1505187291275476,0.6990085806361326,-0.4674797588919002,-0.8329508103430827,0.16261662556214196,-0.795249505229576,0.8007838154537965,-0.36315779384634705,-0.7224137078650714,0.9818751393409195,-0.837206700216012,-0.9118001460783525,0.8195482679355055,0.523079738806236,-0.6255071772580674,0.9656895470708278,-0.6698850310158457,0.8567117424511204,0.24196804376145487,-0.16875210718508749,0.9900607014036202,0.7201032267725085,0.923848140639598,0.27774340113497153,-0.7743598233833429,-0.6546958675968959,0.10836837278471423,0.7771282058946543,-0.4714530147979732,0.40403244818894946,0.09599189900393457,-0.7179801557671182,-0.9266273997654475,-0.07581328424100287,-0.2099409883788239,-0.23854658577015275,0.20902175924798794,0.2733004950352318,0.9297959722974689,0.01050992123926231,-0.47746293002476303,-0.9351594309294942,-0.8766915552715764,-0.8651023464513186,-0.8304453748723186,0.6762952248705394,-0.7271701059134572,-0.21548682430624266,0.28327716105707923,-0.5543240481288956,-0.02332478508979241
-0.5066181316143785,0.687881477672758,0.8347126159539522,-0.8645405811309386,0.9595111959273341,0.15763047886213744,-0.6606856060204056,0.4092614043743452,0.6861137795754879,0.4797352194633231,0.41737538378149797,0.19924477149934394,-0.0860853943931168,-0.35266291112157555,-0.05892402384386752,-0.12636635879665503,0.7907822095382464,0.7953390850093613,0.4046552742255809,0.21760863816504195,-0.6591269881571324,-0.5407558675301856,-0.3199715567470849,-0.002175011070662203,0.14956299169702647,0.3201548281430395,0.2016368603901919,0.06928431762185139,0.663632723822825,-0.22009462947282055,-0.13090303516583046,-0.061907122852162155,0.4397816155215304,-0.8005899929946485,-0.2620563717688609,-0.5631636737995716,-0.4548114131426322,0.34530552529521885,-0.7932462496093062,-0.9911161993163713,-0.4385171708865774,0.6939507757110215,0.13960105263702283,0.9504814928230929,-0.31799972097449736,0.6169768040426173,0.4841492179843281,0.7491453160847406,0.06147797935552379,0.5349973522355953,0.2653467567237444,0.23794444848187224,0.927660456047458,-0.14893019621540193,-0.969843300363501,0.23480322091495665,-0.5770419186766991,-0.3854916739983374,-0.06399406630990323,0.8344984113096565,-0.9658177657909042,-0.027660767336884717,0.6905210179371772,0.5943969960721303,-0.8258548668482832,-0.8227947130738391,-0.4180725197563975,-0.22116021565803012,0.3265712579604678,-0.24062081708309857,0.6769206770569125,-0.4285755021143509,-0.7924338053703761,-0.9533212352328133,0.5701097567477189,0.7092107575747824,-0.30953515198189296,-0.4132109424339936,0.003418569997547083,0.9653351126041712,0.21308741917017815,-0.5317341637365474,-0.18944064716248188,-0.5191945532505791,-0.6850448578431729,-0.4471603685481882,-0.5116558898891586,0.5457649447494266,0.5275698561950939,0.8904272405908957,-0.33829621913928776,0.6459137118944858,0.4454717918412303,-0.1652873617239583,0.3636077482482225,-0.2749569747829277,0.5481363881043166,-0.08250519788188604,-0.5529819654548065,0.7509669193582844,-0.49598549961848826,0.6248356662613828,0.5978055108598916,-0.29476042498021715,0.8409696482108835,-0.690580571737021,-0.847902936183462,-0.6589350261812288,-0.3380844453243712,0.6355373523305401,0.10161868973746535,-0.4191203948958413,-0.08406962762610037,0.18515230485352885,0.28044512944487443,-0.8354179909874258,-0.016452255764086487,-0.3507583920231718,-0.6602051280125956,-0.6844030938756775,-0.03941061215119834,0.5030274187704349,0.8155577506893255,0.2423311363719558,0.12521576412994384,0.5215706504509645,0.9841305230275501,-0.344489352742281,-0.6757829605188137,0.5730763170744939,-0.20518300687743696,-0.4904094833337729,0.746849605214607,0.9004175802405203,0.12747918988109497,-0.8945292958288023,-0.8795589086423419,-0.5518589367751265,0.03401397674410167,-0.4615900957875336,-0.124686703072169,-0.8823000705201829,-0.4755436068831662,-0.8206475177036425,0.14070003799347086,-0.8357037016548985,-0.7421943503190798,-0.71299567200466,0.12846375614100225,-0.36024234488926,0.777884890439563,-0.5572476560301098,0.38945815776821635,-0.31858254866017943,0.4143318234859481,-0.5965673226756614,0.8831769914667575,0.7414938879322164,-0.24976787410031487,-0.5046844730718523,-0.6779501048471479,-0.43135955308034135,-0.859353790994094,-0.7383180152920463,-0.13122767585758743,-0.6648420539235242,-0.45776086956931983,0.022244071277485622,-0.7185253646608889,-0.20425519659215974,-0.5078643082902863,-0.47307737342798784,-0.18476639574424047,-0.8621043484328679,0.19763664153486582,0.05115406954327617,-0.6222891144629783,-0.7121539485263912,-0.6408837638690026,-0.2352050408432773,-0.30134330694973444,0.20646461685153072,0.6607383964746272,0.3180233719723231,0.3830871508656257,-0.9178663002423137,-0.7951807422653081,0.9088969321991662,-0.8680865692948829,-0.8299422293238594,0.7686212927907683,-0.23081608044699298,0.9847659952224621,-0.5953351708439631,0.6565440705118339,0.6067510199155628,-0.5371857276386722,0.00920678399804098,-0.2525906668323954,-0.4372572140866935
0.05828193798817716,-0.3972763232916443,-0.16072159032983313,0.6086806038769927,-0.1402294627693068,0.3299405750741713,0.35396710061867664,0.2609223366512594,0.836060675966986,-0.8256763633710427,-0.05754843487450345,0.10665033072661312,-0.9034413586383874,-0.6833084570742627,0.8170098076286028,-0.9371697965211889,-0.5194092403382109,-0.16899163297529696,0.44973385298909063,0.44640464979114736,-0.17360893638922703,0.8790851452601733,0.5662448475327679,-0.09016120075929024,0.7066233220106033,-0.31586385123067107,0.9082653143426813,-0.24504969550442834,-0.2858390011102869,-0.40240960820281235,0.23496000298299236,-0.8836548595424396,-0.4996117964459308,0.9254769460002221,-0.7783464996012959,-0.3383527278017606,0.7217345788450502,-0.49976344105538195,-0.28354361993792754,0.4781574416446208,-0.7779214515108068,0.8034852601665541,-0.720579871806224,0.2485238046097571,0.14839661590954867,-0.2570723711636136,-0.5299213853093199,-0.90136744771367,0.2365376909313126,0.5022152235402781,-0.6157186226375777,-0.5010220231325588,0.30560228148395785,0.7575563353634625,-0.5884500091489637,0.3574299625338171,0.9667947749768648,-0.37734790185384903,0.3096504288915025,-0.3701980361884658,0.49342386104860747,-0.9430162688417725,-0.9543239601961351,-0.24696786328555564,-0.965272077438762,-0.7227708727079527,0.5912838939217655,-0.9715885164513112,-0.11996723292111122,0.43460270920580046,-0.36034758936998235,0.9981495160355576,0.4927000526323744,-0.4060925795777195,0.6299329624629761,-0.044976049110599936,-0.685626877734625,0.8650908609667589,0.808938473143876,-0.1598689264180706,-0.4287016158925434,0.9681411272985254,0.4695211051217574,-0.4900489798053722,-0.7283804647152736,0.3945265245251397,0.6705579294484503,0.15779779037254582,-0.5015036306600009,-0.6514702203403071,-0.4362528167116628,-0.12643546511552395,-0.34561702869753685,-0.04402832808752821,-0.6622503199446708,-0.6645424266651827,-0.9328455454456341,-0.5422203877489717,0.5952139016238343,0.9155685657445258,0.014494547545969017,-0.5875097147531714,-0.07580602514132262,-0.7766867852090593,-0.2515210874945226,-0.6385266402808885,-0.47106485768077144,0.9727278615014332,0.11867865327873806,0.7880233389829447,0.18348158404077464,0.7806769583709414,0.4366498677353374,0.9074341052899104,-0.3996881420887808,0.20670079228634375,0.9033970994137248,-0.23181386770757562,0.45045704146941734,0.24988145503964088,-0.8655606992670881,0.41373833567486606,0.16795355493275088,-0.37286538129730706,0.6329993664262255,0.31362268328328513,-0.4135882407659772,-0.40294567596079434,-0.4971575175604932,-0.3571405985298808,-0.5234868850608705,0.16835756608702312,-0.939655419322438,-0.854899392000813,-0.25919744119234367,-0.39368197511103165,-0.6875779780999838,0.7520924937554767,0.7076284101220054,0.05263774656773901,-0.008969969476089856,-0.2690435598755818,-0.48870825031831133,0.781158805032603,0.5749260048438085,0.0042129246580964175,-0.06014787015181122,-0.023864379538352853,0.3749869070447964,0.528997153715073,-0.7501299546168703,0.3697113439628654,-0.24849893970151404,0.8777718699498174,0.49722054501352453,0.2321310591559118,0.506848517485111,-0.15296190246801755,-0.7134944534484984,0.2833595864930043,-0.31257572913620413,-0.9110779353543561,-0.7436504228772722,0.007017116214018904,-0.9442822626636067,0.5949136717795176,-0.3808251371080973,-0.846564390340057,-0.032884405548736506,0.4221707885332695,0.6573111509568352,-0.009425964335896486,-0.4603005692205808,0.7012309495114932,-0.9142141837936519,-0.5036199077092727,-0.17278918478274163,-0.5568798979577032,-0.40385457854603457,0.4930543674130332,0.17481091049437025,-0.7449946433023884,0.3704626671337472,-0.8243943544426386,0.7704849581151394,-0.29989954111827233,-0.35277268524420724,-0.6450261251956861,-0.30937812792388697,0.2951940473792287,0.43511541937050113,0.4232611048458417,0.33327956309875306,-0.5975627173601983,-0.7489957845169202,0.1230968498355618,-0.20077484116128264,0.3745318189131177,0.00424647835568015,0.840852276836481
0.9189438425758014,0.36011031347854994,-0.15419006485835252,0.76902399050089,0.04213729404713096,0.016180605742877274,-0.30494771363476136,0.48543120128059414,-0.7803767369304797,-0.34979755632868925,0.6717015864831191,0.35468602800965443,-0.8380982896744582,-0.1572640029403123,0.11935588696246868,0.16453422444293686,-0.3969677242583982,-0.9137023901094026,-0.5209722903284761,0.8684442452530399,-0.5220333876012322,-0.49823164332908143,0.2784533204756825,-0.31672976063677294,0.7652165199890111,-0.37283286274345895,0.391204855044494,-0.7668657919225303,0.8130249540768757,-0.5618329166315466,0.17402478060455917,-0.1693477781987851,-0.6242406340335973,-0.7366022875785962,0.812598442605885,0.8622126143372011,0.021519633361558377,-0.2536144346754774,0.2139829755438991,-0.8652480305215879,-0.7426814871799323,0.8975906393725326,0.2824781791720199,-0.1406867518493422,0.13501664178147132,0.6913294753294541,0.783962537525446,0.1160859590695289,0.5196224555331297,0.7547109035824646,0.1594677639914166,0.10689200914163188,0.0511888933440281,0.1421368085393946,0.6545545236389005,0.25494606206591275,0.9808041812233999,0.47905157801802334,-0.8294507328919543,-0.15028511092492614,-0.5510662785402667,-0.3049910044366668,-0.01067875881531144,-0.898099507989425,0.41724282808401725,-0.22263765974784633,0.7501069431122858,0.9784571406722433,-0.6391381358814572,-0.30491073707187777,0.1267975677814288,-0.8428377148217518,-0.49912068049390435,-0.5298787205766979,0.8825828749016134,-0.7317138242322676,-0.43686504057993725,0.17282011980882772,0.4369799012862299,-0.9800370617122016,-0.024284967922373113,-0.5924009982790561,-0.7841616607733699,0.21187736228818888,0.14133611061417062,0.004819063279906555,-0.14950541788761318,-0.06661814456887138,0.36434919612982264,-0.9660414183608466,0.04833078925044454,0.33471391120401783,-0.5475555984332574,-0.22338689857079097,-0.15987761634414177,-0.700188127550829,-0.6147036550630502,-0.17354395704622383,-0.30340398226412035,-0.05910016289226583,0.28234646822374243,-0.2944289372811899,-0.09045238236019837,-0.21681422560897867,0.4628211749990476,-0.6675974016435275,0.21597159684952016,-0.38122396468538544,-0.8702316432913071,0.598518644243011,0.7597450764238804,0.676191866015537,0.41987057082853796,-0.5658240488895032,0.48898516832809524,-0.06245261127890034,-0.9630676475465063,0.5047943909087924,-0.3829240386636641,0.04752195140890336,0.4188966519309465,-0.39078805051932686,0.3895282743417967,-0.2381258427050903,0.49629927864377343,-0.3502456377845298,0.3670213628504799,-0.5414634527706128,-0.3169187033317571,-0.17368435739184052,-0.7681282228709856,0.029704044617740344,0.5055916182882618,-0.9742666190066671,-0.5143303746759207,0.9511906436092075,-0.9933882402370524,0.6861370269845048,0.7138951096576152,0.3451982096369359,0.43974840019183814,-0.34096958479917383,0.33239304996979513,-0.17384240081036717,-0.7225192239684413,-0.8657852923544946,-0.3303183585424614,0.8369570918297449,0.9355454692933831,0.7492424259196959,0.4203419551696588,-0.8122254661342314,0.8602353507813691,0.005033191473909682,-0.8427958567942273,-0.031146723103988583,0.2057928000393512,0.6190785458573191,-0.5818042660124918,-0.21738606059702126,-0.23012443790966342,-0.5429296435075568,0.30186329364839204,0.8770248683791839,-0.3925629633641039,-0.6496262921822333,-0.852724587171614,-0.5074734068160445,-0.17170840573821944,0.6980999905820076,0.16302498452993586,-0.4402378300385579,-0.9796581537649829,-0.59789691899452,0.36773694293701054,0.22222104742003013,0.4342508341823901,0.3356860677006992,0.20243493136881785,0.9757783560927864,-0.9382675911098277,-0.5501702950810214,-0.27754598530072516,-0.30992769251850527,0.37699029144548435,0.3325893393496584,-0.7846883437015064,-0.5982620543941797,0.4209876246889457,0.4792788526855394,-0.7477111839439856,0.3785475559266467,0.9057083083489954,-0.33995530881656855,-0.09674412264723586,-0.8037126722626768,0.2627188912377296,-0.9051275132106011,0.612476301615434,0.5673456152019138
-0.5009503207428068,-0.26169280107604953,0.0026504465158998514,0.11089782508593249,-0.08783740118613292,-0.8658820968001835,0.402017680676632,0.5457370787563469,-0.34047454369421715,-0.4319224976120106,0.7086327168730693,-0.41578015989835304,0.08362154071975425,-0.8555020466372767,-0.2889199829105502,0.5986447591070516,0.19878651136458303,0.010663453310114868,0.015356905799879694,0.798921975035195,0.8186458498832243,0.8138697104609314,-0.8523259710072557,-0.7583921212473943,0.17420267264254408,-0.11656548832875901,-0.17268816727032155,0.1486884070821648,-0.5078162193304492,0.45176485307363023,-0.18358077321770194,-0.2959024542501054,-0.17213812710128762,-0.30724215302368885,0.016287861797601888,0.9902391756552975,0.917613657323683,0.40627659777821945,0.609912868602184,-0.22654190497814386,0.6793622757121447,0.3110240895716774,0.3130977789892788,0.41686914755351534,0.12710694471612394,0.6292098317101289,0.7787406721326411,0.9139817227578197,0.12544632412375867,0.12379787647503271,-0.4729192319452584,0.557392124779561,-0.6205762375756658,0.7049143723350872,0.6287958660129487,0.480707538997746,-0.36032029303880964,-0.03948410103237987,0.6175752727203394,-0.18144154752133468,-0.2098242033001152,0.44365960182861386,-0.524573655149982,0.08466408455454899,0.6884818887253012,-0.31347744725146987,-0.32012718891418324,0.5538875719428205,0.9132315945862419,0.831263304262791,0.4140677287398704,0.16524110512160184,-0.8191920861983366,-0.2649919153103546,-0.3066423875054278,-0.19944189869144124,-0.11280008382248408,-0.6249838152282379,0.8921793581290103,0.128641660466283,0.3023456182028943,0.48249455965017884,0.5280043686120748,0.9185477485629896,0.5135854421727764,0.5132298944632616,-0.232753518118463,-0.9694699805426232,-0.7659553650144721,0.560394559573784,-0.8260793513918776,0.2742354640316158,-0.9386180875440184,-0.2342767997670807,0.12384147606791873,-0.34564142418869226,-0.5405187396740527,-0.9313246651668365,0.06210582692507782,0.06981599392873261,0.9904917916067586,-0.12331819331925886,-0.99856587247638,-0.7202907051284944,0.804762569932882,0.8063658807202376,0.8528326099200048,0.42391243896877917,0.10116115122763092,0.09826515764292876,0.8870058218641794,-0.6841133831231809,0.5167034702443543,0.15568047192402856,-0.1461531758901773,0.704854331563946,-0.14277926119414563,-0.5603209518957826,-0.672216446038215,-0.9650958746769864,0.29373612171110897,-0.5529096082562495,0.5486895777318002,0.0065741870371816,0.9738540782901237,-0.2493294572592195,-0.15894510622303026,-0.9980774006247428,0.2811981305575437,0.15861042781064727,0.39303889874384335,-0.3049862920398734,0.3187051841186781,-0.34804669781947717,0.6110576881021614,0.6779868731198346,0.6930272310046359,0.17790648949203458,-0.02176290037756856,-0.9320654374711699,-0.47872034622589554,0.637401393809786,-0.5975463896835351,-0.5120225388423407,-0.21505984289560365,0.45160631234932436,-0.9887248189696138,0.8925464114948412,0.9891341379541057,-0.45890790242353985,-0.14858584263525088,0.09950275203291215,0.0653599872463082,0.49252758870900726,-0.5178263676362971,0.32216276303050284,0.5101065241364662,0.03496833098093255,0.005227363538071739,0.06759967095422659,-0.8837333641970919,-0.678344021282854,-0.5753096195903356,-0.8109608123213288,0.9352245269685526,0.601608264090082,-0.1551567191016643,0.7643953624304107,-0.7444402230346712,-0.45575600885691125,-0.009324315527750926,0.01678222260752582,-0.902592663669278,-0.9346693521208969,-0.3444415552067668,-0.8965023114404822,-0.9717414103535402,-0.8187529477539583,-0.4122376235409768,-0.755699622154492,-0.36903246330624184,0.5749234328694008,0.537132989366585,-0.9740077996122047,-0.9488492150554126,0.8327298250780548,0.3430452653109368,0.9323521239902113,0.8504327242809853,-0.09851061985440723,0.0381051973472224,0.8763692128691971,-0.4847336800025661,-0.11794413748868116,0.5165526525541237,-0.536414926785169,-0.38193962382578683,-0.007706310107451042,-0.5119767957247892,-0.1962302512938161
0.1449101750847266,0.6405624981781466,0.2724546338530893,-0.9351344025958743,0.20876506382665627,-0.7907309798796796,-0.7853749457839567,0.06225847181613542,0.8926308538800531,-0.2440738454787308,-0.8646328818250331,-0.5619297602258388,-0.7815789699386384,0.9181135149787714,-0.2996943996281469,-0.7482946972174254,0.32059086176103446,0.2748021372127398,0.3094921081207749,0.4194535490146787,-0.2830762173196866,-0.8644720449512511,-0.82682690074332,0.805982136471936,0.31243106785192487,-0.6073621547863468,-0.293254485709016,-0.39953677565129286,0.4959782066106868,0.15564698418687062,-0.6678957542504145,0.15482540849875104,-0.8738932486520474,-0.6371174109948643,0.12943407071353086,0.24289522506081163,0.47666139633111837,0.17925448769854624,0.45739584689202006,-0.5434614157627131,0.5431999435949639,-0.5061949259367278,0.08448287412092892,-0.10468350828615791,-0.1625246258488775,-0.0634796412410008,0.7051681195230177,-0.927452504728072,0.2655129192358632,0.6627817923623123,0.6830867339359648,0.04717645909247703,0.8758365410593334,0.7925454973482116,0.6750609140252122,0.7884874522985892,0.5621993087081196,0.6628962950370068,-0.9666097514679179,-0.5750951086852698,0.22378812459269426,0.9475481133220285,0.10022659924428856,0.06750620098613935,-0.4264597700506958,0.3382422730285146,0.3049529372814952,-0.9573056172125427,-0.8001604153136397,-0.6068942188103938,-0.5223634666043528,0.3811620139513523,0.13694874442382599,-0.5909428949111846,0.24696916151937298,0.3681672635517248,-0.104568008994401,-0.9829530540054958,-0.23034286868407516,-0.23624153074091914,0.019598799449862536,0.7549150288762874,-0.056152505838746425,-0.303498135009336,-0.38216540874182514,-0.8403103120486228,-0.34859211568206927,-0.5550760295500912,0.6498063782918746,-0.789121045504823,0.6254160176203245,0.018709561451693668,-0.887039224190709,-0.12457269684659944,-0.10184725514066684,0.6844320960688528,-0.013414098747433378,0.18583132530145652,0.9750766114047975,0.5644700061359065,0.62558918692012,0.11736557711171725,0.21355030141433673,0.5264786486829733,0.7491439018796211,-0.8818489771803117,-0.6878290246327805,0.9402467754865573,0.9819442993985263,-0.3608204900648131,-0.12429329350864804,-0.9330070859563098,0.006962889794196903,0.5048030303142435,-0.6286007428433436,0.35915110760868507,-0.9741214631614954,-0.1647085992550914,-0.2438571834876213,-0.022393382640713,-0.035651011604604044,0.18926696288456957,0.28681579485159636,-0.4674231743868771,0.1941976617596879,0.32478047801279253,-0.6500652078091345,-0.3527416237949781,0.5012985301084012,-0.06933048271917785,-0.6213142436231882,-0.1902493941515102,0.1523752188910188,-0.17158570175431875,0.8960508742744271,0.39602704887819806,-0.8105105952265259,0.49020126922689267,-0.3672899718749605,-0.09478491013647372,0.5310349192872357,-0.289111846038663,0.4383520975775772,0.9451237739140097,-0.40565789225812554,0.6217504285146982,0.6471982377500534,0.0636872819992389,0.9661963858614733,-0.35372218281781787,0.4406013849267507,0.30939030414273927,0.8962813854745582,0.14688993941457928,-0.9029387130261042,-0.7749962387029532,0.041251337011163125,0.8965579435859388,0.5237951267583933,-0.7939485934535475,-0.7755656791526926,0.4716266905185671,-0.04735352258153669,-0.5006883027054898,-0.5355530896269367,0.7292021117257903,-0.8508646142517482,-0.08010595399402143,-0.4263016620870148,-0.15908034899167078,0.9863737380069078,0.2980188186208803,-0.8794308504310437,-0.17258432878693486,0.7313181884053455,0.9798094560512542,-0.9815091197109953,0.21703986144954168,-0.5954527630805246,0.4704653949963844,0.9849788705663516,0.7189620522095657,-0.5533211937669384,-0.13216417545659964,0.4050955632408324,-0.6450450754254735,-0.030264253615762682,0.018290891544087806,-0.14334785861342203,-0.5027517986038346,0.2512104108809712,0.493108224057341,0.799897109629252,-0.24635529216005625,0.37630121769077896,0.7082205296541562,0.554851361222269,0.15616759882464804,-0.5115802988312645,0.24733596997810547
0.771473800533496,-0.7231865930721695,0.5386135327968495,-0.09585937777762821,-0.32199643437370185,-0.3664152344528524,0.7612626980809825,-0.3255132627119517,-0.05898228506401293,0.06093205420027825,0.9053864723141185,-0.7330464362736271,-0.6152430692998399,0.08783192943865425,0.6477747654890449,-0.5949404864892616,-0.6676240420115847,-0.4613128007148173,0.35446622578778264,0.7477122829556015,-0.7093122830392828,-0.822653556204795,-0.7797966053323069,0.050669472626463374,0.34343733474140925,0.5457970523939248,0.43051305308450605,0.37604006396604905,0.8185489718904677,-0.2443327817319989,0.8710498878761088,0.9171667506670433,-0.49812544164953354,-0.16406670625002606,0.610865521130908,0.9053492232004907,0.9953135880172244,0.265190638145699,-0.9508290855717993,0.3690596752838675,-0.3109148792706058,0.987153325663644,-0.06083237289985455,0.5148488349303664,0.504198564145877,0.39012839176387826,-0.17358373810932903,-0.8080345158160089,0.9817539433809259,-0.621579722791811,-0.754294860414781,0.22142026059354847,-0.6422938000574112,0.14382257985208136,-0.43896441027110233,0.5437864183513159,0.42544944529253126,-0.648598090810192,0.9250527873888281,-0.5541595646813822,0.02085740497213373,0.394413173213249,0.7340806564545195,0.5285826623269247,0.7105898170435065,-0.6291404016536839,-0.5186940478503241,0.15953103081443665,0.7350828607729756,-0.8104137046421171,0.0036002451260503943,-0.45085067537835277,-0.2638860303431041,-0.8711516135437425,0.07831257004910919,-0.6716268015161517,0.07754446413429039,0.05967421662534744,0.8449135708263193,-0.5219270127186448,-0.4774422382440777,-0.9927996389394111,0.7810805325544239,-0.30568719800804467,-0.5506840195061256,-0.5939493789586585,0.8297104859130586,0.010172652463057208,-0.1378150064521515,-0.6184319507124503,0.3354758516365972,0.7421570511515918,-0.9818568481750536,0.9677078492459235,0.15914392193144833,0.5100179396072559,0.9024457243130108,-0.27942099507110063,-0.7994765426720334,0.6566367267549897,0.00749107575734409,0.4275839542848805,0.30848890750529945,-0.8152429730490007,-0.7044817242106696,0.47828955641025583,-0.2666279366659736,0.04901810613015689,-0.6547618381614386,0.07978940617714825,0.8144460847414554,-0.37254242023923023,-0.4156556731400549,0.25021367088447577,-0.40388742926338406,-0.22679725214036028,0.37044503808145746,0.047703084707342525,0.7464534333818531,0.07653132341562174,-0.5781990137653841,0.1532395656406651,0.7020765894875021,0.08874987720492755,-0.6458132934471181,0.19596984671688533,0.3021337038259275,-0.4210404843828044,-0.06633854012327522,0.7502428094205209,-0.5730631590942796,-0.581325634151189,-0.20674858685795394,-0.5118260232143663,0.7038602613524967,-0.41297321934335085,-0.9162392749916346,-0.061821056042650646,0.48843956580954084,0.9348946197652921,-0.6955022437252179,0.5389755072337612,-0.5287669309276031,-0.5850305452794027,0.7811003536764627,-0.3768071441551284,-0.901797033614417,0.6507427664092371,-0.43203649248347475,0.7725542734189377,-0.0007805633353041852,0.14192637921476514,0.2633768631563318,-0.1337855785039901,0.9974796062639695,-0.49174586157152844,0.3039957837367715,-0.5548606834046899,0.9944508326025627,-0.9308611418494876,0.8855700656029177,-0.8778738273184061,0.9014989687453749,-0.8041573556037371,-0.17590273566740033,0.5372068788907742,-0.13693432243282055,0.9694651328286175,0.9421886525106029,0.04832302442374137,-0.2743337327676154,-0.36369245788414695,-0.8552589373274999,0.5002608448663435,0.06684365325660946,-0.33741863885946866,0.2306428538827312,0.8528643973698697,0.9026419874781737,-0.6954729085737272,0.7901290293773588,-0.2960093457109847,0.5276153063406757,-0.791816091032999,-0.9963343365274353,-0.3756025205992357,-0.14602097750009868,-0.9272298010788897,0.4622286704544569,0.5482747765566709,0.49491421943544545,0.4795461246345094,0.580763489904019,-0.6346877684249721,-0.22106793685242265,-0.9877455041379595,-0.162321975959274,-0.9648250395485418,-0.7921922588020929,-0.47630663793559136
0.3202448984310098,-0.6014967484606453,0.6586226021379615,0.2485191241793676,0.8180284473721156,0.43811134069762914,0.7824159684873779,-0.7318047895800375,-0.3754728544137438,-0.8548172270595458,-0.9521888134417955,-0.22227697630991816,-0.016787044023142572,0.08869497906998158,-0.3611009271926997,-0.058723377084130446,0.8598068091399798,0.6967399839715804,-0.7049973322573659,-0.8476939882252594,-0.30170832490953337,0.7497036781564337,0.8223504227890783,-0.45238883565550614,0.793819654158642,0.5483737368111585,0.14447096280816418,-0.30690972110514725,0.485071558568535,0.6942754512348557,-0.9720283529026059,-0.8474708676300513,-0.8646571093464033,0.8500094416038941,0.374033636809211,0.5118989224960864,0.2330898719401624,-0.25027504527601274,-0.6621385776418018,0.3224464902099917,-0.9489311428298124,-0.3078861290411059,0.8602630309615891,-0.9391373270670544,-0.14870419452009953,-0.1109868572013688,-0.49483700780737006,-0.3203637863101816,0.8601834509130615,0.31411630212069275,0.5524064618655862,-0.0007680391675330966,-0.8388421348523432,-0.08983676768971982,0.5207128124950735,-0.28633650756675477,0.4710847558137523,-0.868024585087529,0.12581354259118704,0.5992813984508247,0.104806493148212,-0.6683312014832081,0.5074860119586713,0.15797959532995698,-0.6867717056604246,0.6413794127554115,-0.6401946021967337,0.9164145241897346,0.8009334735404585,-0.8555501199284508,0.5722767808076061,-0.6380047940081559,0.018022128738609977,0.7190520018250921,0.36013044944726125,-0.7226165814598999,0.6894860929323345,0.7458789258074165,0.09508650010206443,-0.7596035901875895,0.6306933933186931,-0.16588906038884343,-0.13977752378218544,-0.3316711788645308,-0.9090260140443216,-0.34478046358758885,-0.8859082538302769,0.47333960574825173,0.9737037079402118,-0.7282579499698063,0.49967130896506773,0.20028592740528772,-0.536632375606878,0.20156912945727057,-0.522780432489858,-0.5058702853570023,0.9284290475845214,0.500803085696186,-0.26925051144022527,0.48373819523552397,-0.6632269697436106,-0.49879506825873143,-0.20513357499116935,-0.6960806878160366,0.946348357792326,0.12230763182571236,0.011656641368311682,-0.43657101250160024,-0.9054541921811905,0.8251846273484487,0.897616415812236,0.9389290910835615,0.6795747761721689,-0.036337395871304023,-0.21403075225978974,-0.48621862813105143,0.19224836802530265,0.1837420056166823,-0.6912803077254186,0.46268453541610066,0.515030061548388,0.47475465423680996,-0.9616845966715022,-0.5504709335365927,-0.9473990571091049,-0.17822620808235268,-0.490679669065311,-0.8079423563557533,0.1132502319136961,0.3107213265566824,0.6589766312843808,0.18156618846728678,-0.9063842964866411,-0.3613532660582923,-0.9592924664512288,0.9491946109716016,0.5078977321069489,-0.4552360186375106,0.3421411739462248,0.7098818346199021,0.3215818271906321,-0.3308401765741207,-0.9445364499648254,-0.3700938356232877,0.11418752558912804,0.8226106496364425,-0.06675110029836584,-0.6592091008309624,-0.8812922445790619,-0.8960284369691833,-0.4937305258372382,-0.4856888134700019,0.14477572874534816,-0.5369910066127765,-0.7855569021133333,-0.8565551866342795,-0.7502516435917452,0.879310492447382,0.7082200752832968,-0.9802284832363921,-0.5991814030703124,-0.48759979968451295,-0.21103078830430966,0.3592023386011194,0.008249769923178274,-0.44591780133013903,0.8961449940496276,-0.2077439974314883,0.34841689368235174,-0.02647328742873567,-0.5837851840427097,-0.4124572011719194,-0.44372697772271175,-0.2432788401117727,-0.24592577002005656,-0.9901758515464765,-0.7297989693414879,-0.21248389216593577,0.4592224368162596,0.534974326076872,0.7024026644475168,0.5898560355598248,-0.4733669444391593,-0.7040404676395651,0.1166577950957981,0.08646242322880182,-0.6140787834471999,0.03351601353603684,-0.578588135524531,0.27881549528018335,-0.28881964325615805,0.7151757200473359,0.5810340871435165,0.35676146960432775,0.17126055993363076,-0.43592151992399786,-0.38772773420892626,0.1617281920770799,0.5474297607692424,-0.766066589919421
-0.9635709056745119,-0.20815250862091172,0.548310156293982,-0.34278165574146535,0.9485469526224866,-0.25306497316958554,0.37988178309844667,-0.13888236256337638,0.12127741112811985,0.8942965799409084,0.8706425734060963,-0.5659431417816969,0.4811304971374144,-0.14529259210380063,-0.19923431471168462,0.04647950931634792,-0.08013349301965667,-0.7010606637354966,0.668454835527023,0.10695105891012968,-0.5030129799499656,-0.5117907302456393,-0.22905261983862446,-0.4647361612806913,0.2196283017093552,0.7583747498216018,0.030285659880004312,0.5117316486429639,-0.5595728306260102,-0.5816143012595407,0.24823692087639793,0.956155707804802,-0.519341236361629,-0.2666101137451935,0.4809943839637463,0.7649441040942733,-0.20573690471400807,0.04383725901638558,0.07459801408178479,-0.308548179444581,-0.6383191257702101,0.6115884417124691,0.6733649293778636,0.759328011225757,-0.41944049738621647,0.7301525329082488,-0.8140157448636409,-0.4920822885721732,0.619360023772874,-0.022329541507847495,0.43961586511999906,-0.08940562638231508,-0.3419137258479805,0.4550279898858687,-0.5965895850664045,0.738856563779763,-0.10094414865652013,-0.07357478086738367,-0.44908111153764896,0.1769273423070361,0.23191717326419314,0.15184710894421505,-0.16597797782985912,0.06801885467547386,0.20630929335996706,-0.2708120372462186,0.5837132988774654,0.9533248075870817,-0.32721599079721964,-0.04145039698767761,-0.09856046389021933,0.2191978303335016,-0.8118154141337393,0.8589269970553974,0.3266471356238516,0.5466299904460823,-0.4983638819867824,-0.3137538512029949,-0.58881209927017,0.7940339803914103,0.0828695431938522,0.6978366334632209,0.16111439610378442,0.8450259275910026,0.0377775857633027,0.49163651496438,-0.41332412048640865,-0.7809892638659228,0.34885668004919324,0.9327521008797983,-0.372457199851951,0.24979905246387712,-0.44417239888895854,-0.5708460058019014,-0.052398609288229814,0.4268192784772451,-0.6769058584404464,-0.7918511495315634,0.3694071099588254,0.3204721777586903,0.012499577646187143,0.32351108571772724,0.6037531356268293,0.35486022709174314,-0.15131332050431423,0.8463943984534354,0.17638722212415403,-0.22558891295977412,0.012601173856762848,-0.6379236842453595,-0.17963972319294452,-0.3835943972587956,-0.8597113323403192,-0.9359008630560295,0.07605732767301099,-0.33637268186131575,0.9934572064270331,0.8343978630583933,-0.1608414434007741,0.8660892235176278,-0.7792471358047539,-0.7092263343179952,-0.3446164010581838,-0.04587798276187538,-0.6803740032133949,0.6638304303091147,0.10645425273178555,-0.7128587090817613,0.5403976080841799,0.6801326441417392,-0.6675072632805084,-0.01891197624594132,0.12442480957199198,0.2826763666848138,0.06805600984232396,-0.26593698692625467,0.2970469171494974,-0.48349071178656766,0.9105668764378179,0.16499993300410054,0.2490412276861924,-0.1913308199370951,0.27635175779205845,-0.4155931159865771,0.4380854173852273,-0.3046504009159323,0.9987771743574638,0.5567736526539107,0.7513356263624111,-0.613397874456654,0.4265243742899556,-0.8765766515410356,0.5896017443850681,-0.570990928177042,0.7984025391389014,-0.5935963671806661,0.05922459544040137,-0.26317987493447315,-0.1928809587516962,-0.011962040933988227,-0.013900282657437923,-0.7534851963042144,0.50275207493087,0.669218380085397,-0.48946196515207596,0.4199727464015186,0.694789753786893,-0.4580332674125678,-0.3891485035081723,-0.9904441228641596,0.4926922728752332,-0.45654281919882833,0.5686877138102457,-0.26081686600599485,-0.9097285546511833,-0.5231165770556718,0.7229038923211848,-0.7539253674311022,0.45316979919088984,-0.37530283676100806,0.551003561025116,-0.11093402253492113,0.983702102411794,-0.02746529640396078,0.16862455623036765,0.048109229513768614,-0.6773429039647436,0.46595291140401507,0.006605113472389013,0.7967511166660448,0.49831628489537927,-0.3889918155391694,-0.09309576565130007,-0.5877349117004769,-0.46524417014981645,0.9897787509663456,0.4223633480880167,0.15144639943291605,0.4817030519129015,-0.7015961871127865
0.7275898363416486,-0.7701851755833293,0.7053926980804879,0.8394009410822068,-0.03911886081615923,-0.6101876227192911,-0.17790473389826045,0.26213931775107624,0.7540813285366124,0.9835756313183797,-0.10928911368900507,0.8792970384094896,0.017458273490309262,0.671623907408742,0.672630601529661,0.40449282494744954,0.8800405661314143,0.9350582320546907,-0.5132248855419512,0.33365001506082637,0.8195724497277557,0.8205172130441398,0.6790151849515971,-0.35477098543175734,0.9478377042259156,0.4897121294715694,-0.7142496056168344,0.29511881938497764,0.18018171273385564,0.5921897207225006,0.38640388558185634,-0.008869566625496317,-0.7592556244396376,-0.352374878599651,0.42943068446669175,-0.9959550385497413,0.27035796801475165,-0.04907221660799155,0.8567732456982016,0.4012800458076684,-0.48562998978395,0.9260254938114356,-0.6843892730743548,-0.24595871636135724,0.5865356632899106,-0.9065172479522656,-0.7581649541709103,0.8007597789109142,-0.18198247727636474,-0.20630841185566173,-0.011594482290026242,-0.29575477320463284,-0.039406362527445005,0.999322116383877,-0.12436292900891344,0.9812252693734993,0.7626929498893102,0.15130640555742425,0.4132491906729625,0.37706314725746415,-0.7948282146591163,-0.1400510488004867,0.4825784259659798,-0.3484094886590452,-0.1791303325690934,0.5935143643777918,-0.40874130757975746,0.9991618051573732,-0.0829616463589049,0.13893968940824397,0.2149789916988334,-0.9529710309571902,-0.4117811737856385,0.02344165068504256,0.2581490591271485,-0.025838510566246864,0.43857923756841255,-0.0762900054806579,-0.7290131906729556,0.7292182768575846,0.6963722837541575,-0.12319369562498372,-0.7123268136643981,-0.30451848638041645,-0.5068506307787448,-0.856274822409947,0.2806992230418184,0.9826314185877822,0.14910757641114936,-0.36286535098738826,-0.3820387572704045,-0.15798447619811973,0.771580226458493,-0.7477786341985546,-0.16291658499570283,0.6523222816401681,-0.23209977437706475,-0.0652137251372733,0.7826600151117569,-0.6848495903449845,0.3067432946682451,0.3641066730642972,-0.12832618325420553,-0.9571149887028196,0.3874094025499728,-0.78500124334883,0.42005838149099306,0.40587333367647416,-0.9343709697853986,0.6262825754997614,-0.2142579717891464,-0.8706663513547459,-0.4852672959936901,0.40314325129736495,0.741695433716441,-0.057470735513641236,-0.8128066381046553,-0.7298678732703787,0.5859260822952046,0.3440299787435359,0.6310745300939826,0.42442620444237633,-0.23224403799991933,-0.12914628675662154,0.9402821410145108,-0.4270259789230799,-0.9914907764744485,-0.5313765445965004,0.2698497649842495,-0.4445676780227985,0.2544198031967104,0.3038584159898656,0.38321217689566334,-0.17625279757623713,0.13039350923211823,-0.5574907014527912,-0.5526728376556154,-0.6666709490858382,0.932634912439869,0.49082816294336284,0.8269753020000252,-0.06727635040656166,0.3310589047078274,-0.2686139411625188,0.778934464868634,-0.5204790983200416,0.9340323287143388,-0.9359555698399049,-0.3341373584704994,-0.5512973042310638,-0.7685109045568406,-0.243672061327598,0.6129107839402812,0.714515336720976,0.5144160082246807,0.8252374180185482,0.12018201328589773,-0.40677497749182434,-0.3355030442452609,-0.255420518914117,-0.18247622087279658,-0.3693942707904794,-0.9396552526881179,-0.9777311087712155,0.47014636319548786,0.3311882967560964,0.963554747368782,-0.9832024371002599,0.9280394458314765,-0.6871209498808613,0.8925324585062497,-0.9277641987483327,-0.20304464501734665,-0.014576049305742522,0.5956868718108015,-0.4214124516753872,-0.7465852681928844,-0.6180964657117007,0.8567725669388504,0.17335804674832422,0.6747421451041926,0.934631521979848,0.09232550247500226,-0.1319622150689308,-0.6533302376750485,0.867333968251403,0.12263276274720103,0.19340339527233108,0.748512050497055,-0.5069816512816916,-0.13822883330351643,-0.930016348021095,0.29631431679556197,-0.3305476208699931,-0.3083230396671801,-0.2675910430045054,-0.03486280440779854,0.5227287404459116,0.17475800026291122,0.510579160552262
0.3895743929165838,-0.27353678531115855,0.7319982437048884,-0.5984877277221983,0.7549892890599641,-0.49907191711721444,-0.33084904822886596,-0.8661659533513943,0.9585149909952022,-0.09131510849870295,-0.604228969408301,0.5304624567672893,-0.4976437567586498,0.7362411966060207,0.05992076764055643,-0.960212116404803,-0.8677252885041784,0.9871693922953759,-0.1537791686100103,-0.6809927953481898,-0.6052805641603851,-0.46231115733270545,0.5265884412702866,-0.20657783333612012,0.36648633147339527,-0.8461097431206164,-0.7026060083730756,0.3998251677234801,0.8318844352890642,0.5400426586774929,-0.5034778244619313,0.6248157045414653,-0.7449871771506544,0.35029568956591706,-0.47658002521175713,0.7574923451808167,-0.10069563926568459,0.48292403931182526,0.02011592827410147,0.9604497401351335,-0.9951778187273279,-0.4604568253751773,0.3819763080498646,-0.6643524679115587,0.4410824841667489,-0.8553965745058127,0.1167400857097518,-0.45506085390507867,0.5487877404700381,0.11111294628814972,0.7594434167062871,0.3165919371108754,-0.5074829094493798,0.5361082075674419,0.8968032941526287,0.10760664442220746,0.5286182003813114,0.7290646381360539,0.45481411842614805,0.4665441048399408,-0.7612282811180155,-0.7284803108238942,-0.19630003697683773,-0.7800686882803809,0.5081521559648625,0.2029478140136458,-0.9834280501629682,-0.9715899300397093,0.7033546271639664,-0.35273895390354015,0.08367968807262938,0.18553980600871656,0.7452465446579297,-0.34059907715374704,0.30876891179499677,0.9785039351562852,-0.9163989939316208,-0.7585235347185924,-0.9678421885879307,-0.5667392271366769,0.4247967427872621,-0.949675644339379,0.9879383151729604,0.10573237894250198,0.4821501390979577,0.3897563177602379,0.7863687135014634,-0.3217937592170401,0.9618567965756628,0.42040752204293197,-0.31745141808396315,0.2831453162165465,0.44131634866598035,0.31458250332052917,0.6207174629272874,0.18261785194723235,-0.923927029449289,-0.6312443917776571,-0.7886773529962694,-0.5281726867012675,-0.8630256042299667,-0.17813572732127714,-0.17031771587735944,-0.3930786189732003,-0.955919237588222,-0.7258064901709267,0.2727425705654374,-0.6784734142930791,0.9120195937171278,-0.4187756939870473,-0.13967099841249486,-0.10396573201626458,-0.1559491786989613,-0.48344246828277937,0.011440278809545124,-0.7019351615659488,0.370843778909556,0.45446084956402144,0.13196403568514325,0.7279000757656389,-0.20692204270771586,-0.6826147727433662,-0.08592567118635186,0.6174515227597377,0.24378804131222154,0.6471689575910495,0.5668425983070673,-0.4730803730370414,0.8029072238540995,0.44876109541999787,0.19763657562213655,0.6944701697254654,-0.22241432958096463,0.7239590522456893,-0.7027291059421357,-0.5106171038137088,-0.8419300954938873,0.6868576595144953,0.4901741658558769,-0.2611116108707634,0.937236676914222,-0.2920969054782949,0.4308678493128202,0.743405925035227,0.5180250021751187,-0.2185137666102821,-0.018062698086786177,0.7212419795843539,0.024581456657028378,-0.8068978456991647,-0.9546008216528665,0.9599469538733283,0.24724337973242383,0.6987293073138647,-0.39358731753944043,0.8542353287534328,0.13961924128848624,0.5076031892909545,-0.4185965262465885,-0.7991460651466906,-0.45865994167760604,-0.9210705976432085,-0.22876152181375065,0.7512763250486552,0.41288497942791813,0.12707798000436665,-0.35407614424779643,0.5886136127663777,-0.7396328781714543,-0.7458436958935877,-0.5477802601014536,-0.056472599563368364,-0.7045024187383417,-0.45756827453754023,0.4549358483997852,0.9641669027892348,0.8349183125674347,-0.22890373684952947,-0.8119496864549212,-0.6273015079912414,-0.802525387814635,-0.5648596037998608,0.7328141714410545,-0.27185099102939314,0.6795642365878318,0.5585595274424362,-0.01998512072420988,-0.3588102229820487,-0.2062784415696559,0.00797074654505292,-0.9733577566172289,-0.35417595721422845,0.007998573781216045,0.15321745344102622,-0.3754158633274991,0.9287272399088258,0.0361563447005715,-0.2620138783559911,0.266978514426633,0.8510179263242126
0.6807985177749118,0.35065781532327045,-0.052347786501673266,0.0608013324867227,0.1291969797868382,0.8557520286730849,-0.7500312836541061,-0.6560307589891905,-0.13325876575838702,-0.23385245542392363,-0.23821902851425536,-0.6077109399768723,-0.2590881785109038,0.8307342618391245,-0.17042631193644797,-0.7158566720504689,-0.08303202039612723,0.37667876725245386,-0.7222873234749931,-0.17136383743774153,-0.5280873018069914,0.6124009664955317,-0.05997822671448905,-0.5386081053946179,-0.4913663249795759,0.06484666773468728,0.2260439357091475,0.21467326139982923,0.5051873624243495,-0.3112250124625573,-0.3215711171212685,0.9802446137413305,0.670055308357234,0.6423819623648965,0.5581600807750982,-0.9345677620023609,0.8101703071877384,0.5668493200587121,0.6438049949735243,0.6888057311505282,0.7880340444135945,-0.9645041661272868,0.7217873551599716,-0.005732967247579879,0.3558878298574659,-0.9465284582898801,-0.7401117002363742,-0.4075988775066337,0.7350938754405676,-0.9645397643220492,0.4978006390716827,0.3210804128408504,0.14278372058664957,-0.46508734740568225,-0.5535803470470755,-0.2704913665809334,-0.5729058343533733,-0.8090351671877389,0.7604316747030542,0.2850767863076089,0.39303461084825453,0.24256979038154247,-0.938698474422333,-0.5660752924341075,0.8995610660066211,0.47191200703712743,-0.7526074524673367,0.05717616425728256,0.6759583303776344,0.49682941178906215,0.9326642374494711,0.7134901221561216,0.2742969699194613,0.7768712256036798,-0.15594246030254522,-0.027295232419639825,0.4893792011887961,-0.05861143049492923,0.29179927162453057,-0.7285132594234371,-0.8965198440487621,0.8534352644919285,-0.8410538783391195,0.7449654200899143,-0.409449130273807,0.1026084606418185,0.018593747173589303,-0.5062007793533914,-0.06344978740536589,0.1156182016941456,-0.21143873009318614,0.5847107333679917,0.28482192078616,-0.10606909589803948,0.4231400411677053,0.5716961863766998,0.5058702729015414,0.2887002858771197,-0.62322141429064,0.8663898668732499,0.8648440432921247,-0.7150659392289744,-0.3509951202311625,0.18294570186699644,0.8823515864605498,-0.7406564334939059,-0.4726446102835429,-0.2798331695039189,0.5283523722371375,-0.046213679745613856,0.5399252352335762,-0.08802399849611886,-0.4954917674942021,-0.10819742568652635,-0.32184603738931616,-0.6702889800798353,-0.7866985401754185,0.6090507883007195,0.05108050819134813,-0.31145012100486014,-0.8135310694603994,0.8713694799776546,-0.43605183770758504,-0.38197628510034165,0.9905615305132476,-0.5454514218721473,-0.24307644084685487,0.062489617322279756,0.16487163047648368,-0.20752786529803124,0.5317244013284188,-0.02162740316957157,0.664370186708839,0.7463628247042371,-0.6473080096939905,0.5675415697070139,0.5162406079184867,0.5916431496613144,-0.42927598264632594,-0.33754874914563415,0.3761223945893992,0.38388886875532435,0.17569307642963783,0.12089170882976208,-0.2629875739904213,0.00593714105480414,0.18811788128425766,-0.10585210095619546,-0.05039210534129013,0.7609200236695819,0.15245656224433435,0.9043590832094361,0.6587839461034728,0.3649389235637053,-0.6446835171248837,-0.3193339520492102,-0.7383954577861127,0.27793780050531725,-0.6995731146517337,0.9466980387823336,-0.36553500130047545,-0.18539531407931742,0.7043480488611227,0.4253764847690551,0.40815440782019774,-0.051598376154115,0.9005101515324583,-0.17698121449156967,0.974316782431387,0.2896893985905631,0.05067839718619305,0.5862123976386826,0.039634957815172456,0.523428567789594,0.03356124143893102,-0.13096344150231398,0.435158646319284,0.492584510438264,-0.8431426156594064,-0.5503497143130269,0.14838253446769922,0.2368004429138706,-0.4188473108370898,0.27442729961916124,0.9562840131697683,0.1715505888323161,0.40852625626863914,-0.8707136643712814,0.4246843987744324,-0.32936804371591655,-0.12354492883508605,-0.54068726371446,0.265114357057042,0.9224663321728197,-0.8966818736883315,0.237545524251231,-0.07874743321889377,-0.011341400632028265,0.1418946001309127,-0.7247212767447775
0.34936745757910703,0.010363115597844086,0.5638754752786896,-0.24185425216941558,0.661264052287925,-0.4158805643649368,0.9198735142160177,0.8873103055697995,0.7557175978044373,0.35793269373128433,0.14038463064871132,0.4160001051230846,0.1079105232215547,0.26332557430417713,0.6201815585067147,0.5885954817406149,-0.9593494527937105,0.10028127905873818,0.28960888271518215,-0.9535173209161418,-0.9396834507969429,0.48470984780076964,-0.6441884859709481,0.6339944810837499,0.33560974026049517,0.1923011997000681,-0.20977517690949377,-0.3605263816445079,-0.3563769833975632,-0.3532739492330934,-0.31961041528463174,-0.4932837655091171,0.1653820688608143,0.509511154311199,-0.9145108079155926,0.3985695898166075,-0.109390331832246,0.2649330451680143,0.569004769186543,0.981782150336596,-0.9719595959216345,0.022506535171309183,-0.9968701941792273,-0.46966182245071963,0.8801419489538331,0.029688756087922652,-0.03250506668968689,-0.6332145441636856,-0.6867468258893785,-0.6510090755854425,0.7156162064282214,0.7996145880387782,-0.41400362735137297,0.9519098210438537,0.3845287798213177,0.9172091095757104,-0.15292168632789016,0.40754086761519326,-0.742982706142117,-0.4051779983026942,0.032548639154060144,0.7069616622458956,0.8997014760093085,-0.3093376142536548,-0.08672356420312033,0.17264745331926035,-0.6894229688802027,-0.33622521066746214,-0.6399172149220875,-0.5657133182191092,0.8201710172894459,-0.5886561012436662,0.8860148673506902,-0.3449067140815598,0.889093673706344,-0.07340847889872615,0.3510264373942549,0.35969110554548545,-0.004587300952115125,-0.5746482424335067,0.806401129397522,0.5740323487040508,-0.7398382069468099,0.5983321939852355,0.5380794306815628,0.0640649177760948,-0.03578704114748765,-0.9038236557421533,0.33123159512279843,-0.98184982985919,0.41771874795937247,0.18057795521025843,0.1985310180805666,-0.4864785224048871,-0.0593752427032368,-0.0452338594941466,0.2590963377868951,0.37144657414781346,-0.6353440304480287,0.02000929459700118,0.9111422268820999,-0.17412856094033935,0.8807413974458267,0.982569032556134,0.19265987031505105,-0.03726147350119047,-0.4715991020731811,-0.21134389351253935,0.7747791216966815,0.9586946429655301,0.20849543456651976,-0.004927756897732616,0.3370121609114003,-0.05086537969766636,0.5873094177944025,0.7958468931408682,0.49996052816662817,-0.08107305884797911,0.5013973256309736,-0.6594434188331522,0.5360930447319654,-0.2634953798346491,-0.15360920875591066,0.3128671319733265,-0.5100402417386416,0.9791387280128336,-0.8991642561849382,-0.6927211083730336,0.5143368571583273,-0.22628527983672564,0.9778434611494331,0.8343077089312914,-0.2565701795350228,-0.7111840712491095,-0.275185997397829,0.06403782137467373,0.4552937408674804,0.7789072301947808,-0.02075951983212998,-0.35964814231850073,-0.9789599854566342,0.9391705179249645,0.5185408755185694,0.49223533355276516,0.3223726823809612,-0.6482848894209876,0.37714580035205714,0.30491722517292374,-0.4049302963660324,-0.07749660549853132,-0.2279859890337368,0.8945746082964872,-0.16960227863245647,0.35685789533160994,0.8792304258343036,-0.6331720548888349,-0.2422449873660879,-0.4793838171751321,0.3953385299296823,0.5773501635714477,-0.5907808593472719,-0.19023255005211603,0.8640711640795344,-0.7853665535012546,0.1462212561795153,-0.6478905847574292,0.9241421657283375,-0.11720527211210441,-0.2110744610721509,-0.4037736616184331,-0.5540696892128243,0.7349769735642302,-0.9235002907653371,-0.3632733663375223,0.25909448571735116,0.6736790886058588,-0.21350258754679574,0.9842526227369663,-0.56457585098092,-0.9669802477707821,0.30389124741950013,-0.5982970239211862,-0.7098137630372281,0.8511616009193692,0.5850843934803007,-0.8923661804392489,0.3576454084697436,-0.22231839211319793,-0.8870271824995701,0.020835257505186666,0.7402539661670737,0.9301085168138703,0.6196304218814266,0.6937119312282551,-0.8890540022984887,-0.399080070267978,0.8189961835955009,-0.7838116274713587,-0.5910365918145237,0.3080718273512377
0.5302955636911597,0.7839902751704866,-0.6091772932761168,0.8643775237772842,0.45894003624348656,0.4972494040696622,0.9872045020882096,0.2619965411177141,0.20870407544994296,-0.27021908862874433,-0.6798168646882374,0.8438271824808217,0.7736769640920804,0.5308433443578067,0.19139403577004144,0.16148988528995378,0.08825061310182525,-0.11866649298651688,-0.06237356816272355,-0.8776216606104508,-0.2789159074694021,0.03365791727191714,0.16954084804992742,0.540597469164924,-0.051593332153979654,0.9713826504669623,0.38679015022241137,0.8398671687417563,-0.23163873539888757,0.5311572641331157,0.8608961417689782,-0.34868391912517915,0.4076062671705032,-0.6338385347432811,0.6441847524163129,-0.043483719088650785,-0.9007480344644507,-0.7454150233584564,-0.5054257181750101,0.5518606557758781,0.6507499680648627,-0.5757104161290911,-0.742618495358603,0.018628993212110423,-0.6099283923064907,0.6307416150245069,-0.15861506730748043,-0.6867919852683164,-0.5005725110387977,0.5156892917308635,0.6886127819976853,-0.4257450688519715,-0.28058774024662125,-0.03594082469356108,0.38637718760084505,0.48369919668925054,0.9816514710694315,0.05260150530804353,-0.6544367119612593,0.2508079654894393,-0.2511798581015421,0.4448662935262311,-0.29361297493432414,-0.17264771829711978,-0.8300530989032802,-0.1285334726209435,0.975396929788487,-0.27082511281972255,0.11595001220754297,-0.6869780100116354,-0.5597709314119719,-0.2627970522413985,0.7658198644168088,0.381606706184082,-0.3536730027739394,-0.019507621702836486,-0.9483359624501111,0.9766390308476891,-0.12564159639240335,-0.9885159316087535,0.3337970100546086,0.5355575404739721,0.09387595621125944,0.7395382331832934,-0.6453282891459335,0.8567726347267168,0.5947563981344923,-0.2863710082989288,-0.7125608244066262,0.7077234750811419,0.054310584254060545,-0.00429402136996182,-0.25087140908539807,0.7875455795807613,-0.29850043650224367,0.8109004437718808,0.2978366078427541,-0.39935848885142367,0.8864416503406862,-0.17892298808324236,0.32837748989169024,0.7009851595389778,-0.002326365320643342,-0.17527973239152872,0.35177636682892155,-0.35808233866351125,-0.09029311411904772,-0.6982188687195443,0.03984161086960958,-0.7945832199127802,-0.9803843658670592,0.9298098403648103,0.9974211387429837,0.898379301330787,0.45194877213678253,-0.9014394502887821,0.09266181363340742,0.8692599615431105,-0.039633850513517865,-0.1937574186915969,-0.3790018585499406,0.8711009463960437,-0.298760253933553,-0.9488765933040686,0.3552983453634142,0.08587318824402113,0.3010205926295768,-0.3598790238830438,-0.9789251519907667,-0.9969831919370296,0.8089596873782581,0.11211757197457506,0.36086569463757057,-0.1590656565654005,0.18908151226971226,0.6074312920302045,-0.48001043120564946,-0.0009034509175749328,-0.8412413062412734,-0.575709157488693,0.06278115229784054,0.5438965816776904,0.0961065881666543,-0.14646286700773548,-0.6122771377850158,-0.2318056555717296,0.26799977266307473,-0.22267596777090648,-0.3390115016365516,0.8720451626071033,-0.5320594266005068,0.6344771153362669,-0.11462835555520412,0.487506338567667,-0.18315228858490507,-0.5422583490813864,0.9053456854747486,0.15431420347339908,0.7212385706290159,-0.6875660450277665,0.7306181778215868,0.3847891752482091,0.8397547288616318,-0.6594629063904491,-0.7711133269051949,0.8497396569589455,-0.31014375387849613,-0.6373636242959355,-0.03015344902619832,-0.5865279652265434,0.7721368020596668,-0.0025266670454477946,-0.4234012218275205,-0.3735548101324031,-0.3537353729660775,-0.6708212179645312,0.20057291224289542,-0.9826536876039049,0.8165675645082455,-0.9921902976557839,-0.053523821673329586,0.5030976595984213,-0.9471587445689189,-0.04359816216978585,0.8182827776908237,0.1273451958159717,-0.6723090023521725,-0.847929592882376,-0.2891943611282808,0.17499639819282287,-0.09820632284517816,0.9530133451557379,-0.1806204262726132,-0.9678505573847831,0.06526641176752235,0.4829659750432336,-0.3658325436621863,-0.77029696693274,0.11329972882768269,-0.12183256817794108
-0.40392219298050724,0.9539672094687257,-0.5363082678784885,-0.12832576982917354,-0.590028336435592,-0.11755931905591277,0.05743914138008921,-0.29985050076286934,-0.09919882109405265,-0.4011223091786331,0.49501594298477136,0.36604026973204085,-0.30728952730956594,0.30915881502765163,-0.2755860618847117,-0.7670630329140977,-0.773537027838989,0.26349613982549447,0.07044005771227613,0.9183794895178725,-0.47210790279364856,0.585291843455628,0.20185372133114776,-0.21939383351027786,0.8376379673948988,-0.5136833363137399,0.12897399544913823,-0.6378192106046161,-0.04221598430016105,-0.04505670850380161,-0.03325487259525195,-0.5259936088533963,0.2804200374753911,-0.8412822463869569,-0.5554798020781706,-0.45167005784491776,-0.08979570203459941,-0.2616187574939708,0.8049294473949102,-0.8545842500709022,0.7143990683176316,0.24168610694085713,0.8555459163827388,0.5119077200112552,0.6652127879731324,-0.061850125609187456,-0.25337436060940743,0.18525479540933665,0.33762731459537876,0.6966875191540971,-0.5581165682251319,0.46094279270468785,0.6279514520563003,-0.9190191084258186,0.5579437617729301,0.8362894514163703,-0.3526253016413088,-0.9754094433830809,-0.4266948498684173,0.4788775311903648,-0.12369969144292581,-0.24043191489451443,0.10105832463980402,-0.43123505961273567,-0.3549605797327018,0.13455014030869616,0.14330518579657592,-0.44550185944263987,0.8511166451112098,-0.41910026358440877,-0.7486299148242339,0.31541587024009576,0.7394587914548556,-0.7937024089593359,-0.7305378289752629,0.22013542405207387,-0.5060742804745362,0.7666916386823839,-0.8893507454577603,0.9580106103867674,-0.18716024851449253,-0.5265090584430345,-0.2562814224171355,0.5828682958297295,0.7535647558224321,-0.26314515452784004,0.8897782932565315,-0.3724630187049145,0.8136920306259228,0.17063737914779953,0.08340446680987568,0.14064340883421034,0.9950644941710303,-0.6871389522586893,-0.6281910131836523,0.40785190641936975,0.18882242446153397,0.8324537873282016,0.05069454744587465,0.12028049660914863,0.5278142635405947,-0.349566956864388,-0.058621130820403655,0.3032812902266395,0.10406108418554294,0.5565350160235147,0.5735380869521602,0.9684634982100948,-0.06986102682442308,0.8788984630245467,-0.5048981003850386,0.17597935992430713,-0.06227435982739271,-0.5610151502334424,0.28245241661302267,0.030942912768349817,-0.5054817517453527,-0.12531052759969752,-0.23035865408308798,-0.9455494199809584,-0.0009632161655028781,0.1387655436362074,-0.0028193816059112198,0.6208271581814171,0.8598658939447503,0.9521642776002759,0.5819264483369029,0.5081606515534038,0.37223591867962935,-0.41532721702096786,0.9919068420499537,0.323519334888001,-0.11261921071624137,-0.7190075427204163,-0.20054030184331495,0.8903090597658954,0.7894309755119271,0.45866747184973744,0.9415572549908113,0.4808334414244064,0.3725373310102513,-0.9655645351248994,-0.11711353641519073,-0.5373543544013759,-0.6360673652628652,0.8991445920998626,-0.190477097694689,-0.7045672618055481,0.03358739850429626,-0.3087365584127739,-0.22837783042189796,-0.9686006556068907,0.24230406141712368,0.3414223354817836,0.4756721608523835,-0.1492899134773733,-0.757866009061221,-0.08237437245135437,-0.36102448100899553,0.16810736881413435,0.6803325082458045,0.9144826043410634,0.8912084071105091,-0.11539770417525719,-0.4440784334905934,0.27501859241323845,0.10723155871869161,0.4333555978427921,0.1806206820387286,0.6926548756278152,0.10613570303251052,0.3411922310933315,0.964438252240728,0.34251271934530525,-0.3916833697684714,-0.01031167314453696,0.42368004196023024,0.5296284586262934,0.3813651733192849,0.6128277927967882,-0.2708673895031719,0.48330851483169557,-0.3225366828056031,0.253311805087608,-0.716129639187773,0.04314744795747272,0.7408555242302068,0.8911129440509964,-0.933526355483778,-0.09312247126162165,0.396429255213522,-0.9519291468083753,-0.8358575284852947,-0.6202361605755176,-0.9091162024625243,0.21201971792292373,-0.10313139585148345,-0.8703482779937677,-0.7430165479372546,-0.7864855480555883
-0.22374673861996208,-0.5153359837414226,-0.1001953217180449,-0.9438128049978023,0.8624682900780627,-0.032989727481416375,0.8886802274092049,0.8737395455479486,-0.5512108735770649,0.13832472082109293,0.6284440838805727,0.5418141656457212,-0.7767218159320144,0.9570476257860481,0.45009072979546394,-0.6587018324407958,-0.8310577389196332,-0.053732348927483686,-0.0411140435735311,-0.9949552734077562,0.7727301333264074,0.3769797264369745,0.13271704368800252,0.6577540778725186,0.05836424785821093,0.061389777299028836,-0.9333217530250988,0.11853458375937076,0.3669364589650681,0.0037196756033390788,0.9555550792865874,-0.1498964163904828,0.866817157908663,0.031781016720306754,-0.7527551438900117,-0.11390912291581623,-0.6020972350876004,-0.21066842339088332,-0.3280557145668799,-0.17247311702478108,0.868614798770704,-0.050393320906925165,-0.2572131157564781,0.8680683873578314,0.12824367516825252,-0.10219523631539906,-0.5129725823549454,0.8280272298068398,0.5815070171228678,-0.4187786713170487,0.6217677295655812,-0.3630971618973933,0.4901001417221835,0.27760807676745847,0.7766738599824687,-0.03721833377773964,0.3178795744603662,-0.292416811328819,-0.9761233882060039,-0.9218015644127802,-0.34358095096877594,0.6501608163575905,0.49752167661776237,0.30197281561569045,0.4747768119304392,0.09624511099892641,-0.9484180863472425,0.08115908372320368,-0.3596864371609043,-0.34933318900170174,-0.10489184929059969,-0.577539558073696,-0.031138323190053274,-0.4160778558839584,-0.2804221841069052,-0.05473825887913053,-0.702042340539917,0.05278979273557893,-0.6941679971198733,0.8823992030939669,-0.9671676785801213,-0.4274833189599643,-0.260302870582533,0.578419036670254,0.47028474435182055,0.8726388925720072,-0.39404976994017393,-0.5106096548297594,-0.18786547513343255,-0.9724454205781679,0.3422340172362708,-0.14375552882959353,0.36106310519781437,-0.7708389001192075,-0.31344722754937426,-0.26655190244784355,-0.23518659220327653,-0.1265483038226889,-0.5380842887177506,-0.43093451832762497,0.4092561047597614,-0.11909871304683306,0.30880964333256933,-0.9099224054501625,-0.9171374906348997,0.6585196303112704,-0.3285696871281285,-0.3982619042110922,0.8979261762011266,0.10746165494860693,-0.7244420181196471,0.25238653238948716,-0.9537924765625938,0.7482807620143306,0.1413585934485575,0.36354206557777147,0.8537056394043208,-0.23114603295670433,0.2139641164188526,-0.3844989296225463,-0.5160077462787398,-0.12581046448462674,-0.30343160421994364,0.39202372509687833,0.7912677921276776,0.6487860755057513,0.8908672785866281,0.840628648962765,-0.5494714261813383,0.3108309417030435,-0.5776685094472387,-0.5649310439310979,-0.41423743237199573,-0.719790639417951,-0.6705141916215218,-0.2743600707470262,0.5424308852849475,0.8326088747948452,-0.8054425793213653,-0.9232370328310489,0.45909923644261275,-0.5285750426429774,-0.8707570764072574,0.5263545777319696,-0.4064261187437481,0.2856447051150033,-0.6320444604659867,-0.4557061098977353,0.2721030246014555,0.5668558569636131,0.26134420677724135,0.42038709531682095,-0.19724478271084833,-0.5044305820585266,0.21493712120082886,0.540828347811499,0.45926238648394113,-0.4803002125476905,-0.5765622915074569,0.8143632702248835,0.4201102040525224,-0.9636435617025911,0.40295159776351896,0.745966999265532,0.4485458366593291,0.7355599516720228,0.08746568559158474,0.47328584517715755,-0.008369585395361145,-0.6685664379273528,-0.36764477037653664,-0.39681775852671897,0.374849506845377,-0.24704065755770355,0.47748080547943883,-0.8981406455542311,0.15909918400588285,0.8904419459077284,-0.5784864861739254,-0.004367205133515295,-0.9721767462431148,0.17997235806413214,0.937211023505125,0.7750798076093193,0.9392663300973976,0.9184940536812563,0.8220609957121394,-0.7947054323125142,0.7866355630430315,-0.5403544923971493,0.2534134767289997,-0.41188501745867967,0.2054763750520625,0.3587273982261583,0.09903179252043559,-0.2703312031231955,-0.797704199239281,-0.49523530415423256,-0.4777819078046057,-0.1822923513493646
0.9906560205439432,-0.26061513365518474,-0.5367316736027199,-0.6904249062228027,-0.30163807840591783,-0.15659254628412445,-0.7455385410580766,-0.1951305330767643,0.00115718621653782,-0.21067571383393835,0.5405537615259084,-0.6763993086422664,0.5118318191780731,0.7727584776878866,-0.29068930554566785,-0.0036568821701379317,0.4912125414442363,0.16872152599421364,-0.3818415181594714,-0.43980419093579126,-0.9257504261229488,-0.8801457787920532,0.1281379259759554,0.01122356380366174,0.5672884352706742,-0.7605340262316571,0.8074862097433229,0.30405803353296035,-0.8208970612519291,-0.3262969289123041,-0.00792817631292797,0.8656732801243945,-0.9263542757361194,-0.4445098761843198,-0.23469090554382244,0.8874786172357003,-0.8350279738745732,0.668554245058165,0.5399948545168916,-0.10440538693124846,0.7933087858169172,-0.3340630972848555,0.6963285098211329,-0.4750153904250074,-0.790422389358594,-0.6292896504679271,-0.47752832943307055,0.9370916388184072,0.364374289804666,0.00045071154618780973,0.2657444647466294,0.1991901681263153,0.5831045421076928,0.4770808308730907,-0.4283870946109247,0.9720481391118545,-0.4860971557153595,0.319719339507329,0.6785593565308576,0.5963230264704638,-0.7709928477522114,-0.5616103867884465,0.4605876925260002,-0.07418549719892575,-0.9109267256514655,0.1898742542562104,-0.029787557892632988,-0.14285692371372916,-0.9581640272894443,-0.6212985692831201,0.09516195666751859,-0.6153344743811515,-0.5069389701749476,-0.21564610405404006,-0.3494745383271174,-0.6704377336433771,0.7979086067321786,0.633504367995597,0.3402347626819586,-0.9951386644686226,0.6032953483736909,-0.43736415118134353,0.35174705268539785,-0.37801411097409976,-0.47694090239915266,0.525799094044368,-0.4594786315649457,0.5935151006334567,-0.12933890977813167,-0.7520516039381149,-0.29539240611669837,-0.4351702309411396,-0.34889998505679154,-0.31702683291752076,-0.8273733920307966,-0.6050859072301036,0.6345102778771132,-0.13951526999663644,-0.6951282645594798,-0.8234307138946393,0.06672490024315048,0.8777080792617948,0.7261773897399135,-0.2798294671672954,-0.8552117371191703,-0.9822124157005625,0.33402649092036873,-0.4536591629723732,-0.7349519748876538,0.9354840461675737,-0.2759444002400091,-0.7172737439532373,-0.03751429409878759,-0.9867435340912487,-0.19607374217189033,0.08233467494424951,0.27722537609575526,0.0211073891034379,-0.4522592328901456,0.7536290515302366,0.8453215088236783,0.39424753208822305,-0.12279642885395625,-0.058373912098691916,-0.6974060030089082,-0.623705279744833,-0.3862939174083009,0.3845327446454623,-0.6313383779440054,0.2366064669473671,-0.02257428274306794,0.8725959674316679,0.4666063157173359,-0.5035386808001079,-0.18658072546329718,-0.6832853041395248,-0.5050835871123855,-0.6906980443238919,-0.18114733509161773,-0.10234937895600815,0.8317800122648629,-0.1409108126317522,-0.4171591932413383,0.7641767652989437,-0.3285137726139893,0.013218101762123569,0.017395240961298297,-0.7527577641511842,0.2691175467449973,-0.4142064785612183,-0.2303929695870226,0.9390628702394528,0.2803304747698092,-0.08439109098072173,-0.4115546556775298,0.3719908617593135,0.9512617524739784,-0.4209424813317315,0.2141940386679002,-0.6122350575422457,-0.8541524529270239,-0.16583677397692553,-0.3068439865528607,0.7696514054373602,-0.6860338004203184,0.7326655362435188,0.4553682319859502,0.7689580381406282,-0.18226098262319468,-0.47873133854095995,0.6299667895367496,0.9278731774785163,-0.9908461137142062,0.3734898020376878,-0.540180423791145,0.29827044043976225,0.7951289033761588,0.2923341021149748,-0.5815252995005775,-0.6265489007272038,-0.6172207284623041,-0.2063350361072669,0.803882952230645,0.4224821444904252,-0.587213562811981,-0.7853937822034447,-0.09963095788846954,-0.9703724035390704,-0.5133485450981996,-0.9175383908280879,-0.5852560616347471,0.3611768116654708,-0.556783658423847,-0.6005888268081978,0.3083702820375265,0.590977653455766,0.3294937452882041,0.7740741927636852,-0.8083282483802607,-0.9685516639739249
-0.20397377904035374,-0.4409048625744749,0.6356090755959074,-0.6849611066351706,-0.15325064755719953,0.0754911908257172,0.737430142152816,0.7426081239728866,-0.5558368936071827,0.05701179558856895,0.3862465580940697,0.8288991542846136,0.28890140165917133,-0.2692710167909247,-0.612105189681609,-0.7793026960848062,-0.4479371789858717,0.7705915669821266,0.7881882673646452,0.12673560506141412,0.08835494382811437,-0.8115055060464222,-0.03062553337111895,-0.4798185704779687,-0.8268268874249589,-0.3649582925468382,0.6069349063107337,-0.9570224780775602,-0.2448399845525615,-0.14738605898153612,0.00021613270400533402,0.6920638111732882,-0.5286389631670054,-0.23988811145400546,-0.8807907657369414,-0.2056438470203661,0.9011490217022378,-0.17920404802487533,0.9777204640659893,-0.6508214800098671,-0.7128969235578286,0.7256481938348318,-0.011086261984784462,0.278194987850259,-0.7363450207619757,0.8662002373282849,0.9183999052180456,-0.7904691303025493,0.5636409007051932,0.9862599327610535,-0.7071663309808813,0.9165747149848498,-0.1474768823136876,0.28244778661876,0.8855295001279486,0.5526986307608213,-0.32529838318955795,0.9109362425775991,-0.7492547919592292,-0.879309005597738,-0.4218188072269289,-0.8452268641728435,0.7328957986841724,0.6887038888566135,0.7800165799548393,-0.007161216091672751,0.3032213005075084,-0.21063238179760924,0.4181935878862215,0.7685496885099019,-0.8714089239065312,0.12866236267733866,0.2235734533908047,0.28513449957695625,-0.6321290304175216,0.9120315823354095,0.06194958680361928,-0.16320110957654443,-0.2516616575476889,0.9612396438926296,-0.5711523828097027,0.10468976338122671,0.5256004540820916,0.1143061955271476,0.6190477262976359,0.865711169897899,-0.7725787119431695,-0.916055642924835,0.9076362881963762,-0.05791136643829087,-0.6080705217433442,0.050908739654773605,0.947323850592626,-0.8344858598183127,-0.4388529992933874,-0.6046336654042612,-0.9642193884400889,0.23824180677550721,0.20554376980156275,0.9081000410773428,-0.9476677639274178,-0.8959018239186827,0.6910380540858649,0.4778630385542244,-0.21769585941609182,-0.20439195936782073,-0.9208742606285838,-0.9854560251162736,-0.645457327590174,0.30394352876763975,-0.4309094623858083,-0.42916717359921486,0.650649552440141,0.7856251545738695,-0.10223204458204926,0.04687130028407682,0.06852216784829812,0.0592998656041146,-0.6564326723946485,-0.5379269694054389,-0.07630757647138675,0.06589888210898942,0.7795159567918564,0.8785700823979306,-0.6946477354160818,0.5693403456535822,-0.5855738196831832,-0.7296320114300123,-0.09297222389845539,0.3580030526914273,0.9281418438383149,-0.3440524450552136,-0.9256547076682211,-0.40656993400068764,0.34153321167068285,0.3519438691261627,0.1013350290646422,0.9014501399659671,0.785836224194461,-0.021394226389290782,0.7666699792121061,-0.41671786852591564,0.2817678017216556,0.011719890490250018,-0.1963632138459137,-0.3774278259127206,0.20030798417725437,-0.09095648607495144,-0.8957758835340959,-0.04889607706679722,0.25834831343822806,0.6603338356910524,-0.6526007393532158,0.9646675626873424,0.5070422951654112,-0.566629746559512,-0.17781807501629032,0.19730621331686948,0.04648167255791913,-0.04391822453929928,-0.29922730685061505,0.956139663435893,0.29913484104729915,0.29664792145890106,-0.43971452367932784,0.836227615716783,0.0883091426493039,0.07932501275595594,-0.2782595747904113,-0.9727780688628025,0.4833677932590468,0.49535404838284447,0.9386125658653486,0.23414500923539983,-0.8915767113604287,-0.6234299821321734,-0.11239856795155911,-0.7103789434583514,0.2602985930266031,-0.8443938822507864,-0.5459574197845987,-0.27486039710973476,0.1751204536350568,0.000648260151814295,-0.43449403058072966,-0.5810444170761602,-0.7800174235375987,0.5147249605470832,0.3466592046710224,0.16137302548474652,-0.47071586521884057,-0.7689363800173865,-0.8332077963295226,-0.18858906580516321,-0.8187297748527562,0.23617267127600483,-0.6002073736640259,0.8425697821169782,-0.5823977391887334,-0.6288147269616342
0.6984149208060662,-0.13044234862355752,0.9724347468338823,0.6189046795927708,-0.23356619395973466,0.37315113197336935,-0.5858650792053064,0.9793846963008987,0.4864822965313129,-0.7390942460219128,-0.227341452261689,0.6757586290967155,-0.5465688671007338,-0.7660572323331212,-0.8110180751556906,-0.895030231712177,0.0994690798734903,-0.6876729251399427,-0.7891924380093573,-0.8723868060803603,-0.8285697893634771,-0.10224386869257818,0.20413084021136485,0.16416499458407197,-0.3671285291744695,0.8424812218319115,-0.4999026351243083,-0.3311018234132266,-0.779731607381652,0.3317553346878235,0.14531462433902287,-0.9423172987389621,-0.8527944147882351,0.7919744805954603,-0.976770818148857,0.6830102328962957,0.5141704054754372,-0.33457075934008706,0.542706436529399,0.5958496601670105,-0.5344993526088049,-0.28377799455377883,0.6051381590544542,0.9954893175636381,-0.27039681973903096,-0.2618395077134925,-0.056314814094085675,-0.13560330512179175,-0.27697768536032763,-0.47253413335342165,-0.5203838102197627,0.8904655430932455,-0.6998552575032926,-0.6285604118364165,0.8569101240134576,0.05451228891883608,0.5141907092388325,-0.04212574669349789,-0.8043705216896166,-0.20629514136592753,-0.34693318989141364,-0.15313723651018596,-0.662936921494413,0.16223903250112492,0.933723705906712,-0.2673351036962752,-0.10849761306791939,-0.1124106453724425,-0.8376933386282235,-0.39797190457617515,-0.91231034148919,-0.058362646617739156,-0.0032485971282272263,-0.6167140431529461,-0.7429898125923511,-0.008019806984913558,0.36453909611768776,0.8599362018426822,0.6940800672163556,-0.013597031025615491,0.584759856428051,0.5368671916108692,-0.6735706866716575,0.9700581449571588,-0.36818308343107375,-0.07082027280512349,0.8253681737577785,0.24889307771832736,0.8202304965847416,0.8490457761899755,0.1895518572213284,0.4284048395655464,-0.1979115930844575,0.4573927008187486,0.7237335629653103,-0.8027325052417686,0.9416090116782456,-0.3655031045411645,0.9142011718947554,-0.8127674450473297,-0.48388348277685145,0.44663764928421923,-0.7679809159455595,-0.41447470036568057,0.6119323745481835,-0.3764921278655431,-0.27147819270437634,-0.3892928068913071,-0.16706246972679462,-0.5663329649811533,0.8306136827587323,0.870465773402024,-0.11266174801655104,0.8461782148640169,-0.06007403290716229,0.683111010265046,0.4279157558634541,-0.8151837203895396,0.7827104616471638,-0.9989075708032671,-0.18026589747835287,0.19422244014108858,-0.3794692470923611,0.8878624486547579,0.3093081273660776,0.08549729513948812,-0.04882805436437221,0.6287809909122355,-0.6158875785147204,-0.9851204768898956,-0.7555079810391503,0.9609493284679442,-0.8184769014546345,-0.014158943246052047,0.7658656970613653,-0.8213294228686927,-0.9421457441605254,-0.7914681999937234,0.3005025517469364,-0.9264581335581064,-0.7929425437435036,-0.7485550574670012,-0.5735656390747756,-0.5566867760258123,-0.8190514495273451,0.9047303724638724,0.2629310016073434,0.2999540729500041,-0.08984589334826354,-0.9407731005918485,-0.5112186973570325,-0.36419803693698927,0.17426263363183492,-0.2846878624704705,0.6771638903303514,-0.4809435604182575,-0.9386945655397871,0.1394727686617525,0.33140766284754575,0.7041721738868918,0.8597721269105796,0.8218772011576947,-0.41846102691012876,-0.7402395638652681,-0.20237820263507467,-0.8854984982370195,0.7886864822082016,-0.12462542127139375,0.6398096227536703,-0.7028951368957697,-0.4181841302645106,-0.7540555831619238,0.740139190556999,-0.5884493250960916,0.524603466518222,-0.6549441620266907,0.9207878062247099,0.4147278515506796,0.6847660849946275,0.6724317986086701,-0.49304220261373577,0.9971317868385698,-0.3657927233330889,-0.416717042641666,-0.20848870362894445,-0.1270038463995775,-0.45049891010562026,0.5057883490349249,-0.7082892935435547,-0.5423509634683754,0.6859176466233583,0.2884415749524354,0.7891115098117203,0.7646152122892791,-0.7474080660589972,-0.8534260720522036,-0.8415317025373994,0.8411305920960503,-0.47657696306211705,-0.8903716918182991
0.03703885982474553,0.8985488853068373,0.19519483758432976,-0.30458691570466145,0.255827064837415,-0.32411999086467014,-0.7023840362121767,-0.4418446582652644,0.37888923917069217,-0.21817904236015484,-0.70627531312958,0.6910024248594797,-0.009506906768317558,-0.15062382434128918,-0.3504964681219327,0.5224996943091116,-0.5327587411023749,0.8931236629658206,0.5041260103314358,-0.45932691424357674,0.5850211130749179,-0.9809015329160076,-0.9325345489512662,-0.35284305146971007,0.6430549366473053,-0.7931996718625955,0.3820606303461067,-0.5736104775100193,0.9607994854362383,0.8568993457148129,-0.7915484617449591,-0.5524689310511843,0.3485952212005963,0.28153475262659655,0.48566010422703476,0.5795107519939471,0.26547289051392964,0.5138285559951692,-0.9762364335882798,-0.007267303119273372,0.1972431815837281,0.3678826398478894,0.2779488784600881,0.07105743033044609,0.15320525818482955,0.36900113149598024,-0.3575405560006335,0.49538377487273344,-0.8929739279825111,0.11485626996648635,0.5319236744476554,-0.5451565089236763,-0.9726184416668195,-0.7870445147827332,0.3473596769975218,0.26799699453511905,0.9338189553962652,0.27745150452078216,-0.02309254845318498,0.6756274327383822,-0.5191101247352672,-0.4650705948153975,-0.554206991626033,0.9714590557573983,0.6595606156145042,0.7131041528091797,-0.06240488218353124,-0.1359618193051748,0.2059632461937595,-0.9311433867547034,0.3297073010589371,0.003926199253873497,-0.2794982469642655,0.6722025565976779,-0.274375709344699,-0.5171606082245235,0.3315219701625498,0.6834651336429598,-0.0326254696098176,0.7251948165859268,-0.9024371615929443,0.966978401006714,0.5903255427406573,-0.571466587874766,-0.962917520365024,0.8238733075206568,-0.7688492757329408,-0.34505217341514505,-0.2043437427728052,0.14459660197096014,-0.10462282197675665,0.2885273697651851,0.4755032005928974,-0.28306208298873936,0.12931872935959876,-0.3448993604740549,0.5756846168220349,0.8761679731951424,-0.9349813968097715,-0.29979871983688144,0.8434014256375628,-0.6936777606280122,-0.8651582072580217,-0.4661974244279776,0.45984295239029915,-0.21885746124058314,0.01065294518511406,-0.20654362520089387,-0.5890205094067686,0.7575277031413237,0.2112070416674916,0.783477428136933,-0.4239597756122835,-0.14795845836538035,0.27089524410440413,-0.8192292809959194,-0.30734133926278795,-0.4611830706114515,0.6249958379566349,0.44211938565484976,0.8445012852348313,0.27251505597241277,0.8605888752526256,-0.23754118118432488,0.4793470574612577,0.025599146575939757,0.783879233784353,0.22282828429236656,0.021044984118262278,0.06548179681440991,0.47141448773634,0.31225805064924606,-0.21249455955174046,0.598118814846639,-0.8219401722827806,-0.7545237220809902,0.9200533131918647,0.6433598565720013,-0.07930012141837084,0.16513589519615657,0.20535150378263478,0.7563939326168598,-0.702959883533316,0.6519967895858532,-0.6796189366330612,-0.5171664214794198,-0.8373783948216293,-0.3413526357684362,-0.02790855618761201,-0.7259933300880159,-0.9953816708242298,0.3802624301380486,0.6664604129521485,0.038206530381927006,-0.3119319536853602,0.5133369697916477,-0.142162425469065,-0.150763360040439,0.37813358695050536,0.39860786670635906,0.9159468854207546,-0.4775886819969275,-0.6210408914198211,0.5823147620926643,-0.0063898913158491055,0.4167844130778915,-0.6227420845035616,-0.5968997580476352,0.30111622053232456,-0.5349536880919685,-0.019850554124745567,-0.49123947054299477,0.8164038178974249,-0.7975369889105253,0.79178256257651,0.4448586128810226,-0.9762691466629279,-0.4947386207411324,-0.9306277418242836,0.18783720192998454,0.7927661013774319,-0.47819199991325556,-0.2607681505459112,0.016369900932076353,-0.868988892173566,0.41781824255650335,-0.42502318108865644,-0.3152410529492158,0.9550688841854009,0.32502252354154604,0.9927497739579527,-0.728116815342176,0.9185102410154808,0.5871760596336033,-0.5475499637078791,0.7398063377114077,0.2819929690172538,0.813960149916795,0.7270308251095645,0.14935568517649256
-0.2822120683031206,0.6967723628758085,0.3677490435152906,-0.01660718777224024,0.2155904293168578,0.9355199740250901,0.21375502979364125,-0.20923764563525626,0.34281183456931386,-0.6357300804769479,-0.5782889208148088,0.16994233948343718,-0.09233695046660118,-0.5549459528837875,0.443320447606413,-0.8009100344438029,0.9217888963373784,0.5697508440089105,-0.8571148346713235,0.16599065286797443,-0.8298654520607998,-0.3587609067012556,-0.7960450997992634,0.7762925123668041,-0.8526955956313047,0.311205569021064,-0.8985502703949104,-0.9412378895964622,-0.34365349728280536,-0.2540886261233817,0.5298863154112814,-0.9112974080723515,0.7369115689416803,-0.18998862841209818,0.1535443854170948,0.9093573618720612,0.6645710285931279,0.6250107778362413,0.42293195026666086,0.7537136391339838,-0.6589387623797476,-0.7211322065774215,0.4585695732549133,-0.637280252156448,0.712204160841216,0.8126976345983152,0.11543179279708626,0.5707042850445379,0.047445129642025075,-0.3564916866051484,0.4077440777436856,0.6106600385086507,-0.8815310159157299,0.5362716429962757,0.5282592135599113,0.1510420934022434,-0.5856008889560897,0.6619326745534555,-0.7903464846528796,-0.039923518718220974,0.9679616619168463,0.949890067476902,0.12371392366254863,-0.12078698040858438,0.038358900027004594,-0.04055010351582933,-0.6610880177632898,-0.5496177084764555,0.974875615710115,-0.15149821615580072,0.8926500043362875,0.10778624096220324,-0.7188823167117819,0.2990045704556221,0.03172877440636923,0.23454189293852035,0.6194163351663531,-0.5817195408586673,-0.8647874687257942,-0.7865810599238423,-0.5362297583443965,0.8508162863424302,0.6849001130976733,-0.39680778577988085,0.4287384092594382,0.08892915485966113,0.5734778310747164,0.6081647164576112,0.08062456552853403,-0.6053153359254768,0.2758988034472796,0.9692134507003884,-0.12465802002106496,0.4808588147751873,-0.537380240205978,-0.7533975974363394,-0.5533358783577271,-0.5822696172388293,-0.8775998402961589,-0.49958524741436694,-0.4668347031520528,-0.6618992044598015,0.6846279854513013,-0.37368060188611785,-0.9376529538687883,0.7126436753314385,0.7646638599589262,-0.9694881734920311,-0.3582539422248021,-0.5347244006660883,-0.2878461879207277,0.30002359961458946,0.015410937648779433,-0.7396627090266912,-0.5910716218170609,-0.4723980940614687,0.44708615692135245,0.33427219278095444,0.5581093357678342,-0.9451328714527263,0.11081209497341016,-0.6416019415162393,0.30381944397139216,-0.5353161168474794,0.9848648059667828,-0.8840821712319242,0.8609602918666814,0.4583199904962971,0.06988461733359763,-0.015690513234663417,0.18311876021752305,0.10666711276421625,-0.66805966255771,-0.31877764291397925,-0.027344618196470938,-0.29178657801178387,-0.07100675895585251,0.9842078443035234,-0.14766279205464583,-0.41042588501699484,-0.35774541073662225,0.6996650816032373,0.89442804805723,-0.5672702976538981,-0.933358454015133,0.5436114820262332,-0.23734878881327148,-0.16781451283301263,0.7834035082670745,-0.8782921039367908,0.7803336927667424,0.39620946946128055,-0.5736711656220168,0.8108428751368517,-0.8187785878796994,0.14614148123215265,0.973832787112713,0.4372672651819727,0.3939236714437435,0.9977992639594131,0.9784170383669304,0.18056528765543267,-0.3260812052553408,-0.5595628466373423,0.1899401880041196,-0.01985105565843548,0.4527945535494222,0.6820470421062848,-0.48873271517189076,-0.8858553881888718,-0.024667896436236125,0.2455379676397753,0.9450597981588891,-0.9831574145859925,0.8958302321271503,-0.028709164675526866,0.26204911846116885,-0.577585070915795,-0.17166267190094864,0.6215007534392507,0.1614197065998073,0.758238018316697,0.7923123093630027,-0.4264085593079716,0.8390835578898885,0.03471955850109931,-0.9098324555632769,-0.7122391342155496,-0.8069992752201294,-0.6349762852769276,-0.45939735399535486,0.947548474263737,-0.4028623830232201,-0.40289158475996456,0.11776110932255324,0.8633552860942748,-0.5123311408246864,-0.2796285617488896,0.5786807674315941,-0.3574637463596484
0.5355421367973019,0.8900497455667724,0.6689559986353169,0.15106677503243482,0.21180912888165526,-0.32942274635278657,0.7822143468088405,-0.23082001794772977,0.8303877255328176,-0.11768538319659716,0.27147151708077066,-0.7412287738289138,0.6288898654326243,0.9732234054640947,0.8130505963768966,0.49607593906309555,-0.9315879550367845,-0.3088326681154083,0.09746615309572215,0.3228657688154941,0.21067811582526597,0.6942121719442993,-0.37244725681359503,0.9506072804587673,-0.35835728032627623,0.8407863226310524,0.07421906439536885,0.13674044019714726,0.5070588261220992,0.5792525554779959,0.6996673854352784,0.07921398967056126,0.601464538835554,0.8681810609617671,-0.4738924759972196,-0.3563332939828139,-0.3467160768589088,0.40808775196519886,0.9977955370674032,0.4882345601472631,0.43855277506454726,0.5595817428744227,0.6487433422974558,-0.10547461713045969,-0.41115245228926467,-0.6291003967282733,0.9394658105759952,-0.4794000229905271,0.853094383444613,0.27168456258718554,0.8083681178826221,0.9474898709885702,0.8424350674436065,0.8464815123454892,0.33196256050215367,-0.16034553223333647,0.5951289830645916,-0.43878367528885964,0.1279530791500787,-0.651421248190057,-0.7659134607114608,-0.21288301578181068,-0.003170984999949278,-0.3680818885353463,0.472644308161029,0.3591069764306307,-0.9291299443728394,0.9619353417163594,-0.8568913754213339,0.7685277649386952,0.7281904612134538,-0.843123416554608,0.7462539081762607,-0.30177081022073615,0.2582931002802282,-0.895673477834485,0.26015669820837806,-0.961790284947885,-0.8556781881614939,-0.490314188846529,0.5703942369188217,0.9068661992757516,-0.28129893080399615,0.03829440858040556,-0.9888852242190664,-0.9019523260958275,-0.91959941551894,-0.41240368727728605,-0.9550028399692665,0.4264208884886478,-0.49025996254004833,-0.2824297658813102,0.24654022547546028,-0.22991209434832638,0.5838696392037939,-0.40861830514972186,0.9355390598697877,0.6194573855507348,-0.2979863260627378,-0.2774368762032968,-0.9621466505221432,0.98704643391341,0.1031933960461926,0.21002309235884398,0.7193548274341441,-0.20736920200289854,-0.7308973622880006,-0.11303373542350803,-0.8789623665339421,0.9323785482707041,0.06068857073072653,0.3933607409970854,0.20487627880873727,0.47695820151448065,-0.8216461988130153,0.014285521389623801,-0.6587233890952535,0.7849026040251137,0.5852395715479211,-0.23188599418246802,-0.6462344872763164,0.31575045545198965,-0.8802434123028393,0.35007427807899827,-0.2637288635053614,-0.3401977777233367,-0.9550086809951732,-0.5194708390705367,-0.3236033627378452,-0.9569313907743628,0.7360362684455675,0.8593589194165383,-0.858723628880343,-0.005481835354524955,-0.8576877022988565,-0.13432473415489987,-0.45095444498915715,0.8988110244863208,-0.03161424611871744,0.5324814613258297,0.44345932694232415,-0.22544159176805212,-0.6226180967903361,0.5406437491350149,0.6294094041216804,0.25168691634937357,0.38156247082978356,0.7854270671114245,0.5537869009821039,-0.6873804226429974,-0.5049903374666018,0.16787678686628627,-0.19599887025639529,-0.8841785019314083,-0.2755569769846027,0.9268177952729599,-0.8007195977375683,0.019791502564839192,0.8412606461722278,-0.4438726398389867,0.18742868929237644,-0.43428721479365695,0.5221600226812653,0.2872651890676656,0.2138783321166582,0.5182127085330084,-0.4974095570566677,-0.3833783852458359,0.8829481551688441,0.08448471468583163,-0.6295593007134126,0.7894638891912238,-0.8653789182482476,-0.823963405844927,0.5980616181367862,-0.5158423354633661,-0.11213461111910483,-0.7460095841906038,0.8834523520749831,0.36569779635513155,-0.4419087206211123,-0.013771862781977395,0.424762570793878,0.6340414689517173,-0.6857622894474811,0.15655288782057886,0.4963323580777599,-0.3507704439888448,0.1493896259712706,0.4351703354596481,-0.4676905734025165,0.6688454940816353,0.9428182174306001,0.8189778018120999,0.1505085973807181,-0.3885011968014367,0.7781407833839389,0.14886499435528466,-0.38092779540286936,-0.32048596664166973
0.5214809755077134,0.08882914863629088,0.794081068116087,-0.5307449418012902,0.9409731596046356,0.1600788705746392,0.2887215278860338,-0.42160762011483466,0.48290155594051853,0.6011014357676745,-0.011337078211458351,-0.9634313636419207,0.9151375662772481,0.5038880891189714,-0.04316286150668258,0.33215870914756773,0.34714664229071923,-0.045318150251179246,0.6056121923721336,0.707401150050299,-0.0599574755842498,-0.5884443156009262,0.06226180561313943,-0.3567419164146268,-0.45162806128756516,-0.7039687581269294,-0.7769702887102543,-0.8007683775573549,0.07603941045073359,-0.7547613766274681,-0.7464066617685499,0.0764576430864603,-0.10726613839549604,-0.11692018158410389,0.6134626933594189,-0.13493885956551277,0.3883999578713986,-0.19944432745055085,-0.8852564440358843,0.22123067202589142,0.17665492177741782,0.20277655407378914,0.7882558608767525,-0.6726363244571105,0.6772074737119427,-0.74764084305597,0.15373163905473142,0.29728651957532826,-0.5788104219254266,-0.10335109479384985,0.7293425139691045,-0.007565262236273185,0.8566988087718475,-0.9690091530837519,0.5870996170496465,-0.15907945108376764,0.7147037602588482,-0.3628822330361321,-0.7664480801499198,0.25670143030238046,0.6914302505940471,-0.1278575549474512,0.5724688353025478,0.5930071158862869,0.46737068282386973,0.3042370925978961,0.6484807130737504,-0.16866055898462662,-0.9071836820010257,-0.3939781061452443,-0.4450547429159728,-0.10933441702323665,0.9319450330930705,0.8334041360748292,0.9887155757990942,-0.4566165203742718,-0.2891249089694199,-0.099437149675633,0.6948984633098594,0.8892802584952009,-0.8891897628490748,0.9385266358433615,0.992044120306329,0.49973621991681605,0.39442420133280454,-0.2800494824569244,0.9254222107246342,-0.4879050907835061,-0.4356514359149175,0.27979902670865897,0.5684778484837754,0.38394307528415905,0.7561165621612551,-0.35858246001167693,0.6244849461878721,-0.7356291060119542,-0.22111460576412623,0.25986068273290397,-0.01877705367898086,0.8995552496083619,-0.46576690772484675,0.4926321141358405,-0.4618264532545713,-0.326735738924699,-0.32634234861256584,0.3382078357710794,-0.053201222563143746,0.8844664221025382,0.879053603900015,0.34622228756547657,-0.5789566152986021,0.6561508825162645,0.37969640301893737,0.9431186345777529,-0.9935518397602094,0.8093644378013072,-0.33207073768400175,0.9993738765313129,0.7969941100695921,0.9040285232039731,0.5606939049044901,0.37165161146697123,-0.6789029170510046,0.8570718725581559,-0.05970167918889158,0.055944466963820716,0.4135497614073922,0.5492819270925273,-0.05039464847634023,0.14356920610345458,0.3445028440283211,0.7614659898923344,-0.00404085129214482,0.8935138094036073,0.11064506442947208,0.9819552939042802,0.6829914888499307,0.7267028265832516,0.4707621616334081,0.290228038765699,-0.1472420272692061,-0.19383405114932706,-0.5304894684292623,0.8502501759479806,0.6219129206259189,0.0806123618947372,0.5759182667169163,-0.625199023218928,-0.07063227243454984,0.3626877497902552,-0.38753598534758593,0.08191478509425165,0.28284974253875883,0.5405480355034196,0.9248312983485598,0.6079521624470592,-0.4290582061328594,0.3839276933723499,-0.9076334676648243,0.9210111570648252,0.20631439732080525,-0.20379354354786994,-0.7947790409274089,-0.2902257856140409,-0.043602041963779925,0.7413399186868852,-0.06593111633117221,0.05100600802970612,-0.7208670336277263,-0.018054915872649735,-0.15984983751549797,-0.42414671831948625,0.9899514774177909,0.172837944503073,-0.22081763754718486,0.8896881443314828,-0.14334606257167581,-0.3326542225225737,0.7090597426348133,0.37318762348199175,0.6056343491911875,-0.3137853800150052,-0.6481361188848545,-0.9278499171270653,-0.22360574295464164,-0.8520844526785143,-0.14581655542479388,-0.047136090246403306,-0.8760431784338019,0.24976477786339446,-0.7161524115777063,-0.8930583822988143,0.3397813893270647,-0.9577304344790305,-0.8733756065863882,-0.5684822089342121,0.6999349854816577,-0.3842521932001799,0.47391989200587914,-0.9632345565942064
-0.5829994239368761,0.5415747088242346,-0.40069655728789577,-0.644300060999363,0.9744518463640812,0.14843649954286509,0.43221824132785724,0.5157876876002347,-0.44258353675130335,-0.4371867016305171,0.1044013947811846,-0.8194261387481698,-0.24133044968932027,0.1544366574094962,-0.2950836135800696,0.22159693558771454,-0.7643540633025228,0.2897227807978586,-0.6509113822525285,0.6941001907069575,-0.1589400783015522,-0.4743151509847279,-0.5054454495285257,0.981837572261375,0.08479915791287662,0.1065957913122706,0.9869930982523105,0.8113599582676885,-0.47366467960706626,0.8296856635395846,0.18024695439455551,-0.8082235607909447,-0.8357820115458308,-0.709829598255536,0.6194412587369342,0.6527993713392055,0.12576487382652402,0.8118622265658764,0.9627493777805576,0.9855571592962655,0.2054751508243462,-0.2304564269801419,-0.13555701553857125,-0.1345734052910894,0.15932874759745586,-0.6916339812153165,0.14791645031341494,0.854364086539761,0.6541839270127536,0.11524882429338712,-0.5843837004749362,-0.036657655876177975,0.76106889339951,0.3518713525809647,0.7702786922077216,-0.42601576616443904,-0.6819648216679519,0.001818065343940578,-0.23018546041344878,-0.051910449273791626,-0.04131821928439616,-0.38701774734544325,0.09978584393735623,0.5559665460065546,-0.8925784269703665,-0.5127192734222314,0.6325884756614417,0.4620601859586031,0.7484002478205105,-0.05020374372091618,-0.7267164784105948,0.5857799512046744,0.9908869483165246,0.15090976959986446,0.628042386094033,-0.19793773951555016,-0.284500002166882,0.8975794887756519,-0.33998690020292477,-0.6042644357988172,-0.15096282298096608,0.2347784132707773,-0.7086202460837252,0.7238300717160226,0.3092674558414157,-0.38953480607906643,0.5480507418953362,0.022053290100116252,0.381947494534445,-0.7128340245101603,0.9083384805672008,0.4373924204910846,0.5245923952370943,-0.025167650145534903,0.7701059764711926,0.46760363146961437,0.7593737343849079,0.05299843206100996,0.6642286072433143,0.7212291448490797,-0.8414836704531805,-0.6570666006948025,0.053135260455652755,-0.12760005232031135,-0.6685167177554152,-0.024814136622445027,-0.4857781306227533,0.5769053777810091,-0.23290023327881837,0.23315303152002453,-0.8959816054319731,-0.963975989176131,-0.24120040677547827,0.7439731040139512,0.5686407858937401,0.1936166193657296,0.7324001583520887,0.9143954484817007,-0.23820311854040543,-0.6347179437450976,0.49869548204091996,-0.799336124306087,-0.36651287248615994,-0.559196620072296,0.3314407991437993,-0.8996088036786687,-0.9635008530965297,-0.9596245696563646,-0.845013980502408,0.7916338444940958,-0.07961552134642846,-0.7954309200230416,-0.8618773946963081,0.19028359317171195,0.6089475494597887,-0.5012956740451862,0.376952726371494,-0.08721823906557136,0.9767570484563359,-0.6399351742515977,-0.2711740368932076,0.05821783726159824,-0.8006190167202718,0.2406476944037934,-0.5559649646227958,-0.2847909432969964,-0.940071596518939,0.16487962319721738,-0.25993689583202806,0.8052791515454676,0.32344415902286805,-0.9392990189454062,-0.7723950934517985,-0.353400818837325,-0.3957142774853333,-0.2086658560794541,0.6866888139433869,0.9087837617886407,-0.8167428551224993,-0.5622018355555902,-0.8849263534783456,-0.9073569964781489,0.394706319508366,-0.8687908949389909,0.32816251655004347,-0.07765340394926112,0.134454521396131,-0.8154489710153587,0.9021776683779272,-0.28107883908073816,0.9031495605076649,0.6038193479130969,0.9978518222751811,-0.9863765063153911,0.8874398932405396,0.41128650208174156,0.4003963917229476,0.99536324813897,0.9507303453282245,-0.5737799785562723,-0.5738508964173747,0.6676358818346957,-0.03785170895926848,0.26723654060013846,-0.9114218788828348,0.6829191280252243,0.7495030314578466,-0.8045867136041991,0.7622702560438306,-0.4211508547413241,-0.6563904521803343,-0.6870305377729362,0.6541721641853304,0.9589852474868832,0.23316108961165427,-0.6838735205033541,0.7301541590585034,0.8985937345918216,0.3545344009467073,-0.4778458175726161
0.9656510353101238,-0.16814310733459137,-0.58256781810197,-0.23746397592664636,-0.46015243461018995,0.3849228261941897,-0.14728781690391157,-0.194280027553404,-0.6578583282895414,0.3006561147137332,0.7103451503069462,0.9516991816478135,-0.4583090655572528,-0.31721701409689484,0.44373431863525425,0.6690789502374384,0.6573418598020193,-0.8330791881062911,0.6601006024645648,0.4224404521795706,-0.9381230474427007,0.5723523949465672,0.9137084976260805,-0.32207639437032287,-0.834188924816474,-0.36833833535969274,-0.5151533197950728,-0.8598941757122929,-0.7749889109704706,0.8874562580582199,0.22249413977572674,0.8226245029905022,0.924179478302616,0.625399658488303,-0.18711097451868497,0.6610568458456545,-0.6977955776167062,-0.18753095566592615,0.560918333985519,0.5976751281124943,0.4055657217265256,-0.4519397795693403,0.8538797494943204,0.5131890102385681,0.9933798236360398,0.2139030760082803,-0.16572149023882465,0.6946927357812913,-0.48666298519421036,0.004850087205761078,0.7819026013059458,-0.2479520417799188,-0.3663514931172862,-0.30012494313374294,0.6747853647673849,-0.6617180231293684,-0.38076942561997007,0.7298283615848271,0.514243573798183,-0.2264199615916176,0.7534547189392435,0.3258496485078646,0.3844972923432659,-0.16993773345841023,-0.7807415756529512,0.4578172081721046,-0.0159469643606307,0.705467362073847,0.759619937924948,0.47746018347476094,-0.6812796369397212,0.5543511137217121,-0.7812595994273657,-0.7683821424825594,0.12351384100429885,0.654674616288192,-0.8057253750758997,-0.8889667038754523,0.9290191614082242,-0.957877487730231,-0.8487227176499024,-0.00156777097039984,0.5713499764026588,-0.33936233290849693,0.820976368935542,-0.9159228122732368,-0.6591921984926836,-0.016190905302511327,0.09680390926325932,0.7005556666474495,-0.34780191052577725,-0.9067233165703239,-0.45833650627550737,-0.42061583561586535,0.8046170815676235,0.8122738597325332,-0.44201377411783804,-0.725202208397818,0.9458441425019593,-0.4788461958504713,-0.7100988663923753,-0.191190876160783,0.5819476638608572,-0.9624353717262328,0.07763666004814329,0.3999554268501486,0.6960980302635895,-0.8704049091278592,0.6382788289168326,-0.5453387284538904,0.3381633089750691,0.3158522161103925,0.9588982726768898,0.7639727022763958,-0.17858592406142026,-0.49586712006083,0.23484769385108284,0.9879038996136955,-0.9139992402000101,-0.714040901440582,-0.8744631199392594,0.45123822336554364,0.3305676356689531,-0.7672041312633007,-0.7002647686884176,0.8130086649493651,-0.9888440900253481,0.951701333852883,0.3189308574642731,-0.8428076887259115,0.3067624570520173,-0.9118173952523818,0.06974950548721792,0.8033476213317952,-0.560073682279352,-0.2801054481151477,-0.055184421626307545,0.34338685768672494,-0.5487374574546755,0.4964762128972573,0.5736207286645163,-0.21713218970423398,0.47439736283976663,0.36634087633150103,-0.37422205132878794,-0.7570021619566303,-0.08202015186208267,-0.8329190861814315,-0.9244825984642491,0.5930675192820132,-0.13516081848885952,-0.8393443273333938,0.6634257714556151,-0.08569114881957685,0.515545755051634,-0.7782361252552454,0.4851767947805592,0.7611553967888149,-0.9891113802921425,-0.1024446798475156,-0.0534957117796393,-0.4991573515680525,0.01380752450150835,0.9478372837263824,-0.27482081269393177,-0.12639830853572276,0.05894825793999514,-0.1442115467641194,-0.033614330258687763,0.5982936925551408,-0.1330627586264972,-0.023791937064722823,0.3761177076747966,0.20822442659925766,-0.6813560456278827,0.6551713671814883,0.10646743714397044,-0.5348870113582478,0.17238932645521676,-0.7653594574489468,-0.589396715005142,0.9013604318364075,0.18374001675174512,-0.6979101581760512,-0.2752393311494543,-0.09504984390654236,-0.6465886720221943,-0.27291255262256264,-0.029446489591357095,-0.555904072578564,-0.15435066888129922,0.657505280731127,0.8231837149409247,-0.439223695022678,0.37623275897480557,0.7906144339423988,0.3557405855690374,-0.7954837803456487,0.37394809380710026,-0.9101223149107021
0.18601719415183915,0.6168172697366046,0.6162669105317433,0.3761475453574086,0.25610017595077306,0.5465056060415536,0.18179492256811813,0.6947333147139034,0.9779259988749833,0.07899899824346024,-0.8187917146628181,0.34234602412891757,-0.6696560331844978,0.5106839597970936,0.5951946098961307,-0.8783437381369321,-0.5676429805913343,-0.8079269119651893,-0.9708850404665381,0.11870514660652054,-0.9233964361440856,-0.28464765115247403,0.6476050415363914,-0.923030290124907,-0.8602729909136508,-0.19313645549126535,0.2978639776766676,0.43536700378753856,0.4704487421180408,-0.20356573584273652,-0.5180844894397412,-0.8754625435697307,0.8030571843931316,0.8541561117328851,0.2381099514922851,0.7699966264199876,0.24549622991098308,-0.36392058248445824,-0.21714992168379532,0.7980215009865876,0.5065540980829117,-0.1288140609073345,-0.17329962325582748,0.9651269998034924,-0.18826115316212078,0.6103960717957277,-0.30556010392773825,0.7193036883557968,0.8473839293937702,0.49242051233146067,-0.22847922361074646,0.973750085448486,-0.7344925883330651,-0.2805097364862368,0.9616347232718092,-0.24856670925867097,-0.023646649896986505,0.8522578797384113,0.6187695273848357,0.23765878600138457,-0.6444221686389007,0.7461835336075391,-0.2808263593017968,0.6101444445487822,0.9883400491660479,0.8274157050195343,-0.22557934203081742,-0.46353612812844935,0.2250638073562583,0.11829922796423209,0.8628968665463714,0.638761150901084,0.6447137290031881,0.8120215184903814,0.7241867565936699,-0.00396452976221906,-0.8061982867535376,0.6802869071933151,0.8295351594699845,0.27199859751430955,-0.4249842630023639,-0.7654731757243096,-0.8881459238791274,-0.8982126766484695,-0.9910683566776275,-0.22098016258160436,0.0798256291877193,0.03054833840126192,0.9846031659863266,0.935317828689546,-0.5183058552198108,0.4230072610862039,0.6179220347116525,0.12713057147619788,0.909311026741868,0.51293505736911,-0.4466935481042369,-0.8760447319575384,0.4031256707300048,-0.3736396456280122,0.30021382442964084,-0.17182248828840474,0.4178405930650533,0.21844070697296813,0.7051793627698781,0.2574319764450046,0.775168270441164,-0.23237390405059366,0.13046489450637888,0.6982400221115594,-0.5100477118743867,-0.2540739830759349,0.5936043859320101,-0.43074406262259024,-0.06504298920068541,0.22120222415815882,-0.8981222415648029,0.6606837801219763,-0.37023790556823366,0.10890149804108318,-0.5148378602015213,-0.47439067855641404,-0.9704875927196706,-0.022853260414992693,0.05953549708351291,-0.9527983790664998,0.6975245841658875,-0.1490943243669669,-0.2633432132962019,0.9955748496662495,-0.9912338899727329,0.8880999649754411,-0.9044698429012052,0.8422645424392414,0.5901493139555052,0.7942111023404821,-0.7634631709005952,0.24636793949334446,0.855220302207748,-0.34445546693269957,-0.018115619891833523,-0.40243547436301563,-0.5804981007739418,0.08423184615288237,0.5495973378455294,0.08387850646301476,-0.6401007401240628,-0.3850862678235514,-0.23438215017447606,0.02104242391303157,0.0027470786199392805,0.5681142062346434,-0.11117553466861696,-0.31105127461651305,-0.5526085170539563,-0.9737046901814435,0.3869365623598595,0.9241123726404343,-0.2785431582783744,-0.3607942485479747,-0.2604119196777859,-0.8878279906948459,-0.6229391346949908,-0.6859978250728245,-0.06376993536024256,-0.8162579119060149,-0.12457203041229059,0.020289517551412617,0.344973664891262,0.9605914171736369,-0.30894705633135566,0.43910782577758467,-0.7558303593357782,0.9667719135500972,0.24472389737030742,0.38325473845547275,0.7544811745077125,0.2702061573748771,-0.8244134856331058,-0.9509742653540341,0.4973150654522789,0.6434363765939071,-0.7963429521445109,-0.9558684830699333,0.4263698449182727,0.6496300399786437,-0.014773201073836617,0.26390060670714566,-0.9165707084903862,-0.4503031412515581,0.9548311289203435,-0.8645090262409962,-0.14435874550823558,0.2074146406978299,0.6757172377830889,-0.5674611061480916,0.5433740191761374,-0.054356181514772395,0.4003147874022619,-0.7092015179307181
0.5486047026913481,0.12351080137111148,0.7865790414418667,0.16783133544368112,-0.1038530584256907,0.02185665764611766,0.674729892786619,-0.5938703709536455,0.13470211529244547,-0.6982926178815185,-0.26073488327611405,0.7015421122857177,0.20546068323309785,-0.24905225666224706,-0.8975319509660074,-0.17444780172862373,-0.1770646302223422,-0.9092662418046877,-0.8380927272332916,-0.396661030807526,0.6260333783575307,-0.753803488558745,-0.045636695546162676,0.21948793299970282,-0.40584563291594433,-0.8269028792246651,0.29036091734376157,0.0704045144984855,0.6282030056345242,0.13498443695646611,0.7871730838753854,-0.22125760348733547,-0.4256708194369956,-0.6206136281687133,-0.40503926265891965,0.9358421627807896,-0.30011117938177123,0.3866835861646949,-0.8319238326283203,-0.38753308503139716,0.47847437811983373,-0.3697654054614352,0.9381029545691697,0.9499019651442406,-0.44010300378750866,0.9046512457834617,0.10384666563018619,-0.7653185074305551,-0.9365447796263162,0.08609891807525338,-0.3607708514894099,-0.7822741878606851,-0.4129075649161009,0.40248069513902873,0.5795472659630689,0.8581735935626458,-0.7844219426198342,-0.10450743708954269,0.10118282703962822,-0.04215377751875593,-0.1782971355161711,-0.5434699916861438,0.9514619212417081,0.5193094320054112,-0.7425444841612054,-0.9843303817333118,-0.688690948330615,0.6493828626005516,-0.518647792742601,-0.5559629843905292,0.03629281409313845,0.26270980773718167,-0.5213663562589177,0.3228293593227465,-0.22682954364914698,0.5370325616773326,-0.3512082840935189,0.22116466948810598,0.4274141439640946,-0.6928803846886871,-0.9676906427963725,-0.988464519020158,0.5564243094672956,-0.5096822414579578,0.6700836799482925,0.8338136886882268,0.857754340462898,-0.14251724608097582,-0.39357505042400875,-0.9197909114989551,-0.0007107905698244821,-0.6943361552253615,-0.914351243701248,-0.6796155204756738,-0.37104367499601953,0.46738315382956674,0.2119500550398965,0.9047273759040315,-0.594925501744058,0.006931141450159828,-0.28615340284766533,0.941945925288874,-0.028937351800024214,0.05983157542174933,0.6862704389505594,0.5492587614932809,0.9522026622458664,-0.7055321454815957,-0.6201854514639404,0.7088891274208104,0.12848053068509824,-0.9409148530160245,0.21741163428339938,0.9863409486530572,0.08401491000839689,-0.4107904812076466,-2.963765895569459e-05,0.26180931459996426,-0.06657491085026956,-0.8014487993175079,0.38479253533768576,-0.20765289457725533,-0.7913747578385335,0.1268868968935104,0.32045670785502334,0.7525261312138125,0.31227908774425983,0.802504277438358,0.6789907990116164,-0.19246997743257555,0.05480341515696807,0.9703916711448954,-0.6522660776155236,0.2978325881089452,-0.8639577496147239,-0.1527637311154164,0.8948678906855021,-0.22558557970414617,-0.9724567476153145,0.5500687790545058,0.7974453627906357,0.7070387123926534,0.008397291316578848,0.8161457855042753,-0.8734088260644133,0.8137573921625199,-0.02731274682293172,-0.9061005665126753,0.45382432439308396,-0.6731389705913462,-0.6562834896996865,0.34396921494989474,-0.24513455744794976,0.007160945667312513,-0.9535251941935756,0.09186312222841764,-0.8498428064940087,-0.10082635884310642,-0.7316710776570019,0.26259197720117666,-0.7982739259924541,0.22229271545475782,0.572360149865458,0.9868078172878063,-0.11426849650758397,-0.5661125015719051,-0.9174247002957825,-0.8754233489755907,-0.575744222634974,0.11752932853818732,-0.991230836245395,0.09213675430591528,0.7004505745432665,0.7700622785900215,-0.48304296646398814,0.8166572977707904,0.9721569337852889,0.10196074207894679,-0.9109478601198953,0.639851254199991,0.8909997086484167,0.7947618953034234,0.06796834240382355,-0.6152049414071774,-0.16704555004729404,0.5918318080651659,0.0783722903899351,0.835875506580634,-0.08426103121063022,0.47245910218956433,-0.7290050180719834,-0.8802407058656516,-0.8000823078073356,-0.8595114846532599,0.9916498289161064,0.37548589750457406,-0.15528597379874065,-0.15500501174190084,0.45425995312663914,-0.4047109923345973
-0.3596471410706641,0.27993767866254626,0.7682847019726238,-0.0469301248280094,0.36750349854965214,-0.5548590922304204,-0.9514068732976271,-0.002600122618690248,0.11156462145766932,0.6837282434509426,-0.5767053448389239,0.04807599146631336,0.844692408675386,0.2848302688589899,-0.3311438455277873,0.8439332670115565,-0.5175785952983027,-0.7861692588519578,-0.16346353687416282,0.7537122797145279,0.05176908563826843,-0.007016837252311836,-0.42533776174554316,0.7906681460186185,-0.332732472024569,0.909363557696836,-0.026777572326177612,0.900913113901074,-0.8031385207930972,0.26348018249865834,-0.12078225314190227,0.4288106572304162,-0.43258935483472305,-0.6658230278928239,0.9409232604420443,0.6814628910723375,0.33731037882299275,-0.22460491981826847,-0.7249492217585365,-0.03905246266424034,0.20457764380489651,0.930955778399216,-0.4959376268647335,-0.6072134251137526,-0.7775775865200081,0.9520645967813868,-0.6819001369240432,-0.5479364287493858,0.6144003277870966,-0.29628612623691497,0.7280428948500901,-0.044814580552243743,-0.1305992136171097,-0.9359478275794244,-0.38218431435654865,-0.9719319355251261,0.8208588874419203,0.0417072515821717,0.4299653904959029,-0.19805289427836836,0.7937587352626425,0.5279470997293283,-0.33589389261278635,-0.10195843436863283,-0.18743519528918995,-0.22760991545148967,-0.7663116067663027,0.2289182051713945,-0.028442077174813063,0.3244080888720071,0.6849986676489492,-0.3141107018123994,-0.7495698732719487,0.8059176555812788,0.3279772528117373,-0.39860290065871196,-0.4738764713093586,0.12443306726587355,-0.15617828962354974,-0.09116567411238585,0.22026479510449737,0.14510759125801087,-0.8903357387486723,-0.07355212923858745,-0.729458391924557,0.4372336480024981,-0.055641925098125045,-0.45738363200915777,-0.13309045633364902,-0.953058166818423,-0.3711324931821731,0.5470328667727753,-0.7915730591466339,0.0335280770605928,-0.12341396931902038,0.8483112145634957,-0.5332329935267826,-0.18569078041732867,0.07509323247692468,-0.5627375544753355,-0.526807656643568,-0.7300827681499005,-0.5942226524007901,0.07278236249698566,0.5012485922250594,0.04947423026378428,-0.7243466354141341,-0.28369696964473934,0.762345437003439,-0.15358882175112631,0.0019861271923882207,-0.1574643375468856,0.1259929748219224,0.7868798290301815,0.9659128649067372,-0.8792088594040959,-0.27919533250564177,-0.2541493103319763,-0.46262966630719515,0.10928307550856076,0.11912065616124368,-0.3756874769811158,-0.018774961653006184,0.8521107894063313,0.412066702625252,0.6648658778074983,0.15924480797248441,-0.1791628279438835,-0.03791995001115711,0.2537932152395319,-0.9918658040832413,-0.20242260349609542,-0.895425845239382,-0.8457016773723669,0.6438451920145194,-0.17481862214543598,-0.4292628339625564,-0.21927789395009145,0.6559124296363534,0.1709426462557424,-0.13212090618209493,-0.43051380507844117,0.5663765227237278,0.13313303749374295,0.7142916483221582,-0.9872902773774155,0.19458358148306099,-0.14062088143485973,-0.2887640769104507,0.33201361585971734,0.7460119474392404,-0.3821887323287352,0.8855350212899125,0.8709839689770169,-0.5027637326904546,-0.8906424776302866,-0.050859214587726465,0.037854729135154974,-0.4624681792525718,-0.19972391232411502,0.3090494086622164,0.7383680714803211,0.45435758379274205,0.7243911141085182,0.3016321165990963,-0.6874581902564398,0.6445139945186427,0.822667504052965,-0.37041736869666075,0.6426888512683413,-0.7389326342958986,0.33042801431987656,0.0998462821634265,0.01289363106989172,0.7858361073993028,0.37303684548512206,0.6490601032600631,-0.8870023414630461,0.5474585139496062,-0.6034098691069205,-0.7819857983042859,0.9837093263393175,-0.25296727089644966,0.5482556954172224,-0.20027270064427993,0.7732590005693969,-0.9083019979375031,-0.10513107390526044,0.25439643162808157,0.3575111578082306,-0.1919673122315524,0.8153530071038779,0.7290611284665001,0.6275290324492422,-0.8135869322210698,0.337891234649069,-0.49434502421424753,0.2786606423083433,-0.2848006928931919,0.9009459320075359
-0.18570863798656356,-0.6477126159117379,0.957491330182288,0.9878958824355464,0.8163115648784953,-0.48552970222831715,-0.3797770316593536,0.15061690876423883,-0.3867888187946962,0.3429437788411587,-0.32313689380662947,0.8352272872784106,0.34740837940297853,0.829080631675305,-0.8782555185650756,-0.3602384183830758,-0.6150726037554752,-0.0018251405840445933,-0.0193105388893009,0.6995451042560268,-0.840936167810951,0.9919368834979845,-0.9702523625349657,0.01669130286587106,0.40223833282311783,0.754433205013824,-0.6155081731520784,0.6769725826726332,0.8064372532654054,0.09886858668155463,0.4423555657048961,-0.3132764196522497,0.1990112608569159,0.8005235427758084,-0.012912498071215639,-0.3671450381907817,0.8639869800027535,-0.6254102578858378,-0.4793411534482581,-0.8604947675301775,-0.3114699887990391,-0.35370476300044773,0.9245213238800136,0.928856514832638,0.47551048971035814,0.6810509550111972,-0.6706215774610602,-0.5431722097138487,0.611647037598956,-0.8020601809119248,0.8472631564948452,-0.4524405341068751,-0.5380161401559334,0.8205792108009509,-0.5078046228412052,0.9323968439740196,-0.7322020887867298,0.9191014393420156,-0.08403084121782278,-0.44149857320022123,0.28673533759322645,-0.42546742815876826,-0.5441973838849945,0.43512178920604616,-0.709040439231049,0.40444693429891054,-0.30989808322332424,-0.08690161220282189,-0.1428256042495386,0.8378660815235899,-0.0022275195534771086,0.287106584481317,-0.4352612513578702,0.4147358097701155,-0.41012993459229774,0.7135366484231589,-0.05510419691962509,-0.09116227731885451,-0.4763438159780151,0.2729152852970045,-0.2133111697528991,-0.4521045846713927,0.24071200908462065,-0.6993203939930042,0.7357043741526257,0.47749326833293604,0.01986901776625616,0.3229926939838186,-0.4083617910329329,0.1258408694727351,-0.9796549616743333,-0.09863547045262111,0.7957800446784107,0.31821094260063765,-0.8510464426609399,-0.9356168568665297,0.14461151424486252,0.11807273762785186,-0.4168655874685616,-0.6525171456693304,0.01572403557663349,0.15788025513169912,-0.5047390451129081,-0.24145946448959776,-0.48065320952036283,-0.7577963154215113,0.005525963405481171,-0.15265796548879318,0.011841019222938787,0.920813107556762,-0.060332373237451664,0.5496336825238566,0.9350226211515276,0.7332628483549537,-0.6401310520740484,0.03143619883268345,-0.8571222722267373,-0.31522530848899355,-0.2725448687438303,0.1275073673274556,0.13575175536563622,-0.2766786550429614,0.6972381596125088,0.057583089819243316,-0.47791541772194557,-0.471001793763836,0.9759356580785454,0.7844757196144039,-0.2994438564589845,-0.7660472147068944,-0.7052260489180642,0.5411656681143393,-0.4263571023259263,0.8382500896638385,-0.44953417694756626,0.43344345493862924,-0.06520374578570154,-0.9463473034782344,0.5443448874370349,-0.17119205216588207,0.3046254845925471,-0.8577686855198496,0.467496592392628,0.18184239162174975,0.22070238960486344,-0.41508103551492104,-0.3546437780118443,-0.100400052370484,0.4990361449631793,0.31164431447357144,-0.46103549216862416,-0.3477068749162928,-0.9589004107948143,-0.05483200834287394,0.9936302854265266,0.45646926511447306,-0.7529758936755837,0.04609422629383286,-0.8533514792148025,-0.7984914065279349,-0.8572560670601108,-0.21310044365275838,0.274774583461711,-0.8106778268199568,0.3200139628479717,-0.8425430160859828,-0.4879449566814924,0.5363344922033848,0.9493546121362724,0.010440402979018382,-0.5651812141058623,-0.07120089775849836,0.9431754269559629,-0.8963013069690313,-0.8835207317781191,0.7114677731433403,-0.11210304461213605,0.24343206541280216,0.8940038926201246,0.44306619495094246,0.27692178491027075,0.8652855177245367,-0.23034000890357742,-0.5653742524161598,-0.11243047707283238,-0.6413892517734334,-0.48925865122982204,0.3135435860383946,0.5259677600474417,0.9762995124184735,-0.7399961884705342,-0.3305795721262099,-0.6941547989351056,0.915563386216679,-0.007935306334968306,0.05055172819758558,-0.4893313238216801,-0.01782272696356446,-0.03747307489180418,0.24302373824636092
0.5822900346294009,0.6954263395188576,-0.5167656177143887,0.20853166169836812,0.03422612695034766,-0.01073606813609751,-0.34237672145542253,0.4007376577038064,0.30353527055399554,0.24063321335490406,0.2434310828843429,0.67160551003119,-0.6096712590932396,0.1314247370591548,-0.782327014047494,0.03835753054234026,-0.2761027324630214,-0.46458802956895084,0.7327314120361634,0.612997630033322,0.09069472065013784,-0.550938159498567,0.013883544720418195,-0.27535583894887394,0.9461879390212224,0.7805904383763655,-0.6927759270771165,-0.6688430398736827,0.6171468220175416,0.48473290510020717,-0.9642904683856848,-0.16118081207167823,0.8358783625349762,-0.7906803143668251,0.2065546620413521,0.15457901825990317,-0.668106131528716,0.8570368481287387,-0.10733367722835041,0.6019135645537896,0.6623488328007314,0.9877971186359387,0.9154834315010667,-0.2777654581847704,-0.3370144406769511,-0.5522379101355792,0.922369557690303,-0.8586459759471015,0.2951984769995615,0.1482639750954584,0.548125955875518,-0.8575341881367737,0.33028415163105973,0.28229256419478865,0.6345650031433077,-0.341064231146222,-0.2341543453952848,-0.8728549537619834,0.6636923912617756,0.49888023875308085,0.7187407831071517,-0.24108024894036006,0.26089552120249815,-0.7150041444218236,0.605256066030176,0.6035423728883411,0.5717915452023838,-0.6569402590585927,0.056687823297837614,-0.38461582864952426,0.2216119136081891,0.12610227401220842,0.7756098630489323,0.6433693844348769,0.34065039329597635,0.5106764565159587,0.7557754436741047,-0.887197751276942,-0.9900027014160921,-0.758750846438117,-0.7495270380035406,-0.3488254513248086,0.025471804998441483,0.30369216283272404,0.749174291635528,0.5711496684223738,-0.6134378895826076,0.2281329736139881,-0.9944071422382337,0.800678375598278,0.7742453887453926,0.669369934460244,-0.23384726067964512,0.1961646111040396,-0.6587908606203714,0.11257725160813425,0.2673939403227825,0.8137271378644224,0.36732864629871886,0.4178349505512884,0.8510471724761877,-0.0041211651714969655,0.351046276726487,0.5868926105618475,0.5494157848850838,-0.6420281023499042,0.8216559069695542,0.35264841632577326,-0.04854167525083852,-0.6111304001681801,-0.8465781398585368,0.7635427318202448,-0.672962581093107,-0.47970515847723494,0.5864168734312936,0.07811857002972755,-0.7320045551770211,0.31265942791532786,-0.11105402819556609,-0.1078679471821804,-0.6143695602878498,-0.8059485210406625,0.722230727240549,-0.40042744202769054,0.3082790018425512,-0.4646889595804764,0.5659972548378926,-0.7699163020593649,0.4129613573027451,-0.2487833699619839,-0.4596681398812845,0.938145856239381,0.14937783734794774,0.9444069230519394,0.5257341660805015,-0.23127178585811348,0.26598988864870043,0.3382635295764802,0.10572767671873629,-0.9873152678332522,0.14939875823043147,0.8643809663739135,0.6573574266002609,0.533831842141776,-0.10648869065563082,0.32966658583972697,0.6875928395203885,-0.09906624475534564,0.8469109569269178,0.33152754062662027,-0.17194230067815752,-0.337173506535005,0.29411355323640276,-0.8824158114121294,0.3478125797183529,0.7913983693962876,-0.6878903158072427,-0.8226535372985408,0.815762521603508,0.5806150440948885,0.8753978936596403,-0.8207058511222853,0.06250641397479995,-0.09413783057659675,0.9944349083146646,-0.04627601273166748,0.1581041381569821,-0.4522224176254426,0.6573430708321535,-0.25342967488988033,-0.14073163343571915,0.8236492287691246,0.23848118496212467,0.6120400637749392,0.45639610974669065,0.37259379590209996,0.5924014152519816,0.9372594072259157,0.4398409177794176,-0.8908155751767721,-0.45936537929489374,-0.45577847965350826,-0.9970600043430817,-0.8376471251098982,0.9744836715663805,-0.21557726481487394,-0.2559212246214637,-0.09279630514249071,0.38877115106728577,-0.07712417289403062,-0.1614935570335796,0.28479636976111555,0.539510009253729,0.8562369554461482,-0.27449310204312916,-0.08403694804899331,-0.6148392450046913,-0.7214645059712308,0.28576827759455514,-0.0406115654982393
